@id,@lat,@lon,highway,crossing,traffic_calming
245653232,18.9143089,72.8217366,traffic_signals,,
245653329,18.9164885,72.8236255,traffic_signals,,
245653413,18.9187946,72.8255542,traffic_signals,,
245653464,18.9189023,72.8290725,traffic_signals,,
245653613,18.9210264,72.8263833,traffic_signals,,
245653633,18.9218281,72.8312042,traffic_signals,,
245653671,18.9228355,72.8294226,crossing,traffic_signals,
245653748,18.9250789,72.8323808,traffic_signals,,
245653753,18.9250909,72.8321652,traffic_signals,,
245653757,18.9252868,72.8325637,traffic_signals,,
245653771,18.9254002,72.8320205,traffic_signals,,
245653777,18.9253686,72.8325651,traffic_signals,,
245653781,18.9255033,72.8320756,traffic_signals,,
245653783,18.9255944,72.8323116,traffic_signals,,
245653820,18.9263905,72.8280343,traffic_signals,,
245653830,18.9264383,72.8270585,traffic_signals,,
245653871,18.9276036,72.8216338,traffic_signals,,
245653961,18.9296322,72.8281582,traffic_signals,,
245654041,18.9319398,72.8313121,traffic_signals,,
245654108,18.9328441,72.8279884,traffic_signals,,
245654172,18.9344956,72.8370980,traffic_signals,,
245654283,18.9353852,72.8308679,traffic_signals,,
245654359,18.9371755,72.8273702,traffic_signals,,
245654369,18.9382131,72.8379744,traffic_signals,,
245654379,18.9384934,72.8360063,traffic_signals,,
245654381,18.9384195,72.8369814,traffic_signals,,
245654386,18.9387070,72.8346296,traffic_signals,,
245654423,18.9390006,72.8271411,traffic_signals,,
245654519,18.9417592,72.8295327,traffic_signals,,
245654525,18.9425238,72.8234071,traffic_signals,traffic_signals,
245654715,18.9461914,72.8290963,traffic_signals,,
245655046,18.9506249,72.8202731,traffic_signals,,
245655214,18.9528350,72.8174525,traffic_signals,,
245655230,18.9529382,72.8340943,traffic_signals,,
245655253,18.9528756,72.8160857,traffic_signals,,
245655482,18.9555979,72.8080324,traffic_signals,,
245655580,18.9557585,72.8160315,traffic_signals,,
245655702,18.9567557,72.8156243,traffic_signals,,
245655710,18.9556745,72.8124464,traffic_signals,,
245655752,18.9560003,72.8101009,traffic_signals,,
245655758,18.9571181,72.8165781,traffic_signals,,
245655771,18.9561362,72.8101014,traffic_signals,,
245655778,18.9573515,72.8196988,traffic_signals,,
245655876,18.9581141,72.8108785,traffic_signals,,
245655908,18.9572837,72.8426750,traffic_signals,,
245655932,18.9581654,72.8262992,traffic_signals,,
245656062,18.9590811,72.8100009,traffic_signals,,
245656173,18.9600451,72.8438487,traffic_signals,,
245656236,18.9602543,72.8093228,traffic_signals,,
245656245,18.9601312,72.8432445,traffic_signals,,
245656387,18.9619578,72.8175706,traffic_signals,,
245656408,18.9619386,72.8199525,traffic_signals,,
245656627,18.9638065,72.8182871,traffic_signals,,
245656633,18.9635458,72.8440048,traffic_signals,,
245656712,18.9647078,72.8050804,traffic_signals,,
245656730,18.9646830,72.8043461,traffic_signals,,
245656894,18.9658338,72.8190638,traffic_signals,,
245656914,18.9659438,72.8188980,traffic_signals,,
245656964,18.9656253,72.8323878,traffic_signals,,
245657049,18.9670670,72.8287484,traffic_signals,,
245657073,18.9676185,72.8141550,traffic_signals,,
245657095,18.9676275,72.8264423,traffic_signals,,
245657099,18.9675964,72.8448414,traffic_signals,,
245657123,18.9672720,72.8034107,traffic_signals,,
245657186,18.9687780,72.8207159,traffic_signals,,
245657229,18.9687194,72.8407148,traffic_signals,,
245657244,18.9692596,72.8151840,traffic_signals,,
245657245,18.9692408,72.8154416,traffic_signals,,
245657418,18.9713271,72.8322813,traffic_signals,,
245657482,18.9723237,72.8148617,traffic_signals,,
245657519,18.9719442,72.8218675,traffic_signals,,
245657635,18.9740833,72.8337302,traffic_signals,,
245657643,18.9741628,72.8091223,traffic_signals,,
245657656,18.9742992,72.8320527,traffic_signals,,
245657669,18.9751557,72.8064571,traffic_signals,,
245657747,18.9754633,72.8337127,traffic_signals,,
245658105,18.9794372,72.8187804,traffic_signals,,
245658183,18.9806439,72.8267945,traffic_signals,,
245658184,18.9807145,72.8270130,traffic_signals,,
245658185,18.9805400,72.8343741,traffic_signals,,
245658218,18.9809360,72.8263865,traffic_signals,,
245658275,18.9813715,72.8265962,traffic_signals,,
245658276,18.9813990,72.8268848,traffic_signals,,
245658309,18.9816605,72.8347255,traffic_signals,,
245658338,18.9824892,72.8237987,traffic_signals,,
245658378,18.9839822,72.8353865,traffic_signals,,
245658427,18.9853224,72.8421058,traffic_signals,,
245658557,18.9884696,72.8359055,traffic_signals,,
245658642,18.9901388,72.8139364,traffic_signals,,
245658701,18.9908245,72.8357442,traffic_signals,,
245658865,18.9936513,72.8146566,traffic_signals,,
245658976,18.9954109,72.8365443,traffic_signals,,
245659166,18.9976522,72.8374053,traffic_signals,,
245659173,19.0000990,72.8553463,traffic_signals,,
245659198,18.9982012,72.8273935,traffic_signals,,
245659363,19.0005127,72.8537178,traffic_signals,,
245659483,19.0012966,72.8156582,traffic_signals,,
245659569,19.0032753,72.8387313,traffic_signals,,
245659680,19.0048331,72.8539461,traffic_signals,,
245659759,19.0054639,72.8396166,traffic_signals,,
245659862,19.0062130,72.8215129,traffic_signals,,
245659891,19.0062659,72.8182504,traffic_signals,,
245660066,19.0093083,72.8332775,traffic_signals,,
245660069,19.0095545,72.8418546,traffic_signals,,
245660115,19.0104558,72.8424216,traffic_signals,,
245660192,19.0111453,72.8319758,traffic_signals,,
245660237,19.0120149,72.8435421,traffic_signals,,
245660316,19.0126874,72.8492446,traffic_signals,,
245660329,19.0128856,72.8239256,traffic_signals,traffic_signals,
245660365,19.0132009,72.8238738,traffic_signals,traffic_signals,
245660381,19.0133383,72.8336388,traffic_signals,,
245660549,19.0153528,72.8274206,traffic_signals,traffic_signals,
245660595,19.0160062,72.8348437,traffic_signals,,
245660664,19.0164871,72.8292141,traffic_signals,,
245660696,19.0168673,72.8586486,traffic_signals,,
245660802,19.0178862,72.8687598,traffic_signals,,
245660921,19.0185126,72.8358940,traffic_signals,,
245661134,19.0203509,72.8411580,traffic_signals,,
245661288,19.0221655,72.8508854,traffic_signals,,
245661595,19.0251444,72.8456289,traffic_signals,,
245661730,19.0263695,72.8551039,traffic_signals,,
245661837,19.0270808,72.8548364,traffic_signals,,
245661908,19.0274230,72.8552453,traffic_signals,,
245661918,19.0285586,72.8413672,traffic_signals,,
245662037,19.0292750,72.8572359,traffic_signals,,
245662066,19.0298187,72.8381662,traffic_signals,,
245662168,19.0302829,72.8384121,traffic_signals,,
245662295,19.0315329,72.8420022,traffic_signals,,
245662337,19.0323075,72.8386000,traffic_signals,,
245662605,19.0350975,72.8597535,traffic_signals,,
245662646,19.0354004,72.8423137,traffic_signals,,
245662648,19.0346471,72.8598767,traffic_signals,,
245662886,19.0379934,72.8537523,traffic_signals,,
245663089,19.0396325,72.8619699,traffic_signals,,
245663409,19.0428199,72.8400528,traffic_signals,,
245663569,19.0433885,72.8452286,traffic_signals,,
245663666,19.0444178,72.8644135,traffic_signals,,
245663765,19.0455324,72.9140531,traffic_signals,,
245663814,19.0457935,72.8424153,traffic_signals,,
245663848,19.0468098,72.8518556,traffic_signals,,
245663894,19.0462973,72.9089703,traffic_signals,,
245663959,19.0466011,72.8628118,traffic_signals,,
245664037,19.0475207,72.8607182,traffic_signals,,
245664057,19.0481672,72.8563380,traffic_signals,,
245664662,19.0521144,72.9005288,traffic_signals,,
245664667,19.0509505,72.8382139,traffic_signals,,
245664830,19.0537309,72.8467126,traffic_signals,,
245664866,19.0533102,72.8823963,traffic_signals,,
245664869,19.0539471,72.8893813,traffic_signals,,
245664905,19.0539841,72.8946942,traffic_signals,,
245665060,19.0549396,72.9109894,traffic_signals,,
245665147,19.0589758,72.8645378,traffic_signals,,
245665354,19.0569040,72.8872739,traffic_signals,,
245665679,19.0587817,72.8858965,traffic_signals,,
245666164,19.0620200,72.8834352,traffic_signals,,
245666475,19.0630091,72.9149519,traffic_signals,,
245666966,19.0671608,72.8653978,traffic_signals,,
245667153,19.0677349,72.8372101,traffic_signals,,
245667457,19.0713700,72.8373301,traffic_signals,,
245667684,19.0735707,72.8301892,traffic_signals,,
245667692,19.0735183,72.9028377,traffic_signals,,
245667874,19.0753664,72.8341331,traffic_signals,,
245668003,19.0758789,72.8773593,traffic_signals,,
245668015,19.0778032,72.8625431,traffic_signals,,
245668221,19.0785504,72.8343203,traffic_signals,,
245668398,19.0804720,72.8466836,traffic_signals,,
245668399,19.0803082,72.8470698,traffic_signals,,
245668408,19.0807789,72.8430525,traffic_signals,,
245668466,19.0811417,72.8378659,traffic_signals,,
245668480,19.0806588,72.8524866,traffic_signals,,
245668494,19.0817628,72.8344196,traffic_signals,,
245668515,19.0796532,72.8803239,traffic_signals,,
245668764,19.0841253,72.8379677,traffic_signals,,
245668776,19.0845189,72.8345287,traffic_signals,,
245668828,19.0848472,72.8322352,traffic_signals,,
245669231,19.0897215,72.8382367,traffic_signals,,
245670576,19.1030104,72.8885372,traffic_signals,,
245670600,19.1035233,72.8556586,,,bump
245671055,19.1076910,72.8586488,traffic_signals,,
245671328,19.1091378,72.8539346,traffic_signals,,
245671354,19.1093164,72.8760620,traffic_signals,,
245671694,19.1123024,72.8885317,traffic_signals,,
245672659,19.1163671,72.8438487,traffic_signals,,
245673439,19.1239859,72.9126221,traffic_signals,,
245673500,19.1249416,72.9165857,traffic_signals,,
245673698,19.1248579,72.9326729,traffic_signals,,
245673708,19.1262439,72.8936795,traffic_signals,,
245675050,19.1350342,72.8320615,traffic_signals,,
245675162,19.1417194,72.8291695,traffic_signals,,
245675163,19.1365828,72.8318871,traffic_signals,,
245675627,19.1419575,72.8314644,traffic_signals,,
245675997,19.1458947,72.8311388,traffic_signals,,
245676028,19.1462297,72.8366277,traffic_signals,,
245677558,19.1630974,72.8393421,traffic_signals,,
245677658,19.1634725,72.8348764,traffic_signals,,
245678558,19.1737322,72.8367239,traffic_signals,,
245678584,19.1738331,72.8408254,traffic_signals,,
245678918,19.1797441,72.8366303,traffic_signals,,
245679943,19.1957488,72.8338159,traffic_signals,,
245679988,19.1962984,72.8274238,traffic_signals,,
245680777,19.2076007,72.8291819,traffic_signals,,
245681962,19.2285504,72.8478778,traffic_signals,,
245681971,19.2286493,72.8559711,traffic_signals,,
245681989,19.2291928,72.8441807,traffic_signals,,
245682021,19.2303545,72.8441868,traffic_signals,,
245682025,19.2312250,72.8576832,traffic_signals,,
245682042,19.2305362,72.8476178,traffic_signals,,
245682435,19.2396730,72.8427042,traffic_signals,,
245682679,19.2451201,72.8453636,traffic_signals,,
245682714,19.2460401,72.8611007,traffic_signals,,
245683097,19.2575191,72.8651288,traffic_signals,,
245683104,19.2576584,72.8644435,traffic_signals,,
276775161,19.0196050,72.8563068,traffic_signals,,
296353470,19.0062150,72.8216835,traffic_signals,,
296353488,19.0105372,72.8205300,traffic_signals,,
296354499,19.1013871,72.8393975,traffic_signals,,
296362019,19.0594751,72.8368255,traffic_signals,,
296849097,19.1080892,72.8403347,traffic_signals,,
296851160,19.1264693,72.8397522,traffic_signals,,
296853248,19.1275858,72.8471146,traffic_signals,,
296853793,19.0606458,72.8585698,traffic_signals,,
296853816,19.0651727,72.8621953,traffic_signals,,
296857791,19.0710084,72.8723000,traffic_signals,,
296857806,19.0624565,72.8595787,traffic_signals,,
296857831,19.0604963,72.8586336,traffic_signals,,
296857847,19.0527187,72.8474797,traffic_signals,,
317156842,18.9260131,72.8318338,traffic_signals,,
344582458,19.1389629,72.8709460,traffic_signals,,
346633203,19.0559724,72.8340668,traffic_signals,,
346633216,19.0547848,72.8267820,traffic_signals,,
346640942,19.0537443,72.8297316,,,hump
346644272,19.0508173,72.8297972,traffic_signals,,
347106948,19.0547186,72.8254147,traffic_signals,,
347115324,19.0594485,72.8323367,traffic_signals,,
347149014,19.0564811,72.8367832,traffic_signals,,
347169720,19.0629494,72.8251868,,,bump
347176149,19.0636709,72.8350108,traffic_signals,,
347194070,19.0678656,72.8334812,traffic_signals,,
347197290,19.0629554,72.8264927,mini_roundabout,,island
348120084,19.0922716,72.8281712,traffic_signals,,
355842984,18.9498324,72.8345926,traffic_signals,,
355843002,18.9467645,72.8337151,traffic_signals,,
414595057,19.1968955,72.9714462,traffic_signals,,
414726599,19.1989270,72.9797025,traffic_signals,,
414731700,19.2172630,72.9783899,traffic_signals,,
444753540,18.9982518,72.8270408,traffic_signals,,
456025866,18.9641537,72.8074612,traffic_signals,,
456241820,18.9641897,72.8076649,traffic_signals,,
458989543,18.9570846,72.7997545,traffic_signals,,
459045191,18.9874197,72.8139040,traffic_signals,,
459045210,18.9817209,72.8142542,traffic_signals,,
459148572,18.9934603,72.8147938,traffic_signals,,
459496099,18.9614817,72.8016220,traffic_signals,,
460941437,18.9636827,72.8098524,traffic_signals,,
460941612,18.9660971,72.8132120,traffic_signals,,
461490081,18.9423307,72.8261215,traffic_signals,,
461822669,18.9779406,72.8113467,traffic_signals,,
461822720,18.9764323,72.8090700,traffic_signals,,
461843964,18.9740491,72.8092280,traffic_signals,,
461853949,18.9761047,72.8089418,traffic_signals,,
461853964,18.9764871,72.8087429,traffic_signals,,
462261958,19.0152581,72.8194756,traffic_signals,,
463610593,18.9636375,72.8099909,traffic_signals,,
470146183,19.0964588,72.8531244,traffic_signals,,
471043380,18.9986118,72.8174661,traffic_signals,,
471554800,19.0699352,72.8372739,traffic_signals,,
471566319,19.0653929,72.8343413,traffic_signals,,
471941466,18.9981802,72.8275473,traffic_signals,,
471942852,19.0091918,72.8334559,traffic_signals,,
471955208,18.9562041,72.8139259,traffic_signals,,
471972442,18.9564113,72.8162882,traffic_signals,,
473084113,18.9289139,72.8230904,traffic_signals,,
474706650,18.9351518,72.8308331,traffic_signals,,
475706109,19.0153744,72.8174828,traffic_signals,,
477237025,18.9570113,72.8102864,traffic_signals,,
485953822,18.9442104,72.8292737,traffic_signals,,
485963350,18.9385851,72.8303190,traffic_signals,,
485977586,18.9258869,72.8297710,traffic_signals,,
486004004,18.9271457,72.8259816,traffic_signals,,
486024085,18.9329676,72.8280381,traffic_signals,,
486040864,18.9282810,72.8314561,traffic_signals,,
486059698,18.9143879,72.8216562,traffic_signals,,
486385346,18.9529405,72.8161715,traffic_signals,,
486390417,18.9427892,72.8234608,traffic_signals,traffic_signals,
486415686,18.9557658,72.8126090,traffic_signals,,
489553772,18.9439074,72.8293104,traffic_signals,,
489586507,18.9432554,72.8290966,traffic_signals,,
489593886,18.9432197,72.8287185,traffic_signals,,
489646229,18.9553380,72.8080869,traffic_signals,,
489748017,18.9901979,72.8140496,traffic_signals,,
489793165,18.9582005,72.8318274,traffic_signals,,
493925065,19.0266746,72.8548297,traffic_signals,,
493966574,18.9686423,72.8405742,traffic_signals,,
493966589,18.9688701,72.8406271,traffic_signals,,
528644374,18.9267074,72.8269694,traffic_signals,,
528743522,18.9325843,72.8300096,traffic_signals,,
528785934,19.0457367,72.9092659,traffic_signals,,
528785949,19.0457295,72.9090118,traffic_signals,,
528859604,19.0179711,72.8687858,traffic_signals,,
529918718,18.9787273,72.8153988,traffic_signals,,
536726906,19.0181088,72.8475601,traffic_signals,,
564738600,19.2814793,72.8583559,traffic_signals,,
564738608,19.2833420,72.8634521,traffic_signals,,
564738616,19.2855995,72.8691657,traffic_signals,,
564740607,19.2783808,72.8791126,traffic_signals,,
564764420,19.2926572,72.8611636,traffic_signals,,
587976149,19.0163138,72.8464754,traffic_signals,,
587976199,19.0147788,72.8453404,traffic_signals,,
588620180,19.0955298,72.8528210,traffic_signals,,
590605977,19.2307311,72.8567330,traffic_signals,,
593054870,19.0956559,72.8524506,traffic_signals,,
593054872,19.0965425,72.8527815,traffic_signals,,
618682503,18.9589844,72.8099159,traffic_signals,,
618682506,18.9602016,72.8092339,traffic_signals,,
619128792,19.1637908,72.9376311,traffic_signals,,
619130306,19.1786815,72.9449955,traffic_signals,,
619143471,19.2210939,72.9891879,traffic_signals,,
619166256,19.2313948,72.8631204,traffic_signals,,
619169805,19.2139048,72.8512306,traffic_signals,,
619169811,19.2231787,72.8538068,traffic_signals,,
619169980,19.2203768,72.8477800,traffic_signals,,
619183876,19.1757511,72.8675476,traffic_signals,,
619185664,19.1725754,72.8540633,traffic_signals,,
619185674,19.1735225,72.8450789,traffic_signals,,
619199656,19.1023916,72.9200375,traffic_signals,,
619227661,19.0507277,72.8383369,traffic_signals,,
619309790,19.0849504,72.8861203,traffic_signals,,
619309806,19.0777367,72.8788698,traffic_signals,,
619309810,19.0707176,72.8754828,traffic_signals,,
619980920,18.9727253,72.8221848,traffic_signals,,
620011492,19.0874382,72.9025709,traffic_signals,,
620382315,18.9655880,72.8324833,traffic_signals,,
620382323,18.9600561,72.8316437,traffic_signals,,
620382693,18.9681186,72.8326836,traffic_signals,,
620393213,18.9571825,72.8320633,traffic_signals,,
620393234,18.9546137,72.8328753,traffic_signals,,
621244019,19.1388631,72.8631925,traffic_signals,,
621284871,19.1438767,72.8427483,traffic_signals,,
621284872,19.1419229,72.8431004,traffic_signals,,
621287161,19.1593533,72.8459281,traffic_signals,,
621287166,19.1494413,72.8431598,traffic_signals,,
621287167,19.1459099,72.8428919,traffic_signals,,
621287605,19.1662341,72.8456344,traffic_signals,,
622042582,19.0743754,72.8604812,traffic_signals,,
622060411,19.0790473,72.8757088,traffic_signals,,
622060462,19.0785665,72.8767188,traffic_signals,,
623037777,19.1117718,72.8586651,traffic_signals,,
623038364,19.1138569,72.8530508,traffic_signals,,
623040010,19.1147757,72.8600696,traffic_signals,,
623040192,19.1178639,72.8684851,traffic_signals,,
623040889,19.1160475,72.8299538,traffic_signals,,
623217288,19.1172151,72.8297958,traffic_signals,,
623223512,19.1024425,72.8369214,traffic_signals,,
623881375,19.1190187,72.8509197,traffic_signals,,
627835035,19.1914180,72.8469568,traffic_signals,,
627835037,19.1982588,72.8480943,traffic_signals,,
627836085,19.1928365,72.8415087,traffic_signals,,
627838051,19.2040547,72.8496837,traffic_signals,,
628597982,19.2150014,72.8383175,traffic_signals,,
628597986,19.2152861,72.8285629,traffic_signals,,
629017418,19.2087837,72.8222369,crossing,traffic_signals,
629021717,19.2072444,72.8349583,traffic_signals,,
629023678,19.2548584,72.8578916,traffic_signals,,
630298099,19.1250783,72.8648680,traffic_signals,,
630678284,19.1731522,72.9619386,traffic_signals,,
630689984,19.1517807,72.9375347,traffic_signals,,
630699810,19.1682073,72.9610442,traffic_signals,,
631473301,19.0365403,72.8606442,traffic_signals,,
631476243,19.0332804,72.8788292,traffic_signals,,
631480519,19.0172598,72.8649281,traffic_signals,,
631480564,19.0183959,72.8637398,traffic_signals,,
631480567,19.0173565,72.8650815,traffic_signals,,
631487133,19.0374469,72.8651690,traffic_signals,,
631494016,19.0427538,72.8634830,traffic_signals,,
631494019,19.0420987,72.8637735,traffic_signals,,
631494021,19.0423405,72.8634487,traffic_signals,,
631494036,19.0427853,72.8642042,traffic_signals,,
631494038,19.0421849,72.8641383,traffic_signals,,
631507992,19.0690865,72.8684997,traffic_signals,,
631507993,19.0692212,72.8684050,traffic_signals,,
631525438,19.0672793,72.8652769,traffic_signals,,
631525441,19.0711547,72.8722123,traffic_signals,,
631537700,19.0262395,72.8362032,traffic_signals,,
632299700,19.0455063,72.8932657,traffic_signals,,
632313012,19.0507622,72.8938663,traffic_signals,,
648865086,19.2798949,72.8770457,traffic_signals,,
652613466,19.0954385,72.8527865,traffic_signals,,
674869953,19.0428643,72.8401526,traffic_signals,,
693442135,18.9698166,72.9548583,,,island
701118317,18.9894183,72.8344486,traffic_signals,,
768595237,18.9825464,72.8237143,traffic_signals,,
768595239,18.9825562,72.8238466,traffic_signals,,
768599586,19.0014018,72.8156421,traffic_signals,,
768599593,18.9935691,72.8146112,traffic_signals,,
768651100,19.0063128,72.8181325,traffic_signals,,
769028538,19.1726937,72.8520720,traffic_signals,,
769037775,19.1705300,72.8355303,traffic_signals,,
810349108,19.1027613,72.8662246,traffic_signals,,
858671995,18.9529050,72.8339566,traffic_signals,,
858938668,18.9497746,72.8347788,traffic_signals,,
861155655,18.9582250,72.8320457,traffic_signals,,
861190726,18.9546932,72.8329974,traffic_signals,,
861190736,18.9575702,72.8321094,traffic_signals,,
861209935,18.9664382,72.8303042,traffic_signals,,
864905398,19.1071548,72.8368189,traffic_signals,,
864905412,19.1125913,72.8371726,traffic_signals,,
864964221,19.1161558,72.8299468,traffic_signals,,
864964227,19.1158898,72.8343163,traffic_signals,,
864964232,19.1142051,72.8365340,traffic_signals,,
864964235,19.1126431,72.8372756,traffic_signals,,
865054565,19.1162766,72.8402631,traffic_signals,,
866726930,19.1071647,72.8299838,traffic_signals,,
866806755,19.1016153,72.8392759,traffic_signals,,
866807200,19.1084247,72.8370426,traffic_signals,,
866807202,19.1071060,72.8369310,traffic_signals,,
866807207,19.1025672,72.8369240,traffic_signals,,
866807384,19.1048737,72.8270862,traffic_signals,,
866807391,19.1042176,72.8297391,traffic_signals,,
866807402,19.1025891,72.8368310,traffic_signals,,
866835029,19.1160489,72.8298490,traffic_signals,,
866835090,19.1071725,72.8298726,traffic_signals,,
866839667,19.1049488,72.8266975,traffic_signals,,
867276784,19.1251820,72.8247292,,,bump
867276793,19.1239630,72.8238649,traffic_signals,,
884244629,19.1401847,72.8261941,traffic_signals,,
884364447,19.1326801,72.8256449,traffic_signals,,
884364577,19.1418154,72.8314730,traffic_signals,,
884379396,19.1350544,72.8321499,traffic_signals,,
884379407,19.1419546,72.8315814,traffic_signals,,
884429971,19.1459047,72.8312246,traffic_signals,,
884429983,19.1457997,72.8311463,traffic_signals,,
884429984,19.1458039,72.8312304,traffic_signals,,
884429986,19.1460944,72.8352283,traffic_signals,,
884429992,19.1462419,72.8367144,traffic_signals,,
884430002,19.1489926,72.8363034,traffic_signals,,
884430084,19.1463304,72.8366022,traffic_signals,,
884430122,19.1462063,72.8352318,traffic_signals,,
884430163,19.1418171,72.8315892,traffic_signals,,
969754551,19.2949261,72.8491702,traffic_signals,,
969803897,19.1243470,72.8467361,traffic_signals,,
985092027,19.1662140,72.8583594,traffic_signals,,
985103863,19.1661520,72.8587229,traffic_signals,,
985103905,19.1743177,72.8592119,traffic_signals,,
986518085,19.1420421,72.8551732,traffic_signals,,
986518125,19.1744147,72.8596360,traffic_signals,,
996421466,19.1758643,72.8740344,traffic_signals,,
1034965549,18.9472307,72.8333098,traffic_signals,,
1034965625,18.9463378,72.8349766,traffic_signals,,
1047634889,19.0011061,72.8379990,traffic_signals,,
1070196437,19.2872675,72.8672320,traffic_signals,,
1070196441,19.2884041,72.8653521,traffic_signals,traffic_signals,
1070196442,19.2891965,72.8648555,traffic_signals,traffic_signals,
1070377934,19.2824935,72.8737978,traffic_signals,,
1070377936,19.2800799,72.8713253,traffic_signals,,
1070377945,19.2822802,72.8737726,traffic_signals,,
1070377948,19.2823417,72.8736882,traffic_signals,,
1070377972,19.2801269,72.8711551,traffic_signals,,
1070841436,19.2785222,72.8792340,traffic_signals,,
1127770757,18.9445786,72.8248966,traffic_signals,,
1145401592,19.1297168,72.8777986,traffic_signals,,
1145401595,19.1300120,72.8765715,traffic_signals,,
1147531766,19.2796704,72.8710446,traffic_signals,,
1147531835,19.2796268,72.8711798,traffic_signals,,
1148581217,18.9647444,72.8044808,traffic_signals,,
1154003529,19.0556040,72.8463263,traffic_signals,,
1154003530,19.0556019,72.8466624,traffic_signals,,
1154211731,19.1092095,72.8535745,traffic_signals,,
1154214582,19.1133440,72.8544811,traffic_signals,,
1154214585,19.1132768,72.8548176,traffic_signals,,
1154216502,19.1165720,72.8549743,traffic_signals,,
1154216503,19.1163802,72.8552875,traffic_signals,,
1156127277,19.1405962,72.8546327,traffic_signals,,
1157176378,19.1747946,72.8614677,traffic_signals,,
1158617054,19.1231496,72.8715680,traffic_signals,,
1165388807,18.9953699,72.8367306,traffic_signals,,
1165388887,18.9977014,72.8376115,traffic_signals,,
1169481166,19.1635694,72.8458858,traffic_signals,,
1172405289,19.1589640,72.8459230,traffic_signals,,
1172489427,19.1592373,72.8352634,traffic_signals,,
1174319808,19.1661313,72.8399105,crossing,traffic_signals,
1174942001,19.1518953,72.8443799,traffic_signals,,
1176874806,19.1005453,72.9289843,traffic_signals,,
1178623178,19.2059772,72.8659840,traffic_signals,,
1178672927,19.2213753,72.8651884,traffic_signals,,
1178672931,19.2213948,72.8655530,traffic_signals,,
1179191719,19.0429387,72.8638540,traffic_signals,,
1179221113,19.0103274,72.8426174,traffic_signals,,
1179221116,19.0094542,72.8420602,traffic_signals,,
1179221118,19.0093870,72.8420209,traffic_signals,,
1179261850,19.0146451,72.8455526,traffic_signals,,
1179269788,19.0176564,72.8474100,traffic_signals,,
1182363483,19.2186964,72.9839809,traffic_signals,,
1182556118,19.1720475,72.9407735,traffic_signals,,
1184122821,19.1911607,72.9763953,traffic_signals,,
1185859882,19.1886830,72.8464734,traffic_signals,,
1188654980,19.2202068,72.8525406,traffic_signals,,
1188793930,19.1988050,72.8558175,traffic_signals,,
1188812112,19.2011211,72.8488692,traffic_signals,,
1194135953,19.1735684,72.8455968,traffic_signals,,
1194136040,19.1736419,72.8447315,traffic_signals,,
1194195803,19.1523182,72.8445570,traffic_signals,,
1199606539,19.1086117,72.8779699,traffic_signals,,
1232644012,19.0685557,72.9004760,traffic_signals,,
1232644316,19.0676829,72.8927213,traffic_signals,,
1233452316,19.0880510,72.9056413,traffic_signals,,
1236410125,18.9552771,72.8077899,traffic_signals,,
1236410186,18.9591173,72.8098429,traffic_signals,,
1236410189,18.9447606,72.8248189,traffic_signals,,
1286545934,18.9813057,72.8264998,traffic_signals,,
1286566724,18.9811044,72.8263825,traffic_signals,,
1286566727,18.9812827,72.8270837,traffic_signals,,
1286566730,18.9807195,72.8265397,traffic_signals,,
1286566733,18.9807941,72.8271011,traffic_signals,,
1336410623,19.0535401,72.9142552,traffic_signals,,
1343009451,19.1888471,72.8464904,traffic_signals,,
1345329173,19.1136424,72.8529312,traffic_signals,,
1351183149,19.1959782,72.8218577,traffic_signals,,
1351247410,19.0620317,72.9175698,traffic_signals,,
1353464534,19.2127982,72.8425305,traffic_signals,,
1353471884,19.2072799,72.8371112,traffic_signals,,
1366009125,19.0760493,72.8775314,traffic_signals,,
1366028032,19.0844858,72.8849456,traffic_signals,,
1366097095,19.0935027,72.8994374,traffic_signals,,
1366097987,19.1144545,72.8978844,traffic_signals,,
1366856857,19.0435964,72.9232170,traffic_signals,,
1366857176,19.0513090,72.9366351,traffic_signals,,
1366857555,19.0621254,72.9005919,traffic_signals,,
1366900343,19.0512270,72.9364045,traffic_signals,,
1366900404,19.0590807,72.9237644,traffic_signals,,
1366900663,19.0880157,72.9054962,traffic_signals,,
1366938254,19.0651366,72.8991816,traffic_signals,,
1366956109,19.0623128,72.9176971,traffic_signals,,
1367093074,19.0621117,72.8833503,traffic_signals,,
1375170686,19.1959781,72.8219647,traffic_signals,,
1375170790,19.2152687,72.8337457,traffic_signals,,
1375170805,19.2264153,72.8281510,traffic_signals,,
1375251720,19.1153603,72.8472852,traffic_signals,,
1375482657,18.9681388,72.8327945,traffic_signals,,
1375482659,18.9684197,72.8330483,traffic_signals,,
1375482674,18.9714136,72.8324276,traffic_signals,,
1375482694,18.9740175,72.8338860,traffic_signals,,
1375482733,18.9754429,72.8335675,traffic_signals,,
1386641179,19.1778248,72.9440582,traffic_signals,,
1386641229,19.1840166,72.9533155,traffic_signals,,
1388354178,19.1757722,72.9425055,traffic_signals,,
1388354194,19.1766131,72.9529101,traffic_signals,,
1388354213,19.1788307,72.9490235,traffic_signals,,
1388374508,19.1510694,72.9375672,traffic_signals,,
1398117085,19.0556609,72.8508936,traffic_signals,,
1398117087,19.0557426,72.8508130,traffic_signals,,
1416525707,19.2076530,72.8293634,traffic_signals,,
1419256931,19.0190215,72.8602926,traffic_signals,,
1448146968,19.1547604,72.9568248,traffic_signals,,
1451795361,19.0890593,72.9171338,traffic_signals,,
1468337691,19.0621972,72.8345067,traffic_signals,,
1475178057,19.0459084,72.9088191,traffic_signals,,
1480129878,19.2558291,72.8701700,traffic_signals,,
1511531476,19.2442571,72.8646567,traffic_signals,,
1511531477,19.2444025,72.8643524,traffic_signals,,
1532750864,19.2324723,72.8635129,traffic_signals,,
1596008547,19.1833997,72.9495031,traffic_signals,,
1596008552,19.1789768,72.9496283,traffic_signals,,
1632712364,19.1917193,72.8587127,traffic_signals,,
1634250072,19.0497779,72.9323268,traffic_signals,,
1640191301,18.9324730,72.8312419,traffic_signals,,
1640769756,19.1263589,72.8937723,traffic_signals,,
1643031073,19.0742757,72.9031388,traffic_signals,,
1643093983,18.9450278,72.8344905,traffic_signals,,
1643093987,18.9451394,72.8347075,traffic_signals,,
1643105813,18.9330252,72.8313453,traffic_signals,,
1643105814,18.9327072,72.8300363,traffic_signals,,
1643105824,18.9329737,72.8279070,traffic_signals,,
1643105844,18.9345388,72.8327715,traffic_signals,,
1643105886,18.9386305,72.8346985,traffic_signals,,
1643134511,19.0467741,72.8628933,traffic_signals,,
1643144581,18.9301872,72.8313002,traffic_signals,,
1643210479,18.9432824,72.8292416,traffic_signals,,
1643210481,18.9433401,72.8290661,traffic_signals,,
1643210491,18.9435318,72.8292291,traffic_signals,,
1643210496,18.9438646,72.8294138,traffic_signals,,
1643210508,18.9455044,72.8277570,traffic_signals,,
1643210511,18.9455687,72.8277211,traffic_signals,,
1643210517,18.9462965,72.8290678,traffic_signals,,
1643264250,19.0523435,72.8998598,traffic_signals,,
1643351712,19.0434014,72.9233037,traffic_signals,,
1643351766,19.0533780,72.8969517,traffic_signals,,
1644089902,19.1091534,72.9322591,traffic_signals,,
1645886290,19.0209368,72.8428681,traffic_signals,,
1645886338,19.0212516,72.8419635,traffic_signals,,
1646685599,19.2032319,72.8341983,traffic_signals,,
1646685601,19.2037470,72.8281205,traffic_signals,,
1646690963,19.2540442,72.8661705,traffic_signals,,
1646746621,19.1377993,72.8372844,traffic_signals,,
1646850430,19.1334211,72.8287902,,,bump
1647016238,19.1833794,72.9489477,traffic_signals,,
1647059910,19.1869220,72.9752446,crossing,uncontrolled,table
1647163158,19.0936523,72.8995295,traffic_signals,,
1647344937,19.0539757,72.8463628,traffic_signals,,
1647344940,19.0541117,72.8464251,traffic_signals,,
1647344945,19.0542846,72.8461254,traffic_signals,,
1647747137,19.0482465,72.8563559,traffic_signals,,
1647747259,19.0526547,72.8473869,traffic_signals,,
1647747270,19.0529046,72.8473385,traffic_signals,,
1648168311,19.2142263,72.8680654,traffic_signals,,
1650385405,19.0162865,72.8287902,traffic_signals,traffic_signals,
1650694489,19.0264636,72.8547290,crossing,traffic_signals,
1650694511,19.0270115,72.8559858,traffic_signals,,
1650694545,19.0274221,72.8555566,traffic_signals,,
1650707622,19.0000451,72.8554847,traffic_signals,,
1650716582,19.0185240,72.8635835,traffic_signals,,
1650753970,19.0220005,72.8511283,traffic_signals,,
1651387817,19.0540824,72.8892738,traffic_signals,,
1651447381,18.9288448,72.8230443,traffic_signals,,
1651530826,19.2713642,72.8674328,traffic_signals,,
1651530938,19.2857446,72.8692851,traffic_signals,,
1651530989,19.2927850,72.8613034,traffic_signals,,
1654375891,19.0556292,72.8461604,traffic_signals,,
1654406810,18.9807632,72.8264871,traffic_signals,,
1654406812,18.9811220,72.8271734,traffic_signals,,
1665625137,19.0706255,72.9072376,traffic_signals,,
1665625199,19.0712744,72.9084175,traffic_signals,,
1665625258,19.0716479,72.9081463,traffic_signals,,
1704905817,18.9324713,72.8357954,traffic_signals,,
1714209578,19.1627187,72.9415489,traffic_signals,,
1861339117,19.1661012,72.9649432,traffic_signals,,
1861349246,19.2228558,72.9774909,traffic_signals,,
1861440281,19.1853444,72.9557730,traffic_signals,,
1861440284,19.1855847,72.9556697,traffic_signals,,
1861440287,19.1854870,72.9556265,traffic_signals,,
1879817481,19.1237594,72.9126982,traffic_signals,,
1879817490,19.1238591,72.9126552,traffic_signals,,
1879817555,19.1250387,72.9326775,traffic_signals,,
1879817556,19.1250550,72.9165180,traffic_signals,,
1879817825,19.1299616,72.8779183,traffic_signals,,
1879817892,19.1342688,72.8744227,traffic_signals,,
1879817893,19.1343620,72.8745163,traffic_signals,,
1879817912,19.1390445,72.8710838,traffic_signals,,
1879817913,19.1390886,72.8709923,traffic_signals,,
1879818059,19.1405084,72.8550112,traffic_signals,,
1913053599,19.0983534,72.8459066,traffic_signals,,
1919753058,19.1489820,72.8362110,traffic_signals,,
1920242403,19.1160946,72.8372474,traffic_signals,,
1934768150,19.1161550,72.8298429,traffic_signals,,
1934768159,19.1172019,72.8298971,traffic_signals,,
1934768165,19.1175658,72.8295061,traffic_signals,,
1934768186,19.1238983,72.8237939,traffic_signals,,
1934779427,19.1171135,72.8297972,traffic_signals,,
1934779437,19.1196382,72.8275610,,,bump
1934779487,19.1241571,72.8235409,,,bump
1934779756,19.1213544,72.8298790,,,bump
1936355361,19.0594769,72.8369121,traffic_signals,,
1936355384,19.0678140,72.8373712,traffic_signals,,
1936355393,19.0699253,72.8374589,traffic_signals,,
1936355394,19.0713418,72.8374717,traffic_signals,,
1936355441,19.0811284,72.8379536,traffic_signals,,
1936355451,19.0840774,72.8380506,traffic_signals,,
1936355487,19.0897276,72.8383336,traffic_signals,,
1936355548,19.1014046,72.8394843,traffic_signals,,
1936355567,19.1060055,72.8398534,traffic_signals,,
1936355577,19.1080810,72.8404217,traffic_signals,,
1936355587,19.1163504,72.8439791,traffic_signals,,
1936499559,19.1243281,72.8468170,traffic_signals,,
1936499564,19.1275754,72.8472064,traffic_signals,,
1936499649,19.1419436,72.8431833,traffic_signals,,
1936499662,19.1439118,72.8428261,traffic_signals,,
1936499674,19.1458972,72.8429750,traffic_signals,,
1936499709,19.1494382,72.8432437,traffic_signals,,
1936499715,19.1522946,72.8446337,traffic_signals,,
1936499721,19.1589612,72.8460006,traffic_signals,,
1936499722,19.1593503,72.8460083,traffic_signals,,
1936499738,19.1636031,72.8459644,traffic_signals,,
1936499748,19.1662495,72.8457177,traffic_signals,,
1936499784,19.1735266,72.8451947,traffic_signals,,
1936580446,19.1311421,72.8414164,,,bump
1936580466,19.1315062,72.8381919,,,bump
1936627863,19.1131295,72.8547841,traffic_signals,,
1936627865,19.1132132,72.8544560,traffic_signals,,
1936627911,19.1159399,72.8372632,traffic_signals,,
1936627916,19.1160085,72.8435903,traffic_signals,,
1936627942,19.1161802,72.8402587,traffic_signals,,
1936627968,19.1162468,72.8438951,traffic_signals,,
1936627976,19.1162512,72.8437711,traffic_signals,,
1960732675,19.1854362,72.9559161,traffic_signals,,
1960732684,19.1856190,72.9558245,traffic_signals,,
1960732686,19.1856267,72.9557730,traffic_signals,,
1960733406,19.1968281,72.9715634,traffic_signals,,
1960733537,19.1988716,72.9798187,traffic_signals,,
1960733568,19.1989784,72.9798194,traffic_signals,,
1960733730,19.2012780,72.9738458,traffic_signals,,
1960733734,19.2013388,72.9739385,traffic_signals,,
1960734424,19.2115498,72.9773065,traffic_signals,,
1960734426,19.2115536,72.9771973,traffic_signals,,
1960734455,19.2117155,72.9772020,traffic_signals,,
1960734457,19.2117363,72.9773161,traffic_signals,,
1960734521,19.2126641,72.9769758,traffic_signals,,
1960734522,19.2126914,72.9773572,traffic_signals,,
1960734638,19.2149562,72.9779900,traffic_signals,,
1960734983,19.2211837,72.9891355,traffic_signals,,
1960735299,19.2322201,72.9700205,traffic_signals,,
1960735422,19.2360226,72.9761860,traffic_signals,,
1960735424,19.2361009,72.9761765,traffic_signals,,
1960735579,19.2597411,72.9697390,traffic_signals,,
1960735584,19.2641128,72.9679620,traffic_signals,,
1960736024,19.2851925,72.9042981,traffic_signals,,
1960736051,19.2853384,72.9044259,traffic_signals,,
1966835463,18.9951465,72.8314561,traffic_signals,,
1966835479,18.9839870,72.8351856,traffic_signals,,
1966835489,18.9816857,72.8345605,traffic_signals,,
1966835497,18.9805536,72.8342196,traffic_signals,,
1966835498,18.9884697,72.8357453,traffic_signals,,
2155937885,19.0349802,72.8600211,traffic_signals,,
2155937886,19.0352176,72.8598014,traffic_signals,,
2163503474,18.9385595,72.8359307,traffic_signals,,
2163503475,18.9385833,72.8360366,traffic_signals,,
2163503480,18.9387140,72.8347281,traffic_signals,,
2163539007,18.9344735,72.8369958,traffic_signals,,
2163539019,18.9382331,72.8378661,traffic_signals,,
2163539020,18.9383071,72.8378831,traffic_signals,,
2163539024,18.9384981,72.8369561,traffic_signals,,
2163559556,18.9352768,72.8307315,traffic_signals,,
2163559577,18.9385547,72.8301449,traffic_signals,,
2163592436,19.0175330,72.8481109,traffic_signals,,
2163592452,19.0179453,72.8481782,traffic_signals,,
2168470133,18.9355081,72.8304556,traffic_signals,,
2168580990,18.9260449,72.8297836,traffic_signals,,
2168581047,18.9265476,72.8280420,traffic_signals,,
2168581052,18.9266480,72.8270885,traffic_signals,,
2175130238,18.9284804,72.8298953,traffic_signals,,
2175130255,18.9285534,72.8313406,traffic_signals,,
2176144722,18.9487339,72.8404330,traffic_signals,,
2176144748,18.9487790,72.8405510,traffic_signals,,
2176144830,18.9573144,72.8425565,traffic_signals,,
2176144839,18.9601044,72.8433694,traffic_signals,,
2176215889,18.9485600,72.8351100,traffic_signals,,
2176215934,18.9487993,72.8404490,traffic_signals,,
2176701305,18.9276430,72.8217115,traffic_signals,,
2178289463,19.1545794,72.9570831,traffic_signals,,
2178289464,19.1546540,72.9567524,traffic_signals,,
2178293601,18.9614887,72.8132743,traffic_signals,,
2178293608,18.9618453,72.8130547,traffic_signals,,
2178293618,18.9620445,72.8134650,traffic_signals,,
2178293626,18.9620152,72.8135662,traffic_signals,,
2222707687,19.1932324,72.8344694,traffic_signals,,
2233649520,19.1408562,72.8569806,traffic_signals,,
2233650832,19.1753342,72.8641346,traffic_signals,,
2236679250,19.1282291,72.8878407,traffic_signals,,
2236679508,19.1318076,72.9271649,traffic_signals,,
2236680990,19.1587702,72.9375333,traffic_signals,,
2236681415,19.1678023,72.9390194,traffic_signals,,
2237026700,19.1816846,72.9466975,traffic_signals,,
2238597919,19.0522774,72.9005747,traffic_signals,,
2244637314,19.1034393,72.8571208,,,bump
2244797448,19.0678724,72.8371879,traffic_signals,,
2244892332,19.2697678,72.8790280,traffic_signals,,
2244961403,19.0856977,72.8945085,traffic_signals,,
2244961457,19.0877010,72.9043050,traffic_signals,,
2244962347,19.1076031,72.8806538,traffic_signals,,
2245075524,19.0923602,72.9256362,traffic_signals,,
2245075532,19.0923992,72.9254986,traffic_signals,,
2246157812,18.9599341,72.8318407,traffic_signals,,
2246157831,18.9751138,72.8065327,traffic_signals,,
2246471784,19.0632943,72.9145470,traffic_signals,,
2246471991,19.0654272,72.8997275,traffic_signals,,
2246662662,19.1194556,72.8904987,traffic_signals,,
2248781882,19.0610407,72.8468683,traffic_signals,,
2248781980,19.2778292,72.8905091,traffic_signals,,
2248781987,19.2778782,72.8904283,traffic_signals,,
2248801066,19.0456434,72.9115866,traffic_signals,,
2248801431,19.0488946,72.9059204,traffic_signals,,
2249163625,19.2695082,72.8792617,traffic_signals,,
2249163670,19.2719484,72.8826804,traffic_signals,,
2249163684,19.2723247,72.8825719,traffic_signals,,
2249163695,19.2724409,72.8827463,traffic_signals,,
2249163790,19.2737267,72.8852458,traffic_signals,,
2249163812,19.2740250,72.8850847,traffic_signals,,
2249163976,19.2779134,72.8903501,traffic_signals,,
2249268494,19.2140813,72.8677349,traffic_signals,,
2250655557,19.2125175,72.9772426,traffic_signals,,
2250795705,19.0501187,72.8382229,traffic_signals,,
2250795710,19.0501673,72.8383449,traffic_signals,,
2251057064,19.1918451,72.8584051,traffic_signals,,
2258304282,18.9481964,72.8354447,traffic_signals,,
2258304283,18.9483987,72.8351665,traffic_signals,,
2258304284,18.9485942,72.8352843,traffic_signals,,
2258304448,19.0094917,72.8418070,traffic_signals,,
2258304486,19.0291644,72.8575173,traffic_signals,,
2264152102,19.1005856,72.9288398,traffic_signals,,
2299255893,18.9939483,72.8144434,traffic_signals,,
2299255924,19.0018521,72.8117850,traffic_signals,,
2299255929,19.0040469,72.8134453,traffic_signals,,
2299255934,19.0043848,72.8132664,traffic_signals,,
2299255935,19.0044294,72.8131948,traffic_signals,,
2299255936,19.0044644,72.8133121,traffic_signals,,
2299255937,19.0045049,72.8132403,traffic_signals,,
2299255976,19.0152694,72.8170692,traffic_signals,,
2399367035,19.2392525,72.8595937,traffic_signals,,
2399368782,19.2390413,72.8596216,traffic_signals,,
2399394978,19.2378775,72.8549058,traffic_signals,,
2399395002,19.2377759,72.8549118,traffic_signals,,
2399395064,19.2377697,72.8548480,traffic_signals,,
2399395066,19.2378648,72.8548325,traffic_signals,,
2439252012,19.0644504,72.8971696,traffic_signals,,
2439252016,19.0646737,72.8970985,traffic_signals,,
2439252021,19.0646643,72.8966412,traffic_signals,,
2439252028,19.0659836,72.8995643,traffic_signals,,
2439602110,19.0467064,72.8627780,traffic_signals,,
2439615339,19.1042717,72.8299362,traffic_signals,,
2441666125,19.0175589,72.8305232,traffic_signals,,
2442374465,19.1048532,72.8265911,traffic_signals,,
2442510061,18.9557968,72.8125155,traffic_signals,,
2442510064,18.9562802,72.8138279,traffic_signals,,
2442510065,18.9563153,72.8139110,traffic_signals,,
2442510072,18.9568563,72.8155846,traffic_signals,,
2442510074,18.9582202,72.8109482,traffic_signals,,
2442519133,18.9616734,72.8132557,traffic_signals,,
2442886089,19.0159783,72.8347261,traffic_signals,,
2442886090,19.0161973,72.8348156,traffic_signals,,
2442886101,19.0185365,72.8357847,traffic_signals,,
2442886106,19.0203926,72.8411019,traffic_signals,,
2443139105,19.0528658,72.8477079,traffic_signals,,
2446353351,19.0176374,72.8304062,traffic_signals,,
2453954667,18.9640958,72.8076768,traffic_signals,,
2489283691,19.2360456,72.9759078,traffic_signals,,
2489283692,19.2361247,72.9758961,traffic_signals,,
2559494248,19.0510701,72.9369197,traffic_signals,,
2562413149,19.2349637,72.8552364,traffic_signals,,
2569286076,18.9851035,72.9852187,,,rumble_strip
2569286081,18.9994186,72.8626250,,,rumble_strip
2590090392,18.9873981,72.8136897,traffic_signals,,
2610804844,19.1159102,72.8302723,traffic_signals,,
2610804968,19.1157950,72.8297344,traffic_signals,,
2622177275,19.0707566,72.8753551,traffic_signals,,
2622177289,19.0759339,72.8772747,traffic_signals,,
2622177290,19.0761061,72.8774466,traffic_signals,,
2622177292,19.0777927,72.8787234,traffic_signals,,
2622177294,19.0799401,72.8803765,traffic_signals,,
2622177309,19.0845663,72.8849418,traffic_signals,,
2622177318,19.0850005,72.8860826,traffic_signals,,
2622177326,19.0857630,72.8944852,traffic_signals,,
2622177338,19.0871263,72.9005621,traffic_signals,,
2622177342,19.0875124,72.9025598,traffic_signals,,
2622177346,19.0877976,72.9041795,traffic_signals,,
2622177356,19.0892362,72.9078339,traffic_signals,,
2629418478,19.0595424,72.8368342,traffic_signals,,
2629418495,19.0636842,72.8351267,traffic_signals,,
2629418499,19.0654199,72.8344525,traffic_signals,,
2629418501,19.0678600,72.8335800,traffic_signals,,
2629418526,19.0717033,72.8340986,traffic_signals,,
2629418529,19.0753595,72.8342539,traffic_signals,,
2629418531,19.0785451,72.8344187,traffic_signals,,
2629418534,19.0817470,72.8345055,traffic_signals,,
2629418536,19.0845095,72.8346183,traffic_signals,,
2629436073,19.1439674,72.8427308,traffic_signals,,
2629436082,19.1463419,72.8366887,traffic_signals,,
2629741730,19.0489830,72.9060331,traffic_signals,,
2629741740,19.0524868,72.8999145,traffic_signals,,
2629741747,19.0535140,72.8970229,traffic_signals,,
2629741752,19.0541314,72.8947246,traffic_signals,,
2804441140,19.0674194,72.8886221,traffic_signals,,
2804441145,19.0675273,72.8889520,traffic_signals,,
2804441150,19.0673455,72.8886976,traffic_signals,,
2804441153,19.0676154,72.8888783,traffic_signals,,
2804443043,19.0676981,72.8891834,traffic_signals,,
2804444332,19.0671832,72.8883997,traffic_signals,,
2804449479,19.0677910,72.8887245,traffic_signals,,
2804449483,19.0671885,72.8889123,traffic_signals,,
2804481645,19.0743350,72.8710305,traffic_signals,,
2804584123,19.0742913,72.8801552,traffic_signals,,
2897024519,19.0604480,72.8581675,traffic_signals,,
2897024523,19.0605100,72.8587076,traffic_signals,,
2897024614,19.0625151,72.8594183,traffic_signals,,
2897024615,19.0625283,72.8595962,traffic_signals,,
2897024628,19.0629396,72.8597078,traffic_signals,,
2897024651,19.0652128,72.8622599,traffic_signals,,
2897024656,19.0652947,72.8620802,traffic_signals,,
2897024658,19.0653357,72.8621463,traffic_signals,,
2897024659,19.0653744,72.8625202,traffic_signals,,
2897024737,19.0671204,72.8653326,traffic_signals,,
2897024742,19.0672299,72.8651975,traffic_signals,,
2897024795,19.0690471,72.8684361,traffic_signals,,
2897024798,19.0691817,72.8683414,traffic_signals,,
2897024818,19.0709810,72.8721745,traffic_signals,,
2897024822,19.0711350,72.8721190,traffic_signals,,
2897024861,19.0743008,72.8709551,traffic_signals,,
2897024862,19.0744629,72.8605998,traffic_signals,,
2897024865,19.0744731,72.8604745,traffic_signals,,
2899067851,19.0744913,72.8469886,traffic_signals,,
2899067852,19.0746867,72.8469878,traffic_signals,,
2929595426,19.0177751,72.8732331,traffic_signals,,
2929595428,19.0178967,72.8731878,traffic_signals,,
2929595473,19.0332194,72.8789670,traffic_signals,,
2966422718,19.0530091,72.9354201,traffic_signals,,
2966423838,19.0575780,72.9273718,traffic_signals,,
3008529668,19.1060176,72.8397914,traffic_signals,,
3110861693,19.2415533,72.8444101,traffic_signals,,
3217430327,19.1026613,72.8725499,traffic_signals,,
3217430342,19.1030586,72.8767638,traffic_signals,,
3217430345,19.1030600,72.8744854,traffic_signals,,
3217437361,19.1250149,72.9253122,traffic_signals,,
3217437362,19.1250332,72.9252164,traffic_signals,,
3217437363,19.1253542,72.9253152,traffic_signals,,
3217437364,19.1253142,72.9252134,traffic_signals,,
3243952044,19.2206503,72.8528351,traffic_signals,,
3244522368,19.0919818,72.9116277,traffic_signals,,
3245616507,19.0842327,72.9208288,traffic_signals,,
3359112086,19.1418731,72.8291583,traffic_signals,,
3455073157,19.0225451,72.8764350,traffic_signals,,
3455073158,19.0226302,72.8763337,traffic_signals,,
3455073159,19.0227767,72.8765015,traffic_signals,,
3530879022,19.0494553,72.9323572,traffic_signals,,
3554023749,19.1423125,72.9326787,traffic_signals,,
3663657595,19.1014970,72.8393975,traffic_signals,,
3708877804,19.1031923,72.8886738,traffic_signals,,
3708878218,19.1087864,72.8780439,traffic_signals,,
3708878506,19.1248550,72.8930011,traffic_signals,,
3708878517,19.1251606,72.8931199,traffic_signals,,
3708879330,19.1094449,72.8762388,traffic_signals,,
3708879345,19.1109164,72.8627024,traffic_signals,,
3708879372,19.1119780,72.8586638,traffic_signals,,
3708879375,19.1122985,72.8884394,traffic_signals,,
3708879376,19.1121655,72.8667646,traffic_signals,,
3708879380,19.1122866,72.8669444,traffic_signals,,
3736922371,19.1189367,72.8703593,traffic_signals,,
3736953719,19.2151672,72.8380384,traffic_signals,,
3736985728,19.2329597,72.8577489,traffic_signals,,
3791183342,19.2568196,72.8507897,traffic_signals,,
3792949321,19.2555946,72.8704386,traffic_signals,,
3794269279,19.1931677,72.8342834,traffic_signals,,
3794269318,19.1957582,72.8336182,traffic_signals,,
3795056480,19.2007073,72.8488138,traffic_signals,,
3797889583,19.1250526,72.8646812,traffic_signals,,
3797889591,19.1251093,72.8647506,traffic_signals,,
3797889678,19.1281462,72.8877509,traffic_signals,,
3797889682,19.1282226,72.8876472,traffic_signals,,
3878413305,19.1149061,72.8602311,traffic_signals,,
3878413319,19.1165769,72.8553351,traffic_signals,,
3878413320,19.1167801,72.8550145,traffic_signals,,
3878413328,19.1191589,72.8509945,traffic_signals,,
3878492884,19.1561365,72.8352322,traffic_signals,,
3878492885,19.1561376,72.8351330,traffic_signals,,
3878492889,19.1592467,72.8351543,traffic_signals,,
3878492898,19.1634729,72.8347633,traffic_signals,,
3878492908,19.1705494,72.8353760,traffic_signals,,
3878492911,19.1737929,72.8365400,traffic_signals,,
3878559847,19.0445217,72.9182617,traffic_signals,,
3878559848,19.0446734,72.9183144,traffic_signals,,
3878559855,19.0456797,72.9141001,traffic_signals,,
3878560460,19.0457909,72.9115958,traffic_signals,,
3878645356,18.9740459,72.8090317,traffic_signals,,
3981413772,19.0592522,72.9240209,traffic_signals,,
3981413816,19.0621102,72.9182078,traffic_signals,,
3981413829,19.0627241,72.9166844,traffic_signals,,
4014863213,19.1032026,72.8744841,traffic_signals,,
4014863218,19.1029403,72.8662736,traffic_signals,,
4099754310,18.9283345,72.8313554,traffic_signals,,
4104861753,19.1032050,72.8746087,traffic_signals,,
4244274459,18.9189054,72.8254924,traffic_signals,,
4244274462,18.9209706,72.8262633,traffic_signals,,
4244274466,18.9210380,72.8262803,traffic_signals,,
4244274467,18.9165378,72.8235615,traffic_signals,,
4244306273,18.9265786,72.8268237,traffic_signals,,
4244306274,18.9265124,72.8269144,traffic_signals,,
4244306276,18.9266152,72.8271623,traffic_signals,,
4260125481,18.9463393,72.8351390,traffic_signals,,
4264598303,19.0540011,72.8945412,traffic_signals,,
4264598304,19.0541470,72.8945737,traffic_signals,,
4264598322,19.0685934,72.9002916,traffic_signals,,
4264598329,19.0743142,72.9030515,traffic_signals,,
4264781384,19.0827133,72.8961728,traffic_signals,,
4294951453,18.9657791,72.8191180,traffic_signals,,
4294951462,18.9687728,72.8208072,traffic_signals,,
4294951473,18.9719340,72.8220016,traffic_signals,,
4294951726,18.9797105,72.8320480,traffic_signals,,
4296286849,19.0495164,72.9325334,traffic_signals,,
4307040346,18.9218681,72.8311294,traffic_signals,,
4307040453,18.9690176,72.8151575,traffic_signals,,
4307040457,18.9690970,72.8157330,traffic_signals,,
4307040465,18.9691845,72.8158915,traffic_signals,,
4310474963,19.0532921,72.8292427,,,bump
4310550234,19.0565275,72.8368788,traffic_signals,,
4323064898,19.1110648,72.8626287,traffic_signals,,
4328035957,19.0541454,72.8377919,traffic_signals,,
4328035970,19.0551353,72.8300450,traffic_signals,,
4335012905,19.0840437,72.8379647,traffic_signals,,
4335012908,19.0844459,72.8345268,traffic_signals,,
4335012910,19.0847834,72.8322159,traffic_signals,,
4340930308,19.0980622,72.9166321,traffic_signals,,
4340930310,19.0981377,72.9165563,traffic_signals,,
4340954163,19.1024768,72.9260423,traffic_signals,,
4340954166,19.1030751,72.9249678,traffic_signals,,
4340967981,19.1092768,72.8761775,traffic_signals,,
4342420724,19.0804284,72.8470570,traffic_signals,,
4342420750,19.0807895,72.8526150,traffic_signals,,
4365981540,19.1628372,72.9415083,traffic_signals,,
4366037002,19.1108658,72.9255413,traffic_signals,,
4366129978,19.0458990,72.8654759,traffic_signals,,
4374606256,19.2946932,72.8491623,traffic_signals,,
4374611143,19.2871189,72.8671177,traffic_signals,,
4374680524,19.1163519,72.8300281,traffic_signals,,
4374680526,19.1395513,72.8442175,traffic_signals,,
4387934334,19.1518413,72.8458418,traffic_signals,,
4465528799,19.0659180,72.8994182,traffic_signals,,
4513730350,18.9661232,72.8131429,traffic_signals,,
4569925978,18.9788360,72.8153843,traffic_signals,,
4611102164,19.1519732,72.8458677,traffic_signals,,
4625570785,19.1610975,72.9453185,traffic_signals,,
4625570786,19.1611932,72.9453727,traffic_signals,,
4632210328,19.1393876,72.9309519,traffic_signals,,
4650001241,19.1546867,72.9571558,traffic_signals,,
4676916068,19.1286540,72.9254374,traffic_signals,,
4676916076,19.1318599,72.9270641,traffic_signals,,
4759328737,19.1023839,72.9199187,traffic_signals,,
4759328776,19.1188121,72.9118782,traffic_signals,,
4759328782,19.1186639,72.9120145,traffic_signals,,
4759328786,19.1186490,72.9118599,traffic_signals,,
4759328788,19.1187749,72.9120227,traffic_signals,,
4761676585,19.1453820,72.9352416,traffic_signals,,
5056119961,19.0428583,72.8454021,traffic_signals,,
5130752071,19.1031502,72.8767231,traffic_signals,,
5130752079,19.1031773,72.8726337,traffic_signals,,
5271602095,19.0285527,72.8414610,traffic_signals,,
5271602112,19.0315140,72.8420862,traffic_signals,,
5271602930,19.0353966,72.8424175,traffic_signals,,
5271613101,19.0250770,72.8405952,traffic_signals,,
5285717232,19.1283817,72.9195809,traffic_signals,,
5292855390,19.0597702,72.8369985,traffic_signals,,
5292855393,19.0598292,72.8367541,traffic_signals,,
5342165308,19.0595419,72.8369254,traffic_signals,,
5345382079,19.0609751,72.8462316,traffic_signals,,
5346620503,19.1394534,72.8441304,traffic_signals,,
5346644809,19.1403892,72.8546325,traffic_signals,,
5346805345,19.0453352,72.8648592,traffic_signals,,
5346805346,19.0453170,72.8650804,traffic_signals,,
5346805348,19.0442298,72.8646033,traffic_signals,,
5346805349,19.0445258,72.8644611,traffic_signals,,
5346805354,19.0423260,72.8642585,traffic_signals,,
5353822012,19.0595046,72.8323469,traffic_signals,,
5355278580,19.1406801,72.8550031,traffic_signals,,
5358180732,19.0593364,72.8368069,traffic_signals,,
5358254330,19.0595207,72.8366394,traffic_signals,,
5360207195,19.0594271,72.8341110,traffic_signals,,
5360207204,19.0594814,72.8341745,traffic_signals,,
5360207209,19.0593670,72.8342171,traffic_signals,,
5360207210,19.0593262,72.8341591,traffic_signals,,
5369728233,18.9907719,72.8355542,traffic_signals,,
5372127877,19.0594362,72.8341684,,,island
5372127878,19.0593603,72.8341612,,,island
5372127880,19.0593970,72.8342189,,,island
5372127882,19.0593995,72.8341094,,,island
5467677837,19.0504879,72.8653719,traffic_signals,,
5470621258,19.0891090,72.9170531,traffic_signals,,
5470707475,19.0897515,72.9160160,traffic_signals,traffic_signals,
5470707483,19.0921104,72.9117511,traffic_signals,,
5470707484,19.0921420,72.9116238,traffic_signals,,
5470707490,19.0843283,72.9209038,traffic_signals,,
5470707491,19.0896844,72.9159794,traffic_signals,,
5477703696,19.0920137,72.9114979,traffic_signals,,
5488342590,19.1093037,72.8535940,traffic_signals,,
5488342591,19.1092356,72.8539593,traffic_signals,,
5488342597,19.1078689,72.8587067,traffic_signals,,
5488442637,19.1153481,72.8474013,traffic_signals,,
5624422771,19.0513868,72.9368541,traffic_signals,,
5624422777,19.0433412,72.9230801,traffic_signals,,
5639804517,19.0505412,72.8653103,traffic_signals,,
5639804518,19.0504642,72.8652466,traffic_signals,,
5681647592,18.9613967,72.8131342,traffic_signals,,
5681647593,18.9617238,72.8130234,traffic_signals,,
5758588590,19.0891778,72.9170887,traffic_signals,,
5758624138,19.0893240,72.9077961,traffic_signals,,
5836311789,19.0460334,72.8653562,traffic_signals,,
5838250403,19.0463753,72.9088042,traffic_signals,,
5838250404,19.0462144,72.9086835,traffic_signals,,
5841547795,19.1393377,72.9310441,traffic_signals,,
5841547800,19.1453327,72.9353254,traffic_signals,,
5841547809,19.1511037,72.9376866,traffic_signals,,
5841547810,19.1517816,72.9376235,traffic_signals,,
5841547818,19.1637615,72.9377455,traffic_signals,,
5841547819,19.1638496,72.9377548,traffic_signals,,
5841547823,19.1655012,72.9381815,traffic_signals,,
5843735650,19.0707033,72.9073765,traffic_signals,,
5845797344,18.9714961,72.8326367,traffic_signals,,
5848131205,19.0839370,72.9210458,traffic_signals,,
5848131220,19.1242229,72.9384705,traffic_signals,,
5848131221,19.1240672,72.9384059,traffic_signals,,
5848596597,19.0053296,72.8398144,traffic_signals,,
5848596628,19.0161788,72.8466987,traffic_signals,,
5861036485,19.1883648,72.9638328,traffic_signals,,
5865538270,19.0655925,72.8993212,traffic_signals,,
5865538271,19.0656690,72.8994426,traffic_signals,,
5865538272,19.0650793,72.8990917,traffic_signals,,
5868392390,19.2124203,72.9770898,traffic_signals,,
5878590691,18.9422940,72.8260212,traffic_signals,,
5878590700,18.9527942,72.8174219,traffic_signals,,
5879091009,18.9560045,72.8099611,crossing,traffic_signals,
5879197464,18.9642004,72.8077731,traffic_signals,,
5879197465,18.9707396,72.8095138,traffic_signals,,
5879197467,18.9707367,72.8095911,traffic_signals,,
5880236188,18.9763832,72.8089561,traffic_signals,,
5880236189,18.9764574,72.8089703,traffic_signals,,
5887563939,19.0670202,72.8338161,traffic_signals,,
5887563940,19.0669948,72.8337118,traffic_signals,,
5898596527,19.0583862,72.9571918,traffic_signals,,
5898596528,19.0585496,72.9571397,traffic_signals,,
5912237867,19.0558840,72.9219547,traffic_signals,,
5912237873,19.0558212,72.9219213,traffic_signals,,
5913278404,19.0591685,72.9235866,traffic_signals,,
5921457055,18.9853174,72.8421852,traffic_signals,,
5921458128,18.9956668,72.8450687,,,bump
5921458166,19.0020072,72.8437134,traffic_signals,,
5923862717,19.1912004,72.9762937,traffic_signals,,
5924611759,19.1777947,72.9441936,traffic_signals,,
5924611769,19.1677351,72.9391005,traffic_signals,,
5924612046,19.1786030,72.9451094,traffic_signals,,
5924612047,19.1788733,72.9452930,traffic_signals,,
5924612049,19.1816280,72.9467996,traffic_signals,,
5924612055,19.1832325,72.9490739,traffic_signals,,
5924612057,19.1832605,72.9495093,traffic_signals,,
5924612061,19.1838617,72.9533742,traffic_signals,,
5924612073,19.1833339,72.9486462,traffic_signals,,
5924612075,19.1757075,72.9426095,traffic_signals,,
5924612081,19.1720127,72.9409112,traffic_signals,,
5936572189,19.1300625,72.8764781,traffic_signals,,
5936572194,19.1232170,72.8714708,traffic_signals,,
5936572203,19.1190066,72.8702626,traffic_signals,,
5936572208,19.1179981,72.8684928,traffic_signals,,
5936572231,19.1149170,72.8600990,traffic_signals,,
5938773141,19.1757604,72.8740351,traffic_signals,,
5938773142,19.1757554,72.8739104,traffic_signals,,
5938773148,19.1756324,72.8675531,traffic_signals,,
5938773151,19.1755822,72.8658045,traffic_signals,,
5938773153,19.1746534,72.8615066,traffic_signals,,
5938773154,19.1742526,72.8596191,traffic_signals,,
5938773155,19.1742145,72.8592039,traffic_signals,,
5938773163,19.1728076,72.8520991,traffic_signals,,
5938773175,19.1736514,72.8451804,traffic_signals,,
5938773176,19.1736456,72.8450652,traffic_signals,,
5938773707,19.1758662,72.8739110,traffic_signals,,
5968928400,19.1628022,72.9415948,traffic_signals,,
5969984648,19.1661820,72.9645645,traffic_signals,,
5969985432,19.1731837,72.9620248,traffic_signals,,
5982461354,19.2641070,72.9678366,traffic_signals,,
5982461355,19.2639533,72.9680242,traffic_signals,,
5986915335,19.0019352,72.8436751,traffic_signals,,
5997071711,18.9301940,72.8314032,traffic_signals,,
6017562368,19.1967901,72.9713978,traffic_signals,,
6046553754,19.0745662,72.8466048,traffic_signals,,
6046553755,19.0747345,72.8466091,traffic_signals,,
6072223937,19.0595596,72.8294441,traffic_signals,,
6072223938,19.0596001,72.8295274,traffic_signals,,
6072223939,19.0595152,72.8295856,traffic_signals,,
6072223940,19.0594733,72.8295306,traffic_signals,,
6072268838,19.0176691,72.8481923,traffic_signals,,
6078180260,18.9385311,72.8357064,traffic_signals,,
6078180264,18.9388217,72.8359723,traffic_signals,,
6078180283,18.9397174,72.8348994,traffic_signals,,
6078180284,18.9397150,72.8347967,traffic_signals,,
6117653724,19.1738898,72.8365798,traffic_signals,,
6117653725,19.1738259,72.8367511,traffic_signals,,
6119066789,19.2046224,72.9687102,traffic_signals,,
6130158660,19.1024838,72.9199950,traffic_signals,,
6133809574,18.9371680,72.8272697,traffic_signals,,
6133862185,19.1261783,72.8937870,traffic_signals,,
6133862186,19.1262810,72.8938915,traffic_signals,,
6133891680,19.0544397,72.8461767,traffic_signals,,
6133923990,18.9986743,72.8116108,traffic_signals,,
6133923991,18.9986743,72.8115239,traffic_signals,,
6133947523,19.1248251,72.8930896,traffic_signals,,
6133947524,19.1251279,72.8932179,traffic_signals,,
6136332322,19.0177434,72.8730507,traffic_signals,,
6165302134,18.9951414,72.8313294,traffic_signals,,
6165302144,18.9866823,72.8317461,traffic_signals,,
6165302145,18.9865428,72.8317571,traffic_signals,,
6165302146,18.9866265,72.8318267,traffic_signals,,
6165302148,18.9867589,72.8318303,traffic_signals,,
6165302165,19.0062150,72.8308903,traffic_signals,uncontrolled,
6165603878,19.0135821,72.8337450,traffic_signals,,
6165604797,19.0189086,72.8360765,traffic_signals,,
6165604811,19.0251787,72.8404563,traffic_signals,,
6165604812,19.0250013,72.8405398,traffic_signals,,
6165604823,19.0251812,72.8455399,traffic_signals,,
6165604842,19.0457065,72.8423904,traffic_signals,,
6165604846,19.0457283,72.8424680,traffic_signals,,
6167532214,18.9986350,72.8173426,traffic_signals,,
6167532215,18.9987797,72.8173984,traffic_signals,,
6167532216,18.9984703,72.8173946,traffic_signals,,
6167841731,18.9796310,72.8320592,traffic_signals,,
6167841739,18.9746566,72.8317720,traffic_signals,,
6167841744,18.9747426,72.8320614,traffic_signals,,
6167841745,18.9779118,72.8112029,traffic_signals,,
6167841746,18.9780141,72.8111482,traffic_signals,,
6167841747,18.9780395,72.8112932,traffic_signals,,
6167841748,18.9784621,72.8116312,traffic_signals,,
6167841754,18.9780326,72.8119606,traffic_signals,,
6167881714,18.9773072,72.8114646,traffic_signals,,
6168435927,18.9795080,72.8187815,traffic_signals,,
6204119841,19.1797239,72.8364798,traffic_signals,,
6204119843,19.1815916,72.8359121,traffic_signals,,
6204119850,19.2031882,72.8340222,traffic_signals,,
6204119853,19.2071879,72.8347734,traffic_signals,,
6204119861,19.2146649,72.8377622,traffic_signals,,
6204119862,19.2150331,72.8381272,traffic_signals,,
6204119875,19.2195100,72.8406345,traffic_signals,,
6204119877,19.2201620,72.8478139,traffic_signals,,
6243685417,19.0610480,72.8467367,traffic_signals,,
6262416573,19.0195345,72.8562747,traffic_signals,,
6262416578,19.0187592,72.8557738,traffic_signals,,
6262416885,19.0189010,72.8557983,traffic_signals,,
6262416889,19.0188703,72.8559049,traffic_signals,,
6262416893,19.0187604,72.8558944,traffic_signals,,
6274819761,19.1682550,72.9609744,traffic_signals,,
6280378090,19.0594629,72.8370779,traffic_signals,,
6428843059,19.1024558,72.8627913,traffic_signals,,
6428962829,19.1421356,72.8549128,traffic_signals,,
6428972905,19.1409843,72.8569950,traffic_signals,,
6429408888,19.1449063,72.8561376,traffic_signals,,
6430340549,19.1389709,72.8632304,traffic_signals,,
6430408536,19.1179678,72.8675401,traffic_signals,,
6430408538,19.1178459,72.8675294,traffic_signals,,
6430474708,19.1449438,72.8557482,traffic_signals,,
6430497206,19.0476102,72.8607186,traffic_signals,,
6430906958,19.1726860,72.8540674,traffic_signals,,
6430937037,19.1518652,72.8444430,traffic_signals,,
6431009346,19.0189834,72.8603571,traffic_signals,,
6431266164,19.0048292,72.8540217,traffic_signals,,
6431289415,19.0848698,72.8321450,traffic_signals,,
6435423923,19.0798537,72.8804755,traffic_signals,,
6491605232,19.0138872,72.8339854,traffic_signals,,
6495850264,19.1195537,72.8904400,traffic_signals,,
6497342997,19.0005129,72.8538501,traffic_signals,,
6547595032,18.9417833,72.8296748,traffic_signals,,
6552168526,19.0010798,72.8381330,traffic_signals,,
6552261009,19.1031997,72.8742335,traffic_signals,,
6552380192,19.1026384,72.8626949,traffic_signals,,
6552594957,19.0651609,72.8618647,traffic_signals,,
6553104160,18.9506927,72.8204484,traffic_signals,,
6554614255,18.9567903,72.8157139,traffic_signals,,
6554614261,18.9558438,72.8160818,traffic_signals,,
6554898021,19.0870186,72.9005635,traffic_signals,,
6569087156,19.0705353,72.9073197,traffic_signals,,
6569087157,19.0706516,72.9074797,traffic_signals,,
6569232264,19.1286672,72.9253821,traffic_signals,,
6571743942,19.0168118,72.8587135,traffic_signals,,
6571910349,19.0565528,72.8875106,traffic_signals,,
6572184724,19.1422474,72.9327694,traffic_signals,,
6572282657,19.0540160,72.8935823,traffic_signals,,
6572282658,19.0542002,72.8935828,traffic_signals,,
6572386235,19.0190711,72.8602277,traffic_signals,,
6572386240,19.0189440,72.8604671,traffic_signals,,
6573759450,19.0523130,72.9004649,traffic_signals,,
6573759451,19.0521395,72.9004184,traffic_signals,,
6574282572,18.9711499,72.8321263,traffic_signals,,
6574282580,18.9714927,72.8318922,traffic_signals,,
6575881955,19.1323855,72.8316485,traffic_signals,,
6583128782,19.0891191,72.9171683,traffic_signals,,
6583578109,19.0631032,72.9144439,traffic_signals,,
6591714705,19.0540252,72.8867853,traffic_signals,,
6601941185,18.9329319,72.8312000,traffic_signals,,
6604321014,19.0303667,72.8472518,traffic_signals,,
6604321015,19.0303876,72.8471527,traffic_signals,,
6604559419,19.2182803,72.9782479,traffic_signals,,
6604559421,19.2182597,72.9780085,traffic_signals,,
6606882583,19.0278205,72.8463995,traffic_signals,,
6608759215,18.9326024,72.8277899,traffic_signals,,
6616390633,19.1465023,72.8563098,traffic_signals,,
6618201525,19.2413820,72.8445085,traffic_signals,,
6618295251,19.2505303,72.8459269,traffic_signals,,
6618301525,18.9632845,72.8077347,traffic_signals,,
6638816988,19.0928239,72.8493415,traffic_signals,,
6786447367,19.1833941,72.9490607,traffic_signals,,
6925978242,18.9688409,72.8208471,traffic_signals,,
6925978243,18.9688466,72.8207536,traffic_signals,,
7157873781,19.1281470,72.8310290,traffic_signals,,
7157873782,19.1280128,72.8311117,traffic_signals,,
7157873783,19.1280350,72.8310144,traffic_signals,,
7157873784,19.1281251,72.8311333,traffic_signals,,
7158568633,19.1056961,72.8264866,crossing,uncontrolled,bump
7158578183,19.1065322,72.8269901,,,bump
7158617885,19.1047610,72.8270912,traffic_signals,,
7158617888,19.1049052,72.8265909,traffic_signals,,
7158617889,19.1048503,72.8267135,traffic_signals,,
7159714370,19.1327565,72.8256441,traffic_signals,,
7159760403,19.1331555,72.8235245,,,bump
7160273648,19.1322361,72.8134820,,,bump
7160273654,19.1319607,72.8130729,,,bump
7161496658,19.1360490,72.8205971,,,bump
7161496673,19.1363291,72.8199718,,,bump
7161496683,19.1363610,72.8200017,,,bump
7161503128,19.1356837,72.8204292,,,bump
7161537432,19.1345653,72.8217867,,,bump
7161550304,19.1344045,72.8204076,,,bump
7161550307,19.1344850,72.8202901,,,bump
7161557184,19.1346599,72.8223418,,,bump
7161578222,19.1336064,72.8248038,,,bump
7161598966,19.1338755,72.8230275,,,bump
7206407288,19.0507512,72.8298430,traffic_signals,,
7241667064,19.1706451,72.8354074,traffic_signals,,
7241667066,19.1706302,72.8355692,traffic_signals,,
7257736713,19.0572416,72.9534341,traffic_signals,,
7280044352,19.1562575,72.9499107,traffic_signals,,
7280044353,19.1563620,72.9499336,traffic_signals,,
7280128664,19.2281461,72.9696402,traffic_signals,,
7280128666,19.2281727,72.9697915,traffic_signals,,
7285424910,19.1778853,72.9441227,traffic_signals,,
7285424940,19.1778512,72.9442646,traffic_signals,,
7298860363,19.0559337,72.9218743,traffic_signals,,
7298860365,19.0558624,72.9218263,traffic_signals,,
7305880350,19.2870614,72.8672016,traffic_signals,,
7305880352,19.2872100,72.8673159,traffic_signals,,
7325017704,19.2301986,72.8409235,traffic_signals,,
7331358909,19.2300309,72.8409240,traffic_signals,,
7331358915,19.2301574,72.8410553,traffic_signals,,
7331358917,19.2300440,72.8409028,traffic_signals,,
7331358921,19.2301807,72.8410374,traffic_signals,,
7331358923,19.2301512,72.8408762,traffic_signals,,
7331358926,19.2301013,72.8410651,traffic_signals,,
7331439002,19.2567552,72.8509738,traffic_signals,,
7331439008,19.2414691,72.8443513,traffic_signals,,
7331439037,19.2504954,72.8460635,traffic_signals,,
7331439047,19.2451322,72.8455037,traffic_signals,,
7331439052,19.2414500,72.8445577,traffic_signals,,
7331439057,19.2395690,72.8428434,traffic_signals,,
7331456315,19.2574351,72.8651049,traffic_signals,,
7331456316,19.2575355,72.8644153,traffic_signals,,
7340067042,19.1040836,72.8299651,traffic_signals,,
7340159712,19.2156670,72.8209969,traffic_signals,,
7345105024,19.2153744,72.8285704,traffic_signals,,
7345105030,19.2153612,72.8337678,traffic_signals,,
7345211334,19.2073294,72.8347923,traffic_signals,,
7345211349,19.2088866,72.8222938,traffic_signals,,
7345211352,19.2151256,72.8382330,traffic_signals,,
7345377643,19.2152826,72.8284700,traffic_signals,,
7345377652,19.2153760,72.8284711,traffic_signals,,
7345377659,19.1995755,72.8279749,traffic_signals,,
7345377675,19.2076954,72.8292376,traffic_signals,,
7345380794,19.2037183,72.8282387,traffic_signals,,
7345380801,19.1962755,72.8275524,traffic_signals,,
7345380802,19.2075516,72.8293019,traffic_signals,,
7345415536,19.2263958,72.8280734,traffic_signals,,
7353775773,19.1342583,72.8258788,traffic_signals,,
7357622187,19.0447048,72.8933171,traffic_signals,,
7357634700,19.2783020,72.8792110,traffic_signals,,
7357634701,19.2784418,72.8793343,traffic_signals,,
7358502434,19.2304466,72.8476132,traffic_signals,,
7358502445,19.2302583,72.8441951,traffic_signals,,
7358502447,19.2301028,72.8416702,traffic_signals,,
7361584928,19.2290962,72.8443815,traffic_signals,,
7361947948,19.2302644,72.8443507,traffic_signals,,
7361947959,19.2303677,72.8443453,traffic_signals,,
7362994444,19.1296985,72.8779227,traffic_signals,,
7366043901,19.0014323,72.8157594,traffic_signals,,
7366043902,19.0013281,72.8157938,traffic_signals,,
7366127478,19.2306373,72.8566844,traffic_signals,,
7366246698,19.0743562,72.8606101,traffic_signals,,
7366340611,19.2323062,72.9699992,traffic_signals,,
7366340614,19.2322607,72.9698387,traffic_signals,,
7366340616,19.2323086,72.9698652,traffic_signals,,
7366340622,19.2321873,72.9700012,traffic_signals,,
7366340626,19.2321577,72.9699227,traffic_signals,,
7366340627,19.2321725,72.9698785,traffic_signals,,
7366340631,19.2323230,72.9699763,traffic_signals,,
7370620008,19.1161003,72.8373432,traffic_signals,,
7370925706,19.1164022,72.8434091,traffic_signals,,
7371027858,19.1659964,72.9648712,traffic_signals,,
7371029953,19.1141387,72.8365839,traffic_signals,,
7371029955,19.1144537,72.8372446,,,bump
7371029957,19.1147171,72.8374274,,,bump
7371029960,19.1153344,72.8374135,,,bump
7371029962,19.1159472,72.8373536,traffic_signals,,
7371092120,19.0250959,72.8404096,traffic_signals,,
7371481513,19.0188309,72.8359206,traffic_signals,,
7371481514,19.0188290,72.8360462,traffic_signals,,
7371570195,19.0134068,72.8338006,traffic_signals,,
7371959394,19.1140767,72.8364829,traffic_signals,,
7371959395,19.1141439,72.8364303,traffic_signals,,
7374036800,19.0190287,72.8488379,traffic_signals,,
7374290526,19.2814744,72.8582815,traffic_signals,,
7374320615,19.0169058,72.8588252,traffic_signals,,
7374320616,19.0169654,72.8587567,traffic_signals,,
7374413675,19.1739502,72.8408220,traffic_signals,,
7374437593,19.2815603,72.8583457,traffic_signals,,
7374437594,19.2815531,72.8582697,traffic_signals,,
7374437609,19.2713048,72.8673770,traffic_signals,,
7374437624,19.2742638,72.8614901,traffic_signals,,
7374437656,19.2813971,72.8576741,traffic_signals,,
7374437664,19.2834233,72.8634913,traffic_signals,,
7374437666,19.2833782,72.8634961,traffic_signals,,
7374437670,19.2833964,72.8633860,traffic_signals,,
7374437672,19.2858046,72.8692028,traffic_signals,,
7374437674,19.2856592,72.8690838,traffic_signals,,
7374443590,19.2833698,72.8633926,traffic_signals,,
7374443604,19.2834466,72.8634390,traffic_signals,,
7374507888,19.0048265,72.8541276,traffic_signals,,
7374507903,19.0112603,72.8545247,traffic_signals,,
7374507910,19.0048338,72.8538765,traffic_signals,,
7374507918,19.0113046,72.8543010,traffic_signals,,
7374507921,19.0168259,72.8589689,traffic_signals,,
7374507922,19.0167110,72.8588599,traffic_signals,,
7374550820,19.1911225,72.8469450,traffic_signals,,
7375884906,19.0184511,72.8636880,traffic_signals,,
7377462936,19.1915913,72.8586657,traffic_signals,,
7377462937,19.1917366,72.8583640,traffic_signals,,
7377619417,19.2712483,72.8674440,traffic_signals,,
7377619418,19.2713050,72.8675030,traffic_signals,,
7377660276,19.2212190,72.8530217,traffic_signals,,
7377660280,19.2139903,72.8511618,traffic_signals,,
7377660282,19.2306538,72.8566001,traffic_signals,,
7377674097,19.2232002,72.8537435,traffic_signals,,
7377674103,19.2206411,72.8527054,traffic_signals,,
7377674116,19.2307550,72.8566471,traffic_signals,,
7377674117,19.2138473,72.8510990,traffic_signals,,
7377674132,19.2150747,72.8383817,traffic_signals,,
7377674147,19.2139202,72.8510409,traffic_signals,,
7377729180,19.0196266,72.8562352,traffic_signals,,
7378436342,19.2041100,72.8496922,traffic_signals,,
7378436343,19.2040706,72.8495990,traffic_signals,,
7378436344,19.2041344,72.8496106,traffic_signals,,
7378448192,19.2073677,72.8349698,traffic_signals,,
7378448200,19.2074215,72.8371469,traffic_signals,,
7379493826,18.9675773,72.8449084,traffic_signals,,
7383810756,18.9568744,72.8156754,traffic_signals,,
7383810759,18.9562354,72.8140080,traffic_signals,,
7383968020,19.2812704,72.8575974,traffic_signals,,
7384002963,18.9580972,72.8261503,traffic_signals,,
7384002973,18.9580897,72.8264223,traffic_signals,,
7384062488,18.9581285,72.8320653,traffic_signals,,
7384062489,18.9580988,72.8318510,traffic_signals,,
7384062496,18.9570189,72.8165394,traffic_signals,,
7384417484,18.9556383,72.8125574,traffic_signals,,
7384691411,18.9592201,72.8099317,traffic_signals,,
7384691416,18.9618435,72.8131754,traffic_signals,,
7385909174,19.1493161,72.8432370,traffic_signals,,
7385909175,19.1493225,72.8431542,traffic_signals,,
7385934392,19.1489353,72.8363114,traffic_signals,,
7385934393,19.1489245,72.8362212,traffic_signals,,
7388110222,19.1956033,72.8338328,traffic_signals,,
7388110229,19.1956143,72.8336207,traffic_signals,,
7388110232,19.1961994,72.8275527,traffic_signals,,
7388110243,19.1962132,72.8274233,traffic_signals,,
7388123464,19.1927360,72.8414443,traffic_signals,,
7392412407,19.1985872,72.8482671,traffic_signals,,
7392412410,19.2010989,72.8489729,traffic_signals,,
7392412412,19.2006809,72.8488997,traffic_signals,,
7392412417,19.1982544,72.8481752,traffic_signals,,
7394064180,19.0153131,72.8195767,traffic_signals,,
7394086373,19.0336313,72.8387896,traffic_signals,,
7394086374,19.0336434,72.8387007,traffic_signals,,
7394086382,19.0323158,72.8386853,traffic_signals,,
7394094888,19.0302284,72.8384989,traffic_signals,,
7394094895,19.0261985,72.8362797,traffic_signals,,
7394094911,19.0337036,72.8387523,traffic_signals,,
7394181646,19.1635003,72.8458842,traffic_signals,,
7394181663,19.1630290,72.8393595,traffic_signals,,
7394181670,19.1633968,72.8348737,traffic_signals,,
7394181671,19.1635274,72.8459714,traffic_signals,,
7394181672,19.1633970,72.8347605,traffic_signals,,
7397333164,19.2019894,72.8563579,traffic_signals,,
7397336304,19.1987207,72.8558308,traffic_signals,,
7397336333,19.1981921,72.8483354,traffic_signals,,
7397336334,19.1982043,72.8481667,traffic_signals,,
7397336335,19.1982058,72.8480792,traffic_signals,,
7398089775,19.1239045,72.8239183,traffic_signals,,
7398089776,19.1242607,72.8242634,,,bump
7398098987,19.1238477,72.8238447,traffic_signals,,
7398169359,19.1888467,72.8466136,traffic_signals,,
7398169361,19.1887017,72.8466068,traffic_signals,,
7398222690,19.1913012,72.8469532,traffic_signals,,
7398222703,19.1914118,72.8470089,traffic_signals,,
7398222708,19.1912928,72.8470030,traffic_signals,,
7404711447,19.0778083,72.8624528,traffic_signals,,
7416417273,19.1029386,72.8886372,traffic_signals,,
7416469191,19.1031210,72.8887724,traffic_signals,,
7416594673,19.0458181,72.8482818,traffic_signals,,
7416644609,19.0459051,72.8482729,traffic_signals,,
7416644622,19.0469409,72.8518616,traffic_signals,,
7416644624,19.0468637,72.8517364,traffic_signals,,
7459352414,19.0307137,72.8456705,traffic_signals,,
7459352417,19.0306814,72.8455669,traffic_signals,,
7459352419,19.0308652,72.8455798,traffic_signals,,
7461994658,18.9209445,72.8263592,traffic_signals,,
7466006846,18.9614262,72.8016677,traffic_signals,,
7466006862,18.9571148,72.7997953,traffic_signals,,
7683363215,18.9999535,72.8647267,,,rumble_strip
7684969501,19.0593574,72.9238202,traffic_signals,,
7736314481,19.1884417,72.9638096,traffic_signals,,
7736314482,19.1882567,72.9634995,traffic_signals,,
7736314483,19.1884561,72.9634396,traffic_signals,,
7736314484,19.1886044,72.9637622,traffic_signals,,
7736315008,19.1995298,72.9637972,traffic_signals,,
7736315009,19.1994588,72.9637389,traffic_signals,,
7736315010,19.1996495,72.9635203,traffic_signals,,
7736315011,19.1995767,72.9634659,traffic_signals,,
7736315016,19.2044930,72.9689938,traffic_signals,,
7736315018,19.2045296,72.9686122,traffic_signals,,
7944344486,19.1293525,72.8256708,traffic_signals,,
8254661184,19.0629341,72.8266692,,,hump
8254661185,19.0629838,72.8265058,,,hump
8483302826,19.0631292,72.8248241,,,bump
8507096021,19.2573811,72.8650879,traffic_signals,,
8507768263,19.0709143,72.9071360,traffic_signals,,
8512886669,19.2639610,72.9678752,traffic_signals,,
8589101228,19.0735282,72.8301915,traffic_signals,,
8646773774,18.9561385,72.8099420,crossing,traffic_signals,
8666951682,18.9743379,72.8134266,traffic_signals,,
8700257451,18.9765066,72.8335874,traffic_signals,,
8973771534,19.0531670,72.9357210,traffic_signals,,
8973771541,19.0573098,72.9272162,traffic_signals,,
8973771542,19.0624427,72.9165574,traffic_signals,,
8976481324,19.0783571,72.9158832,traffic_signals,,
8976481325,19.0781831,72.9161221,traffic_signals,,
8987135814,19.0570821,72.9534983,traffic_signals,,
9019340778,18.9619305,72.8320580,traffic_signals,,
9019340779,18.9619003,72.8320920,traffic_signals,,
9019340780,18.9618835,72.8318204,traffic_signals,,
9019340781,18.9618338,72.8318525,traffic_signals,,
9036896667,19.0141892,72.8267993,,,bump
9115710877,19.2286022,72.8558426,traffic_signals,,
9115710879,19.2286531,72.8558611,traffic_signals,,
9115783835,19.2128209,72.8365709,traffic_signals,,
9115783836,19.2103649,72.8354822,,,bump
9115783837,19.2129718,72.8364855,traffic_signals,,
9115783842,19.2195169,72.8408025,traffic_signals,,
9115783843,19.2196271,72.8406532,traffic_signals,,
9117998473,19.1293345,72.8257527,traffic_signals,,
9117998474,19.1292388,72.8257466,traffic_signals,,
9117998475,19.1292546,72.8256654,traffic_signals,,
9118087823,19.1298538,72.8229737,,,bump
9118087826,19.1300316,72.8221835,traffic_signals,,
9120485004,19.1347055,72.8257698,crossing,traffic_signals,
9120485009,19.1347077,72.8256665,crossing,traffic_signals,
9120822709,19.1298135,72.8196009,,,bump
9120856499,19.1285944,72.8211974,,,bump
9120887943,19.1286071,72.8236174,,,bump
9120887947,19.1287162,72.8231146,,,bump
9120887948,19.1285499,72.8238812,,,bump
9120887954,19.1283242,72.8249211,,,bump
9121870533,19.1300543,72.8220657,traffic_signals,,
9122350309,19.1344250,72.8256016,traffic_signals,,
9124205640,19.1247415,72.8229753,,,bump
9124210316,19.1274033,72.8243071,,,bump
9126336455,19.1307094,72.8220391,,,bump
9126336456,19.1310310,72.8221157,,,bump
9130240870,19.2957694,72.8582819,traffic_signals,,
9130240883,19.2824219,72.8738936,traffic_signals,,
9130240888,19.2800389,72.8771635,traffic_signals,,
9130240904,19.2720702,72.8828544,traffic_signals,,
9130240906,19.2956252,72.8585134,traffic_signals,,
9130240907,19.2955065,72.8585135,traffic_signals,,
9130240908,19.2953812,72.8583864,traffic_signals,,
9130240910,19.2955270,72.8580987,traffic_signals,,
9130272922,19.2956862,72.8581337,traffic_signals,,
9130272923,19.2956104,72.8580985,traffic_signals,,
9137843242,19.1160610,72.8337590,traffic_signals,,
9137843243,19.1159322,72.8350075,traffic_signals,,
9137843244,19.1157665,72.8342380,traffic_signals,,
9138338113,19.1258325,72.8249947,,,bump
9138338114,19.1271257,72.8252163,,,bump
9139640466,19.1365924,72.8217719,,,bump
9139655619,19.1360259,72.8213912,,,bump
9139676027,19.1373493,72.8227346,,,bump
9140907839,19.1275610,72.8185174,,,bump
9140907841,19.1226489,72.8249166,,,bump
9140907842,19.1216614,72.8257594,,,bump
9141083458,19.1329560,72.8248144,,,bump
9141083459,19.1332369,72.8231292,,,bump
9141083461,19.1328344,72.8225386,,,bump
9148197971,19.1396158,72.8297786,,,bump
9148197972,19.1396928,72.8300379,,,bump
9169171618,18.9638292,72.8183559,traffic_signals,,
9198978888,19.0621103,72.8730928,traffic_signals,,
9201422013,19.1263369,72.8397117,traffic_signals,,
9203147550,19.2224724,72.9698311,traffic_signals,,
9203147551,19.2224571,72.9699787,traffic_signals,,
9203147552,19.2225742,72.9700603,traffic_signals,,
9203147553,19.2226468,72.9700406,traffic_signals,,
9203147554,19.2227042,72.9699683,traffic_signals,,
9203147555,19.2226959,72.9698489,traffic_signals,,
9203147556,19.2225859,72.9697761,traffic_signals,,
9267777726,19.0618466,72.9180520,traffic_signals,,
9350865412,19.2230558,72.9776234,traffic_signals,,
9410872931,19.0922408,72.8282589,traffic_signals,,
9567653547,19.1587405,72.9376308,traffic_signals,,
9579825706,19.2044002,72.9689000,traffic_signals,,
9589133465,19.0454674,72.9255628,traffic_signals,,
9589133466,19.0451263,72.9255497,traffic_signals,,
9631638403,18.9126695,72.9832031,traffic_signals,,
9665368596,19.2150401,72.9776034,traffic_signals,,
9681688983,19.0547146,72.8267840,traffic_signals,,
9681689002,19.0546489,72.8254318,traffic_signals,,
9694187764,19.1249052,72.8648540,traffic_signals,,
9694187773,19.1249577,72.8646765,traffic_signals,,
9697896119,19.2142363,72.8676748,traffic_signals,,
9697896120,19.2143532,72.8680163,traffic_signals,,
9713504789,18.9445450,72.8248201,traffic_signals,,
9713504790,18.9447182,72.8247488,traffic_signals,,
9719535814,19.1125659,72.8885269,traffic_signals,,
9719600346,19.1121227,72.8885411,traffic_signals,,
9719600347,19.1121054,72.8884479,traffic_signals,,
9739950371,19.0540568,72.8379336,traffic_signals,,
9739950372,19.0540433,72.8378055,traffic_signals,,
9739950373,19.0541574,72.8379152,traffic_signals,,
9740934234,19.0844353,72.8346131,traffic_signals,,
9771116368,19.1083313,72.8368957,traffic_signals,,
9771116369,19.1083220,72.8370283,traffic_signals,,
9771116370,19.1079747,72.8403059,traffic_signals,,
9771116371,19.1079727,72.8403961,traffic_signals,,
9774917647,18.9519545,72.8035665,traffic_signals,,
9801267378,19.0812204,72.8378705,traffic_signals,,
9808646877,19.1504613,72.9890528,,,bump
9808648085,19.1506859,72.9873283,,,bump
9812430518,19.1473934,72.9876372,,,bump
9812457063,19.1475906,72.9867465,,,bump
9812471463,19.1460807,72.9865623,,,bump
9812471621,19.1477790,72.9869707,,,bump
9819632412,18.9741713,72.8092138,traffic_signals,,
9820350985,18.9389733,72.8270296,traffic_signals,,
9821448861,19.1517101,72.9892844,,,hump
9866047004,19.0379509,72.8538261,traffic_signals,,
9866047005,19.0380177,72.8538625,traffic_signals,,
9867361489,19.0922033,72.9255737,traffic_signals,,
9867361490,19.0923011,72.9254400,traffic_signals,,
9868433324,18.9636630,72.8450912,traffic_signals,,
9869792498,19.2548716,72.8579853,traffic_signals,,
9872216370,19.2286774,72.8488896,traffic_signals,,
9884668038,19.0946704,72.8977987,traffic_signals,,
9884668039,19.0945484,72.8977259,traffic_signals,,
9884748115,19.1321155,72.8317038,traffic_signals,,
9884748116,19.1320697,72.8315155,traffic_signals,,
9889654583,19.2372083,72.8578713,traffic_signals,,
9889654584,19.2372083,72.8577860,traffic_signals,,
9909512441,19.0322464,72.8389809,traffic_signals,,
9911678744,18.9357948,72.8307974,traffic_signals,,
9916444554,19.0550739,72.8300536,traffic_signals,,
9931191124,19.0610374,72.8463771,traffic_signals,,
9952087235,19.0106004,72.8204763,traffic_signals,,
9956165671,19.0812113,72.8379547,traffic_signals,,
9979171948,19.0677884,72.8334903,traffic_signals,,
9979171956,19.0677338,72.8373712,traffic_signals,,
9979171957,19.0677829,72.8335927,traffic_signals,,
9979171964,19.0676502,72.8372115,traffic_signals,,
9979171965,19.0676500,72.8373713,traffic_signals,,
10001764598,19.0810300,72.8379495,traffic_signals,,
10017787219,18.9505761,72.8202181,traffic_signals,,
10023271198,19.1659004,72.9648042,traffic_signals,,
10023271199,19.1660875,72.9645017,traffic_signals,,
10023271204,19.1681410,72.9610166,traffic_signals,,
10023271205,19.1681862,72.9609417,traffic_signals,,
10081148282,19.0803623,72.8467013,traffic_signals,,
10081148287,19.0806522,72.8430479,traffic_signals,,
10089667078,19.0508587,72.8298596,traffic_signals,,
10089667079,19.0507893,72.8299055,traffic_signals,,
10091403659,19.0605200,72.8578863,traffic_signals,,
10093838939,19.1959886,72.8220596,traffic_signals,,
10113324236,19.0347392,72.8596067,traffic_signals,,
10116201906,19.0550439,72.9110166,traffic_signals,,
10116201907,19.0549021,72.9112128,traffic_signals,,
10116201908,19.0548052,72.9111813,traffic_signals,,
10134735413,19.0536956,72.8465780,traffic_signals,,
10134735415,19.0538032,72.8464953,traffic_signals,,
10134735416,19.0538620,72.8466139,traffic_signals,,
10151560371,19.0620934,72.9006787,traffic_signals,,
10168211189,19.2291821,72.8441402,traffic_signals,,
10168211190,19.2290544,72.8443439,traffic_signals,,
10168211197,19.2284833,72.8478797,traffic_signals,,
10199556121,19.1455502,72.9353811,traffic_signals,,
10199556125,19.1454307,72.9354081,traffic_signals,,
10207346702,19.0508334,72.8938800,traffic_signals,,
10207346710,19.0539557,72.8894926,traffic_signals,,
10207346711,19.0540892,72.8893941,traffic_signals,,
10207397917,19.0569740,72.8873680,traffic_signals,,
10207397928,19.0620616,72.8834939,traffic_signals,,
10224997234,19.2285863,72.8559537,traffic_signals,,
10244260000,19.0447065,72.8934224,traffic_signals,,
10248633818,19.0088347,72.8148572,crossing,traffic_signals,
10248977459,19.2128189,72.8424225,traffic_signals,,
10249205007,19.1760190,72.9426844,traffic_signals,,
10251547865,19.2187592,72.9841084,traffic_signals,,
10251547866,19.2186411,72.9842024,traffic_signals,,
10260826682,19.1790343,72.9496241,traffic_signals,,
10264297687,19.0621690,72.8832991,traffic_signals,,
10264297688,19.0622103,72.8833646,traffic_signals,,
10264297689,19.0621588,72.8834101,traffic_signals,,
10264617837,19.1024325,72.8626932,traffic_signals,,
10266957922,19.0507907,72.8939757,traffic_signals,,
10266957923,19.0507273,72.8939506,traffic_signals,,
10267191431,19.1030143,72.8725654,traffic_signals,,
10272736790,19.0596281,72.8368562,traffic_signals,,
10273014622,19.0508803,72.8382150,traffic_signals,,
10274112134,19.1060397,72.8398644,traffic_signals,,
10274112167,19.0984260,72.8459125,traffic_signals,,
10274112204,19.0929002,72.8493165,traffic_signals,,
10275495182,19.1788725,72.9489931,traffic_signals,,
10277265401,19.2329593,72.8578158,traffic_signals,,
10277277831,19.2459713,72.8612020,traffic_signals,,
10277277846,19.2539764,72.8662536,traffic_signals,,
10277277855,19.2557355,72.8701138,traffic_signals,,
10277304359,19.2088838,72.8224418,traffic_signals,,
10277304360,19.2087743,72.8223608,traffic_signals,,
10277304517,19.2312667,72.8577267,traffic_signals,,
10277314310,19.2350848,72.8551818,traffic_signals,,
10277314311,19.2350592,72.8552517,traffic_signals,,
10277314332,19.2308349,72.8535074,traffic_signals,,
10277314338,19.2308896,72.8534191,traffic_signals,,
10277314342,19.2310120,72.8535908,traffic_signals,,
10277314345,19.2310132,72.8534412,traffic_signals,,
10277314347,19.2310347,72.8534792,traffic_signals,,
10277314348,19.2308914,72.8536113,traffic_signals,,
10277314349,19.2310239,72.8535745,traffic_signals,,
10277336200,19.2264588,72.8280844,traffic_signals,,
10277547716,19.1741367,72.8368788,traffic_signals,,
10277590749,19.1276548,72.8471231,traffic_signals,,
10277590773,19.1264983,72.8396545,traffic_signals,,
10277590774,19.1263661,72.8396037,traffic_signals,,
10277636665,19.1389136,72.8710218,traffic_signals,,
10277749847,18.9953163,72.8367229,traffic_signals,,
10277749858,18.9953995,72.8367340,traffic_signals,,
10277780846,19.0014923,72.8153598,traffic_signals,,
10277786603,18.9688222,72.8402432,traffic_signals,,
10277786606,18.9683858,72.8404409,traffic_signals,,
10277817426,18.9690528,72.8156805,traffic_signals,,
10277829350,18.9660660,72.8192798,traffic_signals,,
10277829361,18.9645865,72.8043827,traffic_signals,,
10277829362,18.9646543,72.8045022,traffic_signals,,
10277829372,18.9640687,72.8074748,traffic_signals,,
10277829377,18.9641466,72.8072886,traffic_signals,,
10277829383,18.9641106,72.8078141,traffic_signals,,
10277863437,18.9581760,72.8261623,traffic_signals,,
10277863438,18.9582896,72.8261738,traffic_signals,,
10277909618,19.1090059,72.8759445,traffic_signals,,
10277909619,19.1091741,72.8764475,traffic_signals,,
10279333670,19.1071001,72.8298705,traffic_signals,,
10279333671,19.1070901,72.8299831,traffic_signals,,
10279333677,19.1070875,72.8368161,traffic_signals,,
10279540080,19.1719390,72.9408798,traffic_signals,,
10279540081,19.1719689,72.9407417,traffic_signals,,
10279602936,19.1143799,72.8978771,traffic_signals,,
10279602937,19.1143867,72.8977908,traffic_signals,,
10279602938,19.1144641,72.8978003,traffic_signals,,
10279771641,19.0586924,72.8859595,traffic_signals,,
10279771680,19.0566401,72.8876202,traffic_signals,,
10279809028,19.0525858,72.8996224,traffic_signals,,
10279869766,19.2208519,72.8525477,traffic_signals,,
10279869768,19.2208706,72.8529066,traffic_signals,,
10279869769,19.2208665,72.8527850,traffic_signals,,
10282000622,19.2196432,72.8408144,traffic_signals,,
10282040378,19.0091243,72.8415903,traffic_signals,,
10282040383,19.0154587,72.8514389,traffic_signals,,
10282040392,19.0126485,72.8493393,traffic_signals,,
10287277761,19.1361391,72.8092806,traffic_signals,,
10294767394,19.2324356,72.8631659,traffic_signals,,
10310300901,19.2777772,72.8905779,traffic_signals,,
10564298261,19.1094849,72.8761312,traffic_signals,,
10564469937,19.2215098,72.8651529,traffic_signals,,
10564469938,19.2215336,72.8655136,traffic_signals,,
10580688537,18.9677203,72.8264721,traffic_signals,,
10583826082,19.0019954,72.8435978,traffic_signals,,
10595428374,19.0555374,72.8461486,traffic_signals,,
10595428375,19.0555316,72.8466621,traffic_signals,,
10595428376,19.0555344,72.8463249,traffic_signals,,
10595441721,19.2036711,72.8281165,traffic_signals,,
10598322643,18.9323111,72.8357543,traffic_signals,,
10598322644,18.9323068,72.8358065,traffic_signals,,
10603240106,19.0541313,72.8245101,traffic_signals,,
10603240107,19.0541143,72.8245609,traffic_signals,,
10603240108,19.0542308,72.8245562,traffic_signals,,
10603240109,19.0542192,72.8246061,traffic_signals,,
10603299587,19.0847574,72.8321602,traffic_signals,,
10603805379,18.9570778,72.7998571,traffic_signals,,
10614318015,18.9635325,72.8452603,traffic_signals,,
10614318018,18.9636755,72.8453073,traffic_signals,,
10629587074,19.0308162,72.8455048,traffic_signals,,
10629659785,19.1627510,72.9414654,traffic_signals,,
10635534062,19.0717087,72.8340099,traffic_signals,,
10635682402,19.0955718,72.8524152,traffic_signals,,
10636915871,19.1060515,72.8398026,traffic_signals,,
10636989239,19.1170985,72.8299035,traffic_signals,,
10641337250,18.9696914,72.8080843,crossing,traffic_signals,
10641337776,18.9696455,72.8081096,crossing,traffic_signals,
10653536589,19.1147605,72.8602007,traffic_signals,,
10653548875,19.1030593,72.8746114,traffic_signals,,
10653552916,19.1026095,72.8625905,traffic_signals,,
10653604967,19.1121369,72.8668721,traffic_signals,,
10653604968,19.1123064,72.8668707,traffic_signals,,
10653828790,19.0840267,72.9211252,traffic_signals,,
10654153514,19.0380522,72.8537905,traffic_signals,,
10656668354,19.0443200,72.8646392,traffic_signals,,
10720495863,18.9529124,72.8161972,crossing,traffic_signals,
10720495864,18.9528444,72.8161114,crossing,traffic_signals,
10722958771,19.0351131,72.8600721,traffic_signals,,
10723296482,19.1084280,72.8369073,traffic_signals,,
10725443431,19.1465390,72.8559544,traffic_signals,,
10732120472,19.0367069,72.8683147,traffic_signals,,
10732120473,19.0366476,72.8684118,traffic_signals,,
10732310002,18.9582646,72.8109809,traffic_signals,,
10732310003,18.9580668,72.8108490,traffic_signals,,
10732458841,19.0142465,72.8304973,traffic_signals,traffic_signals,
10738431726,18.9636695,72.8452029,traffic_signals,,
10738431727,18.9635936,72.8451796,traffic_signals,,
10749931590,19.0537351,72.8830981,traffic_signals,,
10750034993,19.0089146,72.8149062,traffic_signals,,
10750034994,19.0088277,72.8147654,traffic_signals,,
10750043183,19.0017968,72.8116676,traffic_signals,,
10750234632,18.9726747,72.8223221,traffic_signals,,
10750266462,19.0483128,72.8560430,traffic_signals,,
10750564862,19.0588664,72.8859720,traffic_signals,,
10750564863,19.0587707,72.8860273,traffic_signals,,
10755290327,19.2557196,72.8689760,traffic_signals,,
10765194734,19.1048604,72.8271533,traffic_signals,,
10765767961,19.0708852,72.9078363,traffic_signals,,
10765767962,19.0702968,72.9074135,traffic_signals,,
10765772823,19.0033070,72.8386026,traffic_signals,,
10765931360,19.1011469,72.8393538,traffic_signals,,
10767780060,19.2286141,72.8488940,traffic_signals,,
10767824930,19.2106665,72.8513970,traffic_signals,,
10767824931,19.2107024,72.8512879,traffic_signals,,
10768460327,19.0119609,72.8436704,traffic_signals,,
10770056640,18.9675913,72.8142002,traffic_signals,,
10770127751,18.9742825,72.8133490,traffic_signals,,
10770179998,19.0388625,72.8615765,traffic_signals,,
10770179999,19.0388444,72.8613822,traffic_signals,,
10770200821,19.0210358,72.8429741,traffic_signals,,
10770482043,19.2036477,72.8282281,traffic_signals,,
10770664995,19.0594869,72.8549310,traffic_signals,,
10770705519,19.0620644,72.8732002,traffic_signals,,
10770722930,19.0797211,72.8802079,traffic_signals,,
10770749309,19.0558666,72.8340946,traffic_signals,,
10772461730,19.1284203,72.9195079,traffic_signals,,
10772507907,19.1759696,72.9427781,traffic_signals,,
10772515491,19.1655498,72.9380537,traffic_signals,,
10772527752,19.2597041,72.9695887,traffic_signals,,
10824774388,19.0631618,72.9149102,traffic_signals,,
10839469177,19.2300450,72.8410419,traffic_signals,,
10845362178,18.9328619,72.8313704,traffic_signals,,
10878501990,19.0638300,72.8349492,traffic_signals,,
10878501991,19.0638781,72.8350523,traffic_signals,,
10879528609,19.1377407,72.8371821,traffic_signals,,
10882727464,19.0551232,72.8299880,traffic_signals,,
10882727465,19.0550635,72.8299944,traffic_signals,,
10882918292,19.0475520,72.8606491,traffic_signals,,
10885845682,18.9573813,72.8425750,traffic_signals,,
10885845683,18.9573486,72.8426924,traffic_signals,,
10886054716,18.9296301,72.8282269,traffic_signals,,
10927904419,19.1592330,72.8397588,traffic_signals,,
10927904430,19.1592086,72.8398132,traffic_signals,,
10936517722,19.0826227,72.8961844,traffic_signals,,
10945682229,19.2349755,72.8551635,traffic_signals,,
10956744352,19.2231386,72.8537194,traffic_signals,,
10956744353,19.2231228,72.8537845,traffic_signals,,
10956910755,19.2171903,72.8513503,traffic_signals,,
10956910756,19.2172121,72.8512466,traffic_signals,,
10956910757,19.2172660,72.8512735,traffic_signals,,
10956910758,19.2172422,72.8513706,traffic_signals,,
11023557408,19.0458422,72.8483797,traffic_signals,,
11033657252,19.2063807,72.8656317,traffic_signals,,
11271653058,19.0593761,72.8550205,traffic_signals,,
11400791206,19.0827366,72.8962922,traffic_signals,,
11400791208,19.0826543,72.8962988,traffic_signals,,
11921265746,19.1241675,72.9386551,traffic_signals,,
11921265747,19.1240068,72.9385884,traffic_signals,,
11924905690,19.1276440,72.8472136,traffic_signals,,
11925633443,19.0063089,72.8217071,traffic_signals,,
11925633446,19.0063089,72.8215297,traffic_signals,,
11925633452,19.0063734,72.8182846,traffic_signals,,
11925633453,19.0064114,72.8181696,traffic_signals,,
11925677533,18.9982401,72.8275786,traffic_signals,,
11925677534,18.9982509,72.8274235,traffic_signals,,
12070990506,18.9671586,72.8034226,traffic_signals,,
12079741513,19.0625754,72.8594359,traffic_signals,,
12159350790,18.9826124,72.8237595,traffic_signals,,
12192784775,19.0630464,72.8245070,,,hump
12193705141,19.2091069,72.9766989,traffic_signals,,
12258068458,19.1752088,72.8641464,traffic_signals,,
12308967225,19.1452364,72.8467965,,,bump
12317731290,19.1489553,72.8315814,traffic_signals,,
12317731291,19.1488776,72.8313746,traffic_signals,,
12317731293,19.1490756,72.8315033,traffic_signals,,
12317731294,19.1489380,72.8313267,traffic_signals,,
12325306931,19.1078757,72.8586148,traffic_signals,,
12328160354,19.1373421,72.8210651,,,bump
12328160356,19.1371545,72.8208488,,,bump
12328160369,19.1367509,72.8210455,,,bump
12328165788,19.1370109,72.8206833,,,bump
12331380568,19.1464178,72.8464968,,,bump
12395295568,18.9672521,72.8035266,traffic_signals,,
12395671898,19.1364454,72.8319536,traffic_signals,,
12395684216,19.1366414,72.8320310,traffic_signals,,
12408665369,19.1816916,72.8358974,traffic_signals,,
12408665370,19.1816676,72.8361180,traffic_signals,,
12500752400,19.0000250,72.8651905,,,rumble_strip
12500770001,19.0000658,72.8654557,,,rumble_strip
12500770002,19.0001184,72.8658347,,,rumble_strip
12500770003,19.0001687,72.8664048,,,rumble_strip
12500770004,18.9994234,72.8737505,,,rumble_strip
12500770005,18.9992393,72.8742748,,,rumble_strip
12500770006,18.9990903,72.8746354,,,rumble_strip
12500770007,18.9989797,72.8749029,,,rumble_strip
12500770008,18.9983671,72.8759458,,,rumble_strip
12500770009,18.9981614,72.8763655,,,rumble_strip
12500770010,18.9980379,72.8766158,,,rumble_strip
12500770011,18.9978682,72.8769598,,,rumble_strip
12500770012,18.9976235,72.8774559,,,rumble_strip
12500770013,18.9908773,72.8917309,,,rumble_strip
12500770014,18.9906322,72.8922378,,,rumble_strip
12500770015,18.9904681,72.8925775,,,rumble_strip
12500770016,18.9903509,72.8928198,,,rumble_strip
12500770017,18.9901428,72.8932504,,,rumble_strip
12500770018,18.9896174,72.8939263,,,rumble_strip
12500770019,18.9895013,72.8941764,,,rumble_strip
12500770020,18.9893806,72.8944361,,,rumble_strip
12500770021,18.9892211,72.8947793,,,rumble_strip
12500770022,18.9889807,72.8952967,,,rumble_strip
12500770023,18.9881524,72.9174011,,,rumble_strip
12500770024,18.9882034,72.9179487,,,rumble_strip
12500770025,18.9882406,72.9183477,,,rumble_strip
12500770026,18.9882661,72.9186221,,,rumble_strip
12500770027,18.9883100,72.9190937,,,rumble_strip
12500770028,18.9882531,72.9199512,,,rumble_strip
12500770029,18.9882798,72.9202386,,,rumble_strip
12500770030,18.9883054,72.9205147,,,rumble_strip
12500770031,18.9883409,72.9208977,,,rumble_strip
12500770032,18.9883932,72.9214606,,,rumble_strip
12500770033,18.9901269,72.9386058,,,rumble_strip
12500770034,18.9901796,72.9391722,,,rumble_strip
12500770035,18.9902147,72.9395490,,,rumble_strip
12500770036,18.9902412,72.9398341,,,rumble_strip
12500770037,18.9902670,72.9401114,,,rumble_strip
12500770038,18.9902037,72.9409856,,,rumble_strip
12500770039,18.9902289,72.9412635,,,rumble_strip
12500770040,18.9902540,72.9415396,,,rumble_strip
12500770041,18.9902882,72.9419166,,,rumble_strip
12500770042,18.9903397,72.9424844,,,rumble_strip
12500770043,18.9919511,72.9641772,,,rumble_strip
12500770044,18.9919286,72.9646518,,,rumble_strip
12500770045,18.9919069,72.9649235,,,rumble_strip
12500770046,18.9918761,72.9653097,,,rumble_strip
12500770047,18.9918311,72.9658732,,,rumble_strip
12500770048,18.9857151,72.9842894,,,rumble_strip
12500770049,18.9854629,72.9846727,,,rumble_strip
12500770050,18.9853132,72.9849000,,,rumble_strip
12500770051,18.9847667,72.9856809,,,rumble_strip
12506352387,18.9426467,72.8235675,traffic_signals,,
12625800533,19.1756650,72.8657122,traffic_signals,,
12669062309,19.0567567,72.8254496,,,bump
12669062310,19.0568066,72.8264536,,,bump
12669062311,19.0572115,72.8265971,,,hump
12695023190,19.0519484,72.8298387,,,hump
12695023191,19.0518982,72.8298624,,,hump
12695051722,19.0570492,72.8252333,,,hump
12695051723,19.0579955,72.8252021,,,hump
12709405236,19.0557419,72.8267333,,,hump
12715440608,19.0597282,72.8268302,,,hump
12715440609,19.0596685,72.8268354,,,hump
12715440610,19.0595698,72.8281323,,,hump
12715440611,19.0522875,72.8306026,,,hump
12715440612,19.0523223,72.8305810,,,hump
12716963159,19.0568772,72.8311378,,,hump
12716963160,19.0565762,72.8311543,,,hump
12716963184,19.0574652,72.8282764,,,hump
12760272362,19.0262428,72.8549772,crossing,traffic_signals,
12784254790,19.0581373,72.8493272,,,bump
12784254791,19.0586587,72.8493296,,,bump
12805923539,19.2743434,72.8615525,traffic_signals,,
12805979977,19.0846938,72.8332309,,,bump
12840024208,19.1109439,72.8628502,,,hump
12842089422,19.1056076,72.8298386,,,bump
12843082710,19.0858168,72.8287528,,,bump
12846756037,19.1770074,72.9668336,,,bump
12848913146,19.1058059,72.8259425,,,bump
12896373040,19.0525713,72.8311619,,,hump
12896373041,19.0526207,72.8311412,,,hump
12920034734,19.0856965,72.8289136,,,bump
12920034799,19.1065855,72.8263887,,,bump
12926508525,19.0506653,72.8262738,,,hump
12926508554,19.0470171,72.8249777,,,bump
12927277237,19.0485816,72.8250037,,,hump
12927277238,19.0487157,72.8249168,,,hump
12927277239,19.0488547,72.8243568,,,hump
12927277240,19.0489950,72.8242689,,,hump
12974675317,19.0511096,72.8216390,,,bump
12974675323,19.0510844,72.8217212,,,bump
12996344226,19.0502061,72.8244219,,,hump
12996344246,19.0517442,72.8249053,,,hump
12996344278,19.0536441,72.8283298,,,bump
12996344279,19.0541383,72.8275709,,,bump
12996344280,19.0541379,72.8276180,,,bump
13003897994,19.0051861,72.8309569,traffic_signals,,
13009290136,19.0487521,72.8225572,,,hump
13011958476,19.0539589,72.8227473,,,bump
13011958477,19.0540172,72.8226907,,,bump
13057926697,19.0104298,72.8294803,,,bump
13057971425,19.0114590,72.8289540,,,bump
13058306146,19.0599964,72.8328395,,,bump
13058306147,19.0599734,72.8331423,,,bump
13058306148,19.0605442,72.8325035,,,bump
13058306149,19.0613461,72.8326446,,,bump
13058306153,19.0607536,72.8334461,,,bump
13058306154,19.0610771,72.8334980,,,bump
13063238604,19.0542993,72.8388792,,,bump
13067310086,19.0540922,72.8286324,,,bump
13067345210,19.0537708,72.8293572,,,bump
13067345211,19.0536141,72.8292910,,,bump
13067345318,19.0538012,72.8304922,,,bump
13068016153,18.9487134,72.8405352,traffic_signals,,
13069181101,19.0537400,72.8300126,,,hump
13069769389,19.0526448,72.8325420,,,bump
13069769390,19.0527866,72.8315375,,,bump
13069769391,19.0530666,72.8321221,,,bump
13071895412,19.0154231,72.8194742,,,bump
13073653742,19.0120721,72.8220458,traffic_signals,,
13073653743,19.0120802,72.8218439,traffic_signals,,
13073653744,19.0121863,72.8219513,traffic_signals,,
13073659625,19.0091945,72.8306515,traffic_signals,,
13073659626,19.0092672,72.8307556,traffic_signals,,
13073659627,19.0092626,72.8306283,traffic_signals,,
13073659628,19.0092337,72.8307730,traffic_signals,,
13073684401,18.9295946,72.8219394,traffic_signals,,
13073684402,18.9294784,72.8218884,traffic_signals,,
13073684403,18.9295448,72.8217236,traffic_signals,,
13073684405,18.9314563,72.8232517,traffic_signals,,
13073684406,18.9318593,72.8230997,traffic_signals,traffic_signals,
13073684407,18.9334970,72.8235395,traffic_signals,traffic_signals,
13073684408,18.9337378,72.8237595,traffic_signals,traffic_signals,
13073684409,18.9335041,72.8237270,traffic_signals,,
13073684410,18.9371066,72.8242951,traffic_signals,,
13073684411,18.9369450,72.8241532,traffic_signals,,
13073684412,18.9370020,72.8243401,traffic_signals,,
13073735815,19.0142109,72.8305177,traffic_signals,traffic_signals,
13073735816,19.0142867,72.8306268,traffic_signals,,
13073735817,19.0160741,72.8293793,traffic_signals,,
13073735820,19.0108213,72.8292963,,,bump
13073738194,19.0110671,72.8320344,traffic_signals,,
13073741402,19.0063045,72.8308528,traffic_signals,uncontrolled,
13073741403,19.0050220,72.8308932,traffic_signals,,
13073741404,19.0047965,72.8309469,traffic_signals,,
13073741405,19.0049700,72.8310724,traffic_signals,,
13073741406,19.0049620,72.8310748,traffic_signals,,
13073741407,18.9888447,72.8225602,traffic_signals,,
13073741408,18.9888147,72.8224776,traffic_signals,,
13073741409,18.9889210,72.8225368,traffic_signals,,
13073741410,18.9920676,72.8207529,traffic_signals,,
13073741411,18.9921552,72.8208390,traffic_signals,,
13073741412,18.9921437,72.8208599,traffic_signals,,
13082483614,19.1062362,72.8269610,,,bump
13082483658,19.1089244,72.8291567,,,bump
13083300215,19.0139415,72.8267547,,,bump
13083310970,19.0146017,72.8265738,,,bump
13083316278,19.0139751,72.8269043,,,bump
13086964869,19.0616536,72.8246245,,,hump
13088925540,19.0636464,72.8268913,,,hump
13088925541,19.0636769,72.8269219,,,bump
13088925542,19.0644023,72.8279436,,,hump
13088925543,19.0656374,72.8279473,,,bump
13088925548,19.0654564,72.8275789,,,bump
13089306667,19.0632826,72.8303802,,,bump
13089306668,19.0632458,72.8304055,,,bump
13093331316,18.9670793,72.8032836,traffic_signals,,
13093786757,19.0727450,72.8672098,,,rumble_strip
13094131028,18.9123528,72.9828812,traffic_signals,,
13094131029,18.9127980,72.9826902,traffic_signals,,
13097872513,19.0657363,72.8379378,,,hump
13097872527,19.0671014,72.8379307,,,hump
13112584773,19.0655283,72.8284600,,,hump
13112584774,19.0656388,72.8283626,,,hump
13112584799,19.0667394,72.8286524,,,hump
13112602763,19.0692176,72.8284473,,,hump
13112602764,19.0693072,72.8273641,,,bump
13112602795,19.0690103,72.8269816,,,hump
13112602802,19.0681046,72.8283266,,,hump
13167751626,18.9425659,72.8235223,crossing,traffic_signals,
13167783546,18.9337595,72.8236100,crossing,traffic_signals,
13167790227,18.9334641,72.8236827,crossing,traffic_signals,
13167805110,19.0142078,72.8304621,crossing,traffic_signals,
13167809418,18.9369348,72.8242828,crossing,traffic_signals,
13167820405,18.9371117,72.8241705,crossing,traffic_signals,
13185481798,19.1630986,72.8393844,traffic_signals,,
13185481799,19.1630302,72.8393981,traffic_signals,,
13191016337,19.0137348,72.8260630,,,bump
13262801027,19.1884002,72.9633442,traffic_signals,,
13262801029,19.1884886,72.9638869,traffic_signals,,
13318669684,19.0142776,72.8215664,,,bump
13318669685,19.0142922,72.8216000,,,bump
13318691909,18.9258316,72.8230833,traffic_signals,traffic_signals,
13318691910,18.9259725,72.8230253,traffic_signals,traffic_signals,
13382507906,19.1659236,72.8618533,,,bump
13386425882,19.0182778,72.8479790,crossing,traffic_signals,
13386465104,19.0221972,72.8508388,crossing,traffic_signals,
13386465168,19.0181383,72.8481810,crossing,traffic_signals,
13392172481,19.1035515,72.8551050,,,bump
13392172499,19.1035018,72.8560271,,,bump
13392190106,19.1035381,72.8553461,,,bump
13392190117,19.1034760,72.8564798,,,bump
13392190128,19.1034640,72.8566772,,,bump
13392771154,19.1418863,72.8295502,,,bump
13392771155,19.1441314,72.8292983,,,bump
13415319554,19.0088658,72.8147816,crossing,traffic_signals,
13417215253,19.1717877,72.9351224,,,bump
13430259956,18.9315081,72.8227956,crossing,traffic_signals,
13430259957,18.9314585,72.8229182,crossing,traffic_signals,
13430259964,18.9315363,72.8230368,crossing,traffic_signals,
13430259965,18.9314883,72.8227861,traffic_signals,,
13464039887,18.9368965,72.8321863,,,bump
13464039889,18.9361009,72.8318747,,,bump
13464039890,18.9356026,72.8316602,,,hump
13464335935,18.9354345,72.8349178,,,bump
13470129546,18.9330735,72.8280844,traffic_signals,,
13475422698,19.1476947,72.8296061,,,bump
13510287953,19.1385892,72.8257246,,,bump
13510287954,19.1400626,72.8262773,traffic_signals,,
13510287964,19.1400805,72.8261224,traffic_signals,,
13510320668,19.1331056,72.8293905,,,bump
13510320697,19.1323721,72.8314557,traffic_signals,,
13510320698,19.1330076,72.8295833,,,bump
13521952142,19.0855692,72.8297689,,,bump
13542582001,19.0284333,72.8413400,traffic_signals,,
13571985199,19.0854727,72.8380191,,,bump
13573752990,19.1317233,72.8382110,,,bump
13579926795,19.1412129,72.8274221,,,bump
13581377810,19.1686827,72.8351547,,,bump
13581377838,19.1658124,72.8350349,,,bump
13581377891,19.1683976,72.8365390,,,bump
13581377930,19.1545048,72.8354525,,,bump
13581377946,19.1683114,72.8351305,,,bump
13581377953,19.1677161,72.8353633,,,dip
13581378008,19.1651224,72.8348834,,,bump
13581378023,19.1615077,72.8348386,,,bump
13582456916,19.1518880,72.8265374,,,bump
13582456919,19.1525797,72.8271191,,,bump
13582456922,19.1512057,72.8331796,,,bump
13582456926,19.1520396,72.8358568,,,table
13584566778,19.2568746,72.8508773,traffic_signals,,
13585573294,19.1345327,72.8257730,traffic_signals,,
13585578907,19.1183403,72.8298915,,,bump
13585578918,19.1273523,72.8292117,,,bump
13585578924,19.1343125,72.8256766,traffic_signals,,
13598885107,19.1090627,72.8299691,,,bump
13598885125,19.1234893,72.8290159,,,bump
13619939784,19.0606606,72.8586331,traffic_signals,,
13658722776,19.0155293,72.8514334,traffic_signals,,
13658722780,19.0154920,72.8513919,traffic_signals,,
13658722781,19.0154993,72.8514818,traffic_signals,,
13667198501,19.0195577,72.8562060,traffic_signals,,
13670992298,19.0297666,72.8382575,traffic_signals,,
13681043568,19.2349884,72.8406445,traffic_signals,,
13681043569,19.2350265,72.8405395,traffic_signals,,
13758760039,19.0138001,72.8259104,,,bump
13780043904,18.9528479,72.8173571,traffic_signals,,
13780043905,18.9528894,72.8173846,traffic_signals,,
13781502773,19.1459853,72.8261920,,,bump
13787992814,19.2011719,72.9740548,traffic_signals,,
13787992815,19.2012761,72.9740573,traffic_signals,,
13830680314,19.2283012,72.9695917,traffic_signals,,
13830680315,19.2281977,72.9695884,traffic_signals,,
13830680316,19.2282589,72.9698174,traffic_signals,,
13830680317,19.2283087,72.9698003,traffic_signals,,
13830680318,19.2283579,72.9696661,traffic_signals,,
13850387452,19.1759326,72.9522189,traffic_signals,,
13857139729,19.1737878,72.8407931,traffic_signals,,
13857139730,19.1738371,72.8407619,traffic_signals,,
13857139731,19.1739486,72.8407633,traffic_signals,,
13866690551,19.0130885,72.8281711,traffic_signals,traffic_signals,
13866690552,19.0129952,72.8281271,traffic_signals,traffic_signals,
13866690553,19.0131105,72.8280259,traffic_signals,traffic_signals,
13866690554,19.0130394,72.8280269,crossing,traffic_signals,
13897104869,19.2303974,72.8442404,traffic_signals,,
13897104870,19.2303913,72.8443158,traffic_signals,,
13897104871,19.2302246,72.8442762,traffic_signals,,
13910182302,19.0632336,72.8384141,,,bump
13910182312,19.0627248,72.8383938,,,bump
