@id,@type,name,@lat,@lon,railway,station,highway,amenity,public_transport
17327417,node,Escorts Yelahanka Road,13.1023262,77.5859726,,,bus_stop,,platform
60952264,node,St. Joseph's College,12.9698611,77.6029825,,,,,stop_position
62053599,node,Papareddy Palya,12.9723136,77.5079205,,,bus_stop,,platform
62053620,node,Aladamara,12.9751302,77.5094207,,,bus_stop,,
62053636,node,Nagarabhavi BDA Complex,12.9795534,77.5106479,,,bus_stop,,
62053719,node,Papareddypalya,12.9721349,77.5079442,,,bus_stop,,platform
62053750,node,Aladamara Papareddypalya,12.9753322,77.5096764,,,bus_stop,,platform
62053772,node,Nagarabhavi BDA Complex,12.9796102,77.5107547,,,,,stop_position
62056921,node,Nagarabhavi 9th Block,12.9697447,77.5091394,,,bus_stop,,
62056953,node,NGEF Layout,12.9611226,77.5098771,,,bus_stop,,platform
62056965,node,Vinayaka Layout Bus Stop,12.9607472,77.5074459,,,bus_stop,,
62056980,node,Ambedkar College,12.9604446,77.5049360,,,bus_stop,,platform
66626034,node,Mallathalli Cross,12.9571672,77.5030961,,,bus_stop,,platform
66626051,node,Bangalore University Quarters,12.9517746,77.4997107,,,,,stop_position
66626086,node,Mariyappanapalya,12.9452578,77.4955665,,,bus_stop,,platform
66626102,node,Kenchapura Cross,12.9416170,77.4936019,,,bus_stop,,platform
66626164,node,Shirke KHB Quarters,12.9319209,77.4878839,,,bus_stop,,platform
66666495,node,Kengeri Ganesha Temple,12.9115964,77.4804738,,,bus_stop,,platform
66666554,node,BMTC Depot-12 Gate,12.9069409,77.4740071,,,bus_stop,,platform
246396993,node,Bangalore City Junction,12.9783064,77.5692678,stop,,,,stop_position
246397026,node,Bangalore Cantonment,12.9936865,77.5980003,station,,,,
247991562,node,Anepalya,12.9523885,77.6045397,,,bus_stop,,
248615894,node,Utharahalli Circle,12.9059216,77.5418887,,,bus_stop,,platform
248677023,node,RV College,12.9253246,77.4991719,,,bus_stop,,platform
248677254,node,Kengeri Police Station,12.9104413,77.4819132,,,bus_stop,,platform
248680029,node,Banashankari BMTC,12.9178645,77.5735761,,,bus_stop,,platform
248838952,node,Kohinoor Ground,12.9473080,77.5663055,,,bus_stop,,platform
249082241,node,Naga Talkies,12.9843505,77.6117556,,,bus_stop,,
249082830,node,Cantonment Railway Station,12.9934767,77.5972227,,,bus_stop,,platform
249083662,node,MCTC Bus Stand,12.9539007,77.5436416,,,bus_stop,,platform
249084526,node,Magadi Road 1st Cross,12.9758097,77.5635002,,,bus_stop,,platform
249087970,node,Mysore Bank,12.9723865,77.5821246,,,bus_stop,,platform
249141343,node,Sajjan Rao Circle,12.9531166,77.5767721,,,bus_stop,,platform
249589952,node,New Guddadahalli,12.9560697,77.5465160,,,bus_stop,,platform
249776275,node,Thyagaraja Nagar,12.9320356,77.5675801,,,bus_stop,,
249842964,node,Kaveri Nagara,12.9198852,77.5692610,,,bus_stop,,platform
251082967,node,KR Puram Railway Station,13.0003856,77.6762486,,,bus_stop,,platform
251099560,node,Helicopter Division,12.9565103,77.6759082,,,bus_stop,,platform
251103708,node,Cosmos,12.9652276,77.7182222,,,bus_stop,,platform
251104654,node,SAP ITPL,12.9775585,77.7150021,,,bus_stop,,platform
251146210,node,Military Accounts Office,12.9669876,77.6210343,,,,,stop_position
251360729,node,Peenya 1st stage,13.0352642,77.5269388,,,bus_stop,,
253454039,node,Bengaluru East,13.0011462,77.6183453,station,,,,station
253455822,node,Prajwal School,12.9920375,77.7564518,,,bus_stop,,platform
253514986,node,Belandur Road,12.9385595,77.7071370,halt,,,,
253518983,node,HAL Market,12.9608130,77.6659653,,,bus_stop,,platform
253890237,node,Trinity Circle,12.9706175,77.6195628,,,bus_stop,,platform
254665627,node,"Telephone Exchange AGO, Vasantha Nagara",12.9827325,77.5871188,,,bus_stop,,platform
254923713,node,Canara Bank Koramangala,12.9345847,77.6239627,,,bus_stop,,platform
255558064,node,Tippasandra Market,12.9725701,77.6508281,,,bus_stop,,platform
260911861,node,Krupanidhi College,12.9241419,77.6288623,,,,,stop_position
264845794,node,KSRP Training Centre,12.8863586,77.6724875,,,,,stop_position
266323140,node,Agara,12.9244709,77.6506375,,,bus_stop,,platform
267212842,node,Bellanduru Gate,12.9187985,77.6695326,,,bus_stop,,platform
272710466,node,Surabhi Layout,12.8676135,77.5819244,,,bus_stop,,platform
272710467,node,Surabhi Layout,12.8675421,77.5818684,,,,,stop_position
272710482,node,Jambu Savari Dinne,12.8656785,77.5810417,,,bus_stop,,platform
272710511,node,Royal Layout,12.8685299,77.5767089,,,bus_stop,,platform
272710541,node,Sarathi Nagara,12.8740314,77.5732065,,,bus_stop,,platform
272710577,node,Glass Factory,12.8763730,77.5670619,,,bus_stop,,stop_position
272710629,node,Konanakunte Reliance Fresh,12.8829627,77.5661611,,,bus_stop,,platform
272710649,node,Konanakunte,12.8854474,77.5668298,,,bus_stop,,platform
272717124,node,Water Tank Kothnuru Dinne,12.8745483,77.5841504,,,,,stop_position
272717134,node,Kothnuru Dinne,12.8769496,77.5840405,,,bus_stop,,platform
278163316,node,Kempapura Hebbala,13.0496616,77.5925984,,,bus_stop,,platform
278163456,node,Palanahalli Gate,13.1170056,77.6079633,,,bus_stop,,platform
286257700,node,RM Guttahalli,12.9998922,77.5839209,,,bus_stop,,platform
287905435,node,Hasanath College,12.9793859,77.6142554,,,bus_stop,,platform
292565769,node,Gunjuru Hosahalli,12.9201794,77.7420259,,,bus_stop,,platform
296029985,node,Lingarajapuram,13.0122527,77.6256288,,,bus_stop,,platform
296030032,node,Clarence School,13.0022377,77.6166917,,,bus_stop,,platform
296030070,node,Hosmat Hospital,12.9698902,77.6118531,,,bus_stop,,platform
298815411,node,Domlur Flyover,12.9604628,77.6435762,,,,,stop_position
298831024,node,Helicopter Division,12.9568779,77.6747733,,,bus_stop,,platform
303921150,node,Jayanagara 4th Block,12.9291007,77.5860389,,,,,stop_position
303933269,node,John Fowler,12.9240905,77.6299274,,,bus_stop,,platform
303933282,node,1st Block Koramangala,12.9248167,77.6342492,,,bus_stop,,platform
307407266,node,Tavarekere Aladamara,12.9222089,77.6105348,,,bus_stop,,platform
307937880,node,"KK School, Varthur",12.9329280,77.7428116,,,bus_stop,,platform
307938594,node,Varthuru,12.9421116,77.7470469,,,bus_stop,,platform
307941865,node,Belathuru,13.0044388,77.7568868,,,bus_stop,,platform
308062102,node,Kengeri,12.9176571,77.4837568,station,,,,station
308062851,node,Nayandahalli,12.9413253,77.5212118,station,,,,station
308063845,node,Chandra Layout,12.9581731,77.5269422,,,bus_stop,,platform
308063850,node,Jyothi Nagara,12.9593821,77.5217937,,,bus_stop,,platform
308063952,node,Gandhi Bhavan,12.9488494,77.5110793,,,bus_stop,,
308064422,node,Press Layout Ullal Road,12.9514665,77.4923596,,,bus_stop,,platform
308064430,node,Vidyanikethan Public School,12.9507573,77.4867329,,,bus_stop,,platform
308064439,node,Manganahalli Cross,12.9526755,77.4841408,,,bus_stop,,platform
308065331,node,Nagarabhavi Village,12.9593813,77.5167128,,,bus_stop,,platform
308067272,node,Beedi Karmikara Colony Gate,12.9223672,77.4746339,,,bus_stop,,platform
308067274,node,Kengeri Club,12.9234006,77.4728741,,,bus_stop,,platform
308069135,node,Byadarahalli,12.9850752,77.4826274,,,bus_stop,,
308069169,node,Kottige Palya,12.9878680,77.5145343,,,bus_stop,,platform
308069202,node,Kamakshipalya,12.9838135,77.5292847,,,bus_stop,,
308072380,node,Devasthana,13.0208584,77.5294589,,,bus_stop,,
308072402,node,Rajagopalanagara Police Station,13.0237100,77.5216866,,,bus_stop,,platform
308072821,node,Jalahalli West,13.0533332,77.5306036,,,bus_stop,,
308072850,node,Fathima Church,13.0544834,77.5400092,,,bus_stop,,
308073351,node,Chikka Banavara,13.0746787,77.5056373,station,,,,station
308074433,node,ASC Supply Point,13.0412807,77.5457455,,,bus_stop,,platform
308075180,node,Devi Nagara,13.0468096,77.5690797,,,bus_stop,,platform
308082067,node,Kodegahalli,13.0621554,77.5746745,,,,,stop_position
308184451,node,Vokkaligara School,12.9859865,77.5116928,,,bus_stop,,platform
308184554,node,Vokkaligara School,12.9854461,77.5111646,,,bus_stop,,
308187548,node,Bharath Nagara 1st Phase,12.9823496,77.4801000,,,bus_stop,,
308218318,node,Sampigehalli,13.0818733,77.6178913,,,bus_stop,,
308218359,node,Kogilu,13.1041980,77.6170849,,,bus_stop,,
308218366,node,Srinivasapura Cross,13.1035997,77.6228795,,,bus_stop,,platform
308218371,node,Ittige Factory,13.1025966,77.6289120,,,bus_stop,,platform
308218377,node,Bellahalli Cross,13.1013059,77.6364044,,,bus_stop,,
308218384,node,Bella Halli,13.0992922,77.6417679,,,bus_stop,,
308229558,node,Sheshadripuram College,13.0994756,77.5882426,,,bus_stop,,platform
308231131,node,Yelahanka,13.1000357,77.5979706,,,bus_stop,,platform
308231318,node,GKVK Library,13.0782136,77.5794716,,,bus_stop,,platform
308231591,node,Nanjappa Circle,13.0685251,77.5600191,,,bus_stop,,platform
308231595,node,Chamundeshwari Layout,13.0647746,77.5596849,,,bus_stop,,platform
308231946,node,Diwanarapalya,13.0262678,77.5619055,,,bus_stop,,platform
308232353,node,ISKCON Temple,13.0116837,77.5516458,,,bus_stop,,platform
308232640,node,Income Tax Layout,12.9611192,77.5332043,,,,,stop_position
308232838,node,Vijayanagara,12.9718716,77.5375885,,,,,platform
308232879,node,Mahalakshmi Layout Entarence,13.0074112,77.5486115,,,bus_stop,,platform
308238279,node,Periyar Nagara Circle,13.0087731,77.6134348,,,bus_stop,,platform
308238281,node,Muslim Colony,13.0106546,77.6151919,,,bus_stop,,platform
308238283,node,Venkateshapura,13.0152340,77.6174535,,,,,stop_position
308238284,node,Venkateshapura,13.0157181,77.6175909,,,bus_stop,,platform
308238295,node,Arabic College,13.0300103,77.6208765,,,bus_stop,,platform
308238297,node,Glass Factory,13.0339172,77.6225150,,,bus_stop,,platform
308238302,node,Nagavara,13.0379362,77.6233891,,,bus_stop,,platform
308449286,node,Dwaraka Nagara,13.1212335,77.6181063,,,bus_stop,,platform
308715187,node,Vidyaranyapura,13.0838676,77.5603008,,,bus_stop,,platform
308809874,node,3rd Block Jayanagara,12.9336915,77.5839990,,,bus_stop,,platform
308873961,node,Nayanappa Shettipalya,12.9086939,77.6037357,,,bus_stop,,
308875509,node,Jai Bheema Nagara,12.9194378,77.6168963,,,bus_stop,,platform
308922692,node,NIMHANS Hospital,12.9388385,77.5981785,,,bus_stop,,platform
308923503,node,MICO Gate,12.9443605,77.6029747,,,bus_stop,,platform
316660381,node,Link Road,12.9941182,77.5739265,,,bus_stop,,platform
316997347,node,Kodihalli,12.9599480,77.6468477,,,bus_stop,,platform
320647365,node,KR Market,12.9642064,77.5768931,,,traffic_signals,,stop_position
324663010,node,Jakkur 18th Cross,13.0688336,77.6034132,,,bus_stop,,platform
324663015,node,Jakkur Layout,13.0695751,77.6016847,,,bus_stop,,platform
324663022,node,Amrutahalli,13.0656864,77.6007336,,,bus_stop,,
324663030,node,SBM ATM,13.0665976,77.5959473,,,bus_stop,,
324663061,node,Mariyappana Palya,13.0500885,77.6118696,,,bus_stop,,
325106931,node,KTPO,12.9768663,77.7212545,,,bus_stop,,platform
325156622,node,Domlur Herohonda Stop,12.9550697,77.6412492,,,bus_stop,,platform
325204244,node,Bhoruka Steel,12.9928984,77.7055427,,,bus_stop,,platform
333512357,node,Sathyanagara,13.0001817,77.6400341,,,bus_stop,,platform
333512485,node,Old Bayappanahalli,12.9946486,77.6440476,,,bus_stop,,platform
335648274,node,Horamavu Petrol Bunk,13.0196848,77.6536054,,,bus_stop,,platform
335654108,node,Hennur,13.0390351,77.6439026,,,,,stop_position
335654343,node,Vaddarapalya,13.0386319,77.6465280,,,bus_stop,,platform
338274462,node,Yelahanka Junction,13.1050067,77.5918938,station,,,,station
340406557,node,Baiyappanahalli Metro Station Back Gate,12.9919374,77.6515996,,,bus_stop,,platform
343304434,node,Indian Oil,13.0059596,77.6387258,,,bus_stop,,platform
343304441,node,Maruthi School,13.0099173,77.6442101,,,bus_stop,,platform
343324577,node,Bagmane Tech Park,12.9807706,77.6563527,,,bus_stop,,platform
343336128,node,Horamavu Petrol Bunk,13.0199271,77.6537003,,,bus_stop,,platform
343338288,node,Sun Shine School,13.0308231,77.6683898,,,bus_stop,,platform
343338297,node,Kalkere,13.0336876,77.6747423,,,,,stop_position
343338298,node,Kalkere,13.0337338,77.6747398,,,bus_stop,,platform
347295628,node,Platform 28A,12.9781831,77.5717624,,,,,stop_position
347295648,node,Platform 23,12.9783665,77.5730556,,,,,stop_position
347998968,node,Panathuru Dinne,12.9296475,77.7124354,,,bus_stop,,platform
353187806,node,Chandrika Soap Factory,13.0144946,77.6270198,,,bus_stop,,platform
353187819,node,Hennur Junction,13.0276245,77.6324005,,,,,stop_position
355840242,node,Byrathi,13.0564988,77.6517137,,,bus_stop,,
374216503,node,CPRI Quarters,13.0219498,77.5722288,,,bus_stop,,platform
374216790,node,Patalappa Layout,13.0464805,77.5726083,,,bus_stop,,
382803182,node,Jaraganahalli Cross,12.9014849,77.5734716,,,bus_stop,,
382826644,node,Ganapathipura,12.8921358,77.5720595,,,bus_stop,,
387555068,node,Rachenahalli,13.0579435,77.6233589,,,bus_stop,,platform
387555071,node,Rachenahalli,13.0580205,77.6233682,,,,,stop_position
388463954,node,Vajramuneshwara Gate,12.8642963,77.5327174,,,bus_stop,,
388463964,node,"Byana Palya, Vajarahalli",12.8754279,77.5433865,,,bus_stop,,
388469098,node,Chinnayyanapalya Silk Farm,12.8491937,77.5220679,,,bus_stop,,platform
388469099,node,Chinnayyanapalya Silk Farm,12.8490827,77.5220958,,,,,stop_position
388469108,node,Silk Farm,12.8538203,77.5234663,,,bus_stop,,
391881031,node,Jawaharlal Nehru Research Centre,13.0679383,77.6113853,,,bus_stop,,
391881057,node,Srirampura,13.0659006,77.6199862,,,bus_stop,,platform
410861147,node,Noor Nagara,13.0803244,77.6340291,,,bus_stop,,platform
410861178,node,Noor Nagara,13.0802242,77.6341451,,,bus_stop,,
412135151,node,Canara Bank,12.9956750,77.6004641,,,bus_stop,,
414033325,node,DRDO Quarters,12.9839372,77.6608916,,,bus_stop,,platform
414036211,node,Kaggadasapura,12.9838304,77.6793971,,,bus_stop,,platform
414404832,node,Konena Agrahara,12.9589468,77.6596713,,,bus_stop,,platform
419638221,node,Peenya 1st stage,13.0354596,77.5269947,,,bus_stop,,
426402720,node,Goraguntepalya,13.0289398,77.5395021,,,bus_stop,,platform
426403822,node,RMC Yard,13.0235782,77.5488081,,,bus_stop,,platform
428317346,node,,13.0004488,77.5637054,stop,,,,stop_position
428836836,node,Richmond Circle,12.9657481,77.6043001,,,bus_stop,,platform
428847118,node,Trinity,12.9729953,77.6170130,stop,,,,stop_position
429001259,node,State Bank India Garage,12.9746797,77.6014262,,,bus_stop,,platform
429286836,node,Gopalapura,12.9806131,77.5581149,,,bus_stop,,platform
429415725,node,Ajantha Talkies,12.9825889,77.6143059,,,bus_stop,,platform
430043685,node,Matadahalli,13.0134600,77.5935361,,,bus_stop,,platform
430043750,node,Dinnuru Main Road,13.0240248,77.5989205,,,bus_stop,,platform
430043822,node,P&T Quarters,13.0216098,77.6045404,,,bus_stop,,platform
430127627,node,Hebbal,13.0424324,77.5861862,stop,,,,stop_position
430135686,node,Lottegollahalli,13.0435246,77.5630493,stop,,,,stop_position
431524247,node,Halasuru,12.9764915,77.6267050,stop,,,,stop_position
431548687,node,HMT Watch Factory,13.0490504,77.5356954,,,bus_stop,,
431610823,node,Kathalipalya,12.9926072,77.6379819,,,bus_stop,,
432841688,node,Kumaraswamy Layout Police Station,12.9054878,77.5627988,,,bus_stop,,platform
432841703,node,ISRO Layout,12.8990521,77.5578197,,,bus_stop,,
433826899,node,Ravindra Nagara,13.0498855,77.5164759,,,bus_stop,,platform
433843828,node,Medarahalli Railway Gate,13.0762424,77.5050696,,,bus_stop,,
435688178,node,Ragi Machine,12.8916486,77.5603924,,,bus_stop,,platform
435688188,node,DAV Public School,12.8939792,77.5563911,,,bus_stop,,platform
435688194,node,Pipeline Vasanthapura,12.8950921,77.5550909,,,bus_stop,,platform
435688203,node,Vasanthapura,12.8963443,77.5524195,,,bus_stop,,platform
435688212,node,Yadalam Nagara,12.8964116,77.5483851,,,bus_stop,,platform
435688218,node,Subramanyapura KEB,12.8975842,77.5464565,,,bus_stop,,platform
435688219,node,Subramanyapura KEB,12.8976193,77.5463589,,,,,stop_position
435688236,node,Utharahalli,12.9049372,77.5434901,,,bus_stop,,
440678720,node,K Channsandra,13.0402048,77.6794539,,,bus_stop,,platform
440678727,node,Pooja Garden,13.0391332,77.6776432,,,,,stop_position
440678729,node,Pooja Garden,13.0391741,77.6775047,,,bus_stop,,platform
440690478,node,Horamavu Agara,13.0366459,77.6548087,,,bus_stop,,platform
440709566,node,Banjara Layout,13.0383011,77.6652515,,,bus_stop,,platform
442107175,node,Mini Tajmahal,13.0014282,77.6675075,,,bus_stop,,
442437973,node,Sri RajaRajeshwari colony,12.9882627,77.6786308,,,bus_stop,,
442438047,node,Ramamurthy Nagara Church,13.0117030,77.6790581,,,bus_stop,,platform
442438244,node,Thambuchetty Palya,13.0215083,77.7000989,,,bus_stop,,
442438265,node,Bhakthi Yoga Ashrama,13.0219780,77.6878004,,,bus_stop,,platform
442438284,node,Koshys Hospitals,13.0205470,77.6759774,,,bus_stop,,
442438292,node,Muneshwara Layout,13.0182036,77.6718331,,,bus_stop,,
443219990,node,HBR Layout Ist Stage,13.0211755,77.6249677,,,bus_stop,,
443241270,node,Chikka Banasawadi,13.0064054,77.6455841,,,bus_stop,,platform
443252765,node,Fairland Shop,12.9496465,77.6265836,,,bus_stop,,platform
443724378,node,Regulated Market,13.0229830,77.5500534,,,bus_stop,,platform
443807283,node,Krishnaiahnapalya,12.9953663,77.6521570,,,bus_stop,,
443807288,node,Banaswadi,13.0058357,77.6281321,station,,,,station
443811552,node,Channasandra,13.0118566,77.6628136,station,,,,station
444271384,node,Yesvantpur Junction,13.0239305,77.5512528,,,,,stop_position
446780153,node,MEI Factory,13.0267320,77.5433714,,,bus_stop,,platform
446781803,node,ISKCON Temple,13.0118550,77.5514407,,,bus_stop,,platform
446782729,node,Krishnananda Nagar (Police quarters),13.0189181,77.5400501,,,bus_stop,,platform
446784269,node,Ramakrishna Nagara,13.0202020,77.5350138,,,bus_stop,,
446784270,node,Jaibhuvaneshwari Nagar,13.0145156,77.5308407,,,bus_stop,,platform
446784272,node,Nandhini Layout Quaters,13.0107628,77.5338070,,,bus_stop,,platform
446791106,node,Lakshmidevi Nagar Cross,13.0189809,77.5226018,,,bus_stop,,
446791142,node,Swathantra Yodhara Nagar,13.0103801,77.5290268,,,bus_stop,,
446791144,node,Laggere,13.0152130,77.5293199,,,bus_stop,,
446791158,node,Kamalanagara,12.9969558,77.5273984,,,bus_stop,,platform
446791176,node,Havanuru Circle,12.9883126,77.5374346,,,bus_stop,,platform
446791181,node,Saneguruvana Halli,12.9890498,77.5425333,,,bus_stop,,
446791185,node,Dasarahalli,12.9851404,77.5427433,,,bus_stop,,
446791190,node,Manjunatha Nagar,12.9919438,77.5432725,,,bus_stop,,
446791191,node,ESI Hospital Rajajinagara (Towards Yashawanthapura),12.9916485,77.5508207,,,bus_stop,,platform
446791193,node,Manjunatha Nagara,12.9956021,77.5506629,,,bus_stop,,platform
446791195,node,Modi Hospital,12.9974325,77.5459103,,,,,stop_position
446791198,node,Navarang Theatre,12.9994184,77.5497993,,,bus_stop,,platform
446796164,node,JC Nagar,13.0034339,77.5372655,,,bus_stop,,platform
446796166,node,Shankara Matha,13.0021080,77.5407249,,,bus_stop,,
446796171,node,Galayara Balaga,13.0063048,77.5406215,,,bus_stop,,
446796173,node,Saraswathipuram,13.0092079,77.5382069,,,bus_stop,,platform
446796177,node,Mahalakshmi Layout,13.0119077,77.5440645,,,bus_stop,,platform
446796180,node,Shankar Nagar,13.0158357,77.5438924,,,bus_stop,,platform
446796182,node,Sonal Garments,13.0217404,77.5258111,,,bus_stop,,
446805853,node,Tata Tea,13.0326885,77.5409104,,,bus_stop,,
446805857,node,Mohan Kumar Nagar,13.0307503,77.5495369,,,bus_stop,,platform
446805859,node,Alidsa,13.0376067,77.5417542,,,bus_stop,,platform
446805862,node,Jalahalli Village Gate,13.0411408,77.5457631,,,bus_stop,,platform
446805864,node,Jalahalli Bakery,13.0426967,77.5504594,,,bus_stop,,platform
446805877,node,Chikkamaranahalli,13.0362217,77.5663481,,,,bus_station,station
446822786,node,Mysore Lamps,13.0134465,77.5605155,,,bus_stop,,platform
446865383,node,Chowdeshwari Nagar,13.0467217,77.5671136,,,bus_stop,,
446865388,node,Nagashettihalli,13.0472069,77.5793250,,,bus_stop,,
446865391,node,Devasandra,13.0365564,77.5663707,,,bus_stop,,
446865392,node,ITI Colony,13.0339065,77.5687730,,,bus_stop,,platform
446865400,node,UAS Campus,13.0300745,77.5870619,,,bus_stop,,platform
446865401,node,Ananda Nagar,13.0295976,77.5925517,,,bus_stop,,
446865402,node,CBI,13.0268657,77.5864354,,,bus_stop,,platform
446865403,node,Vasanthappa Block,13.0263240,77.5889682,,,bus_stop,,platform
446865404,node,Ganga Nagar,13.0206843,77.5886129,,,bus_stop,,
446892457,node,Jyothi Nagara 6th Cross,12.9576043,77.5234322,,,bus_stop,,
446941376,node,Mekhri Circle,13.0135799,77.5836905,,,bus_stop,,platform
446941377,node,Sadhashivanagara,13.0084825,77.5800648,,,bus_stop,,platform
446941379,node,TV Tower,13.0091619,77.5912345,,,bus_stop,,platform
446941380,node,Bashayam Circle,13.0049663,77.5812135,,,,,stop_position
446941382,node,Malleshwaram 15th Cross,13.0049476,77.5711671,,,bus_stop,,platform
446995784,node,Vyalikaval Police Station,13.0005071,77.5782091,,,bus_stop,,platform
446995789,node,Palace Guttahalli,12.9994890,77.5843469,,,bus_stop,,platform
446995793,node,RMS Sheshadripuram,12.9943817,77.5780701,,,bus_stop,,platform
446995794,node,Dattatreya Temple,12.9989456,77.5743026,,,bus_stop,,platform
446995800,node,8th Cross Malleshwaram,13.0003553,77.5653984,,,bus_stop,,platform
446995802,node,Devaiah Park,12.9964968,77.5630859,,,bus_stop,,stop_position
446995809,node,Basaveshwara College,12.9943751,77.5527944,,,bus_stop,,platform
446995812,node,Old Police Station Rajajinagara,12.9893370,77.5543331,,,bus_stop,,platform
446995820,node,"Aruna Talkies, Gandhi School",12.9884321,77.5665837,,,bus_stop,,platform
446995823,node,Bashyam Nagar,12.9907699,77.5679782,,,bus_stop,,platform
446995827,node,Bashyam Nagara Okalipuram,12.9872719,77.5676609,,,bus_stop,,platform
446995828,node,Ramachandra Pura Market,12.9856891,77.5630000,,,bus_stop,,
446995829,node,Malleshwaram Circle,12.9969268,77.5687532,,,bus_stop,,platform
446995830,node,Ramamandira,12.9934619,77.5681740,,,bus_stop,,platform
446995832,node,Chowdeshwari Temple,12.9949147,77.5663946,,,bus_stop,,platform
446995834,node,Malleshwaram Circle,12.9974389,77.5695102,,,bus_stop,,platform
447078372,node,MEI Polytechnic College,12.9847180,77.5569509,,,bus_stop,,platform
447180598,node,Jayanagar HBCS Layout,12.8926306,77.5429315,,,bus_stop,,platform
448117694,node,Old Gudahalli Cross,12.9601434,77.5549629,,,bus_stop,,platform
448132790,node,Balajinagara,12.9279748,77.6032967,,,bus_stop,,
452414811,node,Corporation Circle (Cubbon Park),12.9685475,77.5896602,,,bus_stop,,platform
454083696,node,Hennur Depot,13.0258248,77.6318246,,,bus_stop,,
456024917,node,Nandi Garden Kothanur,12.8675836,77.5657088,,,bus_stop,,platform
456024938,node,Kidwai Layout,12.8589342,77.5632589,,,bus_stop,,platform
457966789,node,Sports Authority of India,12.9415222,77.5157036,,,bus_stop,,
458134628,node,Maruthi Nagara,12.9618378,77.5216743,,,bus_stop,,platform
458151712,node,Saraswathi Nagara,12.9736313,77.5302829,,,bus_stop,,platform
469614003,node,Cunningham Road,12.9875909,77.5945006,,,bus_stop,,platform
471760581,node,Uttarahalli Bus Station,12.9052725,77.5432875,,,,bus_station,
493556426,node,,12.9196944,77.5923194,,,,,stop_position
493556432,node,Sangam Circle,12.9176076,77.5774567,,,,,stop_position
493556458,node,Sangam Circle,12.9176700,77.5774638,,,bus_stop,,platform
503002120,node,Ashraya Badavane,12.9886748,77.4726248,,,bus_stop,,
512100060,node,Hoodi Circle Bus Stop,12.9923439,77.7162959,,,bus_stop,,platform
514298503,node,Sadaramangala Cross,12.9977825,77.7368222,,,bus_stop,,
517325325,node,Chinmaya Mission Hospital,12.9784826,77.6462222,,,bus_stop,,platform
517874467,node,Mahila Samaja,12.9530434,77.5737413,,,bus_stop,,
521144263,node,Jalahalli Village,13.0452298,77.5479960,,,,bus_station,
524077013,node,Marenahalli Bus Stop,12.9171092,77.5887860,,,bus_stop,,platform
524080923,node,Ragigudda,12.9169845,77.5933628,,,bus_stop,,platform
524080930,node,East End Bus Stop,12.9171428,77.5969184,,,bus_stop,,platform
529015380,node,Devi Nagara Cross,13.0446421,77.5638436,,,bus_stop,,
529015416,node,Devi Nagara,13.0470509,77.5687712,,,bus_stop,,platform
529804682,node,JC Nagara,13.0067177,77.5929165,,,bus_stop,,platform
529804689,node,Mekhri Circle,13.0146244,77.5852695,,,bus_stop,,platform
543360915,node,Parvathi Nagara,13.0318204,77.7159596,,,bus_stop,,platform
555680756,node,Chokkanahalli,13.0847781,77.6270860,,,bus_stop,,
555700287,node,H Tippunagar,13.1008901,77.6437751,,,bus_stop,,
567320405,node,Belathuru,13.0043868,77.7565374,,,bus_stop,,platform
568344479,node,"Dr. B. R. Ambedkar Station, Vidhana Soudha",12.9779727,77.5911088,stop,,,,stop_position
568345184,node,Deepanjali Nagar,12.9520466,77.5370399,stop,,,,stop_position
568345526,node,Mysore Road,12.9466619,77.5300896,stop,,,,stop_position
568351345,node,South End Circle,12.9382620,77.5800772,stop,,,,stop_position
568362567,node,Yeshwantpur,13.0233685,77.5497480,stop,,,,stop_position
568363732,node,Baiyappanahalli,12.9906745,77.6523920,stop,,,,stop_position
569884933,node,Gayatri Layout,13.0140546,77.7095983,,,bus_stop,,
569886240,node,Kodigehalli,13.0038165,77.7273361,,,bus_stop,,
569886518,node,Sadaramangala,12.9995723,77.7367453,,,bus_stop,,
573433441,node,CSI Hospital,12.9897471,77.5993652,,,bus_stop,,platform
574368860,node,Nilgiri Wines,13.0757770,77.6050160,,,bus_stop,,
574368975,node,Surabhi Layout,13.0929358,77.6009735,,,bus_stop,,platform
574520928,node,Andrahalli Government School,13.0096301,77.4828987,,,,,stop_position
574522047,node,Syndicate Bank Colony,12.9978617,77.4894408,,,bus_stop,,platform
574529330,node,Balaji Nagar,13.0139019,77.4966426,,,bus_stop,,
574572438,node,Laggere Bridge,13.0085607,77.5268696,,,bus_stop,,platform
577019587,node,Central,12.9896127,77.5719793,,,bus_stop,,platform
577021934,node,Malleswaram Circle,12.9977309,77.5713107,,,bus_stop,,platform
582567147,node,Anandanagar,13.0329207,77.5919443,,,bus_stop,,platform
582576069,node,LR Bande home,13.0295410,77.6092934,,,bus_stop,,
582589270,node,Thimmayya Garden,13.0185344,77.5988368,,,bus_stop,,
596446558,node,Shivajinagar Bus Station,12.9834081,77.6031044,,,bus_stop,,platform
597363270,node,Hudson Circle,12.9679518,77.5911788,,,bus_stop,,platform
599212207,node,Balaji Nagara,13.0100902,77.4967077,,,bus_stop,,
599212408,node,Byraveshwara Nagara,13.0372658,77.4911456,,,bus_stop,,
599226618,node,Kalyananagara Bus Stand,13.0264671,77.6387345,,,bus_stop,,platform
599226685,node,Govinda Pura,13.0343322,77.6144323,,,bus_stop,,
599229323,node,Veterinary College,13.0324779,77.5875158,,,bus_stop,,platform
617540170,node,Veerabhadra Nagara,12.9378692,77.5335440,,,bus_stop,,platform
622361511,node,Parangipalya,12.9089682,77.6492718,,,bus_stop,,platform
648126737,node,Harohalli,13.1307980,77.5803711,,,bus_stop,,platform
648127816,node,Nagenahalli Nagadasanahalli,13.1311580,77.5743456,,,bus_stop,,
661987319,node,CQAL,13.0113270,77.5924253,,,bus_stop,,platform
663317710,node,St Marthas Hospital,12.9697786,77.5871659,,,bus_stop,,platform
663551440,node,Vidhana Soudha,12.9802701,77.5929782,,,bus_stop,,platform
663551443,node,Vidhana Soudha,12.9772093,77.5900021,,,bus_stop,,platform
663573137,node,Kasturba Road,12.9741152,77.5960335,,,bus_stop,,platform
663596610,node,Indian Express,12.9839163,77.5973764,,,bus_stop,,stop_position
665811373,node,KR Circle,12.9737987,77.5866865,,,,,stop_position
668972579,node,Goraguntepalya,13.0282471,77.5411923,stop,,,,stop_position
677286829,node,,12.9855479,77.5791192,,,bus_stop,,
683352655,node,"Lalbagh West Gate, V V Puram",12.9475769,77.5801087,,,bus_stop,,platform
683352664,node,Krumbigal Road,12.9531016,77.5836140,,,bus_stop,,platform
687434497,node,MD Block,12.9932110,77.5697205,,,bus_stop,,platform
693296243,node,,13.0004202,77.5636645,stop,,,,stop_position
699576784,node,Yelachenahalli,12.8960361,77.5701400,stop,,,,stop_position
699684277,node,BWSSB Quarters,12.9398137,77.5234553,,,bus_stop,,platform
699684331,node,Hosa Guddadahalli,12.9561513,77.5461656,,,bus_stop,,platform
699684333,node,Nayandahalli,12.9436734,77.5262824,,,bus_stop,,platform
699704112,node,Jayaram Das Factory,12.9297858,77.5056548,,,bus_stop,,platform
699704177,node,Mylasandra Cross,12.9171955,77.4905218,,,bus_stop,,platform
699704227,node,RV College,12.9253978,77.4995421,,,bus_stop,,platform
699704360,node,Kengeri TTMC,12.9137317,77.4871216,,,bus_stop,,platform
730673039,node,Hulimavu,12.8766497,77.6088757,,,bus_stop,,
733507095,node,Anjaneya Temple,12.9384714,77.5288048,,,bus_stop,,
774662335,node,Jalahalli Cross,13.0399581,77.5187543,,,bus_stop,,platform
806309412,node,Jalahalli Village,13.0452406,77.5481702,,,bus_stop,,
806588782,node,Bangalore City Junction,12.9783651,77.5681771,stop,,,,stop_position
806588784,node,Bangalore City Junction,12.9782669,77.5689394,stop,,,,stop_position
806588786,node,Bangalore City Junction,12.9783166,77.5692242,stop,,,,stop_position
806588787,node,Bangalore City Junction,12.9783553,77.5682244,stop,,,,stop_position
806588788,node,Bangalore City Junction,12.9784008,77.5678774,stop,,,,stop_position
806588789,node,Bangalore City Junction,12.9784045,77.5680070,stop,,,,stop_position
806588791,node,Yesvantpur Junction,13.0239297,77.5513762,,,,,stop_position
806588793,node,,13.0237906,77.5509811,,,,,stop_position
806588796,node,Bangalore City Junction,12.9783992,77.5680460,stop,,,,stop_position
806588798,node,Bangalore City Junction,12.9782835,77.5685839,stop,,,,stop_position
825452139,node,Whitefield,12.9705356,77.7499623,,,bus_stop,,platform
825452159,node,Hope Farm (Towards Hoskote),12.9843050,77.7515099,,,bus_stop,,platform
825452667,node,Kundalahalli Gate,12.9582966,77.7156081,,,bus_stop,,platform
825452795,node,Graphite India,12.9768724,77.7101792,,,bus_stop,,platform
825453211,node,Sai Baba Hospital,12.9824967,77.7278237,,,bus_stop,,platform
825453261,node,ITPL,12.9874754,77.7360728,,,bus_stop,,platform
825453269,node,GR Tech Park,12.9865160,77.7448169,,,bus_stop,,platform
832572481,node,Vagdevi School,12.9325003,77.7602838,,,bus_stop,,platform
844462413,node,Binnamangala,12.9831592,77.6378465,,,bus_stop,,platform
850751679,node,Ganga Nagar,13.0250650,77.5916809,,,bus_stop,,platform
850782866,node,Swami Vivekananda Road,12.9859128,77.6449072,stop,,,,stop_position
850782876,node,Mahatma Gandhi Road,12.9756285,77.6062979,stop,,,,stop_position
850782880,node,Indiranagar,12.9783079,77.6386592,stop,,,,stop_position
953638201,node,Muneshwara Block,12.9423156,77.5485840,,,bus_stop,,platform
953687118,node,Hosakerehalli Cross,12.9326884,77.5452951,,,bus_stop,,
953688689,node,SBM Colony,12.9386882,77.5535885,,,bus_stop,,
954610622,node,Srinagar Bus Station,12.9444378,77.5546637,,,,bus_station,
954610757,node,Apex Bank,12.9417810,77.5558894,,,bus_stop,,platform
954619918,node,Maruthi Circle,12.9433335,77.5581671,,,bus_stop,,platform
954620241,node,Subramanya Swamy Temple,12.9435401,77.5618941,,,bus_stop,,platform
954621288,node,Ganesha Bhavan,12.9437945,77.5642273,,,bus_stop,,platform
954627609,node,"Avalahalli Cross, Girinagar Cross",12.9432005,77.5450571,,,bus_stop,,
954627990,node,"Nagendra Block,Banashankari 3Rd Stage",12.9420196,77.5520030,,,bus_stop,,platform
956000803,node,Karnataka Housing Complex,12.9453201,77.6228551,,,bus_stop,,platform
956271888,node,Ejipura School,12.9427087,77.6307137,,,bus_stop,,platform
959499423,node,Puttenahalli,13.1105278,77.5799898,,,bus_stop,,platform
959509849,node,Puttenahalli,13.1106047,77.5801020,,,bus_stop,,platform
959509884,node,Wheel And Axle Plant,13.1062538,77.5820759,,,bus_stop,,platform
959510013,node,Escorts Yelahanka Road,13.1024542,77.5861962,,,bus_stop,,platform
974941186,node,Hoodi Circle,12.9922796,77.7154286,,,bus_stop,,platform
1000885798,node,Graphite India,12.9782357,77.7103731,,,bus_stop,,platform
1010036512,node,,12.9919287,77.7151394,,,,,stop_position
1054665084,node,Widia School,13.0489301,77.4973612,,,bus_stop,,
1054687321,node,Nagarbhavi Village,12.9588588,77.5167104,,,bus_stop,,platform
1054687629,node,Nagarabhavi Village,12.9569358,77.5161259,,,bus_stop,,platform
1054687777,node,Nrupatunga Nagar,12.9583156,77.5093107,,,bus_stop,,platform
1054687798,node,Nagarabhavi 1st Stage 3rd Block,12.9521436,77.5204180,,,bus_stop,,platform
1054687802,node,Nagarabhavi 1st Stage 3rd Block,12.9516696,77.5212224,,,bus_stop,,platform
1067189842,node,Chinnappa Garden,13.0030365,77.6035146,,,bus_stop,,platform
1067190323,node,Marappa Garden,13.0044872,77.5998357,,,bus_stop,,platform
1067841650,node,Brigade Road,12.9715106,77.6067611,,,bus_stop,,platform
1070314207,node,Banashankari TTMC,12.9172350,77.5738847,,,bus_stop,,platform
1070314214,node,Banashankari Bus Station (Towards Kadirenahalli),12.9166305,77.5730685,,,bus_stop,,platform
1070314236,node,Banashankari TTMC,12.9175634,77.5732782,,,bus_stop,,platform
1070314237,node,Banashankari,12.9152186,77.5736205,stop,,,,stop_position
1070361680,node,St. John's Hospital,12.9293446,77.6158906,,,bus_stop,,platform
1070361737,node,Koramangala Water Tank,12.9291313,77.6214852,,,bus_stop,,platform
1078253111,node,Ramagondanahalli,12.9570490,77.7401767,,,bus_stop,,platform
1078399215,node,BEL Circle,13.0438058,77.5581362,,,bus_stop,,platform
1085530276,node,Binnypet,12.9643587,77.5614856,,,bus_stop,,platform
1087823607,node,"Sir M. Visvesvaraya Stn., Central College",12.9745014,77.5842326,stop,,,,stop_position
1093360265,node,EPIP Bus Stop,12.9766082,77.7232679,,,bus_stop,,platform
1096956274,node,Government Soap Factory,13.0131425,77.5544949,,,bus_stop,,platform
1097017947,node,Nandini Layout Ring Road,13.0146762,77.5306311,,,,,stop_position
1097018103,node,Mahalakshmi Layout,13.0118943,77.5438575,,,bus_stop,,stop_position
1098024028,node,I Gate ITPL Road,12.9773007,77.7192566,,,bus_stop,,platform
1104241017,node,Prajwal School,12.9918797,77.7565205,,,bus_stop,,platform
1108008962,node,Pipeline RPC layout,12.9677004,77.5450862,,,bus_stop,,platform
1110308998,node,Nice Road Junction,12.9043928,77.4704723,,,bus_stop,,platform
1110309093,node,BMTC Depot-12 Gate,12.9068713,77.4734496,,,bus_stop,,platform
1110309118,node,Kengeri Police Station,12.9103981,77.4842374,,,bus_stop,,platform
1110309129,node,Nice Road Junction,12.9045073,77.4706865,,,bus_stop,,platform
1115282604,node,Mahadevapura,12.9973474,77.6907375,,,bus_stop,,platform
1127347248,node,I Gate ITPL Road,12.9770273,77.7193814,,,bus_stop,,platform
1131031327,node,Bhoruka Steel Limited Bus Stop,12.9928084,77.7076619,,,bus_stop,,platform
1147826160,node,Lottegollahalli,13.0435475,77.5630040,,,,,stop_position
1148858382,node,Kashinagara,12.8986418,77.5665904,,,bus_stop,,
1156224150,node,Pothalappa Garden,12.9484939,77.6062387,,,,,stop_position
1176722296,node,Malleshwaram 8th Cross,12.9998968,77.5694116,,,bus_stop,,platform
1177154434,node,Baiyyappanahalli Junction,12.9911515,77.6518251,stop,,,,stop_position
1177155562,node,Baiyyappanahalli Junction,12.9912092,77.6517139,station,,,,station
1177705836,node,Whitefield,12.9963995,77.7614229,station,,,,station
1185757004,node,Indiranagar 6th Main,12.9740536,77.6411934,,,bus_stop,,platform
1210179996,node,Bhagya Nagara,12.8609150,77.5853472,,,,,stop_position
1232740597,node,Indiranagar 6th main,12.9736260,77.6409736,,,bus_stop,,platform
1232907904,node,Hebbal BIAS,13.0429393,77.5901048,,,bus_stop,,platform
1232907961,node,Hebbal,13.0424763,77.5861978,,,,,stop_position
1282881207,node,Domlur Bridge,12.9583971,77.6413321,,,bus_stop,,platform
1285970605,node,Hullala Cross,12.9518239,77.4777583,,,bus_stop,,
1285970643,node,Bhuvaneshwari Nagara 2nd Stage,12.9425223,77.4869048,,,bus_stop,,platform
1285970661,node,Ullalu,12.9557008,77.4801715,,,bus_stop,,platform
1285970677,node,Mallathahalli,12.9588350,77.5006817,,,bus_stop,,
1285970704,node,Bilikallu,12.9748467,77.4797790,,,bus_stop,,
1290058665,node,Hockey Ground,12.9894017,77.6160405,,,bus_stop,,
1299725610,node,Canara Bank Hebbal,13.0359019,77.5892700,,,bus_stop,,platform
1307680256,node,,12.9303421,77.5533292,,,bus_stop,,
1318917198,node,Gubbalala Cross,12.8844598,77.5516935,,,bus_stop,,
1318987637,node,Konanakunte Cross,12.8901806,77.5641528,,,bus_stop,,platform
1323690429,node,Makkala Koota,12.9576092,77.5736663,,,bus_stop,,platform
1326430789,node,Shobha Tulip JP Nagara,12.8977428,77.5859590,,,bus_stop,,platform
1331946775,node,Nandini Hotel JP Nagara,12.9054868,77.5857678,,,,,stop_position
1333606520,node,15th Cross Malleshwaram,13.0064485,77.5645696,,,bus_stop,,platform
1336663427,node,Chunchaghatta,12.8854954,77.5750342,,,bus_stop,,
1336687526,node,Adithya Nagara,12.8760626,77.5737784,,,bus_stop,,platform
1339602948,node,Cosmos,12.9650143,77.7183991,,,,,platform
1363295016,node,Basava Bhavan,12.9857937,77.5884792,,,bus_stop,,platform
1368117334,node,Ramagondanahalli Varthuru,12.9570526,77.7412468,,,bus_stop,,platform
1368828989,node,Hope Farm,12.9840364,77.7524221,,,bus_stop,,platform
1368829019,node,Hope Farm (Towards Chikka Thirupathi),12.9835493,77.7536745,,,bus_stop,,platform
1368829031,node,Hope Farm,12.9838863,77.7516712,,,bus_stop,,platform
1368829037,node,Hope Farm,12.9840547,77.7526879,,,bus_stop,,platform
1370783365,node,Kanaka Nagar,13.0395699,77.6073304,,,bus_stop,,
1382502116,node,CMRIT,12.9677017,77.7140693,,,bus_stop,,platform
1382502171,node,CMRIT,12.9675475,77.7142023,,,bus_stop,,platform
1382528617,node,ITPL Back Gate,12.9862452,77.7316850,,,bus_stop,,platform
1382528650,node,ITPL Back Gate,12.9864828,77.7315457,,,bus_stop,,platform
1383042530,node,Timber Yard Layout,12.9480720,77.5430925,,,bus_stop,,
1384732673,node,MVJ College,12.9829217,77.7617553,,,bus_stop,,platform
1388142920,node,Ramanjaneya Layout Cross,12.9145870,77.5471118,,,bus_stop,,platform
1388143410,node,Mahesh Medicals,12.9140778,77.5499424,,,bus_stop,,platform
1397248004,node,Vinayaka Nagara Telecom Layout,12.8993288,77.5913849,,,bus_stop,,
1414325865,node,Hemmigepura,12.8820567,77.4848368,,,bus_stop,,platform
1417340828,node,Kudlu Gate,12.8895775,77.6394582,,,bus_stop,,platform
1420113193,node,HAL 2nd Stage,12.9636711,77.6414969,,,bus_stop,,platform
1422403248,node,Sultanpalya Cross Pushpanjali Talkies,13.0221707,77.6022429,,,bus_stop,,platform
1426776304,node,Murugeshpallya,12.9592148,77.6561107,,,bus_stop,,platform
1428116573,node,Mangammanapalya,12.9070833,77.6351607,,,,bus_station,
1435578889,node,Mekhri Circle,13.0198429,77.5839399,,,,,stop_position
1436191050,node,Sadananda Nagar Bus Stop,12.9962665,77.6571776,,,bus_stop,,
1437223296,node,Lalbagh,12.9465345,77.5800377,stop,,,,stop_position
1442068021,node,Lalbagh Siddapura (Lalbagh East Gate),12.9461961,77.5881666,,,bus_stop,,
1442068029,node,"Madavan Park, Jayanagara 3Rd Block",12.9367107,77.5837112,,,bus_stop,,
1442068030,node,Wilson Garden 10th Cross,12.9465769,77.5959207,,,bus_stop,,platform
1442068036,node,Ashoka Pillar,12.9432815,77.5853342,,,bus_stop,,platform
1442068037,node,Ashoka Pillar,12.9437023,77.5846389,,,bus_stop,,platform
1448634282,node,Byrasandra,12.9330035,77.5895276,,,bus_stop,,platform
1448635322,node,Lakkasandra,12.9438411,77.5970971,,,bus_stop,,platform
1448635327,node,Lakkasandra,12.9429415,77.5973913,,,bus_stop,,platform
1454651907,node,HAL Main Gate,12.9583169,77.6658243,,,bus_stop,,platform
1454651909,node,Command Hospital,12.9645337,77.6257392,,,bus_stop,,platform
1463626190,node,Echal Mara Vidyaranyapura,13.0795041,77.5592368,,,bus_stop,,platform
1463736886,node,Lottegollahalli,13.0434700,77.5630839,station,,,,station
1463770311,node,Shanthi Park Apartments,12.9170791,77.5910055,,,bus_stop,,platform
1464908663,node,Tata Silk Farm,12.9360201,77.5738080,,,bus_stop,,platform
1464922039,node,MM industries,12.9292820,77.5737367,,,bus_stop,,platform
1464962566,node,Koramangala Police Station,12.9410328,77.6207095,,,bus_stop,,platform
1465059596,node,St. Theresa Hospital,13.0064815,77.5542161,,,bus_stop,,platform
1466724591,node,"Nirmala Stores, Hanumantha Nagara",12.9416092,77.5593470,,,bus_stop,,platform
1466857947,node,16th Main BTM Layout,12.9167951,77.6093088,,,bus_stop,,platform
1467246058,node,HAL Main Gate,12.9585349,77.6667825,,,bus_stop,,platform
1468911089,node,Dhobi Ghat Rajajinagara,12.9866618,77.5497593,,,bus_stop,,platform
1468911091,node,Dasarahalli Kere,12.9850456,77.5450126,,,bus_stop,,
1468911092,node,Dhobi Ghat Rajajinagara,12.9871136,77.5508110,,,bus_stop,,platform
1469196565,node,Coles Park,12.9932421,77.6098881,,,bus_stop,,platform
1470544932,node,Mahalakshmi Layout Entrance,13.0077115,77.5481333,,,bus_stop,,platform
1470547294,node,Harishchandra Ghat Bus Stop,12.9973631,77.5601119,,,bus_stop,,stop_position
1471128637,node,Koramangala Kalyana Mantapa,12.9370255,77.6182202,,,bus_stop,,platform
1471687832,node,Bommanahalli,12.9048620,77.6300651,,,bus_stop,,platform
1471776617,node,Srinivasa Temple,13.0085772,77.5439447,,,bus_stop,,platform
1471781029,node,1st Block Rajajinagara Diacon Hospital,13.0037738,77.5499931,,,bus_stop,,platform
1471781253,node,Domlur Herohonda Stop,12.9545191,77.6414375,,,bus_stop,,platform
1471813604,node,Singasandra,12.8773381,77.6469899,,,bus_stop,,platform
1472134470,node,Amrutha Nagar,13.0580537,77.5985128,,,bus_stop,,
1472141960,node,Aralekatte Bus Stop,12.8797812,77.6245363,,,bus_stop,,
1472791595,node,Whitefield,12.9705300,77.7500200,,,,,stop_position
1472871827,node,Kormangala 7th Block,12.9302496,77.6332091,,,bus_stop,,platform
1472871982,node,Wipro Park,12.9288562,77.6332979,,,bus_stop,,platform
1472934564,node,Yelenahalli Bus Stop,12.8678276,77.6159932,,,bus_stop,,
1473053490,node,BMTC,13.0367319,77.5237031,,,,bus_station,
1473255017,node,Srinagara Bus Station,12.9442619,77.5545923,,,bus_stop,,platform
1473298100,node,Garavebhavipalaya,12.8962931,77.6357338,,,bus_stop,,platform
1473298101,node,Madiwala Market,12.9214943,77.6211976,,,bus_stop,,platform
1473879998,node,Jayanagar 5th Block,12.9172031,77.5849405,,,bus_stop,,platform
1473896296,node,Kurubarahalli Main Road,13.0008414,77.5359036,,,bus_stop,,platform
1473995564,node,"Indira Gandhi Circle, Shakambari Nagara",12.9109432,77.5787511,,,bus_stop,,
1473998140,node,Sangam Circle,12.9170647,77.5785453,,,bus_stop,,platform
1474220561,node,HAL 2nd Stage,12.9698439,77.6411842,,,bus_stop,,platform
1474432219,node,Jyothi Nivas College,12.9356088,77.6145966,,,bus_stop,,platform
1474819890,node,Manjunatha Nagara,12.9958434,77.5507765,,,bus_stop,,platform
1474821305,node,Rajajinagara Industrial Town,12.9844416,77.5483635,,,,,platform
1474821314,node,Industrial Area Rajajiangara,12.9819588,77.5492029,,,bus_stop,,platform
1474827877,node,Prasanna Talkies,12.9740655,77.5513914,,,bus_stop,,platform
1474827886,node,Manu Vana,12.9738809,77.5418392,,,bus_stop,,platform
1474835640,node,Vijayanagar,12.9734849,77.5384944,,,bus_stop,,platform
1474835884,node,Maruti Mandira,12.9677402,77.5360222,,,bus_stop,,platform
1474854780,node,Income Tax Layout,12.9600015,77.5317178,,,bus_stop,,platform
1474854781,node,BHEL Gate,12.9481302,77.5349754,,,bus_stop,,platform
1474854800,node,Deepanjalinagara,12.9537543,77.5363876,,,bus_stop,,platform
1474854807,node,Rajarajeshwarinagara Gate,12.9355816,77.5184637,,,bus_stop,,platform
1474863985,node,Jai Bharath Nagar,13.0013972,77.6300243,,,bus_stop,,platform
1474864004,node,Maruthi Sevanagar,13.0027048,77.6346165,,,bus_stop,,platform
1474864012,node,Maruthi Sevanagar,13.0026039,77.6347249,,,bus_stop,,platform
1474864013,node,Jai Bharath Nagara,13.0015258,77.6299816,,,bus_stop,,platform
1474877585,node,Kacharakanahalli,13.0210038,77.6298897,,,bus_stop,,
1474877609,node,Jyothi School,13.0166850,77.6294852,,,bus_stop,,
1485686845,node,Nagasandra,13.0479782,77.5001473,stop,,,,stop_position
1485686846,node,Peenya Industry,13.0363428,77.5255280,stop,,,,stop_position
1485686875,node,Jeevanahalli,12.9949718,77.6280208,,,bus_stop,,platform
1485686896,node,Dasarahalli,13.0432956,77.5125628,stop,,,,stop_position
1485692812,node,Munikondappa Badavane,13.0440634,77.5179214,,,bus_stop,,
1485692894,node,Shettty Halli,13.0647697,77.5173296,,,bus_stop,,platform
1485692927,node,Medarahalli Railway Cross,13.0672443,77.5159428,,,bus_stop,,platform
1485693042,node,Chikka Banawara Railway Gate,13.0753344,77.5045233,,,bus_stop,,platform
1488405361,node,Indira Nagar Police Station,12.9829803,77.6378479,,,bus_stop,,platform
1488405362,node,Double Road Indiranagara,12.9781439,77.6362677,,,bus_stop,,platform
1488405363,node,Indira Nagar Double Road,12.9782961,77.6369094,,,bus_stop,,platform
1504737976,node,Siddapura (towards Whitefield),12.9564443,77.7323989,,,bus_stop,,platform
1508833352,node,Jagadeesha nagar,12.9716047,77.6656229,,,bus_stop,,
1511677052,node,Siddaganga School,12.9545130,77.5224516,,,bus_stop,,
1512572147,node,Vinayaka Layout,12.9656210,77.5304054,,,bus_stop,,
1517886988,node,Moodalapalya,12.9706816,77.5248635,,,bus_stop,,platform
1520838605,node,Dhobi Ghat Rajajinagara,12.9855178,77.5491170,,,bus_stop,,platform
1520838870,node,Rama Mandira Rajajinagara,12.9861053,77.5564240,,,bus_stop,,platform
1521036512,node,Magadi Road 5th Cross,12.9757998,77.5605585,,,bus_stop,,platform
1521343675,node,Magadi Road 10th Cross,12.9757116,77.5567775,,,bus_stop,,platform
1522519253,node,Basavanagudi Police Station,12.9411299,77.5736696,,,bus_stop,,platform
1523557809,node,Military Accounts Office,12.9655617,77.6173316,,,bus_stop,,platform
1523569750,node,Vydehi Hospital,12.9769458,77.7267713,,,bus_stop,,platform
1524381509,node,National College,12.9505258,77.5737120,stop,,,,stop_position
1524381523,node,Krishna Rajendra Market,12.9608898,77.5746822,stop,,,,stop_position
1526010059,node,CPRI,13.0146911,77.5750744,,,bus_stop,,platform
1529386309,node,Kuvempunagar 2nd Stage,13.0730486,77.5413377,,,,bus_station,
1548300484,node,Chickpete,12.9669240,77.5745737,stop,,,,stop_position
1548828179,node,Mantri Square Sampige Road,12.9904754,77.5707615,stop,,,,stop_position
1551513238,node,Cauvery Nagara,12.9998012,77.5305215,,,bus_stop,,platform
1552140883,node,Dattatraya Nagara Temple,12.9239853,77.5405419,,,bus_stop,,
1554171872,node,Jai Maruthi Nagara,13.0099244,77.5325737,,,bus_stop,,
1557118559,node,Sakamma Badavane,13.0087813,77.5304051,,,bus_stop,,
1557141963,node,Hegganahalli Cross,12.9997138,77.5041185,,,bus_stop,,platform
1557169959,node,Neelagiri Thopu,12.9958612,77.5025557,,,bus_stop,,platform
1557176710,node,Kebbala,12.9874640,77.5044863,,,bus_stop,,
1557273055,node,Saraswathipuram,13.0091460,77.5382946,,,,,stop_position
1557291133,node,Shoolay Circle,12.9658793,77.6067323,,,bus_stop,,platform
1557409984,node,Kareem Sab Layout,13.0040640,77.5097263,,,bus_stop,,
1557441501,node,MEI Colony,13.0200072,77.5207089,,,bus_stop,,
1559233299,node,Rajkumar Samadhi,13.0185590,77.5319991,,,bus_stop,,platform
1560067666,node,Krantivira Sangolli Rayanna Railway Station,12.9758581,77.5653792,stop,,,,stop_position
1562366308,node,Lakshmidevi Nagara,13.0155262,77.5262039,,,bus_stop,,stop_position
1563789423,node,Rajani Farm,13.0197535,77.5190795,,,bus_stop,,
1564615106,node,Rajagopalanagar Rajni Farms,13.0140998,77.5090774,,,bus_stop,,platform
1565099078,node,Srirampura,12.9964948,77.5632993,stop,,,,stop_position
1565099087,node,Attiguppe,12.9618581,77.5335932,stop,,,,stop_position
1565099088,node,Vijayanagara,12.9709391,77.5374285,stop,,,,stop_position
1565099091,node,Mahalakshmi,13.0080714,77.5488245,stop,,,,stop_position
1565099095,node,Sandal Soap Factory,13.0147177,77.5540284,stop,,,,stop_position
1565099104,node,Rashtreeya Vidyalaya Road,12.9213328,77.5802892,stop,,,,stop_position
1565099119,node,Jaya Prakash Nagar,12.9074812,77.5731495,stop,,,,stop_position
1565099120,node,Rajajinagar,13.0005359,77.5496996,stop,,,,stop_position
1565099131,node,Jayanagar,12.9295069,77.5801653,stop,,,,stop_position
1565099143,node,"Sri Balagangadharanatha Swamiji Stn., Hosahalli",12.9741737,77.5456189,stop,,,,stop_position
1565099154,node,Mahakavi Kuvempu Road,12.9985238,77.5568794,stop,,,,stop_position
1565099155,node,Jalahalli,13.0394442,77.5197626,stop,,,,stop_position
1568922532,node,Town Hall,12.9636018,77.5844925,,,bus_stop,,platform
1569089718,node,Srirama Reddy Layout,12.9717699,77.6815882,,,bus_stop,,platform
1572372510,node,Shanthi Layout,13.0162427,77.6832961,,,bus_stop,,
1573975041,node,Garudachar Palya,12.9938939,77.7017553,,,bus_stop,,platform
1575610024,node,Veeranna Palya,12.9749168,77.4999947,,,bus_stop,,
1576856364,node,Seetharampalya,12.9813697,77.7086129,stop,,,,stop_position
1576912366,node,Rajarajeshwari Nagar,12.9366362,77.5196666,stop,,,,stop_position
1576912437,node,Pantharapalya - Nayandahalli,12.9416608,77.5251270,stop,,,,stop_position
1576973980,node,Manjunathanagara,13.0500898,77.4944461,station,subway,,,station
1582763004,node,Kempapura,13.0483980,77.6070501,,,bus_stop,,
1582763025,node,HMT House,13.0498196,77.6000149,,,bus_stop,,
1588411575,node,Vigneshwara Nagara,12.9944842,77.5044409,,,bus_stop,,
1593070943,node,Thigalara Palya,13.0170955,77.4829741,,,bus_stop,,platform
1593070948,node,Anjaneya Temple Thigalarapalya,13.0137955,77.4834818,,,,,stop_position
1594859769,node,G Hosahalli,12.9952430,77.4782820,,,bus_stop,,
1596104432,node,Kempapura Hebbala,13.0500036,77.5931768,,,bus_stop,,platform
1597376640,node,Upkar Residency Layout,12.9607352,77.4831822,,,bus_stop,,platform
1597612576,node,Lido,12.9735287,77.6199691,,,bus_stop,,platform
1597612577,node,,12.9792372,77.6291994,,,bus_stop,,platform
1597612578,node,Binnamangala,12.9836621,77.6392171,,,bus_stop,,platform
1597612579,node,NGEF,12.9878506,77.6497862,,,bus_stop,,platform
1597612580,node,Srinivasapura,12.9900587,77.6545382,,,bus_stop,,platform
1597724579,node,Bramha Devara Gudda,12.9749037,77.4754314,,,bus_stop,,
1607671442,node,Tavarekere Mori,12.9251875,77.6088054,,,bus_stop,,platform
1607769466,node,Old Gurrappana Palya,12.9205453,77.6052581,,,bus_stop,,
1615691775,node,Ambedkar Institute of Technology,12.9630301,77.5050255,,,,,stop_position
1617749837,node,Johnson Market,12.9633607,77.6066752,,,bus_stop,,platform
1617752128,node,Nanjappa Circle,12.9604441,77.6010513,,,bus_stop,,platform
1624006354,node,Government Soap Factory,13.0132261,77.5536626,,,bus_stop,,platform
1624006386,node,Govardhan Talkies,13.0178803,77.5537255,,,,,stop_position
1632815594,node,Krishnarajendra Market,12.9639785,77.5766596,,,bus_stop,,platform
1635323067,node,Dubasi Palya,12.9274161,77.4951526,,,bus_stop,,
1635922811,node,Trinity Circle,12.9727753,77.6205794,,,bus_stop,,platform
1635922819,node,Trinity Circle,12.9731715,77.6220531,,,bus_stop,,platform
1650296781,node,Subbaiah Circle,12.9626801,77.5907910,,,bus_stop,,platform
1657126257,node,Carmel Convent,12.9263392,77.5972171,,,bus_stop,,platform
1661806667,node,Avalahalli New BDA Layout,12.9433213,77.5366913,,,bus_stop,,
1675238674,node,NDDA,12.9443971,77.6206844,,,bus_stop,,platform
1681763325,node,Bagalagunte Village,13.0571339,77.5019090,,,bus_stop,,
1681763509,node,MEI Layout,13.0607746,77.5009314,,,bus_stop,,
1681763531,node,Sidedahalli,13.0625424,77.4953754,,,bus_stop,,platform
1681763604,node,Meenakshi Layout,13.0654340,77.4927168,,,bus_stop,,platform
1681877270,node,Benniganahalli,12.9946174,77.6638835,,,bus_stop,,platform
1681877283,node,Benniganahalli,12.9942812,77.6640408,,,bus_stop,,platform
1694231761,node,Whitefield,12.9693020,77.7499980,,,bus_stop,,platform
1698055294,node,Halasuru,12.9781648,77.6282801,,,bus_stop,,platform
1719192260,node,Summanahalli,12.9878105,77.5191074,,,,,stop_position
1722627985,node,Sultanpalya,13.0266392,77.6039706,,,bus_stop,,platform
1723780075,node,Roopena Agrahara,12.9117119,77.6258541,,,bus_stop,,platform
1723780077,node,Roopena Agrahara,12.9119896,77.6260402,,,bus_stop,,platform
1723812996,node,Silk Board,12.9167972,77.6235628,,,bus_stop,,platform
1723813009,node,Bommanahalli,12.9053733,77.6301576,,,bus_stop,,platform
1723844502,node,Garavebhavipalaya,12.8962015,77.6353965,,,bus_stop,,platform
1725691266,node,Kudlu Gate,12.8899174,77.6396808,,,bus_stop,,platform
1727454962,node,Singasandra,12.8787449,77.6465392,,,bus_stop,,platform
1730792484,node,GKVK Gate,13.0730444,77.5924255,,,bus_stop,,platform
1739362330,node,Town Hall,12.9639001,77.5842677,,,bus_stop,,platform
1741234403,node,Indira Nursing Home,12.9292591,77.5641724,,,bus_stop,,platform
1741240140,node,BDA Complex,12.9245175,77.5647659,,,bus_stop,,
1741258860,node,Post Office Stop,12.9262173,77.5698786,,,bus_stop,,platform
1748652137,node,Canara Bank Hebbala,13.0360866,77.5888569,,,bus_stop,,platform
1749470458,node,Canara Bank Millers Road,12.9956592,77.6013825,,,bus_stop,,platform
1778901278,node,"Saraswathi Nagar, Police Chowky",12.9719567,77.5290443,,,bus_stop,,
1778949338,node,Hampinagara Bus Stand,12.9585853,77.5357223,,,bus_stop,,platform
1782180090,node,Rama Mandira Chamarajapet,12.9569707,77.5638441,,,bus_stop,,platform
1789736226,node,Mysore Road Bus Station,12.9534085,77.5435706,,,,bus_station,
1789912200,node,Nagavara Junction,13.0407277,77.6244203,,,bus_stop,,platform
1791639737,node,Indian Oil,13.0054360,77.6384434,,,bus_stop,,platform
1794141124,node,Sumanahalli,12.9867833,77.5207241,,,bus_stop,,platform
1794142525,node,Summanahalli,12.9867218,77.5195211,,,bus_stop,,platform
1794144895,node,Summanahalli,12.9876896,77.5191931,,,bus_stop,,stop_position
1794170293,node,,13.0081727,77.5056024,,,bus_stop,,
1794171016,node,Peenya 2nd Stage,13.0108586,77.5069287,,,,bus_station,
1794666952,node,Rajagopalanagara Police Station,13.0237865,77.5217729,,,bus_stop,,platform
1794666961,node,Kanteerava Nagar,13.0216202,77.5269261,,,bus_stop,,platform
1794666975,node,Devasthana,13.0209486,77.5294031,,,bus_stop,,platform
1806969494,node,Binny Mill,12.9706230,77.5662423,,,bus_stop,,platform
1808894959,node,Cox Town Water Tank,12.9943830,77.6267752,,,bus_stop,,platform
1809622906,node,Dasarahalli,12.9785071,77.5427848,,,bus_stop,,
1809669647,node,Kamalanagar 8th Main,12.9919287,77.5385230,,,bus_stop,,stop_position
1809694363,node,GKW Layout,12.9682338,77.5285165,,,bus_stop,,
1809698937,node,Maruthi Mandira,12.9676629,77.5362837,,,,,stop_position
1809724440,node,Marenahalli,12.9699014,77.5320623,,,bus_stop,,
1809760719,node,Jagajeevanram Nagara,12.9645656,77.5550387,,,bus_stop,,platform
1809771508,node,SRS Bus Station,12.9803795,77.5760204,,,,bus_station,
1809771510,node,VRL Bus Station,12.9803246,77.5754733,,,,bus_station,
1812680510,node,Padmanabha Nagar (12B Stop),12.9185388,77.5597183,,,bus_stop,,
1820408689,node,Magadi Road,12.9756080,77.5553564,stop,,,,stop_position
1820410900,node,1st Cross Magadi Road,12.9756889,77.5636781,,,bus_stop,,platform
1820411782,node,5th Cross Magadi Road,12.9756577,77.5603926,,,bus_stop,,platform
1820411843,node,10th Cross Magadi Road,12.9755367,77.5564866,,,bus_stop,,platform
1820425367,node,Prasanna Talkies,12.9740730,77.5509453,,,bus_stop,,platform
1820435756,node,Toll Gate,12.9746245,77.5490047,,,bus_stop,,platform
1835344435,node,Arehalli,12.9084977,77.5385120,,,bus_stop,,platform
1835344670,node,Ashrama Savandarbar,12.9096102,77.4923086,,,bus_stop,,platform
1835344726,node,Prarthana School,12.9115581,77.5582157,,,bus_stop,,platform
1835344839,node,Yarab Nagara,12.9158217,77.5693057,,,bus_stop,,platform
1835344951,node,Raja Rajeshwari School,12.9296555,77.5147243,,,bus_stop,,platform
1835530182,node,Glass House Halage Vaderahalli,12.9067912,77.5122943,,,bus_stop,,platform
1835530191,node,BHEL Concrode Layout,12.9078152,77.5094358,,,bus_stop,,platform
1835530545,node,Pattanagere,12.9195676,77.5115655,,,bus_stop,,
1835530763,node,Raja Rajeshwari Temple,12.9269842,77.5111944,,,bus_stop,,platform
1836940132,node,Hanumantha Nagara Ward Office,12.9433354,77.5658489,,,bus_stop,,
1836940205,node,"Lalbagh West Gate, V V Puram",12.9495184,77.5799728,,,,,stop_position
1836940228,node,Jinke vana,12.9505683,77.5554901,,,bus_stop,,platform
1836940301,node,Minerva Circle,12.9549720,77.5804651,,,bus_stop,,
1836940316,node,"TR Mill, Raghavendra Colony",12.9573809,77.5592031,,,bus_stop,,platform
1836982757,node,AGS Layout Cross,12.9135288,77.5408913,,,bus_stop,,
1836982798,node,Haridasa Nagara,12.9186152,77.5273725,,,bus_stop,,
1836982885,node,Krishnappa Layout,12.9230604,77.5295868,,,bus_stop,,
1836982933,node,Shaneshwara Temple,12.9265150,77.5313975,,,bus_stop,,
1836983010,node,Muneshwara Nagara Kerekodi,12.9295271,77.5351394,,,bus_stop,,
1836983053,node,Muneshwara Temple,12.9307461,77.5337319,,,bus_stop,,
1836983057,node,Hosakerehalli,12.9304642,77.5396411,,,bus_stop,,platform
1837005146,node,Madivala Masjid,12.9248868,77.6185410,,,bus_stop,,platform
1837005174,node,Jayanagara 4th Block,12.9289970,77.5861425,,,bus_stop,,platform
1837284564,node,Maruthi Badavane,12.8400106,77.5806403,,,bus_stop,,platform
1837297436,node,ITI Colony Gate,13.0054859,77.6852333,,,bus_stop,,platform
1837297467,node,Krishnarajapuram,13.0082237,77.6952052,,,bus_stop,,
1837395715,node,Wilson Garden 14th cross,12.9466304,77.6002559,,,bus_stop,,platform
1837445442,node,MG Road Parade Ground,12.9756214,77.6061031,,,bus_stop,,
1837693698,node,Horamavu Junction,13.0194127,77.6557513,,,bus_stop,,platform
1837693699,node,Vijaya Bank Colony,13.0171497,77.6603370,,,bus_stop,,platform
1837693733,node,Jayanthi Nagar,13.0287105,77.6636543,,,bus_stop,,platform
1837716576,node,National College,12.9497919,77.5738082,,,bus_stop,,platform
1837716632,node,Makkala Koota,12.9569244,77.5737819,,,bus_stop,,
1837777548,node,Muneshwara Temple,12.9363231,77.6066504,,,bus_stop,,platform
1837823370,node,Harris Road,12.9993649,77.6093821,,,,,stop_position
1837823396,node,Frazer Town,13.0008749,77.6117068,,,bus_stop,,platform
1838656438,node,Nagasandra Circle,12.9368284,77.5720707,,,bus_stop,,platform
1838767615,node,Patalamma Temple,12.9047695,77.5300742,,,,,stop_position
1838767630,node,Patalamma Temple,12.9047275,77.5301838,,,bus_stop,,platform
1839942326,node,KR Puram Railway Station,12.9998383,77.6763015,,,bus_stop,,platform
1843581204,node,Sindhi Colony,12.9955424,77.6165841,,,bus_stop,,
1843585364,node,Sindhi Colony,12.9957008,77.6169041,,,bus_stop,,
1843678531,node,"Shobha Hospital, Prashant Nagar",12.9757654,77.5311667,,,bus_stop,,platform
1843719344,node,Govindaraj Nagara,12.9757026,77.5368731,,,bus_stop,,platform
1843729749,node,KHB Colony,12.9813260,77.5356902,,,bus_stop,,platform
1866239014,node,"Jn Of 8Th Main And 3Rd Cross, Jp Nagara 2Nd Phase",12.9074619,77.5950566,,,bus_stop,,
1915288565,node,Weavers Colony,12.8445150,77.5836650,,,bus_stop,,platform
1931853250,node,Telecom Layout,12.9665369,77.5474182,,,bus_stop,,platform
1931886488,node,Okalipura,12.9825341,77.5678787,,,bus_stop,,platform
1942774520,node,HBR Layout 5th Block,13.0370273,77.6271719,,,bus_stop,,platform
1942774546,node,HBR Layout 5th Block,13.0380621,77.6261302,,,bus_stop,,platform
1952787450,node,BEL Circle,13.0451074,77.5568305,,,bus_stop,,platform
1952787462,node,BEL Circle,13.0464434,77.5566615,,,bus_stop,,platform
1977986509,node,Indiranagar BMTC Depot,12.9825846,77.6348224,,,bus_stop,,platform
1979048420,node,Attiguppe,12.9579314,77.5340756,,,bus_stop,,platform
1989629128,node,ITI Circle,13.0080094,77.6833497,,,bus_stop,,platform
2007574677,node,KR Market,12.9612530,77.5749819,,,bus_stop,,platform
2016220422,node,Toll Gate,12.9745355,77.5488602,,,bus_stop,,
2017878601,node,Bangalore Dairy Circle,12.9358214,77.6012679,,,bus_stop,,platform
2017901951,node,Bangalore Dairy Circle,12.9374521,77.6014935,,,bus_stop,,platform
2026478514,node,Chunchagatta,12.8914833,77.5755560,,,bus_stop,,
2041904597,node,Krishnarajapuram,13.0084831,77.6936868,,,bus_stop,,
2041904684,node,Krishnarajapuram,13.0080678,77.6951929,,,bus_stop,,
2073297076,node,Poornaprajna Nagara Bus Stand,12.9027674,77.5360364,,,,,stop_position
2076240754,node,South End Road,12.9367160,77.5765214,,,bus_stop,,platform
2078431800,node,Vijaya College,12.9411907,77.5802295,,,bus_stop,,platform
2078584588,node,Uttarahalli Water Tank,12.9083786,77.5346450,,,bus_stop,,platform
2078584589,node,Poornaprajna Layout,12.9088230,77.5359440,,,bus_stop,,platform
2090822892,node,Ramakrishna Nagara,13.0178043,77.5343208,,,bus_stop,,
2093292636,node,PES College,12.9348213,77.5370640,,,bus_stop,,platform
2099691626,node,Moori Gate,12.9108180,77.6845104,,,,,stop_position
2112118255,node,Tatanagar entrance,13.0535599,77.5753049,,,bus_stop,,
2112118319,node,Devinagara,13.0473961,77.5715256,,,bus_stop,,platform
2123543874,node,Padmanabha Nagar (15 A) Bus Stop,12.9186190,77.5575275,,,bus_stop,,platform
2123582565,node,Ramanjenaya Nagara Bus Stop,12.9107867,77.5454871,,,bus_stop,,
2123629154,node,Chikkalasandra Bus Stop,12.9151671,77.5521590,,,,bus_station,
2124745490,node,Reva College,13.1222805,77.6302967,,,bus_stop,,
2124745501,node,Dwaraka Nagara,13.1213129,77.6177640,,,bus_stop,,
2124745544,node,Kattigenahalli,13.1218944,77.6257197,,,bus_stop,,
2124789518,node,Bellahalli,13.0993802,77.6418078,,,bus_stop,,platform
2124789543,node,Bellahalli Cross,13.1014103,77.6362394,,,bus_stop,,
2125913472,node,Hennur Cross,13.0320280,77.6361271,,,bus_stop,,platform
2125916063,node,Hennur Bande,13.0367255,77.6405042,,,bus_stop,,platform
2125916101,node,Janaki Rama Layout,13.0434244,77.6424087,,,,,stop_position
2125917387,node,Poornaprajna School,13.0756644,77.6516340,,,,,stop_position
2126404931,node,AGS Layout Bus Stand,12.9123803,77.5371751,,,,bus_station,station
2127407756,node,Kadirenahalli Circle,12.9154854,77.5618376,,,bus_stop,,platform
2127408870,node,Kadirenahalli Cross,12.9139708,77.5665277,,,bus_stop,,platform
2140200891,node,Mylasandra Cross,12.9184781,77.4909157,,,bus_stop,,platform
2140200900,node,Jayaram Das Factory,12.9307347,77.5059954,,,bus_stop,,platform
2140326914,node,Nandini Layout Ring Road,13.0119992,77.5291110,,,bus_stop,,platform
2140328315,node,Kempegowda Arch,13.0024805,77.5259388,,,bus_stop,,platform
2140328453,node,Kempegowda Arch,13.0025745,77.5256814,,,bus_stop,,platform
2142790819,node,MEI layout,13.0608930,77.5003917,,,bus_stop,,
2143660757,node,8th Mile Dasarahalli,13.0454221,77.5077060,,,bus_stop,,platform
2145322233,node,Srinivasa Kalyana Mantapa,12.9261625,77.5445122,,,bus_stop,,
2168942581,node,Puttenahalli,12.8981831,77.5824632,,,bus_stop,,
2177268803,node,NIMHANS Hospital,12.9396636,77.5978852,,,bus_stop,,platform
2187127513,node,Vaddarapalya,12.8603818,77.5740779,,,bus_stop,,
2208591014,node,18th Cross Malleshwaram,13.0094369,77.5628851,,,bus_stop,,platform
2221009168,node,Muneshwara Block,12.9453016,77.5476617,,,bus_stop,,
2234361375,node,Avalahalli B.D.A. Park,12.9432746,77.5426189,,,bus_stop,,platform
2244641393,node,Geleyara Balaga,13.0712135,77.5059782,,,bus_stop,,
2244732074,node,Janapriya Apartments,13.0734449,77.5031170,,,,,stop_position
2244732235,node,Abbigere,13.0769515,77.5258623,,,bus_stop,,platform
2244850488,node,Singapura Layout,13.0769735,77.5385696,,,bus_stop,,
2245002308,node,Adithyanagara MS Palya,13.0859091,77.5512173,,,bus_stop,,
2245002662,node,Doddabettahalli,13.0941941,77.5545590,,,bus_stop,,
2246324627,node,Betta Halli Layout,13.0921819,77.5594157,,,bus_stop,,platform
2246659652,node,Lakshmipura,13.0862728,77.5289229,,,bus_stop,,
2246825906,node,Government Sub-Urban Press,12.9345995,77.5022911,,,bus_stop,,
2246825921,node,Bangalore University Gate,12.9354397,77.5131619,,,bus_stop,,platform
2247888172,node,Kariyana Palya,12.8918219,77.5208883,,,bus_stop,,
2247911805,node,Ganakkal,12.8982700,77.5120360,,,bus_stop,,platform
2248538540,node,Thippasandra,12.8736611,77.5568263,,,bus_stop,,
2248737969,node,Indira Priyadarshini Nagara,13.0070800,77.5173404,,,bus_stop,,
2250767166,node,CRPF,13.1237090,77.5749817,,,bus_stop,,platform
2254837158,node,Arekere Gate,12.8902593,77.5979064,,,bus_stop,,platform
2259653343,node,Arekere BPL,12.8867874,77.5967537,,,bus_stop,,platform
2259653344,node,Arakere BPL,12.8868411,77.5969514,,,bus_stop,,platform
2259653345,node,Hulimavu Gate,12.8808897,77.5959519,,,bus_stop,,platform
2259653346,node,Hulimaavu Gate,12.8814920,77.5958581,,,bus_stop,,platform
2268440721,node,Dickenson Road,12.9808903,77.6106948,,,bus_stop,,platform
2268515064,node,Domlur,12.9611299,77.6369823,,,bus_stop,,platform
2272451051,node,B Channasandra Bridge,13.0131494,77.6630359,,,bus_stop,,platform
2281199651,node,Arekere MICO Layout Bus Station,12.8894502,77.5940375,,,,bus_station,
2300032295,node,Anantapura,13.1144798,77.5677789,,,bus_stop,,platform
2319910838,node,Karthik Nagar,12.9682774,77.7016803,,,bus_stop,,platform
2319910843,node,Karthik Nagar,12.9683562,77.7013688,,,bus_stop,,platform
2331429505,node,Srinivasa Nagara,12.9381755,77.5566628,,,bus_stop,,
2340693280,node,Kodigehalli,13.0630644,77.5758363,halt,,,,
2342914515,node,Lottegollahalli Railway Colony,13.0411684,77.5627338,,,bus_stop,,
2353259157,node,Mattikere,13.0355903,77.5576295,,,bus_stop,,platform
2389313585,node,Hosa Road Jn,12.8707281,77.6529390,,,bus_stop,,platform
2389313587,node,Hosa Road,12.8691514,77.6537524,,,bus_stop,,platform
2393671799,node,,12.9921412,77.6748068,,,bus_stop,,
2393689586,node,Maharani College,12.9775020,77.5848501,,,bus_stop,,platform
2393692191,node,Maharani College,12.9792785,77.5824375,,,bus_stop,,platform
2393695722,node,Corporation Circle,12.9670040,77.5882805,,,bus_stop,,platform
2393706648,node,"Gunasheela Hospital, Krishna Rao Park",12.9406686,77.5751139,,,bus_stop,,
2393713744,node,Shanthi Talkies,12.9366676,77.5771236,,,bus_stop,,platform
2393715465,node,Nanda Talkies,12.9325012,77.5801749,,,,,stop_position
2393728597,node,Yediyuru,12.9309061,77.5763328,,,bus_stop,,
2393741749,node,Deepak Nursing Home,12.9265095,77.5770854,,,bus_stop,,platform
2393746915,node,Kadirenahalli Cross,12.9137106,77.5672928,,,bus_stop,,platform
2393749354,node,Gowdanapalya,12.9114769,77.5556691,,,bus_stop,,platform
2393750001,node,Chikkallasandra Aralimara,12.9116664,77.5521578,,,bus_stop,,platform
2393751566,node,Chikkallasandra Bank Colony,12.9091763,77.5493493,,,bus_stop,,platform
2393752833,node,Krishnarajendra Hospital,12.9069723,77.5461512,,,bus_stop,,platform
2393771247,node,Channasandra,12.9028393,77.5214275,,,bus_stop,,platform
2393773499,node,Chanasandra Colony,12.9033405,77.5161464,,,bus_stop,,platform
2393774069,node,Indo American Hybrid Farm,12.9039806,77.5125830,,,bus_stop,,platform
2393776226,node,Omkar Hills,12.9047297,77.5046400,,,bus_stop,,platform
2393776443,node,BGS Health City,12.9070226,77.4992167,,,bus_stop,,platform
2393840437,node,Jayanagara 4th T Block,12.9230548,77.5933986,,,bus_stop,,platform
2393842170,node,"Jayanagara 18th Main, Jayanagara 4th T Block",12.9232548,77.5888288,,,bus_stop,,platform
2393842689,node,Jayanagara Church,12.9279734,77.5875790,,,bus_stop,,platform
2393856217,node,"Gandhi Bazaar, Basavanagudi",12.9457463,77.5706568,,,bus_stop,,platform
2393859187,node,Chamarajapet,12.9572504,77.5678512,,,bus_stop,,platform
2393928350,node,"Railway Station, Majestic",12.9775682,77.5707662,,,bus_stop,,platform
2393933196,node,Ananda Rao Circle,12.9816155,77.5745581,,,bus_stop,,platform
2393947756,node,Tata Institute,13.0151131,77.5638856,,,bus_stop,,platform
2393948565,node,Tata Institute,13.0144265,77.5681470,,,bus_stop,,platform
2393957354,node,Govardhan Theater,13.0202651,77.5525439,,,bus_stop,,platform
2393957941,node,,13.0230509,77.5503516,,,,,stop_position
2393966201,node,"Binny Mill , Goodshed Road Gate",12.9680234,77.5679840,,,bus_stop,,platform
2393966538,node,Cottonpet Hospital Super Talkies,12.9678125,77.5702014,,,bus_stop,,platform
2393969380,node,Vinayaka Talkies,12.9650246,77.5700688,,,bus_stop,,platform
2393971138,node,"Chamarajapete,In Front Of Manapuram Gold",12.9569190,77.5673319,,,bus_stop,,platform
2393971549,node,Bengaluru High School,12.9518866,77.5675260,,,bus_stop,,platform
2393971633,node,Ramakrishna Ashrama,12.9488512,77.5676014,,,bus_stop,,platform
2393971760,node,"Gandhi Bazar , North Road, Basavanagudi",12.9483481,77.5707957,,,bus_stop,,platform
2394011661,node,JP Nagara 15th Cross,12.9071364,77.5856420,,,bus_stop,,platform
2394012023,node,RV Dental College,12.9111713,77.5856514,,,bus_stop,,platform
2394012457,node,Marenahalli,12.9151950,77.5857331,,,bus_stop,,platform
2394012912,node,Jayanagara 5th Block,12.9172209,77.5833970,,,bus_stop,,platform
2394014607,node,Jayanagara Telephone Exchange,12.9241286,77.5836830,,,bus_stop,,platform
2394017317,node,Madavan Park,12.9364519,77.5838828,,,bus_stop,,platform
2394020398,node,RV Teachers College,12.9443266,77.5801203,,,bus_stop,,platform
2394039396,node,"Minarva Circle, Rashtriya Vidyalaya Road",12.9538359,77.5800553,,,bus_stop,,platform
2394042060,node,Corporation,12.9684320,77.5865941,,,bus_stop,,platform
2394043250,node,Cauvery Bhavana,12.9743688,77.5818322,,,bus_stop,,platform
2394045745,node,Swastik Sheshadripuram College,12.9878368,77.5743444,,,,,stop_position
2394052182,node,Malleshwaram 8th Cross,12.9998274,77.5713126,,,bus_stop,,platform
2394054073,node,Malleshwaram 18th Cross,13.0084491,77.5710310,,,bus_stop,,platform
2394055296,node,Yeshwanthpura Circle,13.0175592,77.5597081,,,bus_stop,,platform
2394055902,node,Yeshwanthpura Market,13.0198677,77.5557224,,,bus_stop,,platform
2394058165,node,"Bombay Dyeing, Yeshwanthapura",13.0249548,77.5574415,,,bus_stop,,platform
2394060474,node,Post Office Mattikere,13.0289426,77.5590631,,,bus_stop,,platform
2394086882,node,Malleswaram 18th Cross,13.0098511,77.5691769,,,,bus_station,platform
2394089248,node,Malleshwaram 13th Cross,13.0039946,77.5693211,,,bus_stop,,platform
2394101410,node,Poornima Talkies,12.9609174,77.5882407,,,bus_stop,,platform
2394120983,node,Jayanagara Pump House,12.9217617,77.5970964,,,bus_stop,,platform
2394129010,node,Sanjay Gandhi Hospital,12.9270964,77.5924045,,,bus_stop,,platform
2394630008,node,"Lalbagh West Gate, V V Puram",12.9495156,77.5799146,,,bus_stop,,platform
2395188608,node,"Jp Nagara 1St Phase,Shakambari Nagara",12.9113707,77.5743342,,,bus_stop,,
2396240347,node,Ramakrishna Ashrama,12.9471935,77.5678365,,,bus_stop,,platform
2396244875,node,"Subramanya Temple, Hanumantha Nagara",12.9417414,77.5629206,,,bus_stop,,platform
2396251137,node,Girinagara Circle,12.9407143,77.5452009,,,bus_stop,,
2396251835,node,Girinagara Extension,12.9411070,77.5390425,,,bus_stop,,
2396303951,node,Hanumantha Nagara Syndicate Bank,12.9469158,77.5641722,,,bus_stop,,platform
2396317285,node,"Seetha Circle, Banashankari 1st Stage",12.9381687,77.5499568,,,bus_stop,,
2396321986,node,Nanjundeshwara Traders,12.9336113,77.5420359,,,bus_stop,,
2396380536,node,"Water Tank Raggigudda,Jp Nagara 3Rd Phase",12.9141803,77.5950261,,,bus_stop,,
2396380649,node,Milk Booth,12.9099749,77.5951549,,,bus_stop,,
2396394290,node,Jayanagara 40th Cross,12.9197542,77.5812215,,,bus_stop,,platform
2396417669,node,Adugodi,12.9439562,77.6073510,,,bus_stop,,platform
2396417962,node,Anepalya,12.9522859,77.6053317,,,bus_stop,,platform
2396418664,node,"Elgin Floor Mill,Langford Town",12.9552355,77.6054076,,,bus_stop,,platform
2396420234,node,St Patrick's Church,12.9702144,77.6051485,,,bus_stop,,stop_position
2396422787,node,Halasur Police Station,12.9750264,77.6252019,,,bus_stop,,platform
2396424444,node,Halasur,12.9784769,77.6295389,,,bus_stop,,
2396425548,node,Lakshmipura Ulsoor,12.9782301,77.6325066,,,bus_stop,,platform
2396426483,node,Thippasandra,12.9741921,77.6468013,,,bus_stop,,platform
2396429259,node,Jeevanbheema Nagara,12.9658181,77.6576619,,,bus_stop,,platform
2396434084,node,Indiranagar 12th Main,12.9699181,77.6413837,,,bus_stop,,platform
2396434266,node,New Horizon School Indiranagar,12.9673122,77.6415556,,,bus_stop,,platform
2396434359,node,New Horizon School,12.9664666,77.6413701,,,bus_stop,,platform
2396435308,node,Domlur Bridge,12.9634429,77.6382454,,,bus_stop,,
2396447784,node,Shanthinagara Bus Stop KH Road,12.9547719,77.5918480,,,bus_stop,,platform
2396447785,node,Shanthinagara Bus Stop KH Road,12.9549381,77.5916832,,,bus_stop,,platform
2396890413,node,Lalbagh Main Gate,12.9537155,77.5858442,,,bus_stop,,platform
2396890811,node,"KH Road, Double Road",12.9583379,77.5929964,,,bus_stop,,platform
2396896338,node,Police Housing Corporation,12.9698038,77.6163373,,,bus_stop,,platform
2396896553,node,Lifestyle,12.9666571,77.6090682,,,bus_stop,,platform
2397023017,node,Jayanagara 7th Block,12.9285381,77.5780714,,,bus_stop,,platform
2397023289,node,Jayanagara National College,12.9245225,77.5779753,,,bus_stop,,
2397023776,node,Jayanagara 38th Cross,12.9218801,77.5837308,,,bus_stop,,
2397031959,node,Rose Garden,12.9274405,77.5802437,,,bus_stop,,
2397043871,node,KIMS,12.9271944,77.5615925,,,bus_stop,,platform
2397044223,node,Devegowda Petrol Bunk,12.9228914,77.5603084,,,bus_stop,,platform
2397057342,node,Kadirenahalli Park,12.9173125,77.5647372,,,bus_stop,,platform
2397057343,node,Kadirenahalli Park,12.9182123,77.5641677,,,bus_stop,,platform
2397087882,node,Anil Kumble Circle,12.9777227,77.6019588,,,bus_stop,,platform
2397089966,node,Indian Express,12.9834363,77.5971313,,,,,stop_position
2397102093,node,Dayananda Sagar College,12.9094950,77.5659480,,,bus_stop,,
2397104158,node,Kumaraswamy Layout 2nd Stage,12.9057639,77.5580003,,,bus_stop,,
2397104409,node,Water Tank Kumaraswamy Layout,12.9088965,77.5622589,,,bus_stop,,
2397106983,node,Padmanabhanagara Circle,12.9169699,77.5595012,,,bus_stop,,
2397125480,node,Katriguppe Village,12.9278617,77.5511977,,,bus_stop,,
2397125771,node,Water Tank,12.9305064,77.5473600,,,bus_stop,,
2397180082,node,Chennamma Kere Achukattu Park,12.9262836,77.5536163,,,bus_stop,,
2397189556,node,Chennamma Kere Achukattu,12.9288924,77.5574318,,,bus_stop,,
2397206353,node,JHBCS Cross,12.9130398,77.5648884,,,bus_stop,,
2397206973,node,Jaraganahalli House Building Co-Op-Society Layout,12.9111796,77.5645732,,,bus_stop,,
2397295793,node,Vb Bakery,12.9196540,77.5423441,,,bus_stop,,
2397296811,node,AGS Layout,12.9124985,77.5371878,,,bus_stop,,
2397490936,node,Hunase Mara Banashankari,12.9209482,77.5741682,,,bus_stop,,platform
2397492477,node,Puppet Stop,12.9243825,77.5735662,,,bus_stop,,platform
2397518421,node,Minaz Nagara,12.9123896,77.5617775,,,bus_stop,,
2398074914,node,Kempegowda Bus Station,12.9779079,77.5723936,,,bus_stop,,platform
2398080161,node,Bashyam Circle,12.9847381,77.5541358,,,bus_stop,,platform
2398081626,node,ESI Hospital Rajajinagara (Towards Navarang),12.9911025,77.5524822,,,bus_stop,,platform
2398081977,node,Navarang Theatre,12.9980829,77.5509836,,,bus_stop,,platform
2398090493,node,Mahalakshmi Layout Entrance,13.0073714,77.5488073,,,bus_stop,,platform
2398094147,node,Khodays Circle,12.9802851,77.5716593,,,bus_stop,,platform
2398101219,node,Basappa Circle,12.9560863,77.5771714,,,bus_stop,,platform
2398107511,node,RC College,12.9842663,77.5869647,,,bus_stop,,platform
2398132429,node,Mahadeshwara Nagara 16th Main,12.9099561,77.6100099,,,bus_stop,,
2398132645,node,Mahadeshwara Nagara,12.9076249,77.6111241,,,bus_stop,,
2398184395,node,Narayanappa Shettipalya 18th Cross,12.9106878,77.6064918,,,bus_stop,,platform
2398186487,node,Ananda Ashrama,12.9263087,77.6003518,,,bus_stop,,platform
2398186488,node,Ananda Ashrama,12.9272589,77.6006218,,,bus_stop,,platform
2398307131,node,Yeshwanthpura Circle,13.0181912,77.5578127,,,bus_stop,,platform
2398462600,node,High Grounds Police Station,12.9856034,77.5892469,,,bus_stop,,platform
2398471620,node,Indian Express,12.9848440,77.5974682,,,bus_stop,,platform
2398494006,node,Gangenahalli,13.0206142,77.5845773,,,bus_stop,,
2398501442,node,Ganesha Temple Vasanthanagara,12.9951506,77.5925309,,,bus_stop,,platform
2398502831,node,Mount Carmel College,12.9930139,77.5887585,,,bus_stop,,platform
2398512426,node,Rehamathnagara,13.0173076,77.5917019,,,bus_stop,,platform
2400233280,node,Dattatreya Temple,12.9342196,77.5661421,,,bus_stop,,
2400233281,node,KEB Thyagaraja Nagara,12.9351425,77.5684211,,,bus_stop,,
2401259157,node,Manipal Center,12.9759256,77.6129099,,,bus_stop,,platform
2401263650,node,Command Hospital,12.9641894,77.6261577,,,bus_stop,,platform
2401266124,node,Manipal Hospital,12.9596781,77.6492376,,,bus_stop,,platform
2401266125,node,Manipal Hospital,12.9598458,77.6492142,,,bus_stop,,platform
2401280598,node,HAL Kalyanamantapa,12.9544566,77.6824108,,,bus_stop,,platform
2401280902,node,Borewell,12.9551115,77.6885722,,,bus_stop,,platform
2401280903,node,Yamalur Cross,12.9552816,77.6882957,,,bus_stop,,platform
2401288239,node,Panathuru,12.9365347,77.7038681,,,bus_stop,,platform
2401290526,node,Gunjuru,12.9211878,77.7364373,,,bus_stop,,platform
2401307621,node,Manipal Center,12.9757243,77.6128244,,,bus_stop,,platform
2401318542,node,ITI Colony Vidya peeta circle,12.9332156,77.5572739,,,bus_stop,,
2401318543,node,Vidyapita Circle,12.9355160,77.5605100,,,bus_stop,,
2401598415,node,PES College,12.9350701,77.5370613,,,bus_stop,,platform
2401599720,node,Veerabhadra Nagara,12.9380629,77.5338001,,,,,stop_position
2401600280,node,D Souza Nagara,12.9320088,77.5328435,,,bus_stop,,
2401623741,node,Kempegowda Swimming Pool,12.9483194,77.5590235,,,bus_stop,,
2401645966,node,Telecom Colony Cross,12.9484820,77.5493495,,,bus_stop,,
2401646182,node,Kalidasa Layout,12.9483382,77.5527644,,,bus_stop,,
2401658294,node,Lakshmipura Ulsoor,12.9780988,77.6320687,,,bus_stop,,platform
2401658592,node,Halasuru,12.9777094,77.6280218,,,bus_stop,,platform
2401665059,node,Kathariguppe Aralimara,12.9317860,77.5554621,,,bus_stop,,
2401672782,node,Pramodha Layout,12.9361654,77.5280071,,,bus_stop,,
2401691467,node,Mukambika Nagar,12.9284272,77.5365559,,,bus_stop,,
2402137542,node,Kathriguppe,12.9250210,77.5508875,,,bus_stop,,platform
2402137984,node,Katriguppe,12.9255212,77.5499596,,,bus_stop,,platform
2402138996,node,Bhuvaneshwari Nagara Park,12.9228544,77.5491551,,,bus_stop,,
2402139490,node,Mahalakshmi Temple,12.9219058,77.5510032,,,bus_stop,,
2402160774,node,Royan Circle,12.9607243,77.5686680,,,bus_stop,,platform
2402165862,node,Vittala Nagara,12.9542181,77.5569820,,,bus_stop,,platform
2402169271,node,Chamrajapet,12.9602381,77.5621140,,,bus_stop,,platform
2402196134,node,Sirsi Circle,12.9604851,77.5568622,,,bus_stop,,platform
2402196851,node,Vinayaka Talkies KR Market,12.9634222,77.5679081,,,bus_stop,,platform
2402202425,node,Kempapura Agrahara,12.9690399,77.5546742,,,bus_stop,,platform
2402203191,node,Maramma Temple,12.9631812,77.5588618,,,bus_stop,,platform
2402205190,node,Azad Nagar,12.9571981,77.5510633,,,bus_stop,,platform
2402206935,node,Azad Nagar,12.9570583,77.5512819,,,bus_stop,,platform
2402209839,node,Vijayanagara TTMC,12.9655255,77.5346906,,,bus_stop,,platform
2402212005,node,Attiguppe,12.9578451,77.5338685,,,bus_stop,,platform
2402233686,node,Chandra Public School,12.9604515,77.5295473,,,bus_stop,,platform
2402235727,node,Ganesha Temple Chandra Layout,12.9581078,77.5286816,,,bus_stop,,platform
2402237690,node,Gangondahalli Water Tank,12.9528075,77.5273651,,,bus_stop,,
2402238426,node,Gangagondanahalli Church,12.9512445,77.5271235,,,bus_stop,,
2402238624,node,Gangagondanahalli Masjid,12.9496141,77.5268242,,,bus_stop,,
2402239149,node,Nayandahalli Railway Gate,12.9468096,77.5259576,,,bus_stop,,platform
2402246877,node,14th Cross Chandra Layout,12.9591184,77.5237536,,,bus_stop,,
2402249854,node,Chandra Layout 1st Stage,12.9529770,77.5217381,,,bus_stop,,
2402250543,node,BCC Layout,12.9513540,77.5297858,,,bus_stop,,
2402386685,node,Manu Vana,12.9740360,77.5463461,,,bus_stop,,platform
2402577150,node,Krupanidi College,12.9238191,77.6280618,,,,,platform
2402578980,node,John Fowler,12.9244722,77.6307306,,,bus_stop,,platform
2402578981,node,Jakkasandra,12.9252983,77.6371843,,,bus_stop,,platform
2402585021,node,Gangothri Circle,12.9196938,77.6131062,,,bus_stop,,platform
2402602175,node,6th Block Rajajinagara,12.9794108,77.5535379,,,bus_stop,,platform
2402609850,node,Nanjarasappa Badavane,12.9631773,77.5284330,,,bus_stop,,
2402611662,node,Vidyagiri Layout,12.9556433,77.5211911,,,bus_stop,,platform
2402621863,node,Hampinagara Post Office,12.9651465,77.5379166,,,bus_stop,,platform
2402622469,node,Hampinagara 7th Main,12.9619999,77.5375240,,,bus_stop,,platform
2402626450,node,Industrial Area Rajajiangara,12.9815337,77.5487803,,,bus_stop,,platform
2402634348,node,1st Block Rajajinagara,13.0059286,77.5489221,,,bus_stop,,platform
2403411077,node,Jn Of Kanteerava Studio,13.0216019,77.5353818,,,bus_stop,,platform
2403416748,node,Kanteerava Nagar,13.0214275,77.5270781,,,bus_stop,,stop_position
2403417323,node,Sanjay Gandhi Nagar,13.0188369,77.5261816,,,bus_stop,,stop_position
2403422193,node,Mahalakshmi Layout Cross,13.0084213,77.5429074,,,bus_stop,,
2403424173,node,Vidhanasoudha Layout,13.0156280,77.5237044,,,bus_stop,,stop_position
2403425584,node,SSVB Bakery,13.0141467,77.5326604,,,bus_stop,,platform
2403432685,node,Bandi Reddy Circle,12.9913739,77.5639773,,,bus_stop,,platform
2403438706,node,Kodandarama,13.0006281,77.5605652,,,bus_stop,,stop_position
2403438888,node,SBM Gayathri Nagara,12.9993391,77.5601837,,,bus_stop,,stop_position
2403451880,node,Nandini Talkies,13.0034097,77.5437050,,,bus_stop,,
2403818630,node,Ravi Badavane,13.0067950,77.5324590,,,bus_stop,,
2403839248,node,Ashraya Nagara,13.0163604,77.5319950,,,bus_stop,,
2403846910,node,Canara Bank Subramanyanagara,13.0048419,77.5595007,,,bus_stop,,stop_position
2403847774,node,East West Public School,13.0055147,77.5566833,,,bus_stop,,stop_position
2403874066,node,5th Cross Sriramapura,12.9921933,77.5665050,,,bus_stop,,platform
2403881120,node,Malleshwaram Railway Station,13.0005867,77.5634219,,,bus_stop,,platform
2403882681,node,Milk Colony Malleshwaram,13.0092762,77.5597036,,,bus_stop,,platform
2404759564,node,Binni Layout,12.9702217,77.5461740,,,bus_stop,,
2404763967,node,Raliway Gate RPC Layout,12.9643458,77.5433388,,,bus_stop,,platform
2405139759,node,JC Nagara,13.0071308,77.5345214,,,bus_stop,,
2405166856,node,Sadashivanagara Police Station,13.0149157,77.5728275,,,,,stop_position
2405175834,node,Rajmahal Vilas 2nd Stage,13.0424992,77.5665030,,,bus_stop,,platform
2405357303,node,Maniksha Parade Ground,12.9776302,77.6069444,,,bus_stop,,platform
2405375288,node,Koramangala BDA Complex,12.9319468,77.6226083,,,bus_stop,,platform
2405375289,node,Koramangala BDA Complex,12.9312953,77.6226028,,,bus_stop,,platform
2405375993,node,Koramangala Water Tank,12.9278192,77.6211732,,,bus_stop,,platform
2405801100,node,Geethanjali Talkies,12.9970949,77.5732354,,,bus_stop,,platform
2405831758,node,Kabir Ashram,13.0149354,77.5972265,,,bus_stop,,
2405834457,node,Nandidurga Road,13.0007693,77.5995113,,,bus_stop,,platform
2405838246,node,Coles Park,12.9952675,77.6083164,,,bus_stop,,platform
2405839825,node,Frazer Town,13.0009650,77.6116252,,,bus_stop,,
2405840035,node,Doddi,13.0027435,77.6120609,,,bus_stop,,platform
2405840216,node,Canara Bank Tannery Road,13.0068830,77.6124859,,,bus_stop,,platform
2405853396,node,Manorayana Palya,13.0289327,77.6016421,,,bus_stop,,
2405865971,node,Bangalore East,13.0001781,77.6190244,,,bus_stop,,platform
2405870314,node,Bridge,13.0062403,77.6210005,,,bus_stop,,platform
2405870357,node,Lingarajapura Bridge,13.0097161,77.6237297,,,bus_stop,,
2405873098,node,ITC Factory,12.9984917,77.6222915,,,bus_stop,,platform
2406048872,node,Thomas Cafe,12.9906263,77.6137259,,,bus_stop,,
2406048873,node,Thomas Cafe,12.9907252,77.6137809,,,bus_stop,,
2406049367,node,Cox Town Circle,12.9965170,77.6215661,,,bus_stop,,platform
2406053895,node,Coxtown Water Tank,12.9938503,77.6265535,,,bus_stop,,
2406057216,node,Lavanya Talkies,12.9854276,77.6151038,,,bus_stop,,
2406057217,node,Lavanya Talkies,12.9862525,77.6155150,,,bus_stop,,platform
2406087671,node,ASC Center,12.9624695,77.6190723,,,bus_stop,,platform
2406087672,node,Austin Town,12.9614905,77.6144864,,,bus_stop,,platform
2406088640,node,Philomenas Hospital,12.9643211,77.6103718,,,bus_stop,,platform
2406089988,node,Akkithimmanahalli,12.9621117,77.5964846,,,bus_stop,,platform
2406090831,node,Subbaiah Circle,12.9625607,77.5906757,,,bus_stop,,
2406093010,node,Poornima Talkies,12.9610262,77.5877081,,,bus_stop,,platform
2406102897,node,Jn of Suranjandas Road,12.9667528,77.6617487,,,bus_stop,,platform
2406115674,node,Vannarapete,12.9563635,77.6210813,,,bus_stop,,platform
2406115675,node,Vivekanagara,12.9542989,77.6227577,,,bus_stop,,platform
2406118297,node,Ejipura,12.9467081,77.6286805,,,bus_stop,,platform
2406537323,node,Srinivagilu,12.9382731,77.6328380,,,bus_stop,,
2406537990,node,Neelasandra Rose Garden,12.9538342,77.6173145,,,bus_stop,,platform
2406538301,node,Neelasandra Bus Stand,12.9576059,77.6144319,,,bus_stop,,platform
2406732290,node,Railway Gate Kempapura,12.9688076,77.5592263,,,bus_stop,,platform
2406823289,node,Bangalore Dairy Circle,12.9371336,77.6024426,,,bus_stop,,
2406828118,node,Suddaguntepalya,12.9310450,77.6098888,,,bus_stop,,platform
2406851449,node,Gurappanapalya,12.9198614,77.6001827,,,bus_stop,,platform
2406851450,node,Gurappana Palya,12.9197056,77.6000620,,,bus_stop,,
2406980753,node,Koramangala 8th Block,12.9417812,77.6160146,,,bus_stop,,
2406984944,node,Maharaja Hotel,12.9343787,77.6298096,,,bus_stop,,platform
2407073228,node,Byappanahalli rail gate,12.9916493,77.6431480,,,bus_stop,,platform
2407102032,node,GTRE,12.9765528,77.6551718,,,bus_stop,,platform
2407104108,node,DRDO QTS,12.9874615,77.6617782,,,bus_stop,,platform
2407104618,node,CV Raman Nagara,12.9856596,77.6638971,,,bus_stop,,platform
2407112052,node,Chikkallasandra,12.9151076,77.5520366,,,bus_stop,,platform
2408701942,node,Lumbini Gardens,13.0434709,77.6078589,,,,,stop_position
2409876449,node,Sarakki,12.9109202,77.5729625,,,bus_stop,,
2409876452,node,Sarakki,12.9107463,77.5728364,,,bus_stop,,
2409882222,node,Yelachenahalli,12.8973609,77.5714206,,,bus_stop,,
2409884077,node,Metro Konanakunte,12.8944928,77.5687546,,,bus_stop,,
2409887340,node,Konanakunte Cross,12.8904470,77.5640809,,,bus_stop,,platform
2409896875,node,Subramanyapura Police Station,12.9014036,77.5441537,,,bus_stop,,platform
2409900734,node,Canara Bank,12.9007967,77.5598926,,,bus_stop,,
2409907591,node,Bekary Ganapathi Pura,12.8861484,77.5706409,,,bus_stop,,
2409915210,node,Poornapragna Layout,12.9022049,77.5358062,,,bus_stop,,platform
2409919423,node,Gubbalala,12.8856256,77.5417937,,,bus_stop,,platform
2409982483,node,Kumaraswamy Layout West,12.9022009,77.5576007,,,bus_stop,,
2409987789,node,Ramanjaneya Layout,12.9173129,77.5466357,,,bus_stop,,
2409993035,node,Bharath House building Co-operative Society layout,12.9079387,77.5493503,,,bus_stop,,
2410086046,node,Chandranagara Cross,12.9019656,77.5624021,,,bus_stop,,platform
2410086901,node,Chandranagara,12.9007208,77.5652770,,,bus_stop,,
2410097685,node,Raghuvanahalli Gate,12.8811509,77.5461593,,,bus_stop,,platform
2410098451,node,Thalaghattapura,12.8692859,77.5365553,,,bus_stop,,platform
2410102067,node,Jyothi Farm,12.8599366,77.5288171,,,bus_stop,,
2410511091,node,Vajramuneshwara Temple,12.8527766,77.5302443,,,bus_stop,,
2410872968,node,BCC Layout,12.8798877,77.5487527,,,bus_stop,,platform
2411038821,node,Hennur Cross,13.0293580,77.6316250,,,,,stop_position
2412142264,node,BHEL Gate,12.9495471,77.5365097,,,bus_stop,,platform
2412945505,node,New Horizon College,12.9352602,77.6911411,,,bus_stop,,platform
2413507933,node,Basavanagara,12.9009730,77.4671249,,,bus_stop,,platform
2413507934,node,Basavanagara,12.9010645,77.4676251,,,bus_stop,,platform
2415787662,node,Avalahalli,12.8728416,77.5665732,,,bus_stop,,platform
2415789337,node,Anjanapura Cross,12.8617520,77.5607972,,,bus_stop,,platform
2415789547,node,Vajragiri Estate,12.8577176,77.5567241,,,bus_stop,,platform
2415941547,node,Harinagara,12.8772768,77.5706271,,,bus_stop,,
2415942320,node,Kothnuru Last Bus stop,12.8765580,77.5771470,,,bus_stop,,platform
2415946868,node,Avalahalli BDA Layout,12.8725257,77.5606665,,,bus_stop,,
2415951863,node,Brigade Millennium,12.8922892,77.5818304,,,bus_stop,,platform
2415952406,node,RBI Layout,12.8879987,77.5818506,,,bus_stop,,platform
2415952533,node,Gowrava Nagar,12.8847863,77.5826850,,,bus_stop,,platform
2415953435,node,Navodaya Nagara,12.8812821,77.5838693,,,bus_stop,,platform
2415959909,node,Avalahalli BDA Layout Cross,12.8739328,77.5612479,,,,,stop_position
2415960197,node,Narayana Nagara,12.8836579,77.5546431,,,bus_stop,,platform
2415964442,node,Vaddarapalya Cross,12.8642338,77.5752249,,,bus_stop,,platform
2415976264,node,Chamundeshwari Temple,12.8592461,77.5701666,,,bus_stop,,
2415978572,node,J Srinivasa Reddy Layout,12.8647030,77.5630680,,,bus_stop,,
2416245114,node,Ganapathipura Cross,12.8943642,77.5718770,,,bus_stop,,
2416251817,node,Maruthi School,12.8814877,77.5757280,,,bus_stop,,
2416314113,node,Kalyani Magnum JP Nagara,12.9019552,77.5949811,,,bus_stop,,
2416328329,node,Arekere MICO Layout,12.8894455,77.5938362,,,bus_stop,,
2416353512,node,Tulasipura,12.8450136,77.5578836,,,bus_stop,,platform
2416368278,node,Auto Gas/Royal School,12.9010682,77.5859397,,,bus_stop,,platform
2417283052,node,Koli Farm Gate,12.8413015,77.5886734,,,bus_stop,,platform
2417406624,node,Manjunatha Kalyana Mantapa,12.8749283,77.5374892,,,bus_stop,,platform
2417407989,node,Ganigara Palya,12.8759616,77.5332439,,,bus_stop,,
2417410558,node,Chikkegowdana Palya,12.8785727,77.5151455,,,bus_stop,,
2417410674,node,Gattigere Palya,12.8820003,77.5013924,,,bus_stop,,
2417411422,node,Sompura,12.8778149,77.4966267,,,bus_stop,,
2417426124,node,Dasegowdana Palya,12.8805375,77.5055475,,,bus_stop,,
2417426125,node,Lakshmi Devastana,12.8863796,77.4983439,,,bus_stop,,
2417431667,node,Sridhara Gudda,12.8991288,77.4876092,,,bus_stop,,
2417431671,node,Jn of Gollahalli Road,12.9075203,77.4889005,,,bus_stop,,platform
2417431674,node,Konasandra Cross,12.8925720,77.4863349,,,bus_stop,,
2417456086,node,Dubasi Palya Cross,12.9227574,77.4961638,,,bus_stop,,platform
2417456093,node,Dubasi Palya Cross,12.9227444,77.4955040,,,bus_stop,,platform
2417461412,node,Bangalore University Gate,12.9357958,77.5132857,,,bus_stop,,platform
2417462147,node,Rajarajeshwarinagara Gate,12.9364872,77.5182304,,,bus_stop,,platform
2417462148,node,Rajarajeshwarinagara Gate,12.9362323,77.5175665,,,bus_stop,,platform
2417463399,node,BWSSB Quarters,12.9392534,77.5233361,,,bus_stop,,platform
2417464022,node,Nayandahalli,12.9429714,77.5262823,,,bus_stop,,platform
2417467770,node,Kengeri RWS Gate,12.9041118,77.4757893,,,bus_stop,,platform
2417473389,node,Jn of Kommaghatta Road,12.9146219,77.4816161,,,bus_stop,,platform
2417473892,node,Robin Talkies,12.9160549,77.4797513,,,bus_stop,,platform
2417474687,node,Kengeri Bande Mata,12.9198409,77.4767902,,,bus_stop,,platform
2417874826,node,Kengeri Railway Station,12.9165843,77.4823461,,,bus_stop,,platform
2417876103,node,Society Kengeri Satellite Town,12.9189691,77.4832425,,,bus_stop,,platform
2417884311,node,Nagadevanahalli RR Temple,12.9356990,77.4924157,,,bus_stop,,platform
2418680584,node,BEML Complex,12.9201580,77.5204954,,,bus_stop,,platform
2418681329,node,Double Road BEML Layout,12.9145260,77.5207669,,,bus_stop,,platform
2418690581,node,Petrol Bunk RR Nagar,12.9325820,77.5162034,,,bus_stop,,platform
2418877010,node,Jnana Bharthi Layout,12.9313242,77.4897507,,,bus_stop,,platform
2418878036,node,Ladies Hostel University Campus,12.9422645,77.5058530,,,bus_stop,,platform
2418878046,node,Library University,12.9443231,77.5044462,,,bus_stop,,platform
2418880199,node,Administrative Block,12.9491302,77.5013590,,,bus_stop,,platform
2418883622,node,PVP School,12.9486439,77.4972184,,,bus_stop,,platform
2418888272,node,Sonnenahalli Bridge,12.9420013,77.4833693,,,bus_stop,,platform
2418890959,node,Sonnenahalli,12.9421151,77.4801004,,,bus_stop,,platform
2418893735,node,Kengunte Circle,12.9602707,77.5042973,,,bus_stop,,platform
2418895128,node,Deepa Complex,12.9666747,77.5051865,,,bus_stop,,platform
2418895129,node,Deepa Complex,12.9668119,77.5051018,,,bus_stop,,
2419025620,node,Maruthi Nagara,12.9383443,77.4790752,,,bus_stop,,
2419026790,node,Balaji Badavane,12.9586449,77.4957806,,,bus_stop,,
2419027596,node,Jnana Jyothi Nagara 2nd Phase,12.9572292,77.4953803,,,bus_stop,,
2419033226,node,Nagarabhavi Circle,12.9580712,77.5186179,,,bus_stop,,platform
2419051641,node,Channaveeraiahna Palya,12.8756058,77.4870034,,,bus_stop,,
2419052074,node,Varahasandra,12.8774351,77.4902322,,,bus_stop,,
2419069595,node,Bengaluru Children Hospital,12.9097783,77.5134738,,,bus_stop,,platform
2419071846,node,Double Road,12.9151912,77.5135577,,,bus_stop,,platform
2419073923,node,Halage Vaderahalli,12.9199890,77.5139568,,,bus_stop,,platform
2419075841,node,Halage Vaderahalli,12.9224408,77.5144605,,,bus_stop,,
2419077949,node,JSS College,12.9039299,77.5094821,,,bus_stop,,platform
2419086273,node,BEML Layout 5th Stage,12.9066721,77.5215371,,,bus_stop,,platform
2419560970,node,BHEL Layout Cross,12.9157937,77.5107921,,,bus_stop,,
2419561419,node,Krishna Garden,12.9132498,77.5071063,,,bus_stop,,
2419569816,node,Javaregowdanagara Cross,12.9299784,77.5206938,,,bus_stop,,
2419570723,node,Bangarappa Nagara,12.9248450,77.5263047,,,bus_stop,,
2419575975,node,Shakthi Hill Resorts,12.9115009,77.5274468,,,bus_stop,,
2419586961,node,Shanmuka Temple,12.9132268,77.5283118,,,bus_stop,,
2419587684,node,Javaregowda Nagara,12.9298898,77.5243085,,,bus_stop,,
2419991790,node,Koli Farm,12.9518120,77.4974244,,,bus_stop,,platform
2419992088,node,Amma Ashrama Cross,12.9494923,77.4886482,,,bus_stop,,platform
2422576364,node,Ullalu Upanagara,12.9623714,77.4750841,,,bus_stop,,platform
2422595117,node,Byraveshwaranagara Bank Colony,12.9648841,77.5234607,,,bus_stop,,platform
2422595393,node,Kalyana Nagara,12.9676588,77.5238617,,,bus_stop,,platform
2422598166,node,Priyadarshini Layout,12.9714710,77.5267719,,,bus_stop,,platform
2422618629,node,Bhavani Nagara 2nd Stage,12.9567290,77.4871287,,,bus_stop,,
2423019783,node,"National Law College, Jnana Bharathi",12.9528101,77.5163913,,,bus_stop,,
2423029493,node,Bande Maramma Bus Station,12.9669694,77.5158444,,,bus_stop,,
2423036330,node,Nagarabhavi 12th Block,12.9607501,77.5123818,,,bus_stop,,platform
2423062897,node,Patteghar Circle,12.9763305,77.5258159,,,bus_stop,,
2423066122,node,Panchsheela Nagara,12.9743262,77.5208194,,,bus_stop,,
2423073145,node,Malagala,12.9754631,77.5152670,,,bus_stop,,
2423073146,node,Ramakrishnappa Layout,12.9778951,77.5164792,,,bus_stop,,
2423074843,node,,12.9694773,77.5148649,,,bus_stop,,platform
2424233634,node,Annapoorneshwari Nagara,12.9807737,77.5069830,,,bus_stop,,
2424233638,node,Srigandha Kaval,12.9787283,77.5017486,,,bus_stop,,
2424234588,node,D Group Employees Layout,12.9782346,77.4986637,,,bus_stop,,
2424257402,node,Narasipura,12.9770837,77.4946739,,,bus_stop,,
2424263781,node,Amma Ashrama,12.9463979,77.4868694,,,bus_stop,,
2425476358,node,Herohalli Cross,12.9876847,77.4932046,,,bus_stop,,platform
2425477361,node,Anjananagar Gollarahatti,12.9862442,77.4885444,,,bus_stop,,
2425478432,node,College Stop Gollarahatti,12.9861912,77.4779524,,,bus_stop,,
2425479203,node,Gollarahatti,12.9879822,77.4741074,,,bus_stop,,
2425652914,node,Vinayaka Talkies,12.9925949,77.5081883,,,bus_stop,,
2425652915,node,Siddartha Badavane,12.9945673,77.5112021,,,bus_stop,,
2427680721,node,Madeshwara Nagara,12.9923026,77.4943652,,,bus_stop,,platform
2427682609,node,Prasanna Layout,12.9972668,77.4967859,,,bus_stop,,
2427682678,node,Nagaravale,12.9992771,77.4961909,,,bus_stop,,
2428064206,node,Bharathnagar 2nd Stage,12.9785713,77.4778584,,,bus_stop,,
2428260878,node,Tunganagara Cross,12.9855030,77.4850680,,,bus_stop,,
2428260879,node,Thunga Nagara,12.9918770,77.4851534,,,bus_stop,,
2430065563,node,Vidyamanyanagar,13.0047026,77.4872663,,,bus_stop,,platform
2430071288,node,Muddinapalya,12.9663246,77.4878545,,,bus_stop,,platform
2430076112,node,Venkateshwara Layout,12.9933298,77.4885321,,,bus_stop,,platform
2430077524,node,Vidyamanyanagar,13.0046069,77.4874872,,,bus_stop,,platform
2430080070,node,Anjaneya Temple Thigalarapalya,13.0137744,77.4834344,,,bus_stop,,platform
2430173593,node,Upkar Residency Layout,12.9592469,77.4877377,,,bus_stop,,
2430176320,node,Lingadeeranahalli,13.0000996,77.4793945,,,bus_stop,,platform
2430207282,node,Nagarabhavi 2nd Phase 11th Block,12.9777974,77.5138386,,,bus_stop,,
2431129752,node,Dairy Hegganahalli,13.0082282,77.5056125,,,bus_stop,,
2431129973,node,Peenya 2nd Stage,13.0108720,77.5068553,,,,,stop_position
2431131774,node,Peenya 14th Cross,13.0164785,77.5057386,,,bus_stop,,platform
2431132702,node,Brundavana Peenya 2nd Stage,13.0202404,77.5081111,,,bus_stop,,platform
2431134804,node,NTTF,13.0246025,77.5108657,,,bus_stop,,platform
2431137102,node,Rolling Mill,13.0265402,77.5147174,,,bus_stop,,platform
2431140121,node,TVS Cross Peenya 2nd Stage,13.0285288,77.5195480,,,bus_stop,,platform
2431140188,node,Systems Peenya,13.0354412,77.5181727,,,bus_stop,,platform
2431140189,node,System Jalahalli Cross,13.0349433,77.5179665,,,bus_stop,,
2431141046,node,Jalahalli Cross,13.0398186,77.5183133,,,bus_stop,,platform
2431142779,node,T Dasarahalli,13.0430177,77.5130488,,,bus_stop,,platform
2431142785,node,T Dasarahalli,13.0427796,77.5129645,,,bus_stop,,platform
2431143925,node,8th Mile Dasarahalli,13.0455636,77.5055104,,,bus_stop,,platform
2431144562,node,8th Mile Dasarahalli,13.0450201,77.5076896,,,bus_stop,,platform
2431146027,node,Rukmini Nagara,13.0410361,77.5048282,,,bus_stop,,platform
2431146294,node,Nagasandra Cross Bus Stop,13.0385761,77.5045157,,,bus_stop,,platform
2431146694,node,HMT Layout,13.0337754,77.5040962,,,bus_stop,,platform
2431147069,node,Nelagedaranahalli,13.0315243,77.5034567,,,bus_stop,,platform
2431157768,node,Gruhalaxmi Layout,13.0298063,77.4997531,,,bus_stop,,platform
2431163764,node,Indiranagara,13.0277238,77.4937718,,,bus_stop,,platform
2431163862,node,Thippenahalli Cross,13.0293894,77.4835383,,,bus_stop,,platform
2431186739,node,Laggere Cross,13.0226124,77.5235453,,,bus_stop,,
2431187264,node,Parvathi Nagara,13.0163723,77.5203387,,,bus_stop,,
2431187361,node,Laggere,13.0139134,77.5208472,,,bus_stop,,
2431192369,node,Widia School,13.0486783,77.4967136,,,bus_stop,,platform
2431229855,node,Widia School Bagalagunte,13.0510007,77.5077223,,,bus_stop,,platform
2431230945,node,Bagalagunte,13.0564209,77.5072784,,,bus_stop,,platform
2431232325,node,Bone Mill,13.0640151,77.5048674,,,bus_stop,,platform
2431234341,node,Sapthagiri College,13.0669701,77.5032715,,,bus_stop,,platform
2431237657,node,Janapriya Apartments,13.0734812,77.5030691,,,bus_stop,,platform
2432071770,node,Ayyappa Temple,13.0459790,77.5222447,,,bus_stop,,platform
2432071928,node,Shetty Halli Cross,13.0502833,77.5256750,,,bus_stop,,
2432075005,node,KG Halli Bridge,13.0545787,77.5327276,,,bus_stop,,
2432077301,node,HMT Shopping Complex,13.0496284,77.5377099,,,bus_stop,,
2432077816,node,HMT Post Office,13.0507035,77.5418155,,,bus_stop,,
2432309098,node,HMT Auditorium,13.0493824,77.5447654,,,bus_stop,,
2432310515,node,Jalahalli Police Station,13.0489639,77.5499149,,,bus_stop,,platform
2432313579,node,State Bank BEL Circle,13.0497863,77.5535761,,,bus_stop,,platform
2432316367,node,BEL Circle,13.0459690,77.5561862,,,bus_stop,,
2432318435,node,Nagaland Circle,13.0559749,77.5578439,,,bus_stop,,platform
2432318776,node,Dodda Bommasandra Arch,13.0588346,77.5592891,,,bus_stop,,platform
2432319138,node,Dodda Bommasandra,13.0601068,77.5588200,,,bus_stop,,platform
2432322366,node,Vidhyaranyapura 1st Block,13.0703462,77.5555305,,,bus_stop,,platform
2432323147,node,Canara Bank Vidyaranyapura,13.0721870,77.5564491,,,bus_stop,,platform
2432324881,node,Vidyaranyapura Post Office,13.0762084,77.5582754,,,bus_stop,,platform
2432326327,node,Durgaparmeshwari Temple,13.0818224,77.5598389,,,bus_stop,,platform
2432447260,node,Aralimara,12.9921960,77.5046705,,,bus_stop,,
2432490961,node,Kirloskar Badavane,13.0673669,77.5001184,,,bus_stop,,
2432492430,node,Nagasandra,13.0395465,77.4997629,,,bus_stop,,
2432493345,node,KRS Gowda Layout,13.0345127,77.4992483,,,bus_stop,,
2432532299,node,CMTI Goragunte Palya,13.0308067,77.5367142,,,bus_stop,,
2432532305,node,CMTI Goragunte Palya,13.0306607,77.5364087,,,bus_stop,,platform
2432536805,node,Goraguntepalya,13.0280852,77.5417654,,,bus_stop,,platform
2432536810,node,Goraguntepalya,13.0295940,77.5401704,,,,,stop_position
2432542570,node,MEI Factory,13.0266947,77.5441369,,,bus_stop,,platform
2432542582,node,MEI Factory,13.0265783,77.5439160,,,bus_stop,,platform
2435397326,node,Mallasandra,13.0572477,77.5098468,,,bus_stop,,platform
2435407049,node,Chimney Hills,13.0720035,77.4995979,,,bus_stop,,
2435445597,node,Soundarya Layout,13.0669700,77.4973350,,,bus_stop,,
2435445618,node,Bireshwara Circle,13.0654638,77.4948226,,,bus_stop,,
2437427536,node,Rajiv Gandhi Nagara,13.0128664,77.5178149,,,bus_stop,,
2439311324,node,Gangenahalli,13.0233794,77.5839061,,,bus_stop,,platform
2439313091,node,RMS Sanjaynagara,13.0375267,77.5743712,,,,,stop_position
2439333995,node,Annapurna Nagara,13.0000654,77.5173591,,,bus_stop,,
2441538919,node,Muniswamappa Layout,13.0441349,77.4906379,,,bus_stop,,
2441541261,node,Anjaneya Temple,13.0357452,77.4844357,,,bus_stop,,
2445543466,node,Muthyalaya Nagar Cross,13.0383666,77.5534819,,,bus_stop,,
2445543467,node,Muthyalaya Nagar,13.0413234,77.5489424,,,bus_stop,,
2446582130,node,Rockline Studio,13.0406363,77.4960981,,,bus_stop,,
2446582139,node,Venugopala Nagara,13.0396553,77.4940725,,,bus_stop,,
2446582392,node,Sri Shaneshwara Swamy Temple,13.0379874,77.4938686,,,bus_stop,,
2446582393,node,Doddabidarakallu,13.0358455,77.4937472,,,bus_stop,,platform
2446677970,node,Old Police Station Rajajinagara,12.9899699,77.5551054,,,bus_stop,,platform
2446905480,node,Maranna Layout,13.0368521,77.4884874,,,bus_stop,,
2446911932,node,Indiranagara,13.0283303,77.4894359,,,bus_stop,,
2446920020,node,Channa Nayakanapalya,13.0438902,77.4850998,,,bus_stop,,
2446925226,node,Sapthagiri Layout,13.0360433,77.4975010,,,bus_stop,,
2447124007,node,Gokula,13.0413848,77.5572903,,,bus_stop,,platform
2447124701,node,MS Ramaiah College,13.0288705,77.5615789,,,bus_stop,,platform
2447125500,node,Yeshwanthpura Tollgate,13.0185104,77.5613281,,,bus_stop,,platform
2447160900,node,GCL Factory,13.0129632,77.5036103,,,bus_stop,,
2447162479,node,Manjushree Garments,13.0144888,77.5004995,,,bus_stop,,platform
2447174548,node,Shiva Bar,13.0137269,77.4892996,,,bus_stop,,
2447182174,node,Vigneshwara Nagara,12.9933140,77.4995913,,,bus_stop,,platform
2447224160,node,BEL Market,13.0516932,77.5521770,,,bus_stop,,platform
2447224365,node,HMT House,13.0546293,77.5492754,,,bus_stop,,platform
2447225117,node,Gangamma Circle,13.0578317,77.5462216,,,bus_stop,,platform
2447233133,node,MS Palya,13.0816572,77.5482326,,,bus_stop,,
2447233136,node,MS Palya,13.0815439,77.5483978,,,bus_stop,,
2447235581,node,Sambhram College,13.0883716,77.5464663,,,bus_stop,,platform
2447236987,node,Nethravathi,13.0898321,77.5424946,,,bus_stop,,
2447317779,node,Gangamma Circle,13.0563674,77.5463003,,,bus_stop,,platform
2447319489,node,KG Halli Bridge,13.0549160,77.5345227,,,bus_stop,,platform
2447322599,node,KG Halli Post Office,13.0568608,77.5327052,,,bus_stop,,
2447324454,node,SRS Mathikere,13.0611724,77.5311682,,,bus_stop,,
2447325138,node,Rama Temple,13.0637498,77.5306365,,,bus_stop,,
2447335950,node,Abbigere Dinne,13.0710107,77.5280137,,,bus_stop,,platform
2447338470,node,Abbigere Gate,13.0724477,77.5235219,,,bus_stop,,platform
2447362976,node,Vinayaka Nagara,13.0828780,77.5447231,,,bus_stop,,
2447365333,node,Singapura,13.0797045,77.5384544,,,bus_stop,,platform
2447365336,node,Kuvempu Nagara 2nd Stage,13.0730693,77.5414076,,,bus_stop,,
2447366623,node,Kuvempu Nagara 1st Stage,13.0692401,77.5414283,,,bus_stop,,
2447898435,node,Kempegowda Arch,13.0025448,77.5257484,,,bus_stop,,stop_position
2447900541,node,Laggere,13.0110786,77.5220130,,,bus_stop,,
2447905062,node,LB Samudaya Bhavana,12.9977242,77.5233832,,,bus_stop,,platform
2447905063,node,LB Samudaya Bhavana,12.9972017,77.5234883,,,bus_stop,,platform
2447914889,node,Jelly Machine Yalahanka,13.0858951,77.5557916,,,bus_stop,,platform
2447918259,node,Betta Halli Layout,13.0925076,77.5595763,,,bus_stop,,platform
2447918653,node,Chikkabettahalli,13.0894554,77.5561710,,,bus_stop,,platform
2447918654,node,Chikkabettahalli,13.0895199,77.5563736,,,bus_stop,,platform
2447919832,node,Thirumala Daba,13.0976356,77.5630915,,,bus_stop,,platform
2447919843,node,Thirumala Daba,13.0978139,77.5631230,,,bus_stop,,platform
2447924331,node,Atturu Layout Yelahanka Road,13.0977865,77.5677646,,,bus_stop,,platform
2447924351,node,Atturu Layout Yelahanka Road,13.0979322,77.5677182,,,bus_stop,,stop_position
2448089254,node,Dairy Circle,13.0995253,77.5768730,,,bus_stop,,platform
2448089258,node,Dairy Circle,13.0992974,77.5769880,,,bus_stop,,platform
2448095257,node,Manjunatha tent,13.0578201,77.5513823,,,bus_stop,,
2448096102,node,Ramachandrapura,13.0621926,77.5509701,,,bus_stop,,
2448125915,node,Bloomfield Garden,13.0656401,77.5527057,,,bus_stop,,
2448176656,node,Vishweshwaraiah Enclave,13.0669703,77.5319695,,,bus_stop,,
2448204408,node,Double Tank,13.0677872,77.5445642,,,bus_stop,,
2448244443,node,Lakshmipura,13.0863992,77.5307839,,,bus_stop,,
2448244593,node,Muthkuru,13.0776134,77.5303478,,,bus_stop,,
2449109855,node,Sharada Nagara,13.0456908,77.5411561,,,bus_stop,,
2449180309,node,ISRO Quarters,13.0452511,77.5350757,,,bus_stop,,
2450076657,node,BEL Hospital,13.0493075,77.5575751,,,bus_stop,,platform
2450169427,node,Lottegollahalli,13.0494251,77.5675364,,,bus_stop,,
2450171927,node,Kuvempu Circle,13.0446478,77.5624386,,,bus_stop,,platform
2450172694,node,Bhadrappa Layout,13.0472172,77.5758689,,,bus_stop,,platform
2450172905,node,Tata Nagara,13.0554604,77.5732512,,,bus_stop,,
2450178690,node,Kabir Ashrama,13.0578971,77.5644207,,,bus_stop,,
2451312224,node,Shivananda Stores,12.9878186,77.5804542,,,bus_stop,,platform
2451332494,node,Allalasandra Gate,13.0865172,77.5936872,,,bus_stop,,platform
2451332497,node,Allalasandra Gate,13.0869630,77.5938823,,,bus_stop,,platform
2451333055,node,Yelahanka Police Station,13.0945671,77.5942646,,,bus_stop,,platform
2451333056,node,Yelahanka Police Station,13.0947687,77.5944354,,,bus_stop,,platform
2451336635,node,Kendriya Vihara,13.1067756,77.6005477,,,bus_stop,,platform
2451336638,node,Yelahanka,13.1000877,77.5978794,,,bus_stop,,
2451340459,node,Kogilu Cross Kannur,13.1038369,77.6016005,,,bus_stop,,platform
2451340466,node,Maruthi Nagara Kannur Road,13.1044592,77.6048905,,,bus_stop,,
2451340931,node,Maruthi Nagara,13.1043513,77.6062300,,,bus_stop,,platform
2451341481,node,Sapthagiri Layout,13.1046147,77.6106394,,,bus_stop,,platform
2451341482,node,Spathagiri Layout,13.1044792,77.6108031,,,bus_stop,,platform
2451344130,node,Srinivasapura Kogilu,13.1033376,77.6236014,,,bus_stop,,platform
2451344133,node,Ittige Factory,13.1025776,77.6282994,,,bus_stop,,platform
2451396051,node,Agrahara Layout,13.0985096,77.6273422,,,bus_stop,,
2451415320,node,Byrathi Bande,13.0780135,77.6533060,,,bus_stop,,platform
2451415326,node,Chikkagubbi Cross,13.0780448,77.6535517,,,bus_stop,,
2451425619,node,Kyalasanahalli,13.0563629,77.6586481,,,bus_stop,,
2451430524,node,Bileshivale,13.0544797,77.6710295,,,bus_stop,,
2451966614,node,Agrahara Cross,13.0979764,77.6183872,,,bus_stop,,
2451988113,node,Venkatala,13.1111301,77.6043597,,,bus_stop,,platform
2451989524,node,Bagaluru Cross,13.1223144,77.6107191,,,bus_stop,,platform
2454264055,node,Yelahanka Old Town,13.1010198,77.5947821,,,bus_stop,,platform
2454275065,node,Chikkabommasandra Cross,13.0941545,77.5827706,,,bus_stop,,platform
2454285285,node,Wheel And Axle Plant,13.1059972,77.5821043,,,bus_stop,,platform
2455277127,node,Jn of 8th Main 14th Cross,13.0880200,77.5890389,,,bus_stop,,stop_position
2455277560,node,Judicial Layout,13.0887623,77.5823852,,,bus_stop,,
2455311248,node,Nagenahalli Gate,13.1301805,77.5713619,,,bus_stop,,platform
2455311257,node,CRPF,13.1229022,77.5755887,,,bus_stop,,platform
2455693001,node,Anantapura Gate,13.1149667,77.5790230,,,bus_stop,,platform
2455693002,node,Anantapura Gate,13.1146253,77.5789648,,,bus_stop,,platform
2455697626,node,Nagenahalli Gate,13.1297645,77.5713825,,,bus_stop,,platform
2455703300,node,Domlur Flyover,12.9569610,77.6412963,,,bus_stop,,platform
2459519680,node,Byatarayanapura,13.0672536,77.5934526,,,bus_stop,,platform
2459525998,node,Government School,13.0775849,77.6061759,,,bus_stop,,
2459526042,node,Jakkuru,13.0793576,77.6075570,,,bus_stop,,platform
2460114549,node,Srirampura Cross,13.0667622,77.6095205,,,bus_stop,,platform
2460130732,node,Telecom Layout,13.0679751,77.6165935,,,bus_stop,,
2460131154,node,Venkateshwara Nagara,13.0748888,77.6189885,,,bus_stop,,
2460236274,node,Jn of Srirampura Road,13.0716969,77.6193949,,,bus_stop,,platform
2460236693,node,SBI,13.0683062,77.6288486,,,bus_stop,,
2460236694,node,SBI Bank,13.0682412,77.6287637,,,bus_stop,,
2460236928,node,K Narayanapura Cross,13.0675374,77.6338612,,,bus_stop,,
2460237956,node,K Narayanapura Main Bus Stand,13.0664226,77.6405985,,,,,stop_position
2460374989,node,Amarajyothi Nagara,13.0358530,77.5969821,,,bus_stop,,
2460432486,node,Vishwanatha Nagenahalli,13.0395765,77.6048698,,,bus_stop,,
2460535485,node,Cholanayakanahalli,13.0367899,77.5974541,,,bus_stop,,
2460544717,node,Chamundi Nagara,13.0341497,77.5993799,,,bus_stop,,
2460558602,node,Jn of Dasarahalli Road,13.0558554,77.5939661,,,bus_stop,,platform
2460558606,node,Dasarahalli Bellary Road,13.0563553,77.6116067,,,bus_stop,,
2460572888,node,Amruthnagar,13.0557354,77.5983161,,,bus_stop,,
2460573483,node,Buvaneswari Nagara,13.0551742,77.6019999,,,bus_stop,,
2460582961,node,Goutam College,13.0348628,77.6045800,,,bus_stop,,
2461344821,node,Sterling Apartment,13.0578198,77.5880440,,,bus_stop,,platform
2461344840,node,Maruthi Nagara,13.0588652,77.5810310,,,bus_stop,,platform
2461346886,node,Kodigehalli,13.0599910,77.5765867,,,bus_stop,,platform
2461352604,node,Railway Gate Kodigehalli,13.0620928,77.5738068,,,bus_stop,,platform
2461359359,node,Tennis Court Thindlu,13.0681512,77.5695202,,,bus_stop,,platform
2461361307,node,Thindlu,13.0736882,77.5667911,,,bus_stop,,platform
2461370209,node,Police Out Post,13.0642251,77.5835324,,,bus_stop,,
2461370343,node,Ganesh Temple,13.0629173,77.5852335,,,bus_stop,,
2461372359,node,Post Office Sahakara Nagara,13.0618704,77.5871393,,,bus_stop,,platform
2461383804,node,Virupakshapura,13.0638109,77.5717581,,,bus_stop,,platform
2461399932,node,Kattigehalli Cross,13.1217518,77.6257768,,,bus_stop,,platform
2461402310,node,Reva College,13.1221959,77.6306863,,,bus_stop,,
2462983382,node,Kadugondanahalli Police Station,13.0207633,77.6189599,,,bus_stop,,platform
2462984994,node,KGH Railway Gate,13.0254782,77.6197727,,,bus_stop,,platform
2462988125,node,Govindapura Cross,13.0321599,77.6218230,,,bus_stop,,platform
2463005949,node,Nagavara Junction,13.0407038,77.6245285,,,bus_stop,,
2463014149,node,Sarayipalya,13.0474322,77.6285008,,,bus_stop,,platform
2463014150,node,Sarai Palya,13.0474418,77.6286508,,,bus_stop,,
2463014824,node,Ashwathanagara,13.0522475,77.6311729,,,bus_stop,,
2463014828,node,Ashwath Nagara,13.0529146,77.6312831,,,bus_stop,,platform
2463015175,node,Thanisandra,13.0562923,77.6328481,,,bus_stop,,platform
2463024260,node,IBM Gate,13.0575030,77.6264256,,,bus_stop,,platform
2463031699,node,Ambedkar Medical College,13.0234520,77.6125733,,,bus_stop,,
2463033975,node,RK Hegde Nagara,13.0716130,77.6335800,,,bus_stop,,platform
2463033976,node,Ramakrishna Hegde Nagara,13.0720259,77.6337189,,,bus_stop,,
2463037135,node,Koli Farm,13.0739110,77.6335606,,,bus_stop,,platform
2463037136,node,Koli Farm,13.0765040,77.6337817,,,bus_stop,,
2463039585,node,Chokkanahalli Gate,13.0845587,77.6346605,,,bus_stop,,platform
2463039586,node,Chokkanahalli,13.0848014,77.6348471,,,bus_stop,,platform
2463040641,node,KNS College,13.0887483,77.6354773,,,bus_stop,,
2463040642,node,Thirumenahalli Cross (KNS College),13.0887175,77.6353160,,,bus_stop,,platform
2463054790,node,Railway Gate,13.0288311,77.6159284,,,bus_stop,,platform
2463058515,node,Mestripalya,13.0613226,77.6204119,,,bus_stop,,platform
2463086174,node,Veerannapalya,13.0424788,77.6133420,,,bus_stop,,platform
2463086175,node,Veeranna Palya,13.0421491,77.6134706,,,bus_stop,,platform
2463098135,node,Reva College,13.1172617,77.6339854,,,bus_stop,,platform
2463098150,node,Reva College,13.1171431,77.6341551,,,bus_stop,,
2463850786,node,Manyata Embassy Business Park,13.0413528,77.6216710,,,bus_stop,,platform
2463907038,node,Agrahara Yalahanka,13.0911830,77.6194175,,,bus_stop,,
2463928189,node,VRL Godwon Jakkur,13.0864037,77.6041868,,,bus_stop,,platform
2464040380,node,Raitarasante Yelahanka,13.0977704,77.5990696,,,bus_stop,,platform
2468837734,node,Coles Park,12.9958497,77.6067797,,,bus_stop,,platform
2468839205,node,Davis Road,13.0041350,77.6195611,,,bus_stop,,platform
2468841879,node,Charles School,13.0063988,77.6209433,,,bus_stop,,platform
2468850237,node,Hennur Depot,13.0258663,77.6316356,,,bus_stop,,
2468851420,node,Hennur Ring Road,13.0275763,77.6324515,,,bus_stop,,
2468851422,node,Hennur Ring Road,13.0273577,77.6325828,,,bus_stop,,
2468851954,node,Hennur Cross,13.0319216,77.6362087,,,,,stop_position
2468851955,node,Hennur Cross,13.0318427,77.6361521,,,bus_stop,,platform
2468853945,node,Hennur Bande,13.0367624,77.6409616,,,bus_stop,,platform
2468893611,node,Hall Road,13.0032744,77.6191254,,,bus_stop,,
2468903219,node,Mallya Hospital,12.9703459,77.5943823,,,bus_stop,,platform
2470684786,node,Shilpa Bakery,13.0378170,77.6504617,,,bus_stop,,platform
2470687146,node,Jyothi Nagara,13.0325170,77.6537754,,,bus_stop,,
2470763267,node,KSFC Layout Cross,13.0164987,77.6344298,,,bus_stop,,
2470768042,node,5th Phase Yelahanka New Town,13.1057411,77.5725198,,,bus_stop,,platform
2470768309,node,Yelahanka Bakery,13.1036863,77.5769869,,,bus_stop,,platform
2470770311,node,Kacharakanahalli,13.0210928,77.6284402,,,bus_stop,,
2470775462,node,HBR Layout BDA Complex,13.0258624,77.6279384,,,bus_stop,,
2472146600,node,Madiwala,12.9201929,77.6205855,,,bus_stop,,platform
2472146601,node,St. Johns Hospital,12.9288983,77.6152539,,,bus_stop,,platform
2472174924,node,Adugodi Police Station,12.9389789,77.6097002,,,bus_stop,,platform
2472174934,node,Adugodi Police Station,12.9398233,77.6095574,,,bus_stop,,platform
2473222991,node,Subbayanapalya,13.0077208,77.6409491,,,bus_stop,,platform
2473234384,node,Banasawadi (Towards B Channasandra),13.0144163,77.6509289,,,bus_stop,,platform
2473237970,node,Ayyappa Temple,13.0060438,77.6408420,,,bus_stop,,
2473241048,node,Ayyappa Bakery,13.0062388,77.6479074,,,bus_stop,,platform
2473246690,node,OMBR Layout,13.0082078,77.6523920,,,bus_stop,,
2473247710,node,SRR Kalyana Mantapa,13.0075155,77.6546714,,,bus_stop,,
2473253416,node,B Channasandra,13.0102270,77.6576206,,,bus_stop,,platform
2473255696,node,Steel Factory Banaswadi,13.0133522,77.6497417,,,bus_stop,,platform
2473260898,node,New Baldwin School,13.0144053,77.6582688,,,bus_stop,,platform
2473262290,node,Ramamurthy Nagara Police Station,13.0120908,77.6679705,,,bus_stop,,platform
2473263723,node,Ramamurthy Nagara Alada Mara,13.0114777,77.6766774,,,bus_stop,,platform
2473280543,node,Devasandra,13.0061898,77.7002059,,,bus_stop,,
2473283562,node,Ayyappa Nagara,13.0042884,77.7099467,,,bus_stop,,
2473290896,node,Kasturinagara 2nd Stage,13.0011341,77.6618469,,,bus_stop,,platform
2473292309,node,Koudenahalli Cross,13.0193199,77.6782257,,,bus_stop,,
2473294117,node,Akshaya Nagara,13.0206774,77.6839896,,,bus_stop,,
2473294971,node,Shanthi Layout,13.0167674,77.6834304,,,bus_stop,,
2473495917,node,Kodigehalli Cross,12.9961901,77.7194339,,,bus_stop,,platform
2473499700,node,Kadugodi,12.9957158,77.7582828,,,bus_stop,,platform
2473502206,node,Kadugodi,12.9957290,77.7580713,,,bus_stop,,platform
2473513230,node,Channasandra,12.9834950,77.7681278,,,bus_stop,,platform
2473602003,node,St. John's Hospital,12.9295407,77.6160059,,,bus_stop,,platform
2474812944,node,Horamavu,13.0264172,77.6607702,,,bus_stop,,platform
2474969289,node,Raghavendra Circle,13.0199614,77.6744514,,,bus_stop,,
2474972481,node,Koudenahalli Cross,13.0212554,77.6791051,,,bus_stop,,
2474972482,node,Ananda Nagara,13.0241924,77.6927330,,,bus_stop,,
2475089433,node,Kempapura,13.0438124,77.6010257,,,bus_stop,,platform
2475093900,node,Nagavara Junction,13.0401032,77.6246913,,,bus_stop,,platform
2475093904,node,Nagavara Junction,13.0400746,77.6241033,,,bus_stop,,platform
2475096588,node,80 Feet Road Kalyan Nagara,13.0246415,77.6431407,,,bus_stop,,platform
2475096591,node,HRBR Layout Cross,13.0240735,77.6432169,,,bus_stop,,stop_position
2475100700,node,Babusab Palya,13.0222011,77.6484372,,,bus_stop,,platform
2475100702,node,Babusab Palya,13.0219613,77.6483293,,,bus_stop,,platform
2475270831,node,Vijaya Bank Colony,13.0169587,77.6602146,,,bus_stop,,platform
2475275940,node,Tin Factory,12.9970380,77.6691307,,,bus_stop,,platform
2475275941,node,Tin Factory,12.9966231,77.6697902,,,bus_stop,,platform
2475286424,node,KR Pura Market,13.0084392,77.6952928,,,bus_stop,,platform
2475287984,node,KR Puram New Layout,13.0119226,77.6987282,,,bus_stop,,platform
2475287987,node,KR Puram New Layout,13.0119031,77.6990457,,,bus_stop,,platform
2475297664,node,Bhattarahalli,13.0202265,77.7095085,,,bus_stop,,platform
2475297667,node,Bhattarahalli,13.0199672,77.7097161,,,bus_stop,,platform
2475300566,node,Medahalli,13.0263340,77.7203227,,,bus_stop,,platform
2475300569,node,Medahalli,13.0259667,77.7203199,,,bus_stop,,platform
2475344867,node,Indian Oil Sevanagar,13.0047953,77.6367948,,,bus_stop,,platform
2475344868,node,Ramaswamypalya,13.0096843,77.6352983,,,bus_stop,,platform
2475354325,node,Banasawadi 80ft Road,13.0160331,77.6428522,,,bus_stop,,platform
2475354533,node,Jn of 9th Main and 3rd Cross,13.0181550,77.6473034,,,bus_stop,,platform
2475356639,node,Babusab Palya,13.0223417,77.6474158,,,bus_stop,,platform
2475364073,node,Jalavayu Vihara,13.0213775,77.6369330,,,bus_stop,,platform
2475364074,node,Kullappa Circle,13.0140537,77.6394237,,,bus_stop,,
2475368554,node,Chalekere,13.0275380,77.6412496,,,bus_stop,,
2475373754,node,Jn of Oil Mill Road,13.0127579,77.6352633,,,bus_stop,,
2475373755,node,Lingarajapuram KHB Colony,13.0113519,77.6317639,,,bus_stop,,
2475389488,node,Mariyamma Layout,13.0259839,77.6499411,,,bus_stop,,platform
2475413784,node,Indiranagar BMTC Depot,12.9822832,77.6346248,,,bus_stop,,platform
2475421199,node,Binnamangala,12.9835653,77.6394849,,,bus_stop,,platform
2475421200,node,Isolation Hospital,12.9849820,77.6431751,,,,,stop_position
2475421201,node,Isolation Hospital,12.9850895,77.6431664,,,,,stop_position
2475421202,node,NGEF,12.9877354,77.6499495,,,bus_stop,,platform
2475421204,node,Srinivasapura,12.9900459,77.6549626,,,bus_stop,,platform
2475437347,node,B Narayanapura,13.0004333,77.6836415,,,bus_stop,,platform
2475437350,node,B Narayanapura,13.0002517,77.6836813,,,bus_stop,,platform
2475453587,node,Mahadevapura,12.9971871,77.6907362,,,bus_stop,,platform
2475453590,node,Singayyana Palya,12.9957625,77.6949399,,,bus_stop,,platform
2475453593,node,Singayyana Palya,12.9956027,77.6947489,,,bus_stop,,platform
2475465250,node,Garudachar Palya,12.9940416,77.7016203,,,bus_stop,,platform
2475466365,node,Bhorkua Steel,12.9930772,77.7059040,,,bus_stop,,platform
2475468378,node,Rajapalya,12.9913858,77.7211626,,,bus_stop,,platform
2475468379,node,Rajapalya,12.9911963,77.7210815,,,bus_stop,,platform
2475469391,node,Pattandur Agrahara Gate,12.9879449,77.7342371,,,bus_stop,,platform
2475469392,node,Pattandur Agrahara Gate,12.9877141,77.7342664,,,bus_stop,,platform
2475474263,node,ITPL,12.9877152,77.7369166,,,bus_stop,,platform
2475474264,node,B P L Whitefield,12.9852735,77.7483356,,,bus_stop,,platform
2475474266,node,B P L Whitefield,12.9851088,77.7480845,,,bus_stop,,platform
2476115582,node,Kundalahalli Colony,12.9706827,77.7124547,,,bus_stop,,platform
2476115583,node,Kundalahalli Colony,12.9697674,77.7126289,,,bus_stop,,platform
2476128053,node,Platform 12,12.9782608,77.5729000,,,,,stop_position
2477322278,node,Sai Baba Hospital,12.9824526,77.7281361,,,bus_stop,,platform
2477322389,node,SJR Park ITPL,12.9805104,77.7272748,,,bus_stop,,platform
2477322390,node,SJR Park ITPL,12.9804194,77.7275164,,,bus_stop,,platform
2477327038,node,KTPO,12.9771521,77.7214789,,,bus_stop,,platform
2477328112,node,SAP ITPL,12.9777295,77.7149595,,,bus_stop,,platform
2477336839,node,Spice Garden,12.9562995,77.7088804,,,bus_stop,,platform
2477336840,node,Marathahalli Bridge,12.9570070,77.7023862,,,bus_stop,,platform
2477432046,node,Udayanagara,12.9896280,77.6749278,,,bus_stop,,
2477432049,node,Sadananda Nagara,12.9944028,77.6579860,,,bus_stop,,platform
2477436167,node,Garden City College,13.0231346,77.7061954,,,bus_stop,,platform
2477475436,node,Vijanapura,13.0032009,77.6678609,,,bus_stop,,
2477486440,node,Sigehalli,13.0160719,77.7169674,,,bus_stop,,
2477505096,node,Varanasi,13.0301146,77.6850518,,,bus_stop,,
2477611141,node,Thippasandra Ganesha Temple,12.9721440,77.6540641,,,bus_stop,,platform
2477611147,node,Dare,12.9854999,77.6727858,,,bus_stop,,
2477612824,node,DRDO 2ND Phase,12.9859152,77.6790908,,,bus_stop,,
2477626253,node,Mallesh Palya,12.9748505,77.6703784,,,bus_stop,,platform
2477628424,node,Mallesh Palya New Bus Stand,12.9728481,77.6777588,,,bus_stop,,platform
2477654587,node,Abbaiah Layout,12.9793688,77.6808575,,,bus_stop,,platform
2481247740,node,Pattanduru Agrahara,12.9782986,77.7339188,,,bus_stop,,platform
2482304662,node,Saibaba General Hospital,12.9744422,77.7506939,,,bus_stop,,platform
2482304663,node,Saibaba General Hospital,12.9740103,77.7504051,,,bus_stop,,platform
2482304665,node,Gandhipura,12.9696620,77.7528005,,,bus_stop,,platform
2482304666,node,Hagadur Cross,12.9684666,77.7560498,,,bus_stop,,platform
2482304667,node,Immadihalli,12.9667571,77.7630225,,,bus_stop,,platform
2482394814,node,Nagagondanahalli,12.9752095,77.7713656,,,bus_stop,,platform
2483704196,node,Kalamandir,12.9600427,77.7012458,,,bus_stop,,platform
2483704198,node,Marathahalli,12.9522828,77.7001144,,,bus_stop,,platform
2485090588,node,Kundalahalli Gate,12.9558487,77.7134677,,,bus_stop,,platform
2485090589,node,Thubarahalli,12.9559247,77.7215365,,,bus_stop,,platform
2485090590,node,Thubarahalli,12.9557287,77.7205556,,,bus_stop,,platform
2485090592,node,Siddapura (towards Kundalahalli Gate),12.9560945,77.7308717,,,bus_stop,,platform
2485090593,node,Ramagondanahalli Varthuru,12.9569031,77.7413745,,,bus_stop,,platform
2485090594,node,Varthuru Kodi,12.9565970,77.7446448,,,bus_stop,,platform
2485090595,node,Varthuru Kodi,12.9569520,77.7452244,,,bus_stop,,platform
2485111401,node,"Vinayak Nagara,Gunjuru",12.9286181,77.7393805,,,bus_stop,,platform
2485126509,node,Halasa Halli Cross,12.9329630,77.7581777,,,bus_stop,,platform
2485126510,node,Varthuru Police Station,12.9375303,77.7462676,,,bus_stop,,platform
2485933288,node,Bellandur Petrol Bunk,12.9231407,77.6702113,,,bus_stop,,platform
2485933289,node,Bellandur Petrol Bunk,12.9228369,77.6701247,,,bus_stop,,platform
2486617758,node,Brooke Bond,12.9642618,77.7484119,,,bus_stop,,platform
2486617759,node,Brooke Bond,12.9640036,77.7485310,,,bus_stop,,platform
2486617760,node,Vinayakanagar,12.9647288,77.7553608,,,bus_stop,,platform
2486617763,node,Hagaduru,12.9659294,77.7568837,,,bus_stop,,platform
2486622025,node,Vijayanagar,12.9753566,77.7546005,,,bus_stop,,
2486626922,node,Sorahunase Temple,12.9474841,77.7544752,,,bus_stop,,platform
2509428534,node,,12.9168542,77.6212842,,,,,stop_position
2509428536,node,Ayyappa Temple,12.9259398,77.6171420,,,bus_stop,,platform
2509428538,node,Silk Board,12.9167139,77.6214094,,,bus_stop,,platform
2509433159,node,Hosur Junction,12.9322640,77.6130950,,,bus_stop,,platform
2509433182,node,Hosur Junction,12.9320718,77.6131003,,,bus_stop,,platform
2510395000,node,BTM Water Tank,12.9167172,77.6068612,,,bus_stop,,platform
2510395007,node,BTM Nagar Layout Water Tank,12.9165179,77.6067295,,,bus_stop,,platform
2510395023,node,BTM Layout Kuvempu Nagara,12.9163631,77.6165577,,,bus_stop,,platform
2511399368,node,MICO Layout,12.9168020,77.6032645,,,bus_stop,,platform
2512566325,node,JP Nagar 3rd Phase,12.9078336,77.6002850,,,bus_stop,,platform
2512617705,node,MICO Layout,12.9165498,77.6041279,,,bus_stop,,platform
2512642820,node,JP Nagar 3rd Phase,12.9072491,77.5999571,,,bus_stop,,platform
2512642823,node,JP Nagar 3rd Phase,12.9070374,77.6000242,,,bus_stop,,platform
2513608689,node,J P Nagar 6th Phase,12.9063630,77.5776280,,,bus_stop,,platform
2513608690,node,J P Nagar Powerhouse,12.9062976,77.5808950,,,bus_stop,,platform
2513608693,node,J P Nagar 6th Phase Terminus,12.9065613,77.5776167,,,bus_stop,,platform
2513834593,node,Devegowda Petrol Bunk,12.9218592,77.5591558,,,bus_stop,,platform
2513845212,node,Kamakhya Talkies,12.9237541,77.5536389,,,bus_stop,,platform
2515008619,node,Janatha Bazaar,12.9284015,77.5460155,,,bus_stop,,platform
2515008623,node,Janatha Bazaar,12.9282700,77.5458707,,,bus_stop,,platform
2515008626,node,Katriguppe,12.9255015,77.5496090,,,bus_stop,,platform
2518359884,node,Kanteerava Studio,13.0226610,77.5326098,,,bus_stop,,platform
2518359885,node,Modern Food Goraguntepalya,13.0249260,77.5339349,,,bus_stop,,platform
2518359887,node,Rajkumar Samadhi,13.0181896,77.5315886,,,bus_stop,,platform
2518854761,node,Nandini Layout Ring Road,13.0121760,77.5289456,,,bus_stop,,platform
2518861140,node,Laggere Bridge,13.0084989,77.5266205,,,bus_stop,,platform
2600915519,node,Graphite India,12.9781942,77.7114064,,,bus_stop,,platform
2613357230,node,Navrang Private Bus Stop,12.9999580,77.5526294,,,bus_stop,,platform
2614647527,node,Big Bazaar,12.9879080,77.7317832,,,bus_stop,,platform
2619331800,node,Hope Farm,12.9837782,77.7531644,,,bus_stop,,platform
2623144513,node,Hennur Cross,13.0275783,77.6327758,,,bus_stop,,platform
2623640650,node,Marathahalli Market,12.9560471,77.6937078,,,bus_stop,,platform
2623640654,node,Marathahalli Market,12.9564201,77.6948921,,,bus_stop,,platform
2634995044,node,Gandhi Circle,12.9401978,77.7472205,,,bus_stop,,platform
2639216659,node,Bilekahalli,12.9007941,77.6011827,,,bus_stop,,platform
2639216672,node,Bilekahalli,12.9002893,77.6008782,,,bus_stop,,platform
2643922981,node,Hoodi,12.9891327,77.7118453,stop,,,,stop_position
2649085501,node,Jayanagar 3rd Block,12.9319304,77.5838469,,,bus_stop,,platform
2668453928,node,Yeshwanthpur Railway Station,13.0192211,77.5532574,,,bus_stop,,
2669084978,node,Krantivira Sangolli Rayanna (Bengaluru),12.9781739,77.5695603,station,,,,station
2677362269,node,Jayanagar 5th Block 40th Cross,12.9199760,77.5805791,,,bus_stop,,platform
2696304678,node,Clarence School,13.0028323,77.6164758,,,bus_stop,,platform
2703669972,node,CPRI,13.0148441,77.5749596,,,bus_stop,,platform
2723747022,node,Mallige Hospital,12.9479281,77.5920943,,,bus_stop,,platform
2727229634,node,Ashoka Pillar,12.9424578,77.5851229,,,bus_stop,,platform
2727229638,node,Rani Saraladevi,12.9381103,77.5852032,,,bus_stop,,platform
2727229639,node,Jayanagar 2nd Block,12.9376335,77.5849914,,,bus_stop,,platform
2872411593,node,RT Nagar Police Station,13.0255639,77.5930047,,,bus_stop,,
2908681030,node,Begur,12.8739338,77.6257894,,,bus_stop,,
2938998578,node,Kodichikkanahalli,12.8982379,77.6180258,,,bus_stop,,
2939016466,node,IIM Apollo,12.8962740,77.5998603,,,bus_stop,,platform
2939016472,node,IIM,12.8959965,77.5996317,,,bus_stop,,
2945920002,node,Forum Mall Koramangala,12.9349503,77.6121482,,,bus_stop,,platform
2949043344,node,Lido Talkies,12.9727703,77.6213512,,,bus_stop,,platform
2967308931,node,Yesvantpur Junction,13.0237734,77.5507701,station,,,,station
2967312447,node,Hebbal,13.0425476,77.5862489,station,,,,station
2975331591,node,Vijayanagara,12.9719960,77.5376310,,,,,platform
3003967142,node,Trinity Circle,12.9707657,77.6197262,,,bus_stop,,platform
3016052461,node,Ejipura Junction,12.9386361,77.6331228,,,bus_stop,,platform
3016052463,node,Koramangala Sony World,12.9381615,77.6280491,,,bus_stop,,platform
3016052464,node,Koramangala Sony World,12.9382139,77.6281909,,,bus_stop,,platform
3149435087,node,Ragi Machine,12.8917429,77.5601377,,,,,stop_position
3151701188,node,BEML Layout,12.9600385,77.7164183,,,bus_stop,,platform
3161120723,node,Jakkasandra,12.9247454,77.6379220,,,bus_stop,,platform
3170006932,node,Kaadubeesanahalli,12.9418765,77.6968662,,,bus_stop,,platform
3170006933,node,Kaadubeesanahalli,12.9426361,77.6970550,,,bus_stop,,platform
3170033034,node,Halasuru,12.9777027,77.6278944,,,,,stop_position
3170437443,node,New Horizon College,12.9354523,77.6909776,,,bus_stop,,platform
3170450633,node,Devarabeesanahalli,12.9316260,77.6871127,,,bus_stop,,platform
3170450634,node,Deverabeesanahalli,12.9320446,77.6871801,,,bus_stop,,platform
3170452368,node,Ecospace,12.9280142,77.6811320,,,bus_stop,,platform
3170452369,node,Ecospace,12.9283411,77.6811574,,,bus_stop,,platform
3170454889,node,Bellandur Central,12.9245096,77.6738460,,,bus_stop,,platform
3198633191,node,Shivananda Stores,12.9869097,77.5789251,,,bus_stop,,stop_position
3198633192,node,Shivananda Stores,12.9872315,77.5788262,,,bus_stop,,platform
3198633193,node,Swastik Sheshadripuram College,12.9889866,77.5747566,,,bus_stop,,platform
3199052003,node,Laggere Cross Bus Stop,13.0227517,77.5242358,,,bus_stop,,platform
3201223544,node,ESI Hospital (towards Vijayanagara),12.9898028,77.5506837,,,bus_stop,,platform
3207060490,node,Babusabpalya,13.0227949,77.6473286,,,bus_stop,,platform
3207937729,node,Kuvempu Circle,12.9098411,77.5210794,,,bus_stop,,platform
3240631520,node,,12.9261590,77.6239517,,,bus_stop,,platform
3240677950,node,HSR Sector 7,12.9155668,77.6324478,,,bus_stop,,platform
3276659128,node,HAL 2nd Stage,12.9634855,77.6417018,,,bus_stop,,platform
3279479269,node,Monotype,12.9217893,77.5706793,,,bus_stop,,platform
3298916256,node,Murugeshpalaya,12.9592797,77.6580632,,,bus_stop,,platform
3299039166,node,Domlur (Towards HAL),12.9611661,77.6379762,,,bus_stop,,platform
3300149440,node,HSR Layout,12.9127356,77.6380054,,,,bus_station,station
3302507154,node,St. Johns Hospital,12.9290362,77.6151697,,,bus_stop,,platform
3302642058,node,Jayadeva Hospital,12.9167310,77.5999663,station,subway,,,station
3304100394,node,Kodihalli,12.9600954,77.6472308,,,bus_stop,,platform
3304142858,node,Domlur Bridge,12.9604285,77.6422140,,,bus_stop,,platform
3304155383,node,Dickenson Road,12.9807183,77.6106553,,,bus_stop,,platform
3306213861,node,"Elgin Floor Mill,Langford Town",12.9551307,77.6055838,,,bus_stop,,platform
3307011001,node,Private Bus Yeshwanthpur Pick up Point,13.0214000,77.5518295,,,bus_stop,,
3310413267,node,CMH Hospital,12.9775953,77.6467794,,,bus_stop,,platform
3310413268,node,CMH Hospital,12.9777156,77.6465930,,,bus_stop,,platform
3320950142,node,Central,12.9900120,77.5720650,,,bus_stop,,platform
3320950152,node,Central,12.9900294,77.5721105,,,,,stop_position
3343297219,node,Cubbon Park,12.9808954,77.5975620,stop,,,,stop_position
3344494904,node,Mayo Hall,12.9734314,77.6099619,,,bus_stop,,platform
3351054477,node,Mysore Road Metro,12.9463164,77.5305272,,,bus_stop,,platform
3356616803,node,"Corporation, Mission Road (Towards Subbiah Circle)",12.9647847,77.5879442,,,bus_stop,,platform
3356616804,node,Richmond Circle,12.9674327,77.5994195,,,bus_stop,,platform
3368083327,node,JP Nagara 3rd Phase,12.9082011,77.6004284,,,bus_stop,,platform
3370102638,node,Indiranagar Police Station,12.9782853,77.6402106,,,bus_stop,,platform
3371451049,node,Bangalore University Bus stop,12.9520859,77.4999894,,,bus_stop,,platform
3371451050,node,Quarters stop,12.9528321,77.5000678,,,bus_stop,,
3379412454,node,Peenya,13.0330515,77.5332233,stop,,,,stop_position
3393509903,node,RV Dental College,12.9097306,77.5857901,,,bus_stop,,platform
3393509904,node,JP Nagar IInd Phase,12.9097200,77.5856482,,,bus_stop,,
3396658477,node,Kodihalli,12.9685656,77.6495726,,,bus_stop,,platform
3401990796,node,Malleshwaram Circle,12.9969253,77.5689234,,,bus_stop,,platform
3401990805,node,Malleshwaram 11th Cross,13.0028324,77.5711904,,,bus_stop,,platform
3401997313,node,Jayanagara 4th Block,12.9282918,77.5836890,,,bus_stop,,platform
3406880173,node,Hosur Road Cemetery,12.9532975,77.6053903,,,bus_stop,,platform
3406880174,node,Anepalya,12.9535712,77.6052049,,,bus_stop,,platform
3406880175,node,Johnson Market,12.9656687,77.6069375,,,bus_stop,,platform
3406880176,node,Johnson Market,12.9657700,77.6069328,,,bus_stop,,platform
3407345220,node,Dairy Circle,12.9398900,77.6023325,,,bus_stop,,platform
3407345221,node,Dairy Circle,12.9391403,77.6020358,,,bus_stop,,platform
3417157376,node,Chikkallasandra Aralimara,12.9117883,77.5523834,,,,,stop_position
3451666930,node,Nagavaarapalya Bus Stop,12.9939821,77.6632229,,,bus_stop,,platform
3451668566,node,Nagavaarapalya Bus Stop,12.9943134,77.6633147,,,bus_stop,,platform
3476877517,node,Hosmat Hospital,12.9694471,77.6161243,,,bus_stop,,platform
3527330475,node,Canara Bank Tannery Road,13.0071100,77.6125856,,,,,stop_position
3535554100,node,Wilson Garden Police Station,12.9502508,77.5957685,,,bus_stop,,platform
3558431084,node,Aralekatte Bus Stop,12.8797530,77.6246020,,,bus_stop,,
3591575624,node,Post Office RT Nagar,13.0218684,77.5924708,,,bus_stop,,platform
3591575671,node,Police Station RT Nagar,13.0243059,77.5928044,,,bus_stop,,platform
3591576043,node,RT Nagar Post Office,13.0226753,77.5925068,,,bus_stop,,
3592142912,node,BEML Layout,12.9611099,77.7164738,,,bus_stop,,platform
3606930258,node,HAL Main Gate KIA Bus Stop,12.9583930,77.6654779,,,bus_stop,,platform
3656290925,node,Nettakallappa Circle,12.9397098,77.5723755,,,bus_stop,,platform
3660230490,node,Nagarabhavi Circle/Coconut Garden Layout,12.9601806,77.5198290,,,bus_stop,,platform
3664768525,node,Yesvantpur Junction,13.0239414,77.5514249,,,,,stop_position
3666262561,node,Kasturi Nagar,13.0038491,77.6631418,,,bus_stop,,platform
3681741461,node,Shri Vidhyanagara,12.9322341,77.5354777,,,bus_stop,,
3725667313,node,Indiranagar Police Station,12.9788178,77.6407507,,,bus_stop,,platform
3730961538,node,MG Road,12.9741854,77.6124135,,,bus_stop,,platform
3732415798,node,Kogilu Cross,13.1040708,77.6008442,,,,,stop_position
3738821164,node,Kogilu Cross,13.1040872,77.6009436,,,bus_stop,,platform
3739173908,node,Kodigehalli Gate,13.0569897,77.5936645,,,bus_stop,,platform
3739201965,node,GKVK Gate,13.0731009,77.5930068,,,bus_stop,,platform
3739201968,node,Aerodrome,13.0772262,77.5930303,,,bus_stop,,platform
3739207821,node,Kodigehalli Gate,13.0576735,77.5931668,,,bus_stop,,platform
3739207822,node,Aerodrome,13.0771131,77.5925763,,,bus_stop,,platform
3739218590,node,Kogilu Cross,13.1045782,77.6004842,,,bus_stop,,platform
3740957800,node,Manikshaw Parade Ground,12.9775677,77.6079378,,,bus_stop,,platform
3741208081,node,Kasturba Road,12.9740494,77.5956184,,,bus_stop,,platform
3755608905,node,Platform 21,12.9786086,77.5725521,,,,,stop_position
3756218734,node,Sujatha Talkies,12.9824156,77.5620528,,,bus_stop,,stop_position
3756218736,node,Sujatha Talkies,12.9827615,77.5622502,,,bus_stop,,platform
3772207461,node,Wind Tunnel Road,12.9573591,77.6537096,,,bus_stop,,
3772207462,node,Wind Tunnel Road,12.9580892,77.6539884,,,bus_stop,,
3772208370,node,Belur Nagasandra,12.9433803,77.6542277,,,bus_stop,,platform
3778460853,node,HAL Kalyanamantapa,12.9546260,77.6819773,,,bus_stop,,platform
3779509364,node,Bellandur Bus Stop,12.9261304,77.6764724,,,bus_stop,,platform
3799002967,node,,12.9311900,77.5062185,,,bus_stop,,
3799455215,node,Kasturi Nagara,13.0041314,77.6632990,,,bus_stop,,platform
3804880032,node,Silk Board Junction,12.9159764,77.6237596,,,bus_stop,,platform
3812372719,node,Mekhri Circle,13.0145543,77.5820008,,,bus_stop,,platform
3830928514,node,Devi Nagara,13.0468941,77.5690717,,,,,stop_position
3830928536,node,BEL Circle,13.0434865,77.5584517,,,bus_stop,,platform
3830964315,node,Alisda,13.0375906,77.5418272,,,bus_stop,,platform
3830964327,node,Guragunte Palya Cross,13.0294164,77.5402163,,,bus_stop,,platform
3832803857,node,Vijaya High School,12.9365890,77.5817339,,,bus_stop,,
3833691730,node,Jalahalli Cross,13.0397865,77.5184458,,,bus_stop,,
3840278215,node,Bellandur Central,12.9246308,77.6734750,,,bus_stop,,platform
3875744057,node,Platform 1,12.9777644,77.5728494,,,,,stop_position
3875744058,node,Platform 2,12.9779442,77.5727259,,,,,stop_position
3875768038,node,Platform 3,12.9780562,77.5725348,,,,,stop_position
3875768039,node,Platform 3A,12.9780653,77.5722489,,,,,stop_position
3875768040,node,Platform 5,12.9779148,77.5718130,,,,,stop_position
3875790066,node,Platform 6,12.9780458,77.5719149,,,,,stop_position
3875790067,node,Platform 6A,12.9781429,77.5720401,,,,,stop_position
3875790068,node,Platform 7,12.9781992,77.5721632,,,,,stop_position
3875790069,node,Platform 8,12.9782295,77.5722952,,,,,stop_position
3875790070,node,Platform 8A,12.9782221,77.5725112,,,,,stop_position
3969029499,node,Malleswaram 18th Cross,13.0086882,77.5689510,,,,,platform
4004490041,node,Havanur Circle Bus Stop,12.9871322,77.5394480,,,bus_stop,,
4016362864,node,Deepak Factory,13.0469642,77.5016340,,,bus_stop,,platform
4029938934,node,Palace Ground,13.0103991,77.5836806,,,bus_stop,,platform
4029938935,node,Palace Ground,13.0104965,77.5840378,,,bus_stop,,platform
4040044244,node,Spice Garden,12.9564862,77.7088070,,,bus_stop,,platform
4044342168,node,Bashayam Circle,13.0059813,77.5797646,,,bus_stop,,platform
4073215040,node,Kamalanagar Water Tank,12.9958011,77.5398855,,,bus_stop,,platform
4073215041,node,"Sharada Colony , Old Bus Stop",12.9921882,77.5344983,,,bus_stop,,
4073224911,node,Gudde Devastana Kamalanagara,12.9952849,77.5331941,,,bus_stop,,platform
4073230949,node,Kamalanagar BEML layout,12.9926916,77.5304167,,,bus_stop,,
4073243459,node,Maruthi Temple Kamalanagara,12.9956563,77.5355275,,,bus_stop,,platform
4073319923,node,Shankararnag Bus Stop,12.9946168,77.5267989,,,bus_stop,,platform
4101455408,node,Indiranagar Police Station,12.9784912,77.6414337,,,bus_stop,,platform
4108381700,node,Railway Station Yeshwanthapura,13.0218559,77.5533244,,,bus_stop,,platform
4108417932,node,Malleswaram,13.0006306,77.5634760,station,,,,station
4117248472,node,Ulsoor,12.9875688,77.6223140,,,bus_stop,,platform
4117248474,node,,12.9139438,77.6774245,,,bus_stop,,platform
4117249190,node,The Millenia,12.9819775,77.6238886,,,bus_stop,,platform
4117249649,node,Halasuru,12.9872664,77.6225414,,,bus_stop,,platform
4130929491,node,Old Gudahalli,12.9609947,77.5508936,,,,bus_station,station
4142367866,node,Sharavathi Hotel Bus Stop,13.0980485,77.5844881,,,bus_stop,,platform
4144220197,node,Chinnaswamy Stadium,12.9773958,77.5987904,,,bus_stop,,platform
4144220198,node,MG Statue,12.9767485,77.5999592,,,bus_stop,,platform
4144224291,node,Chinnaswamy Stadium,12.9772163,77.5991943,,,bus_stop,,platform
4159540539,node,Vijayanagara,12.9719284,77.5376121,,,,,platform
4159540541,node,Vijayanagara,12.9720931,77.5376656,,,,,platform
4159540542,node,Vijayanagara,12.9721781,77.5377126,,,bus_stop,,platform
4159540543,node,Vijayanagara,12.9722604,77.5377770,,,,,platform
4173145025,node,New Tippasandra Main Road,12.9743857,77.6469645,,,bus_stop,,platform
4223265259,node,,12.9781046,77.6331975,,,bus_stop,,
4242256789,node,Bus Station Puttanahalli,13.1110497,77.5797494,,,,bus_station,
4252709510,node,Ulsoor Park,12.9844792,77.6223664,,,bus_stop,,platform
4294201108,node,Adugodi,12.9447266,77.6073119,,,bus_stop,,platform
4294218096,node,Elgin Flour Mill,12.9587925,77.6061331,,,,,stop_position
4306277879,node,Doddakallasandra,12.8857355,77.5557448,,,bus_stop,,
4307391440,node,NAL Manipal Hospital,12.9597158,77.6505200,,,bus_stop,,platform
4307423565,node,,12.9558370,77.6911387,,,bus_stop,,platform
4307590416,node,Philomenas Hospital,12.9648942,77.6101101,,,bus_stop,,platform
4310175869,node,ISRO,12.9596510,77.6510959,,,bus_stop,,platform
4332530092,node,Yemalur,12.9454643,77.6805505,,,bus_stop,,
4349257795,node,Lalbagh HOPCOMS,12.9508797,77.5918595,,,bus_stop,,platform
4349360994,node,Lalbagh HOPCOMS,12.9512060,77.5916371,,,bus_stop,,platform
4362765796,node,,12.9342846,77.5799698,,,bus_stop,,
4369751599,node,Bengaluru Dairy Circle,12.9356132,77.6015627,,,bus_stop,,platform
4371078995,node,Jayamahal,13.0018848,77.5944286,,,bus_stop,,platform
4417325592,node,Munekolala bus stand,12.9486948,77.7080762,,,,bus_station,
4422272110,node,RT Nagar,13.0197723,77.5961061,,,bus_stop,,
4447398132,node,Bellanduru,12.9254608,77.6760002,,,bus_stop,,platform
4448126589,node,BEML Gate,12.9713269,77.6588300,,,bus_stop,,platform
4476081690,node,KSRTC Pickup Point,13.0413227,77.5166301,,,bus_stop,,
4529626639,node,Jambu Savari Bus Stop,12.8661088,77.5808539,,,bus_stop,,
4544407101,node,Mariyappanapalya,12.9987017,77.5563325,,,bus_stop,,platform
4544407102,node,Harishchandra Ghat,12.9973205,77.5605489,,,bus_stop,,platform
4544407103,node,Devaiah Park,12.9964744,77.5641444,,,bus_stop,,platform
4546027020,node,Uttarahalli Bus Stop,12.9065651,77.5439239,,,bus_stop,,
4546441991,node,MCTC Bus Stand,12.9540706,77.5434579,,,bus_stop,,platform
4548694596,node,Benniganahalli,12.9964960,77.6684788,stop,subway,,,stop_position
4548694631,node,Krishnarajapura,12.9998836,77.6778421,stop,,,,stop_position
4561048055,node,Shampura,13.0267836,77.6148215,,,bus_stop,,
4595656668,node,Military Bridge,12.9459816,77.6399034,,,bus_stop,,platform
4595656669,node,Halasur Police Station,12.9749342,77.6252988,,,bus_stop,,platform
4597940321,node,Jayamahal,13.0009891,77.5945057,,,bus_stop,,platform
4597940322,node,JC Nagara,13.0039917,77.5936153,,,bus_stop,,platform
4597940323,node,TV Tower,13.0093395,77.5909431,,,bus_stop,,platform
4597940324,node,Mekhri Circle,13.0144232,77.5853285,,,bus_stop,,platform
4601120856,node,Jelly Machine Yalahanka,13.0860471,77.5556415,,,bus_stop,,platform
4601343008,node,Aralimara Industrial Area Rajajinagara,12.9785419,77.5491147,,,bus_stop,,platform
4601343009,node,Kengeri Church,12.9284785,77.4867183,,,bus_stop,,platform
4601356662,node,Yelahanka New Town,13.0956488,77.5790095,,,,,stop_position
4620010689,node,Netaji layout,12.9528000,77.5333112,,,bus_stop,,
4639561294,node,Hoodi,12.9959233,77.7192796,halt,,,,station
4692323122,node,East West College Cross,12.9855649,77.4863150,,,,,stop_position
4701346477,node,East end Jayanagara,12.9168983,77.5973772,,,bus_stop,,platform
4702679392,node,Hulimavu Bus Stop,12.8774812,77.6025003,,,bus_stop,,
4703733899,node,BEML Gate,12.9716813,77.6583704,,,bus_stop,,platform
4746793598,node,Yeshwanthapura Ayyappa Temple,13.0213924,77.5630417,,,bus_stop,,platform
4746793599,node,Yellukunte,12.9055448,77.6412750,,,bus_stop,,
4746793600,node,Yellappa Reddy House Panathur,12.9380638,77.7150498,,,bus_stop,,
4792982256,node,University Quarters,12.9523032,77.4998133,,,,,stop_position
4817968340,node,HSR Layout BDA Complex,12.9164426,77.6342557,,,bus_stop,,platform
4817968427,node,HSR Layout BDA Complex,12.9161591,77.6349949,,,bus_stop,,platform
4843099635,node,KH Road,12.9576303,77.5929482,,,bus_stop,,platform
4846787925,node,Mayo Hall,12.9717925,77.6106288,,,bus_stop,,platform
4846789823,node,D. I. G. Office,12.9687541,77.6149468,,,bus_stop,,platform
4877306421,node,Magadi Road Tollgate,12.9737848,77.5498201,,,bus_stop,,platform
4905822413,node,Chowdeshwari Bus Stand JP Park,13.0330976,77.5541859,,,bus_stop,,platform
4905837941,node,Indian Express,12.9842095,77.5976010,,,bus_stop,,platform
4931120486,node,Tin Factory,12.9963411,77.6687224,,,,,stop_position
4935019449,node,Bhasyam Circle (Towards Magadi Road Toll Gate),12.9836286,77.5540526,,,bus_stop,,platform
4936398410,node,Kaval Byrasandra,13.0197859,77.6077057,,,bus_stop,,platform
4936398411,node,Rabindranath Tagore Nagar Police Station,13.0249689,77.5931584,,,bus_stop,,platform
4937191685,node,Ganesha Temple,13.0096257,77.5432757,,,bus_stop,,stop_position
4937191686,node,Malleshwaram Circle,12.9967644,77.5689657,,,bus_stop,,stop_position
4937207721,node,Vinayaka Layout Nagarbhavi,12.9606356,77.5074495,,,bus_stop,,platform
4937207722,node,NGEF Layout Nagarbhavi,12.9609998,77.5099767,,,bus_stop,,platform
4937863371,node,Malleshwaram 15th Cross,13.0049922,77.5712229,,,,,stop_position
4937863372,node,,13.0028500,77.5712723,,,,,stop_position
4937863375,node,Malleswaram Circle,12.9977319,77.5713903,,,,,stop_position
4973098307,node,K Narayanapura,13.0632906,77.6422736,,,bus_stop,,platform
5018250572,node,Kudlu Gate,12.8895614,77.6394700,stop,,,,stop_position
5109209996,node,Jnanabharati,12.9350669,77.5109716,halt,,,,
5114101551,node,Kaniminike,12.9266638,77.4896129,,,bus_stop,,
5114101553,node,Pepsi Gate,12.9361821,77.4956586,,,bus_stop,,
5114101557,node,Swaminarayana Gurukul,12.9300440,77.4925848,,,bus_stop,,
5114101564,node,Kanaminaki Colony,12.9212627,77.4845731,,,bus_stop,,
5115834852,node,Sharadanagara,12.8924991,77.5595422,,,bus_stop,,platform
5123966866,node,Doddanekkundi Main Bus Stop,12.9677471,77.6933397,,,bus_stop,,platform
5174903786,node,Bamboo Bazar,12.9918654,77.6019903,,,bus_stop,,platform
5174994722,node,Yeshwanthpura Circle,13.0175732,77.5597173,,,bus_stop,,stop_position
5234741873,node,,12.9365710,77.5821894,,,bus_stop,,
5234788060,node,Sanjay Gandhi Hospital,12.9269688,77.5929282,,,bus_stop,,platform
5250142963,node,Gavigangadeshwara Temple,12.9489537,77.5628811,,,bus_stop,,
5256079585,node,Binny Mill,12.9655782,77.5681771,,,bus_stop,,platform
5256079588,node,Kodipalya,12.9044751,77.4879509,,,bus_stop,,
5256079589,node,Konasandra,12.8897814,77.4856871,,,bus_stop,,
5265674077,node,Royan Circle,12.9604106,77.5680457,,,bus_stop,,platform
5269791606,node,Mekhri Circle,13.0203080,77.5837175,,,bus_stop,,platform
5269791616,node,Hebbala,13.0383119,77.5891333,,,,,stop_position
5303068062,node,Avalahalli B.D.A. Park,12.9433231,77.5428551,,,bus_stop,,platform
5303068063,node,,12.9433041,77.5428544,,,,,stop_position
5303068067,node,,12.9432579,77.5426767,,,,,stop_position
5303347171,node,Mekhri Circle,13.0200459,77.5840184,,,bus_stop,,platform
5303349399,node,Hebbala,13.0383248,77.5890628,,,bus_stop,,platform
5303349404,node,Hebbala,13.0388971,77.5896159,,,,,stop_position
5305932617,node,"Nadaprabhu Kempegowda Station, Majestic (Purple Line)",12.9756704,77.5728057,stop,,,,stop_position
5318035151,node,Vibhuthipura Samudaya Bhavana,12.9646789,77.6775679,,,bus_stop,,platform
5329386293,node,Shaji Stores,13.0264895,77.6040339,,,bus_stop,,
5331055872,node,Central,12.9897994,77.5717391,,,bus_stop,,platform
5332493454,node,KBS Terminal 1,12.9767880,77.5733144,,,,,platform
5332493455,node,TSRTC Terminal,12.9767716,77.5738816,,,,,platform
5332493456,node,APSRTC Terminal,12.9766904,77.5737617,,,,,platform
5335240455,node,"Maharani College, KR Circle",12.9771006,77.5857758,,,bus_stop,,stop_position
5335240457,node,"Maharani College, KR Circle",12.9770355,77.5859370,,,,,platform
5335240458,node,"Maharani College, KR Circle",12.9771300,77.5858067,,,bus_stop,,platform
5335240459,node,"Maharani College, KR Circle",12.9772091,77.5856838,,,,,platform
5338944222,node,Konena Agrahara,12.9593064,77.6602990,,,bus_stop,,platform
5346830755,node,Patel Public School Kalyananagar,13.0138000,77.6423972,,,,,stop_position
5349452121,node,Binnamangala,12.9831935,77.6379521,,,bus_stop,,platform
5358355670,node,"Ramakrishna Ashrama, Gavipuram Extention",12.9488622,77.5676519,,,,,stop_position
5358365861,node,Hennur Cross,13.0277371,77.6336571,,,,,stop_position
5423028222,node,Kadugodi Bridge,12.9944997,77.7578876,,,bus_stop,,platform
5443311197,node,St. Theresa Hospital,13.0070245,77.5544693,,,bus_stop,,platform
5464787094,node,"Nadaprabhu Kempegowda Station, Majestic (Green Line)",12.9750646,77.5730388,stop,,,,stop_position
5484216821,node,Isolation Hospital,12.9851610,77.6431454,,,bus_stop,,platform
5484216822,node,Isolation Hospital,12.9849152,77.6432040,,,bus_stop,,platform
5484245021,node,Swami Vivekananda Road,12.9859219,77.6450173,,,bus_stop,,platform
5503164663,node,Doddanekundi Bus Stand,12.9715778,77.6942632,,,bus_stop,,platform
5558663784,node,,13.0330842,77.5541668,,,,,stop_position
5558663785,node,Bashayam Circle,13.0059264,77.5797426,,,,,stop_position
5558663787,node,,13.0086309,77.5689512,,,,,stop_position
5558663803,node,,12.9521645,77.5204655,,,,,stop_position
5558684064,node,Kengeri Police Station,12.9104347,77.4842292,,,,,stop_position
5558684066,node,RV College,12.9254260,77.4995152,,,,,stop_position
5558684067,node,Jayaram Das Factory,12.9298249,77.5056286,,,,,stop_position
5558684072,node,CV Raman Nagara,12.9856584,77.6638418,,,,,stop_position
5558684081,node,Nagarabhavi BDA Complex,12.9796252,77.5106920,,,bus_stop,,platform
5558684082,node,Nagarabhavi BDA Complex,12.9796016,77.5107812,,,bus_stop,,platform
5558684085,node,Nagarbhavi Circle,12.9581080,77.5186287,,,,,stop_position
5558684091,node,Yeshwanthapura TTMC,13.0178271,77.5566758,,,,,platform
5558684094,node,KR Market,12.9612109,77.5750888,,,,,stop_position
5558684099,node,Jayanagar 9th Block,12.9195745,77.5923304,,,bus_stop,,platform
5558684100,node,Jayanagar 9th Block,12.9197850,77.5923385,,,bus_stop,,platform
5558684101,node,Yeshwanthapura Railway Station,13.0231404,77.5504068,,,bus_stop,,platform
5558684110,node,Central Silk Board (Towards Madivala),12.9169444,77.6212546,,,bus_stop,,platform
5558684122,node,Peenya 2nd Stage,13.0108926,77.5068223,,,bus_stop,,platform
5559151361,node,Kaval Byrasandra,13.0196871,77.6076850,,,,,platform
5559151362,node,Kaval Byrasandra,13.0197020,77.6076981,,,,,stop_position
5559151375,node,Hampinagara Bus Stand,12.9590718,77.5354816,,,bus_stop,,platform
5559151376,node,Hampinagara Bus Stand,12.9586983,77.5356684,,,,,stop_position
5559661186,node,Hope Farm,12.9839364,77.7520314,,,,,stop_position
5560544561,node,Hudson Circle,12.9679260,77.5908496,,,,,stop_position
5560544562,node,Shantinagara TTMC,12.9544500,77.5924578,,,,,stop_position
5581917472,node,Garakamanthana Palya,12.9752858,77.6664747,,,bus_stop,,platform
5623433279,node,Rajajinagar Entrance,12.9845800,77.5568187,,,bus_stop,,platform
5631070486,node,Devaiah Park,12.9964592,77.5630839,,,,,platform
5631070487,node,Mariyappanapalya,12.9984707,77.5564195,,,bus_stop,,platform
5631070488,node,Lakshmidevi Nagara,13.0155385,77.5261972,,,bus_stop,,platform
5631070489,node,Harishchandra Ghat,12.9973239,77.5600850,,,,,platform
5631070490,node,Kanteerava Nagar,13.0213819,77.5270556,,,bus_stop,,platform
5631070491,node,Vidhanasoudha Layout,13.0155714,77.5237107,,,bus_stop,,platform
5631070492,node,Rajaji Nagar 1st Block,13.0051450,77.5487800,,,bus_stop,,platform
5631070493,node,Indian Express,12.9838702,77.5974026,,,bus_stop,,platform
5631070494,node,Ganesha Temple,13.0096341,77.5432274,,,bus_stop,,platform
5631070495,node,Shivananda Stores,12.9868763,77.5789129,,,bus_stop,,platform
5631070496,node,Malleshwaram Circle,12.9967540,77.5689626,,,bus_stop,,platform
5631070497,node,Sanjay Gandhi Nagar,13.0188496,77.5261915,,,bus_stop,,platform
5631070498,node,Mahalakshmi Layout,13.0119095,77.5438333,,,bus_stop,,platform
5631070500,node,Swastik Sheshadripuram College,12.9878013,77.5743237,,,bus_stop,,platform
5631085170,node,Bhoopasandra,13.0425659,77.5808479,,,bus_stop,,platform
5631085171,node,Geddalahalli,13.0308677,77.5774226,,,bus_stop,,platform
5631085172,node,Ashwath Nagar,13.0270943,77.5796828,,,bus_stop,,platform
5631085173,node,Nagashettyhalli,13.0425171,77.5731723,,,bus_stop,,platform
5631085174,node,Vijaynagara,12.9717228,77.5378334,,,bus_stop,,platform
5631085175,node,Sadashivanagara Police Station,13.0149314,77.5728595,,,bus_stop,,platform
5631085176,node,Kamalanagar 8th Main,12.9919357,77.5384824,,,bus_stop,,platform
5631085177,node,Sanjay Nagara,13.0344079,77.5756490,,,bus_stop,,platform
5631085178,node,Shankar Mutt,12.9990352,77.5416176,,,bus_stop,,platform
5631085179,node,Navarang Theatre,12.9974984,77.5489491,,,bus_stop,,platform
5631085180,node,Modi Hospital,12.9973955,77.5458814,,,bus_stop,,platform
5631085182,node,RMS Sanjaynagara,13.0375322,77.5743977,,,bus_stop,,platform
5631085183,node,Maruthi Mandira,12.9676387,77.5363051,,,bus_stop,,platform
5631085184,node,Agrahara Dasarahalli,12.9790631,77.5406823,,,bus_stop,,platform
5631085185,node,MS Ramaiah Hospital,13.0271914,77.5716435,,,bus_stop,,platform
5631135853,node,KR Puram Railway Station,12.9998249,77.6762556,,,bus_stop,,platform
5631135854,node,HRBR Layout Cross,13.0242046,77.6431797,,,bus_stop,,platform
5631196660,node,Jaraganahalli Cross,12.9014789,77.5734953,,,bus_stop,,platform
5631196661,node,Konanakunte,12.8854267,77.5669172,,,bus_stop,,platform
5631196662,node,Avalahalli,12.8728036,77.5664556,,,bus_stop,,platform
5631196665,node,Hoodi Circle,12.9918889,77.7151783,,,bus_stop,,platform
5631196666,node,Garudachar Palya,12.9938399,77.7017324,,,bus_stop,,platform
5631196667,node,Glass Factory,12.8763324,77.5670399,,,bus_stop,,platform
5631196668,node,Metro Konanakunte,12.8944811,77.5687665,,,bus_stop,,platform
5631196669,node,Yelachenahalli,12.8973375,77.5714561,,,bus_stop,,platform
5631196670,node,Konanakunte Cross,12.8902129,77.5643128,,,bus_stop,,platform
5631196671,node,Avalahalli BDA Layout Cross,12.8739977,77.5612276,,,bus_stop,,platform
5631196672,node,Konanakunte Reliance Fresh,12.8828951,77.5660649,,,bus_stop,,platform
5631196673,node,Hari Nagara Cross,12.8791710,77.5673463,,,bus_stop,,platform
5631196674,node,Sarakki,12.9109221,77.5729938,,,bus_stop,,platform
5678058123,node,Park,12.9650329,77.5384272,,,bus_stop,,platform
5678058125,node,Devsathanam,12.9642587,77.5418338,,,bus_stop,,platform
5678967721,node,,13.0648862,77.6561681,,,bus_stop,,
5727066678,node,Mayo Hall,12.9738550,77.6112422,,,bus_stop,,platform
5758590388,node,Forum City Apartment,12.9965031,77.5881153,,,bus_stop,,platform
5758648716,node,Vyalikaval,12.9992590,77.5776936,,,bus_stop,,platform
5759778551,node,Sirsi Circle,12.9601734,77.5590301,,,bus_stop,,platform
5759793056,node,Krishnarajendra Market (Kalasipalya),12.9601936,77.5772027,,,bus_stop,,platform
5760197744,node,Whitefield (Kadugodi),12.9957428,77.7579489,station,subway,,,station
5760197745,node,Hopefarm Channasandra,12.9873426,77.7538033,station,subway,,,station
5760197749,node,Pattandur Agrahara,12.9876393,77.7377718,station,subway,,,station
5760197751,node,Sri Sathya Sai Hospital,12.9811949,77.7275361,station,subway,,,station
5760197754,node,Nallurahalli,12.9766408,77.7248845,station,subway,,,station
5760197755,node,Kundalahalli,12.9775940,77.7155586,station,subway,,,station
5760197757,node,Seetharampalya,12.9808558,77.7087854,station,subway,,,station
5760197761,node,Hoodi,12.9888029,77.7113260,station,subway,,,station
5760197762,node,Garudacharpalya,12.9934505,77.7036768,station,subway,,,station
5760197764,node,Singayyanapalya,12.9965445,77.6927176,station,subway,,,station
5760197765,node,Krishnarajapura,12.9999024,77.6776703,station,subway,,,station
5760197766,node,Benniganahalli,12.9965158,77.6684619,station,subway,,,station
5760197769,node,Baiyappanahalli,12.9907136,77.6523733,stop,,,,stop_position
5760197776,node,Jnanabharathi,12.9354476,77.5124016,stop,,,,stop_position
5760197777,node,Rajarajeshwari Nagar,12.9366736,77.5196587,stop,,,,stop_position
5760197778,node,Pantharapalya - Nayandahalli,12.9416831,77.5251045,stop,,,,stop_position
5760197781,node,Mysore Road,12.9467026,77.5300705,stop,,,,stop_position
5760197782,node,Deepanjali Nagar,12.9520333,77.5369961,stop,,,,stop_position
5760197783,node,Attiguppe,12.9618745,77.5335505,stop,,,,stop_position
5760197784,node,Vijayanagar,12.9709537,77.5373851,stop,,,,stop_position
5760197785,node,"Sri Balagangadharanatha Swamiji Stn., Hosahalli",12.9742184,77.5456182,stop,,,,stop_position
5760197786,node,Magadi Road,12.9756527,77.5553548,stop,,,,stop_position
5760197788,node,Krantivira Sangolli Rayanna Railway Station,12.9759026,77.5653744,stop,,,,stop_position
5760197790,node,Swami Vivekananda Road,12.9859543,77.6448902,stop,,,,stop_position
5760197792,node,Indiranagar,12.9783526,77.6386580,stop,,,,stop_position
5760197793,node,Halasuru,12.9765165,77.6266670,stop,,,,stop_position
5760197794,node,Trinity,12.9730388,77.6170235,stop,,,,stop_position
5760197795,node,Mahatma Gandhi Road,12.9754288,77.6072648,stop,,,,stop_position
5760197798,node,Cubbon Park,12.9809794,77.5975758,stop,,,,stop_position
5760197799,node,"Dr. B. R. Ambedkar Station, Vidhana Soudha",12.9789960,77.5918310,stop,,,,stop_position
5760197800,node,"Nadaprabhu Kempegowda Station, Majestic (Purple Line)",12.9757512,77.5730887,stop,,,,stop_position
5760197802,node,"Sir M. Visvesvaraya Stn., Central College",12.9745398,77.5842090,stop,,,,stop_position
5760198153,node,Beratena Agrahara,12.8638665,77.6578624,station,subway,,,station
5760198162,node,Hosa Road,12.8707491,77.6524470,station,subway,,,station
5760198182,node,Singasandra,12.8808178,77.6448456,station,subway,,,station
5760198187,node,Kudlu Gate,12.8899259,77.6392156,station,subway,,,station
5760198198,node,Hongasandra,12.9016952,77.6319861,station,subway,,,station
5760198202,node,Bommanahalli,12.9106157,77.6264782,station,subway,,,station
5760198212,node,Central Silk Board,12.9165816,77.6205670,station,subway,,,station
5760198226,node,BTM Layout,12.9165878,77.6081182,station,subway,,,station
5760198239,node,Ragigudda,12.9170807,77.5883015,station,subway,,,station
5760198458,node,Silk Institute,12.8616662,77.5299532,stop,,,,stop_position
5760198459,node,Thalaghattapura,12.8714243,77.5383625,stop,,,,stop_position
5760198460,node,Vajarahalli,12.8775389,77.5447450,stop,,,,stop_position
5760198464,node,Yelachenahalli,12.8960662,77.5700982,stop,,,,stop_position
5760198465,node,Jaya Prakash Nagar,12.9074760,77.5731076,stop,,,,stop_position
5760198466,node,Banashankari,12.9152242,77.5735786,stop,,,,stop_position
5760198467,node,Rashtreeya Vidyalaya Road,12.9213321,77.5802479,stop,,,,stop_position
5760198468,node,"Nadaprabhu Kempegowda Station, Majestic (Green Line)",12.9759557,77.5728675,stop,,,,stop_position
5760198469,node,Chickpete,12.9669249,77.5745314,stop,,,,stop_position
5760198470,node,Jayanagar,12.9295065,77.5801230,stop,,,,stop_position
5760198471,node,South End Circle,12.9382617,77.5800349,stop,,,,stop_position
5760198472,node,Lalbagh,12.9465339,77.5799954,stop,,,,stop_position
5760198473,node,Krishna Rajendra Market,12.9608960,77.5746404,stop,,,,stop_position
5760198474,node,National College,12.9505263,77.5736697,stop,,,,stop_position
5760198620,node,Peenya Industry,13.0362716,77.5254867,stop,,,,stop_position
5760198623,node,Mantri Square Sampige Road,12.9904282,77.5706929,stop,,,,stop_position
5760198624,node,Srirampura,12.9965408,77.5633115,stop,,,,stop_position
5760198625,node,Peenya,13.0329814,77.5331801,stop,,,,stop_position
5760198626,node,Goraguntepalya,13.0286130,77.5404372,stop,,,,stop_position
5760198627,node,Yeshwantpur,13.0232981,77.5497052,stop,,,,stop_position
5760198629,node,Sandal Soap Factory,13.0147178,77.5539915,stop,,,,stop_position
5760198630,node,Mahalakshmi,13.0080774,77.5487834,stop,,,,stop_position
5760198631,node,Mahakavi Kuvempu Road,12.9984697,77.5568746,stop,,,,stop_position
5760198632,node,Rajajinagar,13.0005232,77.5496166,stop,,,,stop_position
5772182583,node,Ravi Tent,12.9514792,77.6215009,,,bus_stop,,platform
5776596084,node,Wipro Mori Gate,12.9108208,77.6840676,,,bus_stop,,platform
5776678179,node,Kaikondrahalli,12.9140233,77.6777603,,,bus_stop,,platform
5776699920,node,Wipro Mori Gate,12.9108921,77.6845265,,,bus_stop,,platform
5777277380,node,Doddakannali,12.9071179,77.6954450,,,bus_stop,,platform
5777277381,node,Doddakannali,12.9073774,77.6954731,,,bus_stop,,platform
5778351796,node,Ibbaluru,12.9212928,77.6630914,,,bus_stop,,platform
5803875104,node,National Games,12.9487326,77.6201392,,,bus_stop,,platform
5803896296,node,Koramangala Depot,12.9407094,77.6247519,,,bus_stop,,platform
5825299919,node,Kamalanagar Water Tank,12.9952690,77.5380702,,,bus_stop,,platform
5855543777,node,Mysore Road Metro,12.9464096,77.5299195,,,bus_stop,,platform
5928050269,node,Salarpuria Serenity,12.9069208,77.6325545,,,,,stop_position
5948662290,node,Hulimavu Bus Stop,12.8768645,77.6028013,,,bus_stop,,
5954688564,node,Nagasandra,13.0479383,77.5001342,stop,,,,stop_position
5954688572,node,Dasarahalli,13.0432196,77.5125345,stop,,,,stop_position
5954688578,node,Jalahalli,13.0393735,77.5197223,stop,,,,stop_position
5954958473,node,Canara Bank Bus Stop,12.8851411,77.6250809,,,bus_stop,,platform
5954958474,node,Canara Bank Bus Stop,12.8851471,77.6251035,,,bus_stop,,platform
5955006496,node,Tent Bus Stop,12.8918009,77.6258799,,,bus_stop,,platform
5955006497,node,Tent Bus Stop,12.8917728,77.6259154,,,bus_stop,,platform
5958980596,node,Vishwapriyanagar Bus Stop,12.8820078,77.6247240,,,bus_stop,,platform
5958980597,node,Vishwapriyanagar Bus Stop,12.8820137,77.6247555,,,bus_stop,,platform
5959651955,node,Deccan Bus Stop,12.9027599,77.6274121,,,bus_stop,,platform
5959651956,node,Deccan Bus Stop,12.9027726,77.6273648,,,bus_stop,,platform
5959651957,node,Kalyana Mantapa Bus Stop,12.8982875,77.6265661,,,bus_stop,,platform
5959651958,node,Kalyana Mantapa Bus Stop,12.8982918,77.6264158,,,bus_stop,,platform
5960788724,node,Dasarahalli,13.0432607,77.5125535,station,subway,,,station
5960788725,node,Jalahalli,13.0394104,77.5197351,station,subway,,,station
5960788726,node,Srirampura,12.9965253,77.5631963,station,subway,,,station
5961215399,node,,12.9195740,77.6517261,,,bus_stop,,platform
5966255504,node,Byrathi Cross,13.0571263,77.6485080,,,,,platform
5966255505,node,Byrathi Cross,13.0571707,77.6482304,,,bus_stop,,platform
5966255506,node,K Narayanapura Cross,13.0525889,77.6459505,,,bus_stop,,platform
5966255507,node,K Narayanapura Cross,13.0527262,77.6461878,,,,,platform
5966255508,node,Geddalahalli,13.0483573,77.6452772,,,bus_stop,,platform
5966255509,node,Geddalahalli,13.0482920,77.6454610,,,,,platform
5983491272,node,Koramangala CPWD Quarters,12.9261729,77.6246174,,,bus_stop,,platform
5993280674,node,Sony World Signal,12.9371627,77.6270757,,,bus_stop,,platform
5993280677,node,Wipro Park,12.9288024,77.6332701,,,,,stop_position
5993281794,node,Carmelaram Gate,12.9036289,77.7039978,,,bus_stop,,platform
5993281795,node,Carmelaram Railway Gate,12.9089415,77.7059123,,,bus_stop,,platform
5993281796,node,Ambedkar Nagar,12.9770467,77.7509689,,,bus_stop,,platform
6017833799,node,Bellanduru Gate,12.9186297,77.6692843,,,bus_stop,,platform
6017833801,node,Agara,12.9243729,77.6507985,,,bus_stop,,platform
6017833810,node,Wipro Park,12.9288339,77.6331242,,,bus_stop,,platform
6017833811,node,Maharaja Hotel,12.9343090,77.6296890,,,bus_stop,,platform
6017833817,node,Sony World Signal,12.9370632,77.6269756,,,bus_stop,,platform
6017833818,node,Koramangala Depot,12.9410352,77.6241999,,,bus_stop,,platform
6017833819,node,NDDA Koramangala,12.9443093,77.6205521,,,bus_stop,,platform
6017833820,node,Rajendranagar,12.9485137,77.6198203,,,bus_stop,,platform
6017833821,node,Ravi Tent,12.9515758,77.6213248,,,bus_stop,,platform
6017833822,node,Vannarapete,12.9564029,77.6209726,,,bus_stop,,platform
6017833823,node,ASC Center,12.9622462,77.6189542,,,bus_stop,,platform
6017833825,node,Military Accounts Office,12.9651914,77.6176090,,,bus_stop,,platform
6017833826,node,Military Accounts Office,12.9674547,77.6201638,,,bus_stop,,platform
6019408108,node,Shanthi Nagara Bus Station,12.9543826,77.5925974,,,bus_stop,,platform
6019408109,node,Wilson Garden Police Station,12.9513296,77.5952172,,,bus_stop,,platform
6019408110,node,Wilson Garden 12th Cross,12.9470745,77.5978676,,,bus_stop,,platform
6019408115,node,Muneshwara Devasthana,12.9366126,77.6067276,,,bus_stop,,platform
6019408126,node,Koramangala Water Tank,12.9269396,77.6225982,,,bus_stop,,platform
6019408129,node,1st Block Koramangala,12.9251488,77.6349571,,,bus_stop,,platform
6021739947,node,Koramangala Water Tank,12.9275643,77.6205992,,,bus_stop,,platform
6035864546,node,Gayathri Nagara,12.9984161,77.5600085,,,,,platform
6035864547,node,SBM Gayathri Nagara,12.9993544,77.5601500,,,,,platform
6035864548,node,SBM Gayathri Nagara,12.9993492,77.5602170,,,,,platform
6035864549,node,Kodandarama,13.0006565,77.5605496,,,,,platform
6035864550,node,Kodandarama,13.0006337,77.5605992,,,,,platform
6035864551,node,Subramanyanagara,13.0043604,77.5612959,,,bus_stop,,platform
6035864552,node,Canara Bank Subramanyanagara,13.0048243,77.5594546,,,,,platform
6035864553,node,Subramanya Nagar,13.0047903,77.5599387,,,bus_stop,,platform
6035864554,node,East West Public School,13.0054855,77.5566698,,,,,platform
6035864555,node,East West Public School,13.0055456,77.5566839,,,,,platform
6035864556,node,Police Station Subramanyanagara,13.0034098,77.5536221,,,bus_stop,,platform
6067808613,node,Bangalore Cantonment,12.9936456,77.5989069,stop,,,,stop_position
6078107786,node,Prasanna Theatre,12.9760905,77.5525048,,,bus_stop,,platform
6088214824,node,Brookfields,12.9675956,77.7160837,,,bus_stop,,platform
6095249003,node,Marathahalli,12.9569766,77.6999407,,,bus_stop,,platform
6095308677,node,Platform 19D,12.9784514,77.5717616,,,,,stop_position
6132411337,node,Passport Office,12.9455523,77.6191553,,,bus_stop,,platform
6137283850,node,Agara,12.9242932,77.6505566,,,bus_stop,,platform
6140712974,node,St. John's Hospital,12.9295966,77.6158565,,,bus_stop,,platform
6140792126,node,Platform 16,12.9768103,77.5739897,,,bus_stop,,platform
6143206885,node,Maruthi Nagara,12.9383153,77.4791883,,,bus_stop,,
6152900007,node,Arakere Gate,12.8906648,77.5982694,,,bus_stop,,platform
6154791613,node,Carmelaram,12.9073815,77.7058349,station,,,,station
6182576273,node,Indiranagar Police Station,12.9783131,77.6402096,,,,,stop_position
6195241716,node,Baiyappanahalli Metro Station Back Gate,12.9920274,77.6517568,,,bus_stop,,platform
6210612231,node,Hosakerehalli Junction,12.9307530,77.5434236,,,bus_stop,,platform
6210612233,node,Dwaraka Nagara Hoskerehalli,12.9339090,77.5391681,,,bus_stop,,platform
6210612234,node,Jnana Jyothi Nagara,12.9396359,77.4931893,,,,,platform
6210612235,node,Ambedkar Institute of Technology,12.9630231,77.5051140,,,bus_stop,,platform
6210612236,node,Summanahalli BMTC Bus Depot‎,12.9928677,77.5216609,,,,,platform
6210612237,node,Kanteerva Studio,13.0225851,77.5329712,,,bus_stop,,platform
6210612238,node,Modern Food Goraguntepalya,13.0248514,77.5341117,,,bus_stop,,platform
6210612240,node,Muthyala Nagara,13.0437494,77.5531728,,,bus_stop,,platform
6210612241,node,Hebbala Bridge,13.0425879,77.5896831,,,bus_stop,,platform
6210612242,node,Channasandra,13.0111605,77.6623119,,,bus_stop,,platform
6210612243,node,B Narayanapura Ring Road,12.9963436,77.6838192,,,bus_stop,,platform
6210612244,node,Mahadevapura Ring Road,12.9914411,77.6875070,,,bus_stop,,platform
6210612246,node,Kalamandir,12.9606799,77.7015963,,,bus_stop,,platform
6210612247,node,HSR Bus Depot,12.9205484,77.6437712,,,bus_stop,,platform
6210612248,node,SI Apartment HSR Layout,12.9168099,77.6293825,,,bus_stop,,platform
6210695750,node,Platform 15,12.9764963,77.5737412,,,bus_stop,,platform
6210697297,node,Platform 16,12.9768183,77.5737131,,,bus_stop,,platform
6210725080,node,Platform 17,12.9769999,77.5733177,,,bus_stop,,platform
6210729648,node,Platform 18,12.9767623,77.5733156,,,bus_stop,,platform
6216500726,node,Shivanahalli,12.9283964,77.4907404,,,bus_stop,,platform
6216500727,node,Police Quarters,12.9234894,77.4888870,,,bus_stop,,platform
6216556032,node,Monotype,12.9220542,77.5693238,,,bus_stop,,
6216556033,node,Nagalakshmi Kalyana Mantapa,12.9275637,77.5680511,,,,,platform
6219011931,node,Chikka Basti,12.9446955,77.4750924,,,,,platform
6219011932,node,Dhananayakanahalli,12.9430303,77.4768412,,,bus_stop,,platform
6219011933,node,Bhuvaneshwari Nagara 1st Stage,12.9421664,77.4904481,,,,,platform
6220918813,node,Ullala Upanagara Cross,12.9620848,77.4786423,,,,,platform
6220918814,node,Muneshwara Layout,12.9513965,77.4948764,,,,,platform
6222268365,node,Angalaparameshwari Temple,12.9746166,77.5660917,,,bus_stop,,platform
6222268366,node,Hunasemara,12.9752477,77.5651529,,,bus_stop,,platform
6222268367,node,Nandini Layout,13.0114534,77.5357796,,,bus_stop,,platform
6222272732,node,Kamala Nagar Market,12.9959683,77.5309876,,,bus_stop,,platform
6226329977,node,RV College,12.9254906,77.4993812,,,bus_stop,,platform
6226432851,node,Lakshmi Venkateshwara Temple,13.0742425,77.5572632,,,,,platform
6227539121,node,BEL Circle,13.0452610,77.5564492,,,bus_stop,,platform
6227539122,node,Govardhan Talkies,13.0179551,77.5537308,,,bus_stop,,platform
6227539123,node,Aralimara Industrial Area Rajajinagara,12.9784222,77.5487941,,,bus_stop,,platform
6227539125,node,Magadi Road Toll Gate,12.9753485,77.5483663,,,,,platform
6227539126,node,Deepanjalinagara,12.9510776,77.5372343,,,bus_stop,,platform
6227539127,node,Mind Tree Global Village,12.9188752,77.5014706,,,,,platform
6327171011,node,Kengeri,12.9126034,77.4852906,,,,,platform
6329060970,node,Navarang Theatre,12.9970678,77.5536547,,,bus_stop,,platform
6329060972,node,Navarang Theatre,12.9979947,77.5516305,,,bus_stop,,platform
6338071471,node,Inchara Hotel JP Nagara,12.9026711,77.5858729,,,bus_stop,,platform
6342124090,node,,12.9599597,77.7014179,,,,,stop_position
6342882646,node,Navarang Theatre,12.9979471,77.5516543,,,,,stop_position
6342882647,node,Navarang Theatre,12.9975227,77.5489437,,,,,stop_position
6342882648,node,Navarang Theatre,12.9971317,77.5536245,,,,,stop_position
6342882650,node,Navarang Theatre,12.9994242,77.5498266,,,,,stop_position
6342882651,node,Manjunatha Nagara,12.9958322,77.5507306,,,,,stop_position
6342882652,node,Manjunatha Nagara,12.9956042,77.5506849,,,,,stop_position
6342915005,node,Basaveshwara College,12.9943801,77.5527036,,,,,stop_position
6345481226,node,ESI Hospital Rajajinagara (Towards Navarang),12.9911754,77.5525396,,,,,stop_position
6345520795,node,ESI Hospital Rajajinagara (Towards Old Police Station),12.9915725,77.5525504,,,,,stop_position
6345520796,node,ESI Hospital Rajajinagara (Towards Old Police Station),12.9917373,77.5525895,,,bus_stop,,platform
6345534243,node,ESI Hospital Rajajinagara (towards Yashawanthapura),12.9916523,77.5508819,,,,,stop_position
6347562414,node,Mariyappanapalya,12.9985461,77.5564611,,,,,stop_position
6347562415,node,Mariyappanapalya,12.9986797,77.5563292,,,,,stop_position
6347562416,node,2nd Block Rajajinagara,12.9960617,77.5514458,,,,,stop_position
6347562417,node,2nd Block Rajajinagara,12.9960576,77.5514241,,,bus_stop,,platform
6347562418,node,Modi Hospital,12.9975040,77.5460945,,,,,stop_position
6347562419,node,Modi Hospital,12.9975540,77.5460950,,,bus_stop,,platform
6347562420,node,Canara Bank,13.0008811,77.5504807,,,,,stop_position
6347562421,node,ESI Hospital (towards Vijayanagara),12.9897558,77.5506634,,,,,stop_position
6347624110,node,Rama Mandira Rajajinagara,12.9861050,77.5563836,,,,,stop_position
6347624111,node,Dhobi Ghat Rajajinagara,12.9866499,77.5497264,,,,,stop_position
6347624113,node,Dhobi Ghat Rajajinagara,12.9855619,77.5491096,,,,,stop_position
6347624115,node,Dhobi Ghat Rajajinagara,12.9876702,77.5511003,,,,,stop_position
6347624116,node,Dhobi Ghat Rajajinagara,12.9871177,77.5508625,,,,,stop_position
6347624117,node,Dhobi Ghat Rajajinagara,12.9877189,77.5511008,,,bus_stop,,platform
6347624118,node,Shivanahalli 4th Main,12.9889458,77.5468620,,,,,stop_position
6347624119,node,Shivanahalli 4th Main,12.9889735,77.5468723,,,bus_stop,,platform
6347624120,node,Pushpanjali Talkies,12.9913642,77.5460650,,,,,stop_position
6347624121,node,Pushpanjali Talkies,12.9913479,77.5461200,,,bus_stop,,platform
6347624123,node,Navarang Bar,12.9910966,77.5577555,,,,,stop_position
6347624124,node,Navarang Bar,12.9910904,77.5577460,,,bus_stop,,platform
6347624125,node,Old Police Station Rajajinagara,12.9899301,77.5551042,,,,,stop_position
6347624126,node,Old Police Station Rajajinagara,12.9893348,77.5543801,,,,,stop_position
6347654322,node,Police Station Subramanyanagara,13.0034192,77.5535855,,,,,stop_position
6347654323,node,Diacon Hospital,13.0037774,77.5500267,,,,,stop_position
6347654324,node,1st Block Rajajinagara Diacon Hospital,13.0038081,77.5500211,,,,,stop_position
6347654325,node,1st Block Rajajinagara Diacon Hospital,13.0038152,77.5500662,,,bus_stop,,platform
6347654326,node,Rajaji Nagar 1st Block,13.0036653,77.5490908,,,,,stop_position
6347654327,node,Rajaji Nagar 1st Block,13.0036633,77.5490651,,,bus_stop,,platform
6347654328,node,Rajaji Nagar 1st Block,13.0051543,77.5488297,,,,,stop_position
6347654329,node,1st Block Rajajinagara,13.0059118,77.5488669,,,,,stop_position
6347654330,node,Mahalakshmi Layout Entrance,13.0085371,77.5487745,,,,,stop_position
6347654331,node,Mahalakshmi Layout Entrance,13.0085507,77.5487284,,,bus_stop,,platform
6347654332,node,Mahalakshmi Layout Entrance,13.0073711,77.5487687,,,,,stop_position
6347654333,node,Mahalakshmi Layout Entrance,13.0077724,77.5481512,,,,,stop_position
6347654334,node,ISKCON Temple,13.0118343,77.5515223,,,,,stop_position
6347654335,node,ISKCON Temple,13.0117400,77.5516172,,,,,stop_position
6347654336,node,Government Soap Factory,13.0131149,77.5544165,,,,,stop_position
6347654337,node,Government Soap Factory,13.0132449,77.5538218,,,,,stop_position
6350045534,node,Vijayanagara TTMC,12.9655101,77.5347300,,,,,stop_position
6350081833,node,Mysore Road Metro,12.9463724,77.5299362,,,,,stop_position
6350081835,node,Mysore Road Metro,12.9463805,77.5305899,,,,,stop_position
6359499486,node,Vidhyasagar House,12.9090308,77.6061478,,,bus_stop,,platform
6380944186,node,Bommanahalli bus stop,12.9067320,77.6284051,,,bus_stop,,
6390283400,node,,13.0221282,77.6024059,,,bus_stop,,platform
6390283409,node,,13.0005352,77.5996480,,,bus_stop,,platform
6400857549,node,Baiyappanahalli,12.9907594,77.6523612,station,subway,,,station
6400857550,node,Swami Vivekananda Road,12.9859306,77.6448970,station,subway,,,station
6400857551,node,Indiranagar,12.9783325,77.6386612,station,subway,,,station
6400857552,node,Halasuru,12.9764992,77.6266860,station,subway,,,station
6400857553,node,Trinity,12.9730218,77.6170205,station,subway,,,station
6400857554,node,Mahatma Gandhi Road,12.9755264,77.6067902,station,subway,,,station
6400857555,node,Cubbon Park,12.9809575,77.5975756,station,subway,,,station
6400857556,node,"Dr. B. R. Ambedkar Station, Vidhana Soudha",12.9787419,77.5916385,station,subway,,,station
6400857557,node,"Sir M. Visvesvaraya Stn., Central College",12.9745197,77.5842200,station,subway,,,station
6400857558,node,"Nadaprabhu Kempegowda Station, Majestic",12.9757079,77.5728757,station,subway,,,station
6400857559,node,Krantivira Sangolli Rayanna Railway Station,12.9758768,77.5653767,station,subway,,,station
6400857560,node,Magadi Road,12.9756320,77.5553523,station,subway,,,station
6400857561,node,"Sri Balagangadharanatha Swamiji Station, Hosahalli",12.9742933,77.5456215,station,subway,,,station
6400857562,node,Vijayanagar,12.9709559,77.5374044,station,subway,,,station
6400857563,node,Attiguppe,12.9618931,77.5335788,station,subway,,,station
6400857564,node,Deepanjali Nagar,12.9520578,77.5370122,station,subway,,,station
6400857565,node,Mysore Road,12.9467183,77.5301588,station,subway,,,station
6410706688,node,Mantri Square Sampige Road,12.9904629,77.5707293,station,subway,,,station
6410706689,node,Mahakavi Kuvempu Road,12.9985297,77.5568986,station,subway,,,station
6410706690,node,Rajajinagar,13.0005247,77.5496568,station,subway,,,station
6410706691,node,Mahalakshmi,13.0080475,77.5488066,station,subway,,,station
6410706692,node,Sandal Soap Factory,13.0146544,77.5539839,station,subway,,,station
6410706695,node,Peenya,13.0330189,77.5332010,station,subway,,,station
6410706696,node,Peenya Industry,13.0363176,77.5254924,station,subway,,,station
6422456385,node,Byappanahalli,12.9898189,77.6540261,,,bus_stop,,platform
6432710292,node,Yelachenahalli,12.8960498,77.5701194,station,subway,,,station
6432710293,node,Jaya Prakash Nagar,12.9074747,77.5731279,station,subway,,,station
6432710294,node,Banashankari,12.9152208,77.5735980,station,subway,,,station
6432710295,node,Rashtreeya Vidyalaya Road,12.9215807,77.5802015,station,subway,,,station
6432710296,node,Jayanagar,12.9295069,77.5801439,station,subway,,,station
6432710297,node,South End Circle,12.9382573,77.5800556,station,subway,,,station
6432710298,node,Lalbagh,12.9465265,77.5800160,station,subway,,,station
6432710299,node,National College,12.9505266,77.5736898,station,subway,,,station
6432710300,node,Krishna Rajendra Market,12.9608788,77.5746578,station,subway,,,station
6432710301,node,Chickpete,12.9668974,77.5745566,station,subway,,,station
6441427327,node,Hennur Depot,13.0258112,77.6318637,,,bus_stop,,
6460998309,node,Lalbagh Main Gate,12.9541486,77.5846776,,,bus_stop,,platform
6460998320,node,KR Market,12.9635939,77.5774463,,,bus_stop,,platform
6461616258,node,Basappa Circle,12.9565027,77.5772532,,,bus_stop,,platform
6461616259,node,Lalbagh Main Gate,12.9541476,77.5856828,,,bus_stop,,platform
6474719557,node,Nayandahalli,12.9430273,77.5261831,,,,,stop_position
6474747104,node,Nayandahalli,12.9453248,77.5277688,,,bus_stop,,platform
6487165549,node,Okalipura,12.9822494,77.5678231,,,bus_stop,,platform
6495482455,node,Depot-25,12.9190044,77.6427129,,,bus_stop,,platform
6495482456,node,SI Apartment HSR Layout,12.9166410,77.6292687,,,bus_stop,,platform
6495482457,node,Kuvempunagara Bus Station,12.9161615,77.6159675,,,bus_stop,,platform
6495482458,node,16th Main BTM Layout,12.9163075,77.6094561,,,bus_stop,,platform
6495482463,node,East end Jayanagara,12.9166251,77.5989916,,,bus_stop,,platform
6495482464,node,East End Jayanagara (Towards Banashankari),12.9167210,77.5963351,,,bus_stop,,platform
6495482465,node,Ragigudda,12.9167987,77.5933846,,,bus_stop,,platform
6495482468,node,Marenahalli Petrol Bunk,12.9169040,77.5888329,,,bus_stop,,platform
6495482470,node,Jayanagara 5th Block,12.9169876,77.5846936,,,bus_stop,,platform
6497456085,node,Kuvempu Nagar,12.9164394,77.6159496,,,bus_stop,,platform
6497456138,node,Depot-25 Gate,12.9192480,77.6424755,,,bus_stop,,platform
6535374154,node,Tata Institute,13.0130010,77.5676212,,,,,stop_position
6535374155,node,Tata Institute,13.0144149,77.5683119,,,,,stop_position
6535374156,node,Tata Institute,13.0151498,77.5638987,,,,,stop_position
6535374157,node,Tata Institute,13.0130381,77.5676286,,,bus_stop,,platform
6535450002,node,Gubbi Cross (Towards Byrathi Bande),13.0649211,77.6517642,,,,,stop_position
6535450003,node,Gubbi Cross (Towards Byrathi Bande),13.0649229,77.6517266,,,bus_stop,,platform
6535450004,node,K Narayanapura,13.0632419,77.6422176,,,,,stop_position
6535450005,node,Nagareshwara Nagenahalli,13.0702510,77.6426190,,,,,stop_position
6535450006,node,Nagareshwara Nagenahalli,13.0702817,77.6425172,,,bus_stop,,platform
6535450007,node,K Narayanapura Main Bus Stand,13.0664318,77.6407094,,,bus_stop,,platform
6535450008,node,BDS Nagara,13.0656837,77.6433213,,,,,stop_position
6535450009,node,BDS Nagara,13.0657250,77.6433366,,,bus_stop,,platform
6535450010,node,Kothanuru,13.0619390,77.6489587,,,,,stop_position
6535450011,node,Kothanuru,13.0620593,77.6489170,,,bus_stop,,platform
6535450012,node,Kristu Jayanti College,13.0590677,77.6428852,,,,,stop_position
6535450013,node,Kristu Jayanti College,13.0590376,77.6428620,,,bus_stop,,platform
6584009979,node,Platform 7,12.9835206,77.6031048,,,,,stop_position
6584009983,node,St Patrick's Church,12.9701739,77.6050679,,,bus_stop,,platform
6631824071,node,Domlur Flyover,12.9569623,77.6413630,,,,,stop_position
6631824073,node,CMTI Goragunte Palya,13.0306945,77.5364479,,,,,stop_position
6631824074,node,Peenya Satellite Bus Station (Basaveswara Bus Station),13.0443229,77.5256386,,,,,platform
6631824075,node,Peenya Metro Station,13.0358537,77.5256143,,,,,stop_position
6631824076,node,Peenya Metro Station,13.0358031,77.5255837,,,bus_stop,,platform
6631824077,node,SRS Peenya,13.0344766,77.5299784,,,,,stop_position
6631824078,node,SRS Peenya,13.0344195,77.5299516,,,bus_stop,,platform
6631824081,node,Goraguntepalya,13.0289918,77.5395520,,,,,stop_position
6631824083,node,MEI Factory,13.0266639,77.5441183,,,,,stop_position
6631824084,node,MEI Factory,13.0265791,77.5439850,,,,,stop_position
6631828585,node,RMC Yard,13.0236427,77.5488482,,,,,stop_position
6631828586,node,Govardhan Theater,13.0202955,77.5526048,,,,,stop_position
6631828588,node,RMC Yard,13.0243119,77.5482645,,,,,stop_position
6631828589,node,RMC Yard,13.0243692,77.5482953,,,bus_stop,,platform
6645712419,node,Kadugodi,12.9957137,77.7583014,,,,,stop_position
6645712420,node,Mallya Hospital,12.9703358,77.5942959,,,,,stop_position
6645712421,node,Domlur (Towards HAL),12.9610913,77.6379660,,,,,stop_position
6645712423,node,PES College,12.9349047,77.5370610,,,,,stop_position
6645712424,node,Chikkallasandra,12.9150617,77.5520278,,,,,stop_position
6645712427,node,Yeshwanthpura Tollgate,13.0182391,77.5611634,,,,,stop_position
6645712428,node,Yeshwanthpura Tollgate,13.0182670,77.5611061,,,bus_stop,,platform
6646343713,node,Yeshwanthpura Tollgate,13.0185202,77.5613079,,,,,stop_position
6646343714,node,Yeshwanthapura Ayyappa Temple,13.0217304,77.5631782,,,,,stop_position
6646343715,node,Yeshwanthapura Ayyappa Temple,13.0217257,77.5632224,,,bus_stop,,platform
6646343716,node,Yeshwanthapura Ayyappa Temple,13.0213714,77.5630988,,,,,stop_position
6646343717,node,Diwanarapalya,13.0262498,77.5618639,,,,,stop_position
6646343718,node,MS Ramaiah College,13.0289212,77.5614859,,,,,stop_position
6646343719,node,Yeshwanthpura Market,13.0198944,77.5557531,,,,,stop_position
6646343720,node,"Bombay Dyeing, Yeshwanthapura",13.0249225,77.5574321,,,,,stop_position
6646343722,node,Post Office Mattikere,13.0289410,77.5590697,,,,,stop_position
6654524766,node,Goraguntepalya,13.0281337,77.5415254,,,,,stop_position
6654537557,node,St. Theresa Hospital,13.0065309,77.5542578,,,,,stop_position
6681215517,node,Mysore Bank,12.9723378,77.5822789,,,,,stop_position
6834406251,node,Richmond Circle,12.9644930,77.5968024,,,,,stop_position
6834406252,node,Richmond Circle,12.9636326,77.5963622,,,bus_stop,,platform
6834406267,node,Chinnaswamy Stadium,12.9774130,77.5988849,,,,,stop_position
6834406268,node,Chinnaswamy Stadium,12.9772334,77.5991211,,,,,stop_position
6842561213,node,Nagenahalli,13.0815132,77.6532806,,,,,stop_position
6842561214,node,Nagenahalli,13.0814560,77.6532018,,,bus_stop,,platform
6842561215,node,Byrathi Bande,13.0779553,77.6533640,,,,,stop_position
6842561216,node,Poornaprajna School,13.0755933,77.6515281,,,bus_stop,,platform
6842561217,node,Bible College Byrathi,13.0712475,77.6514630,,,,,stop_position
6842561218,node,Bible College Byrathi,13.0712458,77.6514302,,,bus_stop,,platform
6842561219,node,Byrathi Cross,13.0571504,77.6483369,,,,,stop_position
6854604077,node,Railway Station Yeshwanthapura,13.0218301,77.5532723,,,,,stop_position
6854604078,node,Yeshwanthpura Circle,13.0170546,77.5585966,,,,,stop_position
6854604079,node,Mysore Lamps,13.0134624,77.5605471,,,,,stop_position
6854604080,node,13th Cross Malleshwaram,13.0034287,77.5652495,,,bus_stop,,platform
6856463612,node,Hebbala Bridge,13.0426259,77.5897631,,,,,stop_position
6856463616,node,UAS Campus,13.0301347,77.5870419,,,,,stop_position
6856463637,node,Mekhri Circle,13.0202128,77.5837628,,,,,stop_position
6856463643,node,Mekhri Circle,13.0145862,77.5821249,,,,,stop_position
6857427213,node,Jn of Srirampura Road,13.0716571,77.6193626,,,,,stop_position
6857427288,node,GKVK Gate,13.0730482,77.5925150,,,,,stop_position
6871418644,node,St John's Hospital KSRTC Bus Stand,12.9296619,77.6156616,,,bus_stop,,platform
6871574331,node,Tambuchettipalya Gate,13.0171644,77.7043421,,,bus_stop,,platform
6871574336,node,Tambuchettipalya,13.0208277,77.7050137,,,bus_stop,,platform
6875284979,node,Jayaram Das Factory,12.9306952,77.5060698,,,,,stop_position
6875293726,node,BWSSB Quarters,12.9397502,77.5235071,,,,,stop_position
6875293727,node,BWSSB Quarters,12.9393044,77.5232791,,,,,stop_position
6875293748,node,Rajarajeshwarinagara Gate,12.9362949,77.5175629,,,,,stop_position
6875293765,node,Bangalore University Gate,12.9355411,77.5131387,,,,,stop_position
6875293766,node,Bangalore University Gate,12.9357375,77.5132714,,,,,stop_position
6899554640,node,PES College,12.9350315,77.5370272,,,,,stop_position
6899554647,node,Nayandahalli,12.9434819,77.5263581,,,,,stop_position
6899554648,node,Nayandahalli,12.9454031,77.5277923,,,,,stop_position
6901280954,node,MVJ College,12.9830637,77.7616662,,,bus_stop,,platform
6904198299,node,Baldwin School,13.0146175,77.6573666,,,bus_stop,,
6904564292,node,MS Ramaiah College,13.0288873,77.5614290,,,,,stop_position
6952164903,node,Kadirenahalli Park,12.9173029,77.5647123,,,,,stop_position
6952164905,node,Devegowda Petrol Bunk,12.9227783,77.5570609,,,,,stop_position
6952164906,node,Kamakhya Talkies,12.9237650,77.5540292,,,,,stop_position
6952164907,node,Katriguppe,12.9254568,77.5499312,,,,,stop_position
6952164908,node,Janatha Bazaar,12.9283537,77.5459760,,,,,stop_position
6952164910,node,Dwarakanagara Hosakerehalli,12.9338872,77.5391271,,,,,stop_position
6952164911,node,Pantarapalya,12.9453386,77.5285959,,,,,stop_position
6952164913,node,Pantarapalya,12.9453791,77.5286172,,,bus_stop,,platform
6982608685,node,Platform 1,12.9539072,77.5926279,,,bus_stop,,
6992185317,node,Ramamurthy Nagara Manipal,13.0116992,77.6705504,,,bus_stop,,platform
7034610322,node,Carmel Convent,12.9267238,77.5970517,,,bus_stop,,platform
7087593353,node,TV Tower,13.0089874,77.5913454,,,bus_stop,,platform
7087593354,node,TV Tower,13.0090528,77.5913031,,,bus_stop,,platform
7087593355,node,TV Tower,13.0091077,77.5912716,,,bus_stop,,platform
7087593356,node,TV Tower,13.0091024,77.5912466,,,,,stop_position
7087593361,node,Bamboo Bazar,12.9918414,77.6020219,,,,,stop_position
7087593365,node,Coles Park,12.9952457,77.6082577,,,,,stop_position
7093027175,node,Basaveshwara College,12.9945704,77.5526927,,,,,platform
7093027176,node,Bashyam Circle,12.9847107,77.5541736,,,,,stop_position
7093027177,node,6th Block Rajajinagara,12.9793969,77.5535814,,,,,stop_position
7093027178,node,Prasanna Theatre,12.9760781,77.5525452,,,,,stop_position
7093027179,node,10th Cross Magadi Road,12.9755960,77.5564839,,,,,stop_position
7093027180,node,5th Cross Magadi Road,12.9756990,77.5603955,,,,,stop_position
7093027181,node,1st Cross Magadi Road,12.9757650,77.5638338,,,,,stop_position
7093027182,node,Binny Mill,12.9705248,77.5662977,,,,,stop_position
7093073085,node,Binnypet,12.9643384,77.5615155,,,,,stop_position
7093073086,node,CR Police Ground,12.9619985,77.5596356,,,,,platform
7093073087,node,Royan Circle,12.9604853,77.5680425,,,,,stop_position
7093073088,node,Makkala Koota,12.9575961,77.5737037,,,,,stop_position
7093073089,node,Chamarajapet,12.9571487,77.5678566,,,,,stop_position
7093073090,node,"Bengaluru High School, Kempe Gowda Nagara",12.9518861,77.5675501,,,,,stop_position
7093073091,node,Kohinoor Ground,12.9472829,77.5663057,,,,,stop_position
7093073092,node,Hanumantha Nagara Syndicate Bank,12.9469178,77.5642362,,,,,stop_position
7093073093,node,Ganesha Bhavan,12.9437949,77.5642638,,,,,stop_position
7093073094,node,Subramanyaswamy Temple,12.9435174,77.5618960,,,,,stop_position
7093073095,node,Maruthi Circle,12.9433251,77.5582180,,,,,stop_position
7093073096,node,Apex Bank,12.9418098,77.5558913,,,,,stop_position
7093073097,node,Srinagara Bus Station,12.9441811,77.5545962,,,,,stop_position
7104383856,node,Widia School,13.0487077,77.4967246,,,,,stop_position
7104383857,node,Deepak Factory,13.0470518,77.5016669,,,,,stop_position
7104383858,node,8th Mile Dasarahalli,13.0450988,77.5077129,,,,,stop_position
7104383859,node,T Dasarahalli,13.0428164,77.5129775,,,,,stop_position
7104383860,node,Jalahalli Cross,13.0385863,77.5206420,,,,,stop_position
7104383861,node,Jalahalli Cross,13.0384932,77.5205880,,,bus_stop,,platform
7104383862,node,Police Station Subramanyanagara,13.0040826,77.5536230,,,bus_stop,,platform
7104383863,node,Police Station Subramanyanagara,13.0040737,77.5536459,,,,,stop_position
7104383865,node,Sujatha Talkies,12.9823799,77.5620597,,,bus_stop,,platform
7104434958,node,Chikka Banawara Railway Gate,13.0753112,77.5046108,,,,,stop_position
7104434959,node,Sapthagiri Hospital,13.0711347,77.5038028,,,,,platform
7104434961,node,Bone Mill,13.0640470,77.5049215,,,,,stop_position
7104434963,node,Widia School Bagalagunte,13.0508243,77.5078427,,,,,stop_position
7104812584,node,Byatarayanapura,13.0652051,77.5930956,,,,,stop_position
7104861385,node,Kempapura Hebbala,13.0496189,77.5927340,,,,,stop_position
7104861386,node,Veterinary College,13.0325692,77.5876445,,,,,stop_position
7104861387,node,CBI,13.0261117,77.5850954,,,,,stop_position
7104861388,node,Palace Ground,13.0103995,77.5837401,,,,,stop_position
7104861389,node,KPCC Office,12.9829933,77.5765385,,,,,stop_position
7104861390,node,Corporation,12.9685091,77.5865630,,,,,stop_position
7104861391,node,Town Hall,12.9638239,77.5842663,,,,,stop_position
7104861392,node,KR Market,12.9641556,77.5775287,,,,,stop_position
7104861399,node,Jakkur Layout Ayyappa Temple,13.0716873,77.5998768,,,,,platform
7104861400,node,Byatarayanapura,13.0652103,77.5930372,,,bus_stop,,platform
7104861401,node,Kodigehalli Gate,13.0576725,77.5932444,,,,,stop_position
7104861402,node,Canara Bank Hebbala,13.0360685,77.5889036,,,,,stop_position
7104861403,node,CBI,13.0262658,77.5850744,,,bus_stop,,platform
7104861404,node,RM Guttahalli,12.9998561,77.5841182,,,,,stop_position
7104861405,node,Shivananda Stores,12.9877439,77.5804978,,,,,stop_position
7104861406,node,KPCC Office,12.9830458,77.5764598,,,bus_stop,,platform
7104861407,node,KR Market,12.9642138,77.5776413,,,bus_stop,,platform
7105069820,node,"TR Mill, Raghavendra Colony",12.9573822,77.5592550,,,,,stop_position
7105069821,node,Rama Mandira Chamarajapet,12.9570275,77.5638422,,,,,stop_position
7105069822,node,Chamarajapet,12.9570932,77.5668416,,,,,stop_position
7105069823,node,Chamarajapet,12.9570648,77.5670372,,,bus_stop,,platform
7105069824,node,Makkala Koota,12.9573368,77.5730356,,,,,stop_position
7105069825,node,Makkala Koota,12.9572556,77.5730279,,,bus_stop,,platform
7105069826,node,KR Market,12.9636047,77.5773314,,,,,stop_position
7105069827,node,Town Hall,12.9636904,77.5844796,,,,,stop_position
7105069829,node,St Marthas Hospital,12.9697701,77.5871314,,,,,stop_position
7105069831,node,Khodays Circle,12.9802218,77.5716716,,,,,stop_position
7105069832,node,Okalipura,12.9828968,77.5681812,,,bus_stop,,platform
7105069833,node,Bashyam Nagara Okalipuram,12.9872306,77.5676565,,,,,stop_position
7105069834,node,"Aruna Talkies, Gandhi School",12.9884306,77.5665592,,,,,stop_position
7105069835,node,7th Main Srirampura,12.9905312,77.5665122,,,,,stop_position
7105069836,node,7th Main Srirampura,12.9905409,77.5665390,,,bus_stop,,platform
7105069837,node,5th Cross Sriramapura,12.9921958,77.5664676,,,,,stop_position
7105069838,node,Chowdeshwari Temple,12.9949125,77.5663707,,,,,stop_position
7105069839,node,Malleshwaram Railway Station,13.0005815,77.5634109,,,,,stop_position
7105069840,node,Subramanyanagara,13.0043554,77.5612818,,,,,stop_position
7105069841,node,Milk Colony Malleshwaram,13.0092677,77.5596715,,,,,stop_position
7106068381,node,Hebbala,13.0412642,77.5895455,,,,,stop_position
7106068382,node,Hebbala,13.0412984,77.5895490,,,bus_stop,,platform
7106068383,node,RMV 2nd Stage,13.0424561,77.5799330,,,,,stop_position
7106068384,node,RMV 2nd Stage,13.0424193,77.5799265,,,bus_stop,,platform
7106084385,node,Bhoopasandra Ayyappa Bakery,13.0426385,77.5771321,,,,,stop_position
7106084386,node,Bhoopasandra Ayyappa Bakery,13.0425957,77.5771317,,,bus_stop,,platform
7106084387,node,Nagashettyhalli,13.0424962,77.5731922,,,,,stop_position
7106084388,node,Sanjay Nagara,13.0343770,77.5755845,,,,,stop_position
7106084389,node,Geddalahalli,13.0308830,77.5774794,,,,,stop_position
7106084390,node,Ashwath Nagar,13.0271120,77.5797049,,,,,stop_position
7106084391,node,MS Ramaiah Hospital,13.0272192,77.5717037,,,,,stop_position
7106084392,node,CPRI Quarters,13.0219382,77.5722943,,,,,stop_position
7106084394,node,Agrahara Dasarahalli,12.9790377,77.5406689,,,,,stop_position
7106084395,node,Deepanjalinagara,12.9536815,77.5363644,,,,,stop_position
7106084396,node,Bhoopasandra,13.0424780,77.5807957,,,,,stop_position
7106084406,node,Yelahanka Santhe Circle,13.0991767,77.5971235,,,bus_stop,,platform
7106084408,node,Kendriya Vihara,13.1063860,77.6020767,,,,,stop_position
7106084409,node,Kendriya Vihara,13.1063672,77.6021473,,,bus_stop,,platform
7106084410,node,Venkatala,13.1109147,77.6048397,,,,,stop_position
7106084411,node,Venkatala,13.1108774,77.6048456,,,bus_stop,,platform
7106084412,node,Palanahalli Gate,13.1167899,77.6084129,,,,,stop_position
7106084413,node,Palanahalli Gate,13.1167315,77.6085404,,,bus_stop,,platform
7106084414,node,Venkatala,13.1111120,77.6043901,,,,,stop_position
7106084421,node,Palanahalli Gate,13.1169891,77.6079920,,,,,stop_position
7106084422,node,Bagaluru Cross,13.1215103,77.6109123,,,,,stop_position
7106084423,node,Bagaluru Cross,13.1214557,77.6109517,,,bus_stop,,platform
7106084424,node,Dwaraka Nagara,13.1212729,77.6181021,,,,,stop_position
7106084425,node,Kattigehalli Cross,13.1218122,77.6257723,,,,,stop_position
7106084426,node,Reva College Gate,13.1221334,77.6305012,,,,,stop_position
7106084427,node,Reva College Gate,13.1221035,77.6304540,,,bus_stop,,platform
7106084428,node,Reva College,13.1172639,77.6340286,,,,,stop_position
7106084429,node,Bellahalli Cross,13.1011193,77.6349963,,,,,stop_position
7106084430,node,Bellahalli Cross,13.1011046,77.6349413,,,bus_stop,,platform
7106084431,node,Thirumenahalli Cross (KNS College),13.0887084,77.6353788,,,,,stop_position
7106084432,node,Chokkanahalli Gate,13.0845480,77.6347166,,,,,stop_position
7106084433,node,Noor Nagara,13.0803199,77.6340481,,,,,stop_position
7106084434,node,Koli Farm,13.0738835,77.6336722,,,,,stop_position
7106084435,node,RK Hegde Nagara,13.0715024,77.6336486,,,,,stop_position
7106084436,node,K Narayanapura Cross,13.0680281,77.6335289,,,,,stop_position
7106084437,node,K Narayanapura Cross,13.0680060,77.6334983,,,bus_stop,,platform
7106084438,node,Book Factory Thanisandra,13.0620038,77.6333407,,,,,stop_position
7106084439,node,Book Factory Thanisandra,13.0619626,77.6332623,,,bus_stop,,platform
7106084440,node,Thanisandra,13.0561722,77.6328776,,,,,stop_position
7106084441,node,Ashwath Nagara,13.0528481,77.6313077,,,,,stop_position
7106084442,node,Sarayipalya,13.0474129,77.6285360,,,,,stop_position
7106084443,node,Vidhyasagara,13.0453246,77.6272392,,,,,stop_position
7106084444,node,Vidhyasagara,13.0453498,77.6272112,,,bus_stop,,platform
7106084445,node,Petrol Bunk Nagavara Junction,13.0420399,77.6248942,,,,,stop_position
7106084446,node,Petrol Bunk Nagavara Junction,13.0420496,77.6248696,,,bus_stop,,platform
7106084447,node,Nagavara Junction,13.0407202,77.6244461,,,,,stop_position
7106084448,node,Manyata Embassy Business Park,13.0413130,77.6216623,,,,,stop_position
7106084449,node,Veerannapalya,13.0424489,77.6133351,,,,,stop_position
7106084450,node,Kempapura,13.0437419,77.6010305,,,,,stop_position
7106084451,node,Hebbala Bridge,13.0428978,77.5914477,,,,,stop_position
7106084452,node,Hebbala Bridge,13.0429448,77.5914536,,,bus_stop,,platform
7106084453,node,Bhadrappa Layout,13.0472069,77.5758354,,,,,stop_position
7106320854,node,Corporation Circle (Cubbon Park),12.9684272,77.5896134,,,,,stop_position
7106320855,node,Kasturba Road,12.9740673,77.5957765,,,,,stop_position
7106320856,node,MG Statue,12.9759400,77.5982399,,,,,stop_position
7106320857,node,MG Statue,12.9759915,77.5981857,,,bus_stop,,platform
7106320858,node,Indian Express,12.9839227,77.5965833,,,,,stop_position
7106320860,node,Cunningham Road,12.9876241,77.5945411,,,,,stop_position
7106320861,node,Vasanth Nagar,12.9929231,77.5951715,,,,,stop_position
7106320862,node,Coles Park,12.9958327,77.6068007,,,,,stop_position
7106320863,node,Frazer Town,13.0009373,77.6129799,,,,,stop_position
7106320864,node,Frazer Town,13.0009656,77.6129828,,,bus_stop,,platform
7106320866,node,Davis Road,13.0040990,77.6196259,,,,,stop_position
7106320867,node,Charles School,13.0063609,77.6209974,,,,,stop_position
7106320868,node,Lingarajapura Bridge,13.0098235,77.6237272,,,,,stop_position
7106320869,node,Lingarajapura Bridge,13.0098381,77.6237176,,,bus_stop,,platform
7106320870,node,Lingarajapuram,13.0122346,77.6256728,,,,,stop_position
7106320871,node,Chandrika Soap Factory,13.0144033,77.6270174,,,,,stop_position
7106320872,node,Kacharakanahalli,13.0215130,77.6287378,,,,,stop_position
7106320873,node,Kacharakanahalli,13.0215156,77.6286958,,,bus_stop,,platform
7106320874,node,Depot-10 Gate,13.0261852,77.6308748,,,,,stop_position
7106320875,node,Depot-10 Gate,13.0262272,77.6308389,,,bus_stop,,platform
7106320876,node,Hennur Junction,13.0276331,77.6322900,,,bus_stop,,platform
7106320877,node,Hennur Bande,13.0366933,77.6405238,,,,,stop_position
7106320878,node,Janaki Rama Layout,13.0434593,77.6423053,,,bus_stop,,platform
7106320879,node,Geddalahalli,13.0483355,77.6453177,,,,,stop_position
7106320880,node,K Narayanapura Cross,13.0526558,77.6460104,,,,,stop_position
7108468304,node,Horamavu Agara,13.0367124,77.6547535,,,,,stop_position
7108468305,node,Jayanthi Nagar,13.0286934,77.6636616,,,,,stop_position
7108468306,node,Horamavu,13.0263841,77.6608116,,,,,stop_position
7108468307,node,RK Medical,13.0228365,77.6579879,,,,,stop_position
7108468308,node,RK Medical,13.0228562,77.6579413,,,bus_stop,,platform
7108468314,node,Jn of 9th Main and 3rd Cross,13.0181549,77.6473508,,,,,stop_position
7108468315,node,Banasawadi 80ft Road,13.0160263,77.6428946,,,,,stop_position
7108468316,node,Patel Public School Kalyananagar,13.0137215,77.6423644,,,bus_stop,,platform
7108468317,node,Maruthi School,13.0094818,77.6432513,,,,,stop_position
7108468318,node,Maruthi School,13.0094565,77.6431811,,,bus_stop,,platform
7108468319,node,Subbayanapalya,13.0076801,77.6409776,,,,,stop_position
7108468320,node,Indian Oil,13.0059363,77.6387414,,,,,stop_position
7108468321,node,Maruthi Sevanagar,13.0026621,77.6346440,,,,,stop_position
7108468322,node,Jai Bharath Nagara,13.0014908,77.6299886,,,,,stop_position
7108468323,node,ITC Factory,12.9985882,77.6220961,,,,,stop_position
7108468324,node,Mosque Road,13.0003200,77.6160306,,,,,stop_position
7108468325,node,Mosque Road,13.0003384,77.6159406,,,bus_stop,,platform
7108468326,node,Coles Road,12.9964959,77.6121753,,,,,stop_position
7108468327,node,Coles Road,12.9965436,77.6122002,,,bus_stop,,platform
7108468328,node,Cantonment Railway Station,12.9933875,77.5972114,,,,,stop_position
7108477344,node,Nagavara,13.0379292,77.6234376,,,,,stop_position
7108477345,node,Glass Factory,13.0339074,77.6225400,,,,,stop_position
7108477346,node,Govindapura Cross,13.0321498,77.6218502,,,,,stop_position
7108477347,node,Arabic College,13.0299798,77.6208862,,,,,stop_position
7108477349,node,KGH Railway Gate,13.0254620,77.6198150,,,,,stop_position
7108477350,node,Kadugondanahalli Police Station,13.0207594,77.6190102,,,,,stop_position
7108477351,node,Venkateshapura,13.0156973,77.6176443,,,,,stop_position
7108477352,node,Postal and Telecom Colony,13.0132254,77.6166094,,,,,stop_position
7108477353,node,Postal and Telecom Colony,13.0132485,77.6165709,,,bus_stop,,platform
7108477354,node,Muslim Colony,13.0106364,77.6152147,,,,,stop_position
7108477355,node,Periyar Nagara Circle,13.0087339,77.6134749,,,,,stop_position
7108477358,node,Canara Bank Tannery Road,13.0068743,77.6125185,,,,,stop_position
7108477359,node,Doddi,13.0027429,77.6121448,,,,,stop_position
7108477360,node,Indian Express,12.9840731,77.5975329,,,,,stop_position
7108477361,node,Indian Express,12.9840332,77.5975057,,,bus_stop,,platform
7108477541,node,Indian Oil Sevanagar,13.0048533,77.6367890,,,,,stop_position
7108477542,node,Kalyananagara Bus Stand,13.0263607,77.6387134,,,,,stop_position
7108477543,node,Kalyananagara Junction,13.0259455,77.6369918,,,,,stop_position
7108477544,node,Kalyananagara Junction,13.0259411,77.6369476,,,bus_stop,,platform
7108477545,node,Jalavayu Vihara,13.0213218,77.6370084,,,,,stop_position
7108477546,node,Kammanahalli,13.0178038,77.6364480,,,,,stop_position
7108477547,node,Kammana Halli Circle,13.0146151,77.6358098,,,,,stop_position
7108477548,node,Ramaswamypalya,13.0096891,77.6353323,,,,,stop_position
7108562590,node,Basava Bhavan,12.9857670,77.5885816,,,,,stop_position
7108562591,node,Jeevanahalli,12.9950061,77.6280216,,,,,stop_position
7108562592,node,Cox Town Water Tank,12.9943529,77.6267671,,,,,stop_position
7108562594,node,Cox Town Circle,12.9964595,77.6215817,,,,,stop_position
7108562595,node,Sindhi Colony,12.9954577,77.6163519,,,,,stop_position
7108562596,node,Sindhi Colony,12.9954982,77.6163040,,,bus_stop,,platform
7108562597,node,Thoms Bakery,12.9912485,77.6142401,,,,,stop_position
7108562598,node,Thoms Bakery,12.9912603,77.6142226,,,bus_stop,,platform
7108562599,node,Sivanchetty Gardens,12.9897170,77.6154009,,,,,stop_position
7108562600,node,Sivanchetty Gardens,12.9896476,77.6153612,,,bus_stop,,platform
7108562601,node,Lavanya Talkies,12.9862261,77.6155621,,,,,stop_position
7108562602,node,Dickenson Road,12.9808540,77.6106842,,,,,stop_position
7108562603,node,Commercial Street,12.9805153,77.6098118,,,bus_stop,,platform
7108562604,node,Manikshaw Parade Ground,12.9775288,77.6079252,,,,,stop_position
7108562605,node,Indian Express,12.9841656,77.5975740,,,,,stop_position
7108562606,node,CSI Hospital,12.9897683,77.5993038,,,,,stop_position
7108562607,node,Avinash Petrol Bunk,12.9903400,77.5891596,,,,,stop_position
7108562608,node,Avinash Petrol Bunk,12.9904097,77.5891785,,,bus_stop,,platform
7108562609,node,RC College,12.9841703,77.5869736,,,,,stop_position
7108562610,node,Shivananda Stores,12.9872126,77.5788305,,,,,stop_position
7108562611,node,Swastik Sheshadripuram College,12.9889359,77.5747430,,,,,stop_position
7108562612,node,Link Road,12.9941083,77.5738961,,,,,stop_position
7108562614,node,Devaiah Park,12.9964363,77.5642129,,,,,stop_position
7108562615,node,Harishchandra Ghat,12.9973063,77.5605233,,,,,stop_position
7108562616,node,Shankar Mutt,12.9991890,77.5415833,,,,,stop_position
7108562617,node,Shankar Mutt,12.9992662,77.5415636,,,bus_stop,,platform
7108562618,node,Kurubarahalli,13.0011788,77.5363056,,,,,stop_position
7108562619,node,Kurubarahalli,13.0012139,77.5362964,,,bus_stop,,platform
7108562620,node,Kaveri Nagara,12.9997721,77.5305288,,,,,stop_position
7124635763,node,BEML Layout 5th Stage,12.9068983,77.5215183,,,,,stop_position
7124635764,node,Double Road BEML Layout,12.9145208,77.5207033,,,,,stop_position
7124635765,node,BEML Complex,12.9201662,77.5204049,,,,,stop_position
7124635768,node,Raja Rajeshwari Temple,12.9269585,77.5111225,,,,,stop_position
7124635769,node,Raja Rajeshwari School,12.9296603,77.5146798,,,,,stop_position
7124635771,node,Petrol Bunk RR Nagar,12.9326219,77.5161453,,,,,stop_position
7124635772,node,Rajarajeshwarinagara Gate,12.9355982,77.5184303,,,,,stop_position
7124635773,node,BHEL Gate,12.9481922,77.5349625,,,,,stop_position
7124635774,node,Vijaynagara,12.9717625,77.5377676,,,bus_stop,,stop_position
7124635775,node,Vijayanagara Vijaya Bank,12.9735535,77.5413021,,,,,stop_position
7124635776,node,Vijayanagara Vijaya Bank,12.9735124,77.5413148,,,bus_stop,,platform
7124635777,node,Manu Vana,12.9741268,77.5463442,,,,,stop_position
7124635778,node,Aralimara Industrial Area Rajajinagara,12.9785581,77.5490005,,,,,stop_position
7124635779,node,Industrial Area Rajajiangara,12.9819561,77.5491684,,,,,stop_position
7124635781,node,Gokula,13.0413161,77.5572482,,,,,stop_position
7124643395,node,Maruti Mandira,12.9677023,77.5361294,,,,,stop_position
7124643396,node,Income Tax Layout,12.9611543,77.5331126,,,bus_stop,,platform
7124643397,node,Attiguppe,12.9579105,77.5340239,,,,,stop_position
7131511276,node,KR Market,12.9639618,77.5789324,,,,,stop_position
7131511277,node,KR Market,12.9639720,77.5788818,,,bus_stop,,platform
7131511278,node,Poornima Talkies,12.9610840,77.5877158,,,,,stop_position
7131511279,node,Akkithimmanahalli,12.9621976,77.5964997,,,,,stop_position
7131511280,node,Nanjappa Circle,12.9605877,77.6009477,,,,,stop_position
7131511281,node,Philomenas Hospital,12.9643457,77.6104145,,,,,stop_position
7131511282,node,Austin Town,12.9615362,77.6144865,,,,,stop_position
7131511283,node,ASC Center,12.9622589,77.6189861,,,,,stop_position
7131511284,node,Vannarapete,12.9563900,77.6210339,,,,,stop_position
7131541685,node,Vivekanagara,12.9541943,77.6227375,,,,,stop_position
7132401123,node,Shantinagara TTMC,12.9544711,77.5924312,,,bus_stop,,platform
7132418213,node,Shirke KHB Quarters,12.9319553,77.4878086,,,,,stop_position
7132418214,node,Kengeri Church,12.9286697,77.4867535,,,,,stop_position
7132418216,node,RV College,12.9253252,77.4992746,,,,,stop_position
7132418217,node,KH Road,12.9576497,77.5928942,,,,,stop_position
7132418218,node,Subbaiah Circle,12.9626539,77.5907878,,,,,stop_position
7132418219,node,"Corporation, Mission Road (Towards Subbiah Circle)",12.9647441,77.5879090,,,,,stop_position
7132418221,node,KR Market,12.9645000,77.5761889,,,bus_stop,,platform
7132418222,node,Vinayaka Talkies,12.9638348,77.5685892,,,,,stop_position
7132418223,node,Vinayaka Talkies,12.9638910,77.5685298,,,bus_stop,,platform
7132452572,node,Mayo Hall,12.9733493,77.6098914,,,,,stop_position
7132452573,node,Anil Kumble Circle,12.9777168,77.6020138,,,,,stop_position
7132452574,node,MG Road Metro Station,12.9754287,77.6065055,,,,,stop_position
7132452575,node,MG Road Metro Station,12.9753877,77.6064952,,,bus_stop,,platform
7132452576,node,Vivekanagara,12.9545460,77.6206762,,,,,stop_position
7132452577,node,Vivekanagara,12.9545541,77.6206318,,,bus_stop,,platform
7132452578,node,Ravi Tent,12.9514379,77.6220795,,,,,stop_position
7132452579,node,Ravi Tent,12.9514200,77.6220714,,,bus_stop,,platform
7132452580,node,Shine Bakery,12.9506229,77.6242240,,,,,stop_position
7132452581,node,Shine Bakery,12.9505352,77.6242045,,,bus_stop,,platform
7132452582,node,Fairland Shop,12.9496896,77.6265998,,,,,stop_position
7132452583,node,Ejipura,12.9467330,77.6287391,,,,,stop_position
7132452584,node,Ejipura School,12.9427367,77.6307638,,,,,stop_position
7132486285,node,Srinivagilu Ejipura,12.9392351,77.6323159,,,,,stop_position
7132486286,node,Srinivagilu Ejipura,12.9392098,77.6322712,,,bus_stop,,platform
7132495606,node,P&T Quarters,13.0215262,77.6045178,,,,,stop_position
7132495607,node,Sultanpalya Cross Pushpanjali Talkies,13.0222102,77.6022447,,,,,stop_position
7132495608,node,Dinnuru Main Road,13.0239882,77.5989031,,,,,stop_position
7132495609,node,HMT Layout RT Nagar,13.0247162,77.5946689,,,,,stop_position
7132495610,node,HMT Layout RT Nagar,13.0247743,77.5946774,,,bus_stop,,platform
7132495611,node,Police Station RT Nagar,13.0242975,77.5928708,,,,,stop_position
7132495612,node,Post Office RT Nagar,13.0218605,77.5925224,,,,,stop_position
7132495613,node,Rehamathnagara,13.0172860,77.5917636,,,,,stop_position
7132495614,node,Matadahalli,13.0134296,77.5935858,,,,,stop_position
7132495615,node,CQAL,13.0112566,77.5924755,,,,,stop_position
7132495616,node,TV Tower,13.0093645,77.5909937,,,,,stop_position
7132495617,node,JC Nagara,13.0040058,77.5936840,,,,,stop_position
7132495618,node,Jayamahal,13.0009928,77.5945475,,,,,stop_position
7132495619,node,Neelasandra Bus Stand,12.9576576,77.6143934,,,,,stop_position
7132495620,node,Neelasandra Bus Stand,12.9576621,77.6143393,,,bus_stop,,platform
7132495621,node,Neelasandra Rose Garden,12.9536998,77.6175200,,,,,stop_position
7132495622,node,Neelasandra Rose Garden,12.9536772,77.6175090,,,bus_stop,,platform
7132495623,node,Neelasandra Rose Garden,12.9537945,77.6173101,,,,,stop_position
7132495624,node,Neelasandra Bus Stand,12.9576094,77.6143892,,,,,stop_position
7132495625,node,Austin Town,12.9615623,77.6134178,,,,,stop_position
7132495626,node,Austin Town,12.9616195,77.6134220,,,bus_stop,,platform
7132495627,node,Philomenas Hospital,12.9648691,77.6100878,,,,,stop_position
7132495628,node,D'Souza Circle,12.9675829,77.6110695,,,,,stop_position
7132495629,node,D'Souza Circle,12.9675529,77.6109517,,,bus_stop,,platform
7132495630,node,Lifestyle,12.9667187,77.6090563,,,,,stop_position
7132495631,node,Garuda Mall,12.9696923,77.6104351,,,,,stop_position
7132495632,node,Garuda Mall,12.9696744,77.6103398,,,bus_stop,,platform
7132495633,node,Mayo Hall,12.9718068,77.6105571,,,,,stop_position
7133498141,node,Marathahalli Bridge,12.9569774,77.7022647,,,,,stop_position
7133498142,node,Marathahalli Market,12.9563968,77.6948978,,,,,stop_position
7133498143,node,Yamalur Cross,12.9552296,77.6883054,,,,,stop_position
7133498144,node,HAL Kalyanamantapa,12.9545631,77.6819894,,,,,stop_position
7133498145,node,Helicopter Division,12.9564816,77.6758942,,,,,stop_position
7133498146,node,HAL Main Gate,12.9584418,77.6664832,,,,,stop_position
7133498147,node,Konena Agrahara,12.9592221,77.6603163,,,,,stop_position
7133498148,node,Murugeshpalaya,12.9591927,77.6580586,,,,,stop_position
7133498149,node,NAL Manipal Hospital,12.9596600,77.6505169,,,,,stop_position
7133498150,node,Kodihalli,12.9600451,77.6472248,,,,,stop_position
7133498151,node,Domlur Flyover,12.9605112,77.6435673,,,bus_stop,,platform
7133498156,node,Command Hospital,12.9641253,77.6261607,,,,,stop_position
7133498157,node,Military Accounts Office,12.9670171,77.6210126,,,bus_stop,,platform
7133498158,node,Hosmat Hospital,12.9698260,77.6117838,,,,,stop_position
7136947081,node,Richmond Circle,12.9673700,77.5993941,,,,,stop_position
7139631430,node,Vijayanagara,12.9720026,77.5376493,,,bus_stop,,stop_position
7139631431,node,Kuvempu Circle,12.9098370,77.5210124,,,,,stop_position
7139631432,node,Navarang Theatre,12.9993674,77.5499448,,,,,stop_position
7139631433,node,Navarang Theatre,12.9993714,77.5500105,,,bus_stop,,platform
7139631438,node,Rajajinagara Industrial Town,12.9844719,77.5483677,,,,,stop_position
7139631477,node,Deepanjalinagara,12.9514778,77.5372585,,,,,stop_position
7139631478,node,BHEL Gate,12.9497209,77.5367068,,,bus_stop,,platform
7139631479,node,BHEL Gate,12.9496358,77.5366535,,,,,stop_position
7139674988,node,Mysore Road Metro,12.9462430,77.5303258,,,bus_stop,,platform
7139674997,node,KR Puram Govt Hospital,13.0077503,77.6925278,,,,,stop_position
7139674998,node,KR Puram Govt Hospital,13.0077565,77.6926517,,,bus_stop,,platform
7139674999,node,ITI Colony Gate,13.0054194,77.6852715,,,,,stop_position
7139675000,node,ITI Circle,13.0079864,77.6832947,,,,,stop_position
7139675001,node,Ramamurthy Nagara Church,13.0116711,77.6790457,,,,,stop_position
7139675002,node,Ramamurthy Nagara Alada Mara,13.0114280,77.6766911,,,,,stop_position
7139675004,node,Yarayyanapalya,13.0115225,77.6733505,,,,,stop_position
7139675005,node,Yarayyanapalya,13.0115877,77.6733546,,,bus_stop,,platform
7139675006,node,Ramamurthy Nagara Manipal,13.0116244,77.6705459,,,,,stop_position
7139675007,node,Ramamurthy Nagara Police Station,13.0120388,77.6679564,,,,,stop_position
7139675008,node,B Channasandra Bridge,13.0130769,77.6630197,,,,,stop_position
7139675009,node,New Baldwin School,13.0143522,77.6582418,,,,,stop_position
7139675010,node,Banasawadi,13.0145836,77.6524783,,,,,stop_position
7139675011,node,Banasawadi,13.0146100,77.6524548,,,bus_stop,,platform
7139675012,node,Banasawadi (Towards B Channasandra),13.0143934,77.6509925,,,,,stop_position
7139675013,node,Steel Factory Banaswadi,13.0132910,77.6497540,,,,,stop_position
7139675014,node,Maruthi School,13.0098787,77.6442317,,,,,stop_position
7140560430,node,Ejipura,12.9465880,77.6288423,,,,,stop_position
7140560431,node,Ejipura,12.9466050,77.6289077,,,bus_stop,,platform
7140560432,node,Fairland Shop,12.9500222,77.6261783,,,,,stop_position
7140560433,node,Fairland Shop,12.9500437,77.6261947,,,bus_stop,,platform
7140560434,node,Shine Bakery,12.9506781,77.6239625,,,,,stop_position
7140560435,node,Shine Bakery,12.9507168,77.6239711,,,bus_stop,,platform
7140560436,node,ASC Center,12.9624367,77.6189999,,,,,stop_position
7140560437,node,Johnson Market,12.9633811,77.6067250,,,,,stop_position
7140560438,node,Elgin Floor Mill,12.9588070,77.6060680,,,bus_stop,,platform
7140560440,node,Nanjappa Circle,12.9606812,77.6010322,,,bus_stop,,platform
7140560441,node,Akkithimmanahalli,12.9621372,77.5969643,,,,,stop_position
7140560442,node,Akkithimmanahalli,12.9621501,77.5969666,,,bus_stop,,platform
7140563287,node,Ganesha Temple Vasanthanagara,12.9951057,77.5925255,,,,,stop_position
7140563288,node,Mount Carmel College,12.9929279,77.5887916,,,,,stop_position
7140563289,node,High Grounds Police Station,12.9890619,77.5887371,,,,,stop_position
7140563290,node,High Ground Police Station,12.9890610,77.5886840,,,bus_stop,,platform
7140563293,node,Maharani's College,12.9790169,77.5849485,,,,,stop_position
7140563294,node,Maharani's College,12.9790586,77.5848792,,,bus_stop,,platform
7140563295,node,"Telephone Exchange AGO, Vasantha Nagara",12.9827236,77.5871529,,,,,stop_position
7140581376,node,Hennur,13.0398404,77.6414434,,,,,stop_position
7140581377,node,Hennur,13.0398416,77.6413592,,,bus_stop,,platform
7140581378,node,KR Circle,12.9756728,77.5866293,,,,,stop_position
7140581379,node,KR Circle,12.9757484,77.5865892,,,bus_stop,,platform
7140581380,node,K Narayanapura Main Bus Stand,13.0666595,77.6408465,,,,,stop_position
7140581381,node,K Narayanapura Main Bus Stand,13.0664906,77.6407510,,,bus_stop,,platform
7140581382,node,Vidhana Soudha,12.9802251,77.5930116,,,,,stop_position
7140599428,node,Ashwath Nagara Cross,13.0503945,77.6303379,,,,,stop_position
7140599429,node,Ashwath Nagara Cross,13.0504190,77.6302917,,,bus_stop,,platform
7141016441,node,BDS Nagara,13.0657644,77.6430215,,,,,stop_position
7141016442,node,BDS Nagara,13.0657342,77.6429906,,,bus_stop,,platform
7141213431,node,Koli Farm Gate,12.8413140,77.5885250,,,,,stop_position
7141213432,node,Basavanapura Gate,12.8461600,77.5882409,,,,,stop_position
7141213433,node,Basavanapura Gate,12.8461540,77.5883406,,,bus_stop,,platform
7141213434,node,Gottigere,12.8568471,77.5889323,,,,,stop_position
7141213435,node,Gottigere,12.8568494,77.5889790,,,bus_stop,,platform
7141213436,node,Himagiri,12.8625507,77.5906236,,,,,stop_position
7141213437,node,Himagiri,12.8625173,77.5907318,,,bus_stop,,platform
7141213438,node,Kalena Agrahara,12.8661079,77.5918195,,,,,stop_position
7141213439,node,Kalena Agrahara,12.8661075,77.5919200,,,bus_stop,,platform
7141213440,node,Loyola School,12.8708720,77.5935324,,,,,stop_position
7141213441,node,Loyola School,12.8702731,77.5934063,,,bus_stop,,platform
7141213442,node,Meenakshi Temple,12.8750501,77.5949435,,,,,stop_position
7141213443,node,Meenakshi Temple,12.8749691,77.5950421,,,bus_stop,,platform
7141213444,node,Hulimavu Gate,12.8808913,77.5959221,,,,,stop_position
7141213445,node,Arakere BPL,12.8868750,77.5969188,,,,,stop_position
7141213446,node,Arakere Gate,12.8906857,77.5982134,,,,,stop_position
7141213447,node,IIM Apollo,12.8962812,77.5998338,,,,,stop_position
7141213448,node,Bilekahalli,12.9008047,77.6010889,,,,,stop_position
7141213449,node,JP Nagara 3rd Phase,12.9081964,77.6003810,,,,,stop_position
7141213451,node,MICO Layout Checkpost,12.9139498,77.6000445,,,bus_stop,,platform
7141213452,node,Gurappanapalya,12.9198633,77.6001476,,,,,stop_position
7141213453,node,Ananda Ashrama,12.9276542,77.6006364,,,bus_stop,,
7141213454,node,Bengaluru Dairy Circle,12.9357411,77.6015318,,,,,stop_position
7141213455,node,MICO Factory Junction,12.9441362,77.6028844,,,,,stop_position
7141213456,node,MICO Factory Junction,12.9441426,77.6029372,,,bus_stop,,platform
7141213457,node,Indian Christian Cemetry,12.9525476,77.6048684,,,,,stop_position
7141213458,node,Indian Christian Cemetry,12.9525963,77.6048510,,,bus_stop,,platform
7141213459,node,Elgin Flour Mill,12.9580953,77.6061210,,,,,stop_position
7141213460,node,Elgin Flour Mill,12.9580895,77.6061814,,,bus_stop,,platform
7141213462,node,Johnson Market,12.9634117,77.6066682,,,bus_stop,,platform
7141213463,node,Vellara Junction,12.9657103,77.6068638,,,,,stop_position
7141213464,node,Brigade Road,12.9714805,77.6067531,,,,,stop_position
7141286365,node,Jayanthi Nagar,13.0288308,77.6636509,,,,,stop_position
7141286366,node,Jayanthi Nagar,13.0288888,77.6637201,,,bus_stop,,platform
7141286367,node,Horamavu Agara,13.0367175,77.6549656,,,,,stop_position
7141286368,node,Horamavu Agara,13.0367725,77.6549479,,,bus_stop,,platform
7141286369,node,Shilpa Bakery,13.0377788,77.6504602,,,,,stop_position
7141286370,node,Vaddarapalya,13.0386081,77.6465206,,,,,stop_position
7141286371,node,Hennur,13.0390694,77.6439857,,,bus_stop,,platform
7141291014,node,Marappa Garden,13.0044671,77.5998853,,,,,stop_position
7141291015,node,Chinnappa Garden,13.0030311,77.6035230,,,,,stop_position
7141291016,node,Nandidurga Road,13.0007836,77.5995619,,,,,stop_position
7141291017,node,Canara Bank Millers Road,12.9956014,77.6013756,,,,,stop_position
7142073288,node,Mariyamma Layout,13.0259775,77.6499664,,,,,stop_position
7142073289,node,Babusabpalya,13.0227678,77.6473928,,,,,stop_position
7142073290,node,HRBR Layout Cross,13.0238751,77.6432954,,,,,stop_position
7142073291,node,HRBR Layout Cross,13.0238806,77.6432240,,,bus_stop,,platform
7142073292,node,80ft Road HRBR Layout,13.0210815,77.6432227,,,,,stop_position
7142073293,node,80ft Road HRBR Layout,13.0210831,77.6431757,,,bus_stop,,platform
7142073294,node,Coles Park,12.9932410,77.6098610,,,,,stop_position
7142097522,node,Cauvery Bhavana,12.9734934,77.5814153,,,,,stop_position
7142097523,node,Cauvery Bhavana,12.9734679,77.5814541,,,bus_stop,,platform
7142097524,node,"Maharani College, KR Circle",12.9768247,77.5858877,,,,,stop_position
7142097525,node,"Maharani College, KR Circle",12.9767664,77.5858556,,,bus_stop,,platform
7142097526,node,Vidhana Soudha,12.9772230,77.5899909,,,,,stop_position
7142097527,node,Indian Express,12.9835542,77.5963121,,,,,stop_position
7142097528,node,Indian Express,12.9835004,77.5963419,,,bus_stop,,platform
7142097529,node,Bamboo Bazar,12.9918487,77.6019141,,,,,stop_position
7142097530,node,Bamboo Bazar,12.9918092,77.6019113,,,bus_stop,,platform
7142097531,node,Frazer Town,13.0009088,77.6116831,,,,,stop_position
7142097533,node,Doddi,13.0028703,77.6121520,,,,,stop_position
7142097534,node,Doddi,13.0028662,77.6122002,,,bus_stop,,platform
7142097535,node,Canara Bank Tannery Road,13.0070581,77.6126039,,,bus_stop,,platform
7142097536,node,Periyar Nagara Circle,13.0085601,77.6132761,,,,,stop_position
7142097537,node,Periyar Nagara Circle,13.0085327,77.6133053,,,bus_stop,,platform
7142097538,node,Muslim Colony,13.0105005,77.6151005,,,,,stop_position
7142097539,node,Muslim Colony,13.0104745,77.6151332,,,bus_stop,,platform
7142097540,node,Postal and Telecom Colony,13.0119477,77.6160651,,,,,stop_position
7142097541,node,Postal and Telecom Colony,13.0119314,77.6160921,,,bus_stop,,platform
7142097542,node,Venkateshapura,13.0152581,77.6175110,,,bus_stop,,platform
7142097543,node,Kadugondanahalli Police Station,13.0211026,77.6190418,,,,,stop_position
7142097544,node,Kadugondanahalli Police Station,13.0211014,77.6190707,,,bus_stop,,platform
7142097545,node,Ambedkar Medical College Shampura,13.0231150,77.6126119,,,,,stop_position
7142097546,node,Ambedkar Medical College Shampura,13.0231175,77.6126347,,,bus_stop,,platform
7142097547,node,Thanisandra,13.0560139,77.6319434,,,,,stop_position
7142097548,node,Thanisandra,13.0559857,77.6320513,,,bus_stop,,platform
7142097549,node,IBM Gate,13.0574993,77.6264940,,,,,stop_position
7142722717,node,Sujatha Talkies,12.9823871,77.5619169,,,bus_stop,,platform
7142722718,node,Sujatha Talkies,12.9823721,77.5622065,,,bus_stop,,platform
7146770606,node,Rajajinagar Entrance,12.9847197,77.5567862,,,,,stop_position
7146770607,node,Rajajinagar Entrance,12.9844532,77.5569360,,,bus_stop,,platform
7156536799,node,Aralimara Industrial Area Rajajinagara,12.9784210,77.5489250,,,,,stop_position
7156536814,node,Vijayanagara,12.9631313,77.5342294,,,,,stop_position
7156536815,node,Vijayanagara Garage,12.9631003,77.5343062,,,bus_stop,,platform
7156865437,node,Bandi Reddy Circle,12.9914520,77.5638962,,,,,stop_position
7156865438,node,Chowdeshwari Temple,12.9947434,77.5663773,,,,,stop_position
7156865439,node,Chowdeshwari Temple,12.9947442,77.5663975,,,bus_stop,,platform
7156865440,node,Ramamandira,12.9935055,77.5682527,,,,,stop_position
7156865441,node,MD Block,12.9932748,77.5697030,,,,,stop_position
7156865442,node,RC College,12.9840467,77.5868815,,,,,stop_position
7156865443,node,RC College,12.9839279,77.5868205,,,bus_stop,,platform
7156865444,node,GPO,12.9817965,77.5949609,,,,,stop_position
7156865445,node,GPO,12.9817350,77.5949469,,,bus_stop,,platform
7156865446,node,Raj Bhavan,12.9830369,77.5922081,,,,,stop_position
7156865447,node,Raj Bhavan,12.9829373,77.5921641,,,bus_stop,,platform
7156942399,node,Sultanpalya,13.0266238,77.6040613,,,,,stop_position
7156942400,node,Ashwathkatte Sultanpalya,13.0246006,77.6033636,,,,,stop_position
7156942401,node,Ashwathkatte Sultanpalya,13.0246071,77.6033127,,,bus_stop,,platform
7156942402,node,Maniksha Parade Ground,12.9777052,77.6069712,,,,,stop_position
7156942403,node,Dickenson Road,12.9807778,77.6106751,,,,,stop_position
7156942404,node,Hasanath College,12.9794290,77.6142741,,,,,stop_position
7156942405,node,Electric B Station,12.9739911,77.6138595,,,bus_stop,,platform
7156942406,node,Lido Talkies,12.9728436,77.6214350,,,,,stop_position
7156942407,node,Halasur Police Station,12.9749600,77.6252824,,,,,stop_position
7156942408,node,Lakshmipura Ulsoor,12.9781418,77.6320722,,,,,stop_position
7156942409,node,Double Road Indiranagara,12.9782082,77.6362627,,,,,stop_position
7156942411,node,CMH Hospital,12.9777293,77.6466319,,,,,stop_position
7156942412,node,Thippasandra,12.9742017,77.6468450,,,,,stop_position
7156942413,node,Kodihalli,12.9686142,77.6495815,,,,,stop_position
7156942414,node,Petrol Bunk,12.9674869,77.6559992,,,,,stop_position
7156942415,node,Petrol Bunk,12.9674562,77.6559953,,,bus_stop,,platform
7156942416,node,Jeevanbheema Nagara,12.9658273,77.6575968,,,,,stop_position
7156971592,node,Malleshwaram 18th Cross,13.0086193,77.5711392,,,,,stop_position
7156971593,node,Malleshwaram 18th Cross,13.0087310,77.5711125,,,bus_stop,,platform
7156971594,node,RMS Sheshadripuram,12.9944380,77.5780216,,,,,stop_position
7156971595,node,RM Guttahalli,12.9984759,77.5820504,,,,,stop_position
7156971596,node,RM Guttahalli,12.9984410,77.5820187,,,bus_stop,,platform
7156971597,node,Ganesha Temple Vasanthanagara,12.9952241,77.5920953,,,,,stop_position
7156971598,node,Ganesha Temple Vasanthanagara,12.9952020,77.5920926,,,bus_stop,,platform
7157856781,node,"Minarva Circle, Rashtriya Vidyalaya Road",12.9538368,77.5799874,,,,,stop_position
7157856782,node,Lalbagh Main Gate,12.9540427,77.5855810,,,,,stop_position
7157856783,node,Jeevanahalli Cross,12.9942117,77.6288083,,,,,stop_position
7157856784,node,Jeevanahalli Cross,12.9942724,77.6288179,,,bus_stop,,platform
7157889185,node,Pankaj Dairy,12.9958452,77.6238615,,,,,stop_position
7157889186,node,Pankaj Dairy,12.9958484,77.6238812,,,bus_stop,,platform
7157889187,node,Commercial Street,12.9804923,77.6098757,,,,,stop_position
7157889188,node,Shanthinagara Bus Stop KH Road,12.9549210,77.5917316,,,,,stop_position
7157889189,node,State Bank India Garage,12.9746794,77.6014488,,,,,stop_position
7157889191,node,"KH Road, Double Road",12.9583151,77.5930442,,,,,stop_position
7157895258,node,Krumbigal Road,12.9531020,77.5836082,,,,,stop_position
7157895259,node,Shanthinagara Bus Stop KH Road,12.9547920,77.5917926,,,,,stop_position
7157895260,node,Richmond Circle,12.9658078,77.6042522,,,,,stop_position
7157895261,node,Hosmat Hospital,12.9694725,77.6161015,,,,,stop_position
7157992184,node,Double Road,12.9151947,77.5135027,,,,,stop_position
7164445935,node,Kempapura Agrahara,12.9690863,77.5546506,,,,,stop_position
7164445936,node,Railway Gate Kempapura,12.9687913,77.5593047,,,,,stop_position
7164445937,node,Sirsi Circle,12.9614186,77.5594742,,,,,stop_position
7164445938,node,Sirsi Circle,12.9612418,77.5594828,,,bus_stop,,platform
7164445940,node,Vinayaka Talkies KR Market,12.9634944,77.5677992,,,,,stop_position
7201051896,node,Rajaji Nagar 1st Block,13.0041628,77.5491513,,,,,stop_position
7201051897,node,Rajaji Nagar 1st Block,13.0041618,77.5491817,,,bus_stop,,platform
7205667885,node,Anand Rao,12.9811159,77.5768709,,,bus_stop,,
7206360778,node,Kalyananagara Junction,13.0264542,77.6363506,,,,,stop_position
7206360779,node,Kalyananagara Junction,13.0263618,77.6364058,,,bus_stop,,platform
7206360780,node,Kalyananagara Junction,13.0263932,77.6362396,,,bus_stop,,platform
7215440252,node,Navarang Theatre,12.9980898,77.5510063,,,,,stop_position
7215593397,node,Tata Institute,13.0144454,77.5684152,,,bus_stop,,platform
7215593398,node,Tata Institute,13.0144349,77.5682737,,,bus_stop,,platform
7216398999,node,HBR Layout,13.0346004,77.6288560,,,,,stop_position
7216399000,node,HBR Layout,13.0346167,77.6288883,,,bus_stop,,platform
7216399001,node,HBR Layout,13.0352451,77.6283771,,,,,stop_position
7216399002,node,HBR Layout,13.0352027,77.6283201,,,bus_stop,,platform
7216399023,node,Hennur Cross,13.0293448,77.6316918,,,bus_stop,,platform
7216399024,node,Hennur Cross,13.0294610,77.6316127,,,bus_stop,,platform
7216620550,node,Kempapura,13.0435142,77.6018306,,,,,stop_position
7216699820,node,Lumbini Gardens,13.0431991,77.6096311,,,,,stop_position
7216699821,node,Lumbini Gardens,13.0432701,77.6094579,,,bus_stop,,platform
7216699822,node,Lumbini Gardens,13.0431980,77.6097425,,,bus_stop,,platform
7216699836,node,Manyatha Tech Park,13.0408770,77.6183731,,,,,stop_position
7216699837,node,Manyatha Tech Park,13.0408346,77.6184473,,,bus_stop,,platform
7216699838,node,Manyatha Tech Park,13.0408171,77.6182622,,,bus_stop,,platform
7216699946,node,Manyatha Tech Park,13.0411460,77.6204108,,,,,stop_position
7216699947,node,Manyatha Tech Park,13.0411801,77.6204098,,,bus_stop,,platform
7220757409,node,Atturu Layout Yelahanka Road,13.0978189,77.5681275,,,bus_stop,,platform
7220757410,node,Atturu Layout Yelahanka Road,13.0978025,77.5679438,,,bus_stop,,platform
7220757411,node,Atturu Layout Yelahanka Road,13.0978180,77.5679409,,,,,stop_position
7223109289,node,Mekhri Circle,13.0199738,77.5837071,,,bus_stop,,platform
7223109290,node,Mekhri Circle,13.0200927,77.5837085,,,bus_stop,,platform
7223109291,node,Mekhri Circle,13.0201985,77.5837125,,,bus_stop,,platform
7223109292,node,Mekhri Circle,13.0203763,77.5837192,,,bus_stop,,platform
7223109301,node,CBI,13.0258423,77.5854230,,,,,stop_position
7223109302,node,CBI,13.0258842,77.5855168,,,bus_stop,,platform
7223109325,node,UAS Campus,13.0302097,77.5871095,,,bus_stop,,platform
7223109329,node,Veterinary College,13.0326896,77.5876111,,,bus_stop,,platform
7227496212,node,Gangamma Circle,13.0578543,77.5462761,,,,,stop_position
7227496235,node,Double Tank,13.0676844,77.5446379,,,,,stop_position
7227496236,node,Double Tank,13.0676794,77.5446850,,,bus_stop,,platform
7227496274,node,Jelly Machine Yalahanka,13.0859779,77.5553971,,,,,stop_position
7227496275,node,Jelly Machine Yalahanka,13.0859294,77.5554179,,,bus_stop,,platform
7227496279,node,Bettahalli Layout,13.0922103,77.5593881,,,,,stop_position
7227502968,node,Sambhram College,13.0884746,77.5464563,,,,,stop_position
7228148573,node,Mattikere,13.0354023,77.5574180,,,,,stop_position
7228148574,node,Mattikere,13.0354072,77.5573879,,,bus_stop,,platform
7228148575,node,Mattikere,13.0356116,77.5575791,,,,,stop_position
7228151785,node,Gokula,13.0412801,77.5572981,,,bus_stop,,platform
7228151799,node,BEL Circle,13.0452884,77.5567791,,,bus_stop,,platform
7228151800,node,BEL Circle,13.0452035,77.5568026,,,bus_stop,,platform
7228151801,node,BEL Circle,13.0451532,77.5567023,,,,,stop_position
7228151819,node,State Bank BEL Circle,13.0492231,77.5540416,,,,,stop_position
7228151820,node,State Bank BEL Circle,13.0492614,77.5541009,,,bus_stop,,platform
7228151824,node,State Bank BEL Circle,13.0498272,77.5536219,,,,,stop_position
7228151833,node,BEL Market,13.0514377,77.5522549,,,,,stop_position
7228151834,node,BEL Market,13.0514021,77.5522068,,,bus_stop,,platform
7228151835,node,BEL Market,13.0516456,77.5521058,,,,,stop_position
7228151838,node,HMT House,13.0545807,77.5492387,,,,,stop_position
7230011142,node,CRPF,13.1228903,77.5755659,,,,,stop_position
7230109757,node,Nagenahalli Gate,13.1298007,77.5714480,,,,,stop_position
7232196274,node,CPRI,13.0148505,77.5751945,,,bus_stop,,platform
7232196275,node,CPRI,13.0148160,77.5750862,,,,,stop_position
7235254980,node,Konanakunte Cross,12.8889872,77.5626569,stop,,,,stop_position
7235254981,node,Konanakunte Cross,12.8889432,77.5627011,stop,,,,stop_position
7235254982,node,Doddakallasandra,12.8846862,77.5527510,stop,,,,stop_position
7235254983,node,Doddakallasandra,12.8846245,77.5527796,stop,,,,stop_position
7235263986,node,Vajarahalli,12.8775221,77.5448072,stop,,,,stop_position
7235263989,node,Thalaghattapura,12.8713916,77.5384190,stop,,,,stop_position
7235263991,node,Silk Institute,12.8616919,77.5299083,stop,,,,stop_position
7236205633,node,Sujatha Talkies,12.9827491,77.5623903,,,bus_stop,,platform
7236205634,node,Sujatha Talkies,12.9826229,77.5624563,,,,,stop_position
7255929446,node,Mosque Road,13.0001398,77.6160773,,,,,stop_position
7255929447,node,Mosque Road,13.0001384,77.6160988,,,bus_stop,,platform
7255929464,node,Frazer Town,13.0012072,77.6121067,,,,,stop_position
7255929465,node,Frazer Town,13.0011811,77.6121318,,,bus_stop,,platform
7255929468,node,Harris Road,12.9994445,77.6093812,,,bus_stop,,platform
7256979592,node,Hennur Cross,13.0277468,77.6337062,,,bus_stop,,platform
7256979623,node,Hennuru Bande,13.0368297,77.6409185,,,,,stop_position
7256979676,node,Janaki Rama Layout,13.0437112,77.6427715,,,,,stop_position
7256979677,node,Janaki Rama Layout,13.0436506,77.6427881,,,bus_stop,,platform
7256985305,node,Lumbini Gardens,13.0434329,77.6078470,,,bus_stop,,platform
7256985306,node,Lumbini Gardens,13.0434781,77.6075598,,,bus_stop,,platform
7256985322,node,HBR Layout 5th Block,13.0379996,77.6260757,,,,,stop_position
7257189833,node,Mekhri Circle,13.0145459,77.5822140,,,bus_stop,,platform
7257189838,node,Mekhri Circle,13.0197222,77.5840000,,,bus_stop,,platform
7257189839,node,Mekhri Circle,13.0199181,77.5840113,,,bus_stop,,platform
7257189853,node,Gangenahalli,13.0232851,77.5840235,,,bus_stop,,platform
7257189854,node,Gangenahalli,13.0233865,77.5839946,,,,,stop_position
7257189856,node,CBI,13.0256818,77.5854562,,,bus_stop,,platform
7257695667,node,Sadashivanagara Police Station,13.0161810,77.5726554,,,,,stop_position
7257695668,node,Sadashivanagara Police Station,13.0161793,77.5726283,,,bus_stop,,platform
7257695677,node,CPRI Quarters,13.0226839,77.5722329,,,,,stop_position
7257695678,node,CPRI Quarters,13.0226929,77.5722903,,,bus_stop,,platform
7257695683,node,MS Ramaiah Hospital,13.0268661,77.5719050,,,,,stop_position
7257695684,node,MS Ramaiah Hospital,13.0268786,77.5719356,,,bus_stop,,platform
7259994471,node,Koli Farm Gate,12.8413007,77.5886249,,,,,stop_position
7276500303,node,RC College,12.9839730,77.5870015,,,bus_stop,,platform
7276500359,node,KPCC Office,12.9831464,77.5765751,,,bus_stop,,platform
7276566940,node,Ibbaluru,12.9212384,77.6630783,,,,,stop_position
7277381411,node,Jakkasandra,12.9252461,77.6371646,,,,,stop_position
7277381416,node,1st Block Koramangala,12.9251220,77.6346785,,,bus_stop,,platform
7277381417,node,1st Block Koramangala,12.9251364,77.6348354,,,bus_stop,,platform
7277381418,node,1st Block Koramangala,12.9250739,77.6348395,,,,,stop_position
7277381421,node,John Fowler,12.9243856,77.6307423,,,,,stop_position
7277381427,node,John Fowler,12.9241479,77.6299687,,,,,stop_position
7277381428,node,Koramangala Water Tank,12.9268106,77.6227986,,,,,stop_position
7277381429,node,Koramangala Water Tank,12.9268670,77.6227936,,,bus_stop,,platform
7277381435,node,St. John's Hospital,12.9294716,77.6160012,,,,,stop_position
7277381436,node,St. John's Hospital,12.9295048,77.6161149,,,bus_stop,,platform
7279005503,node,Ganakkal,12.8984779,77.5122102,,,bus_stop,,platform
7287518232,node,Jayanagara 38th Cross,12.9215014,77.5836333,,,bus_stop,,platform
7287658059,node,Anjanapura Cross,12.8618740,77.5609285,,,,,stop_position
7288169237,node,RBI Layout,12.8879133,77.5819353,,,,,stop_position
7290820052,node,Jayanagara Church,12.9280356,77.5876191,,,,,stop_position
7291611563,node,ISKCON Temple,13.0118968,77.5515350,,,bus_stop,,platform
7292218766,node,Okalipura,12.9824553,77.5678893,,,,,stop_position
7292436089,node,Corporation Circle,12.9667074,77.5880067,,,bus_stop,,platform
7292436090,node,Corporation Circle,12.9668420,77.5881180,,,bus_stop,,platform
7292436123,node,Corporation,12.9681954,77.5873387,,,,,stop_position
7292436124,node,Corporation,12.9681907,77.5873811,,,bus_stop,,platform
7292436125,node,Corporation,12.9685004,77.5865073,,,bus_stop,,platform
7292436132,node,Mysore Bank,12.9721532,77.5824183,,,bus_stop,,platform
7292436133,node,Mysore Bank,12.9722682,77.5822601,,,bus_stop,,platform
7293708127,node,Anepalya,12.9532652,77.6052315,,,,,stop_position
7293708128,node,Anepalya,12.9531008,77.6051527,,,bus_stop,,platform
7293708129,node,Anepalya,12.9533583,77.6051795,,,bus_stop,,platform
7293708130,node,Anepalya,12.9537582,77.6052292,,,bus_stop,,platform
7293719451,node,Hudson Circle,12.9678456,77.5908682,,,bus_stop,,platform
7293719452,node,Hudson Circle,12.9679138,77.5910900,,,bus_stop,,platform
7293817082,node,Adugodi Police Station,12.9390151,77.6097671,,,,,stop_position
7293817083,node,Adugodi Police Station,12.9398973,77.6094326,,,,,stop_position
7293817084,node,Adugodi Police Station,12.9400320,77.6094322,,,bus_stop,,platform
7293817087,node,Adugodi,12.9447399,77.6073573,,,,,stop_position
7293817154,node,Pothalappa Garden,12.9492019,77.6061203,,,,,stop_position
7293817164,node,Anepalya,12.9521972,77.6053161,,,,,stop_position
7293817167,node,Anepalya,12.9521114,77.6053243,,,bus_stop,,platform
7294283041,node,HSR Layout BDA Complex,12.9161183,77.6352486,,,,,stop_position
7294283042,node,HSR Layout BDA Complex,12.9160890,77.6351761,,,bus_stop,,platform
7294283055,node,Central Silk Board,12.9175190,77.6245029,,,bus_stop,,platform
7294283056,node,Central Silk Board,12.9175581,77.6244453,,,,,stop_position
7294283057,node,Central Silk Board,12.9175046,77.6244009,,,bus_stop,,platform
7294299969,node,Madiwala,12.9196739,77.6209509,,,bus_stop,,platform
7294299970,node,Madiwala,12.9198229,77.6208436,,,bus_stop,,platform
7294299971,node,Madiwala,12.9200033,77.6207270,,,bus_stop,,platform
7294299975,node,Madiwala,12.9200060,77.6208506,,,,,stop_position
7404474584,node,Sun Shine School,13.0309876,77.6686079,,,,,stop_position
7488396058,node,Bagmane Tech Park,12.9806842,77.6563394,,,,,stop_position
7528043667,node,,12.9391739,77.6021357,,,bus_stop,,platform
7617898606,node,Coles Park,12.9914254,77.6088949,,,,,stop_position
7728385526,node,Ramesh Nagar Bus stop,12.9624428,77.6816765,,,bus_stop,,platform
7784456818,node,Kengeri Bus Terminal,12.9147110,77.4878484,stop,,,,stop_position
7784456820,node,Kengeri,12.9079284,77.4765748,stop,subway,,,stop_position
7829006597,node,Jayadeva Interchange (u/c),12.9167281,77.5999985,stop,subway,,,stop_position
8240881789,node,Shankar Mutt,12.9992146,77.5416662,,,bus_stop,,platform
8459829311,node,Gubbalala Gate,12.8839598,77.5511256,,,,,stop_position
8534479339,node,Yeshwantpura,13.0218300,77.5533325,,,bus_stop,,
8559578718,node,Dairy circle (towards lakkasandra),12.9356855,77.6012737,,,bus_stop,,platform
9048813172,node,Kengeri,12.9078971,77.4765871,stop,subway,,,stop_position
9048813173,node,Kengeri Bus Terminal,12.9146648,77.4878613,stop,,,,stop_position
9048813174,node,Pattanagere,12.9242399,77.4983713,stop,,,,stop_position
9048813175,node,Pattanagere,12.9242632,77.4983378,stop,,,,stop_position
9048813176,node,Jnanabharathi,12.9354050,77.5124194,stop,,,,stop_position
9049846515,node,Jnanabharathi,12.9354357,77.5124063,station,subway,,,station
9050797592,node,Pantharapalya - Nayandahalli,12.9416715,77.5251166,station,subway,,,station
9051395755,node,Kengeri Bus Terminal,12.9146890,77.4878557,station,subway,,,station
9051405243,node,Kengeri,12.9079105,77.4765784,station,subway,,,station
9051410519,node,Rajarajeshwari Nagar,12.9365996,77.5196788,station,subway,,,station
9051417969,node,Pattanagere,12.9242505,77.4983509,station,subway,,,station
9140200257,node,KR Circle,12.9756053,77.5866527,,,,,stop_position
9141920977,node,Malleshwaram Circle,12.9969081,77.5688175,,,,,stop_position
9161008241,node,Siddaiah Puranik Junction,12.9823899,77.5371708,,,bus_stop,,platform
9161008257,node,Havanuru Circle,12.9882597,77.5376291,,,bus_stop,,platform
9161008259,node,Kamalanagar 8th Main,12.9918959,77.5385914,,,bus_stop,,platform
9161008265,node,Siddaiah Puranik Junction,12.9822201,77.5372010,,,,,stop_position
9161008284,node,Siddaiah Puranik Junction,12.9830778,77.5372068,,,,,stop_position
9161008285,node,Siddaiah Puranik Junction,12.9830788,77.5372303,,,bus_stop,,platform
9167818413,node,Nagarbhavi Circle,12.9580737,77.5189278,,,bus_stop,,platform
9167841816,node,,12.9595234,77.5206544,,,bus_stop,,platform
9167850482,node,Vijayanagar,12.9731035,77.5381791,,,bus_stop,,platform
9167852642,node,Manuvana/Hosahalli Metro station,12.9740795,77.5443065,,,bus_stop,,platform
9167881071,node,Bangalore University Quarters,12.9517777,77.4997562,,,bus_stop,,platform
9213240987,node,Mariappanapalya,12.9454140,77.4954923,,,bus_stop,,platform
9213240988,node,Ambedkar College,12.9652036,77.5047583,,,bus_stop,,
9213247901,node,Summanahalli,12.9877707,77.5191572,,,bus_stop,,platform
9213271145,node,Mallathahalli,12.9580697,77.5032946,,,bus_stop,,
9213284937,node,Kenchapura Bus Stop,12.9423240,77.4937189,,,bus_stop,,
9213290715,node,University quarters bus stop,12.9527254,77.4999694,,,bus_stop,,platform
9213291196,node,Deepa Complex,12.9665643,77.5048879,,,bus_stop,,platform
9213292244,node,Nagarbhavi BDA complex,12.9793561,77.5105425,,,bus_stop,,
9213293424,node,PVP School,12.9482480,77.4969355,,,bus_stop,,platform
9213315346,node,Kottegepalya,12.9878393,77.5141451,,,bus_stop,,
9213635315,node,Kengunte cross,12.9604700,77.5042369,,,bus_stop,,platform
9363060449,node,K Channasandra,13.0400484,77.6794318,,,bus_stop,,platform
9573433527,node,Shivananda Stores,12.9877594,77.5804174,,,bus_stop,,platform
9622903014,node,HSR KEB Junction,12.9035470,77.6499433,,,bus_stop,,platform
9623843260,node,Kengeri Church Stop,12.9290165,77.4867571,,,bus_stop,,platform
9633893507,node,Richmond Circle,12.9672877,77.5992467,,,bus_stop,,platform
9633893508,node,Richmond Circle,12.9675763,77.5995767,,,bus_stop,,platform
9654236888,node,,12.9510336,77.5389635,,,,,stop_position
9654236889,node,,12.9509272,77.5389954,,,bus_stop,,platform
9654247750,node,Mylasandra Cross,12.9185625,77.4911126,,,,,stop_position
9674982349,node,Society,12.9212141,77.4838490,,,bus_stop,,platform
9688218522,node,Indian Express,12.9833770,77.5971299,,,bus_stop,,platform
9688218523,node,Indian Express,12.9834529,77.5971848,,,bus_stop,,platform
9690149029,node,Nagarabhavi 12th Block,12.9609553,77.5127389,,,bus_stop,,platform
9709501441,node,ITI Colony,13.0338561,77.5686963,,,bus_stop,,platform
9759746751,node,Bashayam Circle,13.0049151,77.5811906,,,bus_stop,,platform
9759859786,node,Devaiah Park,12.9964495,77.5643060,,,bus_stop,,platform
9779286692,node,Mount Carmel College,12.9928951,77.5887322,,,bus_stop,,platform
9786116679,node,Malleshwaram Circle,12.9974283,77.5694375,,,,,stop_position
9786123498,node,East Railway Station Bus Stop,13.0015161,77.6184996,,,,,stop_position
9786123499,node,East Railway Station Bus Stop,13.0015767,77.6185274,,,bus_stop,,platform
9796232707,node,Hasanath College,12.9792762,77.6148087,,,,,stop_position
9796232708,node,Hasanath College,12.9793239,77.6148261,,,bus_stop,,platform
9811371626,node,The Millenia,12.9819363,77.6240467,,,,,stop_position
9811371627,node,The Millenia,12.9819825,77.6240394,,,bus_stop,,platform
9811371639,node,Begum Mahal Ulsoor,12.9752329,77.6201738,,,,,stop_position
9811371640,node,Begum Mahal Ulsoor,12.9752411,77.6200787,,,bus_stop,,platform
9811397060,node,St. Theresa Hospital,13.0065732,77.5542349,,,bus_stop,,platform
9811397061,node,St. Theresa Hospital,13.0065244,77.5542249,,,bus_stop,,platform
9811397062,node,St. Theresa Hospital,13.0065514,77.5542304,,,bus_stop,,platform
9811397064,node,St. Theresa Hospital,13.0070272,77.5544037,,,,,stop_position
9811397087,node,Navarang Theatre,12.9971734,77.5535557,,,bus_stop,,platform
9811397088,node,Navarang Theatre,12.9971205,77.5536080,,,bus_stop,,platform
9814659992,node,Indiranagar Police Station,12.9781830,77.6409260,,,,,stop_position
9814659993,node,Indiranagar Police Station,12.9781764,77.6409534,,,bus_stop,,platform
9814659994,node,Indiranagar Police Station,12.9781925,77.6409527,,,bus_stop,,platform
9820589340,node,Multiplex Marathahalli,12.9512947,77.6995745,,,bus_stop,,platform
9820589356,node,Rainbow Hospital,12.9749842,77.6973784,,,bus_stop,,platform
9820589363,node,EMC2,12.9804675,77.6940181,,,bus_stop,,platform
9820589364,node,Mahadevapura,12.9933963,77.6856611,,,bus_stop,,platform
9820589365,node,B. Narayanapura,12.9962320,77.6836231,,,bus_stop,,platform
9820589373,node,Hennur Cross,13.0299279,77.6309703,,,bus_stop,,platform
9820589377,node,Kempapura,13.0435918,77.6018105,,,bus_stop,,platform
9820589380,node,Channasandra,13.0112663,77.6624857,,,bus_stop,,platform
9820589390,node,Mahadevapura,12.9934589,77.6859402,,,bus_stop,,platform
9820589391,node,EMC2,12.9806913,77.6941743,,,bus_stop,,platform
9820589392,node,Rainbow Hospital,12.9746364,77.6978692,,,bus_stop,,platform
9820589393,node,Multiplex Marathahalli,12.9516284,77.6999162,,,bus_stop,,platform
9820589395,node,Sarjapura Road Junction,12.9219291,77.6681618,,,bus_stop,,platform
9820589396,node,Ibbaluru,12.9212787,77.6622100,,,bus_stop,,platform
9822939241,node,,12.9043359,77.7026470,,,bus_stop,,platform
9836300191,node,,12.9628924,77.7016486,,,bus_stop,,platform
9857268053,node,Canara Bank Koramangala,12.9345998,77.6239316,,,,,stop_position
9858668202,node,HSR Layout BDA Complex,12.9163977,77.6342411,,,,,stop_position
9862573389,node,Ramagondanahalli,12.9569171,77.7399868,,,bus_stop,,platform
9862573405,node,Marathahalli Bridge,12.9566967,77.7028789,,,bus_stop,,platform
9870882719,node,Hosmat Hospital,12.9699263,77.6117085,,,bus_stop,,platform
9870882720,node,Hosmat Hospital,12.9699074,77.6117919,,,bus_stop,,platform
9870882721,node,Mayo Hall,12.9733555,77.6097782,,,bus_stop,,platform
9870882722,node,Mayo Hall,12.9734039,77.6098707,,,bus_stop,,platform
9904111098,node,BTM Nagar Layout Water Tank,12.9165373,77.6067587,,,,,stop_position
9904111099,node,BTM Nagar Layout Water Tank,12.9165145,77.6067922,,,bus_stop,,platform
9904111100,node,BTM Water Tank,12.9166825,77.6068604,,,,,stop_position
9904130025,node,Jayanagar 5th Block 40th Cross,12.9199338,77.5805785,,,,,stop_position
9904143773,node,27th Main 13th Cross HSR Layout,12.9159969,77.6517866,,,,,stop_position
9904143774,node,27th Main 13th Cross HSR Layout,12.9159916,77.6518272,,,bus_stop,,platform
9904143775,node,NIFT College,12.9123432,77.6518901,,,,,stop_position
9906259153,node,Lakkasandra,12.9430233,77.5973398,,,,,stop_position
9906259160,node,Lakkasandra,12.9438437,77.5971176,,,,,stop_position
9906332345,node,Jayadeva Interchange (u/c),12.9167328,77.5999289,stop,subway,,,stop_position
9909999103,node,Mariyappanapalya,12.9984573,77.5565015,,,bus_stop,,platform
9909999110,node,Sujatha Talkies,12.9827537,77.5623339,,,bus_stop,,platform
9910012978,node,MD Block,12.9933017,77.5701070,,,,,stop_position
9910012979,node,MD Block,12.9934100,77.5700963,,,bus_stop,,platform
9910012985,node,Central,12.9899872,77.5720957,,,bus_stop,,platform
9910013003,node,RC College,12.9842458,77.5868943,,,bus_stop,,platform
9910013004,node,RC College,12.9842830,77.5870321,,,bus_stop,,platform
9910066819,node,Chinnaswamy Stadium,12.9788437,77.5981481,,,bus_stop,,platform
9910066820,node,Chinnaswamy Stadium,12.9787907,77.5981783,,,bus_stop,,platform
9910066832,node,Corporation Circle (Cubbon Park),12.9684037,77.5894846,,,bus_stop,,platform
9910066833,node,Corporation Circle (Cubbon Park),12.9684730,77.5895771,,,bus_stop,,platform
9912087549,node,MEI Factory,13.0267773,77.5433983,,,,,stop_position
9912087568,node,Govardhan Talkies,13.0184869,77.5535604,,,,,stop_position
9912087569,node,Govardhan Talkies,13.0185208,77.5536409,,,bus_stop,,platform
9912087570,node,Government Soap Factory,13.0133439,77.5537127,,,bus_stop,,platform
9912087576,node,Mahalakshmi Layout Entrance,13.0091625,77.5488572,,,bus_stop,,platform
9912087577,node,Mahalakshmi Layout Entrance,13.0092409,77.5488760,,,bus_stop,,platform
9912846618,node,Hebbala Bridge,13.0433459,77.5848991,,,,,stop_position
9912846619,node,Hebbala Bridge,13.0433016,77.5848746,,,bus_stop,,platform
9912846620,node,Hebbala Bridge,13.0436562,77.5845908,,,,,stop_position
9912846621,node,Hebbala Bridge,13.0437052,77.5846217,,,bus_stop,,platform
9912846633,node,Bhadrappa Layout,13.0471473,77.5736292,,,,,stop_position
9912846634,node,Bhadrappa Layout,13.0470966,77.5734584,,,bus_stop,,platform
9912846640,node,Devi Nagara,13.0469764,77.5687776,,,,,stop_position
9912846652,node,Kuvempu Circle,13.0444761,77.5622690,,,,,stop_position
9912846654,node,Muthyala Nagara,13.0436902,77.5531934,,,,,stop_position
9912846669,node,Goraguntepalya,13.0295068,77.5401118,,,bus_stop,,platform
9912846670,node,Goraguntepalya,13.0296126,77.5401252,,,bus_stop,,platform
9912846671,node,Goraguntepalya,13.0297080,77.5401440,,,bus_stop,,platform
9919651773,node,Silk Institute,12.8617298,77.5299545,station,subway,,,station
9919651774,node,Thalaghattapura,12.8714097,77.5383958,station,subway,,,station
9919651775,node,Vajarahalli,12.8774369,77.5447414,station,subway,,,station
9919651776,node,Doddakallasandra,12.8846435,77.5527546,station,subway,,,station
9919651777,node,Konanakunte Cross,12.8889671,77.5626665,station,subway,,,station
9922831544,node,"Lalbagh West Gate, V V Puram",12.9474363,77.5801089,,,bus_stop,,platform
9922831545,node,"Lalbagh West Gate, V V Puram",12.9475069,77.5801089,,,bus_stop,,platform
9927786375,node,Command Hospital,12.9645072,77.6258000,,,,,stop_position
9930197117,node,Koramangala BDA Complex,12.9312249,77.6225603,,,bus_stop,,platform
9930197118,node,Koramangala BDA Complex,12.9312742,77.6225375,,,,,stop_position
9930197119,node,Koramangala BDA Complex,12.9319288,77.6226551,,,,,stop_position
9930197122,node,Ejipura Junction,12.9384714,77.6317931,,,,,stop_position
9930197123,node,Ejipura Junction,12.9384282,77.6317924,,,bus_stop,,platform
9930197124,node,HAL 2nd Stage,12.9634978,77.6416701,,,,,stop_position
9930197127,node,Embassy Golf Links,12.9509894,77.6395350,,,,,stop_position
9930197128,node,Embassy Golf Links,12.9508858,77.6395482,,,bus_stop,,platform
9930197129,node,Embassy Golf Links,12.9509460,77.6395817,,,bus_stop,,platform
9930197130,node,Embassy Golf Links,12.9510113,77.6396032,,,bus_stop,,platform
9930197146,node,Ejipura Junction,12.9386295,77.6334634,,,bus_stop,,platform
9930197147,node,Ejipura Junction,12.9385691,77.6331222,,,,,stop_position
9935476925,node,13th Cross,13.0039940,77.5692744,,,,,stop_position
9936867836,node,Adugodi Police Station,12.9399274,77.6094872,,,bus_stop,,platform
9937521029,node,Big Bazaar,12.9883342,77.7314640,,,bus_stop,,platform
9937521030,node,Big Bazar,12.9882001,77.7311874,,,bus_stop,,platform
9939828390,node,Vydehi Hospital,12.9768589,77.7273265,,,bus_stop,,platform
9942510003,node,KSRTC Pickup Point,13.0220475,77.5514003,,,,bus_station,
9951257713,node,Passport Office,12.9455201,77.6192189,,,bus_stop,,platform
9951257714,node,Passport Office,12.9454855,77.6191623,,,,,stop_position
9951289030,node,National Games,12.9487956,77.6201164,,,,,stop_position
9953019385,node,Marathahalli Bridge,12.9566237,77.7013376,,,bus_stop,,platform
9953019386,node,Marathahalli Bridge,12.9540080,77.7002440,,,bus_stop,,platform
9953066704,node,Brookfields,12.9673643,77.7169748,,,bus_stop,,platform
9967946691,node,Bagmane Rio,12.9827240,77.6926260,,,bus_stop,,platform
9967971495,node,Byappanahalli,12.9896869,77.6541742,,,bus_stop,,platform
9970369575,node,Ambedkar Nagar,12.9770485,77.7510368,,,,,stop_position
9970369576,node,Saibaba General Hospital,12.9740054,77.7504370,,,,,stop_position
9981143436,node,Vydehi Hospital,12.9763808,77.7267350,,,bus_stop,,platform
9982048417,node,Channasandra,12.9834116,77.7681862,,,,,stop_position
9982048436,node,Channasandra,12.9832987,77.7680183,,,bus_stop,,platform
9982048446,node,Hoodi Circle,12.9922260,77.7164207,,,bus_stop,,platform
9986631368,node,KR Puram Railway Station KIAS stop,13.0003547,77.6760403,,,bus_stop,,platform
9987347294,node,Silk Board TTMC,12.9182691,77.6231178,,,bus_stop,,platform
9988971288,node,GR Tech Park,12.9865383,77.7440036,,,bus_stop,,platform
9997942626,node,Tin Factory,12.9971131,77.6688503,,,bus_stop,,platform
10005771093,node,,12.9495193,77.6995441,,,bus_stop,,platform
10006930128,node,"Railway Station, Majestic",12.9775068,77.5707681,,,bus_stop,,platform
10006930129,node,"Railway Station, Majestic",12.9775260,77.5708147,,,,,stop_position
10006930158,node,Richmond Circle,12.9657401,77.6042277,,,bus_stop,,platform
10007048383,node,TB Kalyana Mandapa,12.9884767,77.6894136,,,bus_stop,,platform
10009663794,node,Kempapura Bus Stop,13.0514088,77.6040949,,,bus_stop,,platform
10032974829,node,18th Cross Malleshwaram,13.0094449,77.5628960,,,,,stop_position
10032974848,node,Yeshwanthpura Circle,13.0170646,77.5586238,,,bus_stop,,platform
10032974878,node,Mysore Lamps,13.0130932,77.5608320,,,,,stop_position
10032974879,node,Mysore Lamps,13.0131142,77.5608712,,,bus_stop,,platform
10032974888,node,Yeshwanthpura Circle,13.0182179,77.5578545,,,,,stop_position
10034231483,node,Ambedkar Nagara,12.9777529,77.7513099,,,bus_stop,,platform
10036152486,node,Cauvery Bhavana,12.9743529,77.5818701,,,,,stop_position
10037544586,node,Kundalahalli Gate,12.9558725,77.7165455,,,bus_stop,,platform
10037670739,node,Forum Mall,12.9599565,77.7468792,,,bus_stop,,platform
10038561237,node,Kasturba Road,12.9741523,77.5960041,,,,,stop_position
10041006056,node,Thigalara Palya,13.0169945,77.4829948,,,,,stop_position
10041753219,node,Nagarabhavi Circle,12.9580158,77.5186278,,,,,stop_position
10043347906,node,Hosur Junction,12.9323224,77.6133272,,,bus_stop,,platform
10043935987,node,Adugodi,12.9447421,77.6075165,,,bus_stop,,platform
10043935990,node,Ayappa Temple,12.9260627,77.6173123,,,bus_stop,,platform
10043935991,node,St. John's Hospital,12.9289585,77.6156476,,,bus_stop,,platform
10043935992,node,Madiwala,12.9205403,77.6207639,,,bus_stop,,platform
10051087468,node,,12.9855003,77.7079526,,,bus_stop,,platform
10051100474,node,Shantinikethan,12.9886717,77.7283930,,,bus_stop,,platform
10054362307,node,Industrial Area Rajajiangara,12.9814851,77.5491191,,,bus_stop,,platform
10054362308,node,Aralimara Industrial Area Rajajinagara,12.9785414,77.5490929,,,,,stop_position
10059214637,node,Prestige Technostar,12.9733224,77.7112291,,,bus_stop,,platform
10063886288,node,Depot 31 Gate,12.9931426,77.5215787,,,,,stop_position
10066958371,node,Koramanagala BDA Complex,12.9310071,77.6222207,,,bus_stop,,platform
10066958372,node,Koramanagala BDA Complex,12.9309406,77.6221866,,,bus_stop,,platform
10068658468,node,,12.9600779,77.7012871,,,,,stop_position
10068685437,node,Domlur Bridge,12.9579831,77.6414602,,,bus_stop,,platform
10068956812,node,Jyoti Nivas College,12.9352234,77.6142374,,,bus_stop,,platform
10068956815,node,Koramangala Kalyana Mantapa,12.9375522,77.6186183,,,bus_stop,,platform
10068956879,node,,12.9421933,77.6231945,,,bus_stop,,platform
10076140414,node,Electric B Station,12.9739504,77.6140566,,,bus_stop,,platform
10076263541,node,Agara,12.9241053,77.6472169,,,bus_stop,,platform
10091709803,node,3rd Block Jayanagara,12.9337935,77.5839258,,,,,stop_position
10110876730,node,Nagaravale,12.9991701,77.4964908,,,bus_stop,,platform
10124399192,node,Malleswaram 18th Cross,13.0099026,77.5691317,,,,,stop_position
10129524878,node,ESI Hospital (towards Vijayanagara),12.9896917,77.5506448,,,bus_stop,,platform
10129602753,node,Fun World Munireddypalya,13.0109996,77.5899218,,,,,stop_position
10129602754,node,Fun World Munireddypalya,13.0109351,77.5899050,,,bus_stop,,platform
10129602755,node,Fun World Munireddypalya,13.0109716,77.5898822,,,bus_stop,,platform
10129602756,node,Fun World Munireddypalya,13.0110069,77.5898615,,,bus_stop,,platform
10174066574,node,Sarjapura Road Junction,12.9204518,77.6657012,,,bus_stop,,platform
10181978911,node,Bagmane Tech Park,12.9807765,77.6567441,,,,,stop_position
10183737549,node,Halasuru,12.9776810,77.6279305,,,bus_stop,,platform
10183737553,node,Command Hospital,12.9640877,77.6262034,,,bus_stop,,platform
10183737558,node,Command Hospital,12.9644573,77.6257739,,,bus_stop,,platform
10183737560,node,Lido Talkies,12.9728157,77.6215247,,,bus_stop,,platform
10183737561,node,Lido Talkies,12.9728007,77.6214901,,,bus_stop,,platform
10183737562,node,Lido Talkies,12.9727903,77.6214150,,,bus_stop,,platform
10183737564,node,Trinity Circle,12.9707267,77.6197325,,,bus_stop,,platform
10183737565,node,Trinity Circle,12.9708156,77.6197178,,,bus_stop,,platform
10183737566,node,Trinity Circle,12.9707551,77.6196818,,,,,stop_position
10282136621,node,Nanda Talkies,12.9325103,77.5802162,,,bus_stop,,platform
10284348027,node,Koramangala Police Station,12.9410235,77.6209247,,,bus_stop,,platform
10284348035,node,Koramangala Forum Mall,12.9352222,77.6117987,,,bus_stop,,platform
10284348041,node,MICO Gate,12.9444688,77.6029896,,,bus_stop,,platform
10284858596,node,,12.9588934,77.7462602,,,bus_stop,,platform
10285926889,node,ESI Hospital Rajajinagara (Towards Navarang),12.9912355,77.5524849,,,bus_stop,,platform
10285926891,node,ESI Hospital Rajajinagara (Towards Old Police Station),12.9913688,77.5525774,,,bus_stop,,platform
10285926892,node,ESI Hospital Rajajinagara (Towards Old Police Station),12.9914884,77.5525834,,,bus_stop,,platform
10285926893,node,ESI Hospital Rajajinagara (Towards Old Police Station),12.9916158,77.5525848,,,bus_stop,,platform
10295411731,node,MG Statue,12.9767481,77.6000646,,,bus_stop,,platform
10295411732,node,MG Statue,12.9766871,77.6000287,,,,,stop_position
10295524763,node,Wipro Park,12.9287689,77.6332998,,,bus_stop,,platform
10295532243,node,Koramangala CPWD Quarters,12.9261318,77.6247141,,,bus_stop,,platform
10295532244,node,Koramangala CPWD Quarters,12.9261211,77.6246591,,,,,stop_position
10296978073,node,New Horizon School,12.9664765,77.6414332,,,,,stop_position
10301698758,node,Depot 6 Gate,12.9824401,77.6348111,,,bus_stop,,platform
10312575612,node,Johnson Market,12.9632852,77.6066702,,,bus_stop,,platform
10569443993,node,Forum Mall,12.9601225,77.7472087,,,bus_stop,,platform
10607507408,node,Jaraganahalli,12.9001606,77.5728931,,,bus_stop,,platform
10607507409,node,Jaraganahalli,12.9001490,77.5729534,,,,,stop_position
10607507410,node,Jaraganahalli,12.9001207,77.5728831,,,bus_stop,,platform
10676078882,node,Kamalanagar Water Tank,12.9953016,77.5380483,,,,,stop_position
10678902381,node,Vydehi TTMC KIA Bus Stop,12.9769416,77.7268482,,,bus_stop,,platform
10680109579,node,Malleshwaram 15th Cross,13.0050199,77.5711666,,,bus_stop,,platform
10731130863,node,K Narayanapura,13.0624591,77.6421940,,,bus_stop,,platform
10731191019,node,Kalyan Nagar Junction,13.0265031,77.6372019,,,bus_stop,,platform
10741949231,node,Adugodi (Towards St. Johns),12.9440865,77.6074256,,,bus_stop,,platform
10743419587,node,Koli Farm Gate,12.8413190,77.5884758,,,bus_stop,,platform
10743419588,node,Basavanapura Gate,12.8461791,77.5880729,,,bus_stop,,platform
10743419589,node,Gottigere,12.8568559,77.5888492,,,bus_stop,,platform
10743419590,node,Himagiri,12.8625695,77.5905278,,,bus_stop,,platform
10743419591,node,Kalena Agrahara,12.8661194,77.5917508,,,bus_stop,,platform
10743419592,node,Meenakshi Temple,12.8740279,77.5943862,,,bus_stop,,platform
10743419593,node,Loyola School,12.8703356,77.5931530,,,bus_stop,,platform
10743419597,node,IIM Apollo,12.8959986,77.5995958,,,bus_stop,,platform
10743423208,node,MICO Layout Checkpost,12.9134835,77.5997922,,,bus_stop,,platform
10743423209,node,Gurappanapalya,12.9195490,77.5999265,,,bus_stop,,platform
10753151427,node,Sanjay Nagara,13.0337367,77.5759118,,,,,stop_position
10753151450,node,Nagashettyhalli,13.0426300,77.5730623,,,,,stop_position
10753151471,node,Ashwath Nagar,13.0269319,77.5794580,,,,,stop_position
10753151472,node,Nagashettyhalli,13.0425451,77.5731447,,,,,stop_position
10753151474,node,Sanjay Nagara,13.0337293,77.5758966,,,bus_stop,,platform
10753151514,node,Ashwath Nagar,13.0264946,77.5801605,,,,,stop_position
10753151515,node,Ashwath Nagar,13.0265095,77.5802122,,,bus_stop,,platform
10753151516,node,,13.0248358,77.5823301,,,,,stop_position
10753151517,node,,13.0247959,77.5823130,,,bus_stop,,platform
10761493346,node,,12.9841726,77.5988975,,,,,stop_position
10761493347,node,,12.9842075,77.5988965,,,bus_stop,,platform
10761647016,node,Krishnarajapura,12.9999402,77.6779104,stop,,,,stop_position
10761647017,node,Whitefield (Kadugodi),12.9951900,77.7578215,stop,,,,stop_position
10761647018,node,Whitefield (Kadugodi),12.9959639,77.7579756,stop,,,,stop_position
10761647019,node,Hopefarm Channasandra,12.9872074,77.7538642,stop,,,,stop_position
10761647020,node,Hopefarm Channasandra,12.9875337,77.7539652,stop,,,,stop_position
10761647021,node,Kadugodi Tree Park,12.9857936,77.7465715,stop,,,,stop_position
10761647022,node,Kadugodi Tree Park,12.9854806,77.7475370,stop,,,,stop_position
10761647023,node,Pattandur Agrahara,12.9875935,77.7372451,stop,,,,stop_position
10761647024,node,Pattandur Agrahara,12.9876370,77.7383542,stop,,,,stop_position
10761647025,node,Sri Sathya Sai Hospital,12.9807354,77.7274963,stop,,,,stop_position
10761647026,node,Sri Sathya Sai Hospital,12.9817149,77.7276627,stop,,,,stop_position
10761647027,node,Nallurahalli,12.9766126,77.7243495,stop,,,,stop_position
10761647028,node,Nallurahalli,12.9765754,77.7253457,stop,,,,stop_position
10761647029,node,Kundalahalli,12.9776292,77.7150610,stop,,,,stop_position
10761647030,node,Kundalahalli,12.9775256,77.7160828,stop,,,,stop_position
10761647032,node,Hoodi,12.9885448,77.7109265,stop,,,,stop_position
10761647033,node,Garudacharpalya,12.9935165,77.7032966,stop,,,,stop_position
10761647034,node,Garudacharpalya,12.9933397,77.7041125,stop,,,,stop_position
10761647035,node,Singayyanapalya,12.9966967,77.6921457,stop,,,,stop_position
10761647036,node,Singayyanapalya,12.9964536,77.6930464,stop,,,,stop_position
10763340457,node,Seetharampalya,12.9805310,77.7088952,stop,,,,stop_position
10763445386,node,Veerabhadra Nagara,12.9380763,77.5338279,,,bus_stop,,platform
10775678439,node,Ravi Tent,12.9515529,77.6213969,,,,,stop_position
10775678440,node,Ravi Tent,12.9514951,77.6214564,,,,,stop_position
10792812734,node,Jayanagara 5th Block,12.9169985,77.5847149,,,,,stop_position
10792812744,node,Sangam Circle,12.9170622,77.5786109,,,bus_stop,,platform
10792812745,node,Sangam Circle,12.9171168,77.5785783,,,,,stop_position
10795162738,node,Srinivasa Temple,13.0085147,77.5439288,,,,,stop_position
10797325020,node,Agara,12.9241914,77.6505625,,,bus_stop,,platform
10815073914,node,Jalahalli KSRTC Stop,13.0400319,77.5185890,,,,,stop_position
10815073915,node,Jalahalli KSRTC Stop,13.0400545,77.5186045,,,bus_stop,,platform
10815073916,node,Kempegowda KSRTC Bus Station,12.9771093,77.5733186,,,,,platform
10823514238,node,NR Colony,12.9379212,77.5696235,,,,,stop_position
10823514239,node,NR Colony,12.9378701,77.5696510,,,bus_stop,,platform
10833870872,node,Corporation,12.9685514,77.5864530,,,bus_stop,,platform
10833947202,node,Central,12.9896127,77.5718886,,,,,stop_position
10833947203,node,Central,12.9899192,77.5718369,,,,,stop_position
10833947204,node,Central,12.9898987,77.5717351,,,bus_stop,,platform
10834070263,node,Manjunatha Nagara,12.9957981,77.5507884,,,bus_stop,,platform
10834070264,node,Manjunatha Nagara,12.9958909,77.5507636,,,bus_stop,,platform
10839399453,node,Basavanagudi Police Station,12.9411184,77.5737183,,,,,stop_position
10841279515,node,Hegganahalli,13.0039541,77.5047509,,,,,stop_position
10853180817,node,East end Jayanagara,12.9166884,77.5990050,,,,,stop_position
10853180818,node,MICO Layout,12.9165987,77.6041289,,,,,stop_position
10854298564,node,Ragigudda,12.9167837,77.5938050,,,bus_stop,,platform
10854298567,node,Ragigudda,12.9168326,77.5935009,,,,,stop_position
10854298568,node,Ragigudda,12.9169357,77.5933794,,,,,stop_position
10854298572,node,Jayanagar 5th Block,12.9172020,77.5850797,,,bus_stop,,platform
10854298573,node,Jayanagar 5th Block,12.9171119,77.5850831,,,,,stop_position
10854298578,node,Jayanagara 5th Block,12.9171380,77.5834066,,,,,stop_position
10855128073,node,Lalbagh Main Gate,12.9542179,77.5847004,,,,,stop_position
10855128074,node,Lalbagh HOPCOMS,12.9509145,77.5918962,,,,,stop_position
10855128075,node,7th Cross Wilson Garden,12.9470205,77.5943949,,,,,stop_position
10855128076,node,7th Cross Wilson Garden,12.9470023,77.5943810,,,bus_stop,,platform
10855128077,node,NIMHANS Hospital,12.9387406,77.5982333,,,bus_stop,,platform
10855128078,node,NIMHANS Hospital,12.9388025,77.5982554,,,,,stop_position
10855128079,node,Muneshwara Temple,12.9363638,77.6066630,,,,,stop_position
10855128080,node,Hosur Junction,12.9320874,77.6131149,,,,,stop_position
10855128081,node,St. John's Hospital,12.9294046,77.6159128,,,,,stop_position
10855128082,node,Koramangala Water Tank,12.9276081,77.6206160,,,,,stop_position
10855128083,node,Kudremukha Colony,12.9256193,77.6253416,,,,,stop_position
10855128084,node,Kudremukha Colony,12.9256044,77.6253350,,,bus_stop,,platform
10855128085,node,1st Block Koramangala,12.9248491,77.6342440,,,,,stop_position
10855128086,node,Jakkasandra,12.9247783,77.6379409,,,,,stop_position
10855128088,node,HSR Police Station,12.9199817,77.6516252,,,,,stop_position
10855128089,node,HSR Police Station,12.9199970,77.6515015,,,bus_stop,,platform
10855128090,node,CPWD Quarters HSR Layout,12.9153187,77.6517702,,,,,stop_position
10855128091,node,CPWD Quarters HSR Layout,12.9153354,77.6517132,,,bus_stop,,platform
10855128092,node,NIFT College,12.9117477,77.6518333,,,,,stop_position
10855128093,node,NIFT College,12.9117472,77.6518212,,,bus_stop,,platform
10855128094,node,Parangipalya Cross,12.9082254,77.6518010,,,,,stop_position
10855128095,node,Parangipalya Cross,12.9082426,77.6517481,,,bus_stop,,platform
10855128096,node,SVR College,12.9023252,77.6505777,,,,,stop_position
10855128097,node,SVR College,12.9023182,77.6505236,,,bus_stop,,platform
10855128098,node,Somasundarapalya,12.8988124,77.6512558,,,,,stop_position
10855128099,node,Somasundarapalya,12.8987938,77.6512063,,,bus_stop,,platform
10855370148,node,Kudremukha Colony,12.9258857,77.6252751,,,bus_stop,,platform
10855370149,node,Sony World Signal,12.9369597,77.6266777,,,bus_stop,,platform
10855370150,node,Ejipura Junction,12.9383886,77.6331300,,,bus_stop,,platform
10855370151,node,Military Bridge,12.9459132,77.6401558,,,bus_stop,,platform
10855399616,node,Kodihalli,12.9686413,77.6495960,,,bus_stop,,platform
10855399617,node,Canara Bank,12.9347192,77.6238229,,,bus_stop,,platform
10855399618,node,Sangam Circle,12.9172836,77.5789780,,,bus_stop,,platform
10872824023,node,Silk Board,12.9170799,77.6223011,,,,,stop_position
10872824024,node,Silk Board,12.9170295,77.6223209,,,bus_stop,,platform
10872824025,node,Silk Board,12.9168164,77.6223685,,,bus_stop,,platform
10872824026,node,Silk Board,12.9167774,77.6223288,,,,,stop_position
10872824027,node,Silk Board,12.9168583,77.6222833,,,bus_stop,,platform
10873245759,node,Passport Office,12.9448354,77.6199339,,,,,stop_position
10873245760,node,Passport Office,12.9447935,77.6199116,,,bus_stop,,platform
10873245761,node,Koramangala Depot,12.9410649,77.6242298,,,,,stop_position
10931530050,node,Sowdamini Kalyana Mantapa,12.8838369,77.5666340,,,,,stop_position
10931530051,node,Sowdamini Kalyana Mantapa,12.8838461,77.5666087,,,bus_stop,,platform
10931530102,node,Konanakunte,12.8854203,77.5668654,,,,,stop_position
10931530103,node,Konanakunte,12.8854513,77.5668613,,,,,stop_position
10934276527,node,Vyalikaval Police Station,13.0004968,77.5782583,,,,,stop_position
10934276535,node,Dattatreya Temple,12.9989278,77.5743023,,,,,stop_position
10971543172,node,Dairy Circle,13.0993055,77.5769852,,,,,stop_position
10971543173,node,Dairy Circle,13.0994742,77.5768824,,,,,stop_position
10971543232,node,Chamundeshwari Layout,13.0648476,77.5596219,,,,,stop_position
10979409717,node,Ulsoor,12.9875977,77.6222821,,,,,stop_position
10979409718,node,Ulsoor,12.9872591,77.6225170,,,,,stop_position
10983994565,node,Kenchenahalli Gate,13.1180409,77.5776760,,,,,stop_position
10983994566,node,Kenchenahalli Gate,13.1180494,77.5777231,,,bus_stop,,platform
11007032699,node,Aerodrome,13.0771077,77.5926168,,,,,stop_position
11010114583,node,Srirampura Cross,13.0667102,77.6094998,,,,,stop_position
11013414433,node,Gurappanapalya,12.9238132,77.6004538,,,bus_stop,,platform
11019492827,node,Poornima Talkies,12.9609431,77.5882070,,,,,stop_position
11029039300,node,Vajragiri Estate,12.8577800,77.5566960,,,,,stop_position
11073379598,node,Marenahalli,12.9147486,77.5858783,,,bus_stop,,platform
11096782369,node,Dattatreya Temple,12.9989482,77.5749528,,,,,stop_position
11096782370,node,Dattatreya Temple,12.9989120,77.5749544,,,bus_stop,,platform
11096802260,node,15th Cross Malleshwaram,13.0070172,77.5643451,,,,,stop_position
11096802261,node,15th Cross Malleshwaram,13.0070274,77.5643751,,,bus_stop,,platform
11096864975,node,Bamboo Bazar,12.9918628,77.6020497,,,bus_stop,,platform
11096914864,node,Coles Park,12.9951999,77.6082784,,,bus_stop,,platform
11097276362,node,Ali Asker Road,12.9844355,77.5927789,,,,,stop_position
11097276363,node,Ali Asker Road,12.9844166,77.5928213,,,bus_stop,,platform
11097276364,node,St. Anne's College,12.9868849,77.5906987,,,,,stop_position
11097276365,node,St. Anne's College,12.9869146,77.5907137,,,bus_stop,,platform
11097276366,node,Kalpana Circle,12.9894313,77.5926836,,,,,stop_position
11097276367,node,Kalpana Circle,12.9894093,77.5926945,,,bus_stop,,platform
11097276368,node,Mount Carmel College,12.9928206,77.5887587,,,,,stop_position
11097276369,node,Mount Carmel College,12.9927997,77.5888342,,,bus_stop,,platform
11097276370,node,Chandrika Hotel,12.9895425,77.5929386,,,,,stop_position
11097276371,node,Chandrika Hotel,12.9894774,77.5928821,,,bus_stop,,platform
11097276372,node,Cubbon Park Metro Station,12.9807351,77.5984340,,,,,stop_position
11097276373,node,Cubbon Park Metro Station,12.9807412,77.5984117,,,bus_stop,,platform
11099858521,node,27th Main Road,12.9230786,77.6515750,,,,,stop_position
11099858522,node,27th Main,12.9230934,77.6515362,,,bus_stop,,platform
11099858523,node,NIFT,12.9122121,77.6518244,,,,,stop_position
11099858524,node,NIFT,12.9122064,77.6517813,,,bus_stop,,platform
11099858525,node,KEB,12.9119143,77.6491823,,,,,stop_position
11099858526,node,KEB,12.9119668,77.6491812,,,bus_stop,,platform
11099858527,node,Parangipalya,12.9089654,77.6493264,,,,,stop_position
11099858528,node,,12.9090104,77.6458737,,,,,stop_position
11099858529,node,,12.9090465,77.6458767,,,bus_stop,,platform
11099858530,node,HSR Club,12.9092252,77.6423794,,,,,stop_position
11099858531,node,HSR Club,12.9092648,77.6423818,,,bus_stop,,platform
11099858532,node,,12.9089865,77.6380365,,,,,stop_position
11099858533,node,,12.9089870,77.6379937,,,bus_stop,,platform
11099858534,node,Mangammanapalya,12.9075273,77.6350747,,,,,stop_position
11099858535,node,Mangammanapalya,12.9075288,77.6350312,,,bus_stop,,platform
11099858536,node,Salarpuria Serenity,12.9069170,77.6326279,,,bus_stop,,platform
11099858537,node,5th Main Road,12.9105706,77.6324633,,,,,stop_position
11099858538,node,5th Main,12.9105720,77.6325233,,,bus_stop,,platform
11099858539,node,9th Main,12.9123981,77.6351305,,,,,stop_position
11099858540,node,9th Main,12.9123524,77.6351291,,,bus_stop,,platform
11099858541,node,14th Main Road,12.9122792,77.6378539,,,,,stop_position
11099858542,node,14th Main Road,12.9122452,77.6378529,,,bus_stop,,platform
11099858543,node,,12.9119740,77.6417856,,,,,stop_position
11099858544,node,,12.9119380,77.6417902,,,bus_stop,,platform
11099858545,node,19th Main,12.9123675,77.6446596,,,,,stop_position
11099858546,node,19th Main,12.9123687,77.6446939,,,bus_stop,,platform
11099858547,node,,12.9162628,77.6448192,,,,,stop_position
11099858548,node,,12.9162609,77.6448655,,,bus_stop,,platform
11099858549,node,Indian Oil,12.9217025,77.6450459,,,,,stop_position
11099858550,node,Indian Oil,12.9217039,77.6451109,,,bus_stop,,platform
11100902652,node,ITPL,12.9875406,77.7360756,,,,,stop_position
11100902653,node,ITPL,12.9876620,77.7369161,,,,,stop_position
11100902654,node,Immadihalli,12.9667200,77.7629751,,,,,stop_position
11100902655,node,Immadihalli,12.9667028,77.7629746,,,bus_stop,,platform
11100902656,node,Nagagondanahalli,12.9752133,77.7713109,,,,,stop_position
11100902657,node,Hope Farm,12.9837551,77.7531615,,,,,stop_position
11124781044,node,Gottigere,12.8568373,77.5888763,,,,,stop_position
11124781069,node,Basavanapura Gate,12.8461650,77.5881581,,,,,stop_position
11125567288,node,New Tippasandra Main Road,12.9743818,77.6469076,,,,,stop_position
11178164277,node,Bangalore High School,12.9533135,77.5676688,,,bus_stop,,platform
11182467847,node,KHB Colony,12.9812319,77.5359920,,,bus_stop,,platform
11182467848,node,KHB Colony,12.9812933,77.5358176,,,bus_stop,,platform
11182467849,node,KHB Colony,12.9811972,77.5357921,,,,,stop_position
11195721102,node,National College,12.9491223,77.5736234,,,bus_stop,,platform
11195721103,node,National College,12.9491497,77.5736717,,,,,stop_position
11229706417,node,Bhadrappa Layout,13.0470848,77.5735469,,,bus_stop,,platform
11229733126,node,Hebbala Bridge,13.0425709,77.5898078,,,bus_stop,,platform
11229763336,node,Tin Factory,12.9962130,77.6684421,,,bus_stop,,platform
11229780737,node,Tin Factory,12.9966065,77.6697525,,,bus_stop,,platform
11231119948,node,Reliance Petrol Bunk Goraguntepalya,13.0292498,77.5366203,,,,,stop_position
11248381603,node,Benniganahalli,12.9965359,77.6684581,stop,subway,,,stop_position
11259899017,node,9th Main,12.9124648,77.6349306,,,bus_stop,,platform
11278749469,node,Malagala,12.9780865,77.5149228,,,,,stop_position
11278749470,node,Malagala,12.9780471,77.5149608,,,bus_stop,,platform
11278749494,node,Summanahalli,12.9867726,77.5194822,,,,,stop_position
11278765792,node,Nagarabhavi Village,12.9592203,77.5167784,,,,,stop_position
11278765793,node,Nagarabhavi Village,12.9592625,77.5168068,,,bus_stop,,platform
11278765794,node,Nagarabhavi Village,12.9593902,77.5166852,,,,,stop_position
11278765868,node,BDA Complex Nagarbhavi,12.9682352,77.5126335,,,,,stop_position
11278785669,node,BDA Complex Nagarbhavi,12.9682351,77.5126621,,,bus_stop,,platform
11278822041,node,Nayandahalli,12.9457677,77.5281417,,,,,stop_position
11278822042,node,Nayandahalli,12.9458300,77.5281680,,,bus_stop,,platform
11278822059,node,Nagarabhavi 1st Stage 3rd Block,12.9516284,77.5211658,,,,,stop_position
11279447620,node,Kathriguppe,12.9249466,77.5508423,,,,,stop_position
11279791940,node,Yarab Nagara,12.9157723,77.5694475,,,,,stop_position
11279791941,node,Yarab Nagara,12.9157857,77.5694773,,,bus_stop,,platform
11279791942,node,Yarab Nagara,12.9158657,77.5694031,,,,,stop_position
11279815775,node,Devegowda Petrol Bunk,12.9220873,77.5594794,,,,,stop_position
11279815776,node,Devegowda Petrol Bunk,12.9221339,77.5594868,,,bus_stop,,platform
11279857653,node,JC Nagara,13.0068223,77.5925933,,,bus_stop,,platform
11279857654,node,JC Nagara,13.0068508,77.5925937,,,,,stop_position
11279857655,node,JC Nagara,13.0068602,77.5925691,,,bus_stop,,platform
11280734302,node,Byatarayanapura,13.0670707,77.5932348,,,,,stop_position
11280734330,node,Jn of Dasarahalli Road,13.0558123,77.5939613,,,,,stop_position
11281292785,node,Subramanya Nagar,13.0047583,77.5599301,,,,,stop_position
11291326987,node,Mallasandra Purvankara Bus Stop,12.8551373,77.5419708,,,bus_stop,,
11295814062,node,Jyothi Nivas,12.9348660,77.6135893,,,,,platform
11295921627,node,,12.9513843,77.5952448,,,bus_stop,,
11301855958,node,Chikka Begur,12.8790241,77.6372193,,,bus_stop,,
11303735015,node,R V Dental College,12.9104465,77.5851165,,,bus_stop,,platform
11303767733,node,RV Dental College,12.9104748,77.5853472,,,bus_stop,,platform
11313974045,node,,12.9577859,77.5540400,,,bus_stop,,
11323076630,node,,12.9529751,77.5427735,,,bus_stop,,platform
11331558122,node,TB Kalyana Mandapa,12.9885795,77.6889163,,,bus_stop,,
11341218806,node,Angalaparameshwari Temple,12.9745975,77.5660497,,,,,stop_position
11341218849,node,Hunasemara,12.9752846,77.5651817,,,,,stop_position
11342900893,node,Jayanagar 5th Block 40th Cross,12.9199007,77.5805844,,,bus_stop,,platform
11342900894,node,Jayanagar 38th Cross,12.9225341,77.5837833,,,bus_stop,,platform
11342900895,node,Jayanagar TTMC,12.9285179,77.5843951,,,bus_stop,,platform
11342900896,node,Siddapura,12.9461685,77.5881690,,,bus_stop,,platform
11342900897,node,Mallige Hospital,12.9478623,77.5921306,,,bus_stop,,platform
11342975208,node,Kasturba Road,12.9738378,77.5953901,,,bus_stop,,platform
11342975209,node,Kasturba Road,12.9740803,77.5956811,,,bus_stop,,platform
11395852423,node,Sanjeevini Nagara,13.0576608,77.5913522,,,,,stop_position
11397298820,node,A Narayanapura,12.9947771,77.6769290,,,bus_stop,,platform
11404989651,node,Bengaluru Central Jail,12.8736166,77.6660808,,,,,stop_position
11417676425,node,Agara,12.9240963,77.6472229,,,,,stop_position
11417676431,node,1st Main Road,12.9234287,77.6516294,,,,,stop_position
11417676432,node,27th Main,12.9234202,77.6516783,,,bus_stop,,platform
11420703843,node,Mekhri Circle,13.0198088,77.5837552,,,bus_stop,,platform
11434216330,node,Nayara Petrol Pump Lakshmi Layout,12.8913214,77.5878278,,,,,stop_position
11445466243,node,Vidyaranyapura BEL 1st Block,13.0703809,77.5554238,,,bus_stop,,platform
11445466249,node,Vidyaranyapura Post Office,13.0764196,77.5581953,,,bus_stop,,platform
11445466252,node,,13.0795450,77.5590549,,,bus_stop,,platform
11445466253,node,,13.0813770,77.5595634,,,bus_stop,,platform
11445466255,node,,13.0843340,77.5598162,,,bus_stop,,platform
11445757498,node,Sharavathi Hotel,13.0976393,77.5842355,,,bus_stop,,platform
11448931939,node,Sharavathi Hotel,13.0976268,77.5842654,,,,,stop_position
11496080742,node,Chamundeshwari Layout,13.0647859,77.5595210,,,bus_stop,,platform
11496155853,node,BEL Circle,13.0461913,77.5559023,,,bus_stop,,platform
11506269875,node,Kaggadasapura,12.9837935,77.6793877,,,,,stop_position
11506367463,node,Rajendranagar,12.9484917,77.6198632,,,,,stop_position
11506418985,node,Trinity Circle,12.9706249,77.6196167,,,,,stop_position
11513976834,node,Yelahanka Santhe Circle,13.0997554,77.5976114,,,bus_stop,,platform
11513976835,node,Yelahanka Santhe Circle,13.0978934,77.5966268,,,bus_stop,,platform
11533543457,node,,12.9128871,77.6490311,,,bus_stop,,platform
11542817224,node,Muneshwara Devasthana,12.9365433,77.6067081,,,,,stop_position
11584433311,node,B Channasandra Bridge (Towards Banaswadi),13.0131862,77.6619246,,,bus_stop,,platform
11584464945,node,ITC Factory,12.9985542,77.6220700,,,bus_stop,,platform
11590931818,node,Chikkegowdana Palya,12.8786603,77.5151815,,,bus_stop,,
11598060951,node,Vidyamanyanagar,13.0045812,77.4874583,,,,,stop_position
11598060952,node,Vidyamanyanagar,13.0047390,77.4873051,,,,,stop_position
11598060953,node,WIMAC Junction,13.0687543,77.5300060,,,,,stop_position
11598060954,node,WIMAC Junction,13.0687297,77.5299691,,,bus_stop,,platform
11598060955,node,Abbigere Dinne,13.0710699,77.5280265,,,,,stop_position
11598060956,node,Abbigere Gate,13.0724665,77.5235281,,,,,stop_position
11598060957,node,Abbigere,13.0769208,77.5258486,,,,,stop_position
11598159731,node,Escorts Yelahanka Road,13.1023925,77.5861424,,,,,stop_position
11598159732,node,Escorts Yelahanka Road,13.1023503,77.5859937,,,,,stop_position
11598159736,node,Abbaiah Layout,12.9793126,77.6808423,,,,,stop_position
11598159740,node,Andrahalli,13.0080262,77.4848126,,,,,stop_position
11598159741,node,Andrahalli,13.0080767,77.4848449,,,bus_stop,,platform
11598166602,node,Adithi School Yelahanka,13.1025212,77.5829664,,,,,stop_position
11598166603,node,Adithi School Yelahanka,13.1025258,77.5829481,,,bus_stop,,platform
11598213076,node,Adugodi,12.9447201,77.6074518,,,,,stop_position
11598213077,node,Administrative Block,12.9490948,77.5012771,,,,,stop_position
11598296745,node,Gollahalli Road Junction,12.9075919,77.4890488,,,,,stop_position
11598296746,node,Gollahalli Road Junction,12.9075354,77.4890372,,,bus_stop,,platform
11598296747,node,Ashrama Savandarbar,12.9096178,77.4922830,,,,,stop_position
11598296749,node,BGS Health City,12.9070531,77.4992318,,,,,stop_position
11598296750,node,Omkar Hills,12.9047550,77.5046456,,,,,stop_position
11598296751,node,JSS College,12.9039531,77.5094815,,,,,stop_position
11598296752,node,Indo American Hybrid Farm,12.9040515,77.5125969,,,,,stop_position
11598296753,node,Channasandra Colony,12.9033684,77.5161528,,,,,stop_position
11598296754,node,Channasandra,12.9028697,77.5214198,,,,,stop_position
11598296755,node,Mantri Alpyne Apartment,12.9045270,77.5271740,,,,,stop_position
11598296756,node,Mantri Alpyne Apartment,12.9044908,77.5271876,,,bus_stop,,platform
11598296757,node,Patalamma Temple,12.9047874,77.5302345,,,,,stop_position
11598296758,node,Uttarahalli Water Tank,12.9083837,77.5346288,,,,,stop_position
11598296760,node,Poornaprajna Layout,12.9087726,77.5359268,,,,,stop_position
11598296761,node,Arehalli,12.9085782,77.5385142,,,,,stop_position
11598296762,node,Uttarahalli,12.9057896,77.5426217,,,,,stop_position
11598296763,node,Uttarahalli,12.9057490,77.5426096,,,bus_stop,,platform
11598296764,node,Krishnarajendra Hospital,12.9070053,77.5461380,,,,,stop_position
11598296765,node,Chikkallasandra Bank Colony,12.9091924,77.5493380,,,,,stop_position
11598296767,node,Gowdanapalya,12.9115128,77.5556721,,,,,stop_position
11598327069,node,Prarthana School,12.9115989,77.5582189,,,,,stop_position
11598327070,node,Kadirenahalli Circle,12.9155133,77.5618560,,,,,stop_position
11598327071,node,Kadirenahalli Cross,12.9137096,77.5672562,,,,,stop_position
11598367901,node,Kadirenahalli Cross,12.9139544,77.5665227,,,,,stop_position
11598367902,node,Kadirenahalli Circle,12.9157092,77.5613686,,,,,stop_position
11598367903,node,Kadirenahalli Circle,12.9157354,77.5613670,,,bus_stop,,platform
11598367904,node,Prarthana School,12.9115888,77.5583535,,,,,stop_position
11598367905,node,Prarthana School,12.9116576,77.5583589,,,bus_stop,,platform
11598367906,node,Gowdanapalya,12.9115774,77.5556356,,,,,stop_position
11598367907,node,Gowdanapalya,12.9115877,77.5555882,,,bus_stop,,platform
11598367909,node,Chikkallasandra Aralimara,12.9118609,77.5523508,,,bus_stop,,platform
11598367910,node,Chikkallasandra Bank Colony,12.9090165,77.5490973,,,,,stop_position
11598367911,node,Chikkallasandra Bank Colony,12.9090687,77.5490557,,,bus_stop,,platform
11598367912,node,Krishnarajendra Hospital,12.9069913,77.5461012,,,,,stop_position
11598367913,node,Krishnarajendra Hospital,12.9070216,77.5460891,,,bus_stop,,platform
11598367914,node,Uttarahalli,12.9058635,77.5428556,,,,,stop_position
11598367915,node,Uttarahalli,12.9059052,77.5428276,,,bus_stop,,platform
11598367916,node,Arehalli,12.9083359,77.5377696,,,,,stop_position
11598367917,node,Arehalli,12.9084491,77.5377810,,,bus_stop,,platform
11598367918,node,Poornaprajna Layout,12.9087862,77.5358797,,,,,stop_position
11598367919,node,Poornaprajna Layout,12.9087208,77.5358618,,,bus_stop,,platform
11598367920,node,Uttarahalli Water Tank,12.9082863,77.5344682,,,,,stop_position
11598367921,node,Uttarahalli Water Tank,12.9083667,77.5344269,,,bus_stop,,platform
11598367922,node,Patalamma Temple,12.9049353,77.5299919,,,bus_stop,,platform
11598367923,node,Mantri Alpyne Apartment,12.9044586,77.5269830,,,,,stop_position
11598367924,node,Mantri Alpyne Apartment,12.9045170,77.5269610,,,bus_stop,,platform
11598367925,node,Channasandra,12.9028589,77.5213745,,,,,stop_position
11598367926,node,Channasandra,12.9029038,77.5213632,,,bus_stop,,platform
11598367927,node,Channasandra Colony,12.9034398,77.5161114,,,bus_stop,,platform
11598367928,node,Indo American Hybrid Farm,12.9040736,77.5122836,,,,,stop_position
11598367929,node,Indo American Hybrid Farm,12.9041209,77.5122826,,,bus_stop,,platform
11598367930,node,JSS College,12.9038420,77.5079737,,,,,stop_position
11598367931,node,JSS College,12.9039101,77.5079723,,,bus_stop,,platform
11598367932,node,Omkar Hills,12.9047833,77.5045149,,,,,stop_position
11598367933,node,Omkar Hills,12.9048235,77.5045243,,,bus_stop,,platform
11598367934,node,BGS Health City,12.9071997,77.4989691,,,,,stop_position
11598367935,node,BGS Health City,12.9072249,77.4989855,,,bus_stop,,platform
11598367936,node,Ashrama Savandarbar,12.9095738,77.4922693,,,,,stop_position
11598367937,node,Ashrama Savandarbar,12.9095981,77.4921875,,,bus_stop,,platform
11598367938,node,Gollahalli Road Junction,12.9077786,77.4888280,,,,,stop_position
11598367939,node,Gollahalli Road Junction,12.9077393,77.4888186,,,bus_stop,,platform
11598969457,node,CK Palya Cross,12.8405306,77.5935660,,,,,stop_position
11598969458,node,CK Palya Cross,12.8405590,77.5935750,,,bus_stop,,platform
11598969463,node,Koli Farm Gate,12.8417404,77.5886587,,,,,stop_position
11598969464,node,Koli Farm Gate,12.8417802,77.5886598,,,bus_stop,,platform
11598969465,node,T John College,12.8510449,77.5883482,,,,,stop_position
11598969466,node,T John College,12.8510428,77.5883983,,,bus_stop,,platform
11598969467,node,Bhagya Nagara,12.8608254,77.5855330,,,,,stop_position
11598969468,node,Bhagya Nagara,12.8608816,77.5855485,,,bus_stop,,platform
11598993069,node,Jambu Savari Dinne,12.8656114,77.5809675,,,,,stop_position
11598993070,node,Royal Layout,12.8691464,77.5758919,,,,,stop_position
11598993071,node,Sarathi Nagara,12.8739661,77.5731914,,,,,stop_position
11598993073,node,Vinayaka Chitramandira,12.8746614,77.5702764,,,,,stop_position
11598993074,node,Vinayaka Chitramandira,12.8747228,77.5702871,,,bus_stop,,platform
11598993075,node,Hari Nagara Cross,12.8791874,77.5673121,,,,,stop_position
11598993076,node,Sowdamini Kalyana Mantapa,12.8839085,77.5666615,,,,,stop_position
11598993077,node,Sowdamini Kalyana Mantapa,12.8838991,77.5666872,,,bus_stop,,platform
11598993078,node,Konanakunte Reliance Fresh,12.8828845,77.5661049,,,,,stop_position
11598993079,node,Konanakunte Reliance Fresh,12.8829712,77.5661292,,,,,stop_position
11598993080,node,Konanakunte Cross,12.8902724,77.5642581,,,,,stop_position
11598993081,node,Ragi Machine,12.8916181,77.5603784,,,,,stop_position
11598993083,node,Sharadanagara,12.8925001,77.5594903,,,,,stop_position
11598993084,node,Pipeline Vasanthapura,12.8950377,77.5550761,,,,,stop_position
11598993085,node,Vasanthapura,12.8963063,77.5524009,,,,,stop_position
11598993087,node,Yadalam Nagara,12.8963866,77.5483630,,,,,stop_position
11598993088,node,Subramanyapura KEB,12.8975618,77.5464399,,,,,stop_position
11598993089,node,Subramanyapura Post Office,12.8987458,77.5439551,,,,,stop_position
11598993090,node,Subramanyapura Post Office,12.8987729,77.5439957,,,bus_stop,,platform
11598993091,node,Subramanyapura Police Station,12.9014198,77.5441015,,,,,stop_position
11602243183,node,Subramanyapura Police Station,12.9015042,77.5441292,,,,,stop_position
11602243184,node,Subramanyapura Police Station,12.9015155,77.5440929,,,bus_stop,,platform
11602243185,node,Subramanyapura Post Office,12.8987481,77.5438857,,,bus_stop,,platform
11602243186,node,Subramanyapura KEB,12.8975781,77.5463560,,,bus_stop,,platform
11602243187,node,Yadalam Nagara,12.8964717,77.5482400,,,,,stop_position
11602243188,node,Yadalam Nagara,12.8964277,77.5482195,,,bus_stop,,platform
11602243189,node,Vasanthapura,12.8961953,77.5526217,,,,,stop_position
11602243190,node,Vasanthapura,12.8962094,77.5524822,,,bus_stop,,platform
11602243191,node,Pipeline Vasanthapura,12.8950425,77.5547491,,,bus_stop,,platform
11602243192,node,Sharadanagara,12.8927153,77.5594186,,,,,stop_position
11602243193,node,Sharadanagara,12.8926732,77.5593781,,,bus_stop,,platform
11602243194,node,Ragi Machine,12.8916803,77.5601352,,,bus_stop,,platform
11602243195,node,Konanakunte Cross,12.8905007,77.5640966,,,,,stop_position
11602243196,node,Hari Nagara Cross,12.8791613,77.5673021,,,,,stop_position
11602243197,node,Hari Nagara Cross,12.8791724,77.5672719,,,bus_stop,,platform
11602243198,node,Glass Factory,12.8762322,77.5668979,,,,,stop_position
11602243199,node,Glass Factory,12.8762737,77.5668962,,,bus_stop,,platform
11602243200,node,Vinayaka Chitramandira,12.8746935,77.5702405,,,,,stop_position
11602243201,node,Vinayaka Chitramandira,12.8746484,77.5702335,,,bus_stop,,platform
11602243202,node,Sarathi Nagara,12.8739348,77.5732782,,,,,stop_position
11602243203,node,Sarathi Nagara,12.8738631,77.5732130,,,bus_stop,,platform
11602243204,node,Royal Layout,12.8685218,77.5766481,,,,,stop_position
11602243205,node,Royal Layout,12.8692835,77.5756453,,,bus_stop,,platform
11602243206,node,Jambu Savari Dinne,12.8655658,77.5810109,,,,,stop_position
11602243207,node,Jambu Savari Dinne,12.8655505,77.5809941,,,bus_stop,,platform
11602243208,node,Bhagya Nagara,12.8609692,77.5852896,,,bus_stop,,platform
11602243209,node,T John College,12.8493359,77.5882464,,,,,stop_position
11602243210,node,T John College,12.8493365,77.5881985,,,bus_stop,,platform
11602243212,node,Koli Farm Gate,12.8417382,77.5887400,,,,,stop_position
11602243213,node,Koli Farm Gate,12.8416992,77.5887389,,,bus_stop,,platform
11602243214,node,CK Palya Cross,12.8404798,77.5937358,,,,,stop_position
11602243215,node,CK Palya Cross,12.8404413,77.5937212,,,bus_stop,,platform
11602264644,node,Weavers Colony,12.8444618,77.5838699,,,,,stop_position
11602264645,node,Weavers Colony,12.8444293,77.5838681,,,bus_stop,,platform
11602264646,node,Weavers Colony,12.8444782,77.5836612,,,,,stop_position
11602264656,node,Maruthi Badavane,12.8400269,77.5806252,,,,,stop_position
11602264664,node,Tulasipura,12.8450254,77.5578488,,,,,stop_position
11602270469,node,Vajragiri Estate,12.8576507,77.5565660,,,,,stop_position
11602270470,node,Vajragiri Estate,12.8577137,77.5565055,,,bus_stop,,platform
11602270471,node,Anjanapura Cross,12.8617880,77.5607631,,,,,stop_position
11602270472,node,Kidwai Layout,12.8588681,77.5631799,,,,,stop_position
11602270473,node,Kidwai Layout,12.8588851,77.5631091,,,bus_stop,,platform
11602270474,node,Kidwai Layout,12.8589591,77.5632029,,,,,stop_position
11603111858,node,Kadirenahalli Park,12.9182346,77.5642280,,,,,stop_position
11603111863,node,Hosakerehalli Junction,12.9307164,77.5433893,,,,,stop_position
11603221272,node,Nagarabhavi Village,12.9591384,77.5167228,,,,,stop_position
11603221273,node,Summanahalli,12.9866463,77.5193964,,,,,stop_position
11603221275,node,Depot 31 Gate,12.9931081,77.5215167,,,bus_stop,,platform
11603221276,node,LB Samudaya Bhavana,12.9976991,77.5234405,,,,,stop_position
11603221277,node,LB Samudaya Bhavana,12.9972617,77.5233856,,,,,stop_position
11603221278,node,Kempegowda Arch,13.0024964,77.5258991,,,,,stop_position
11603221279,node,Laggere Bridge,13.0085675,77.5268148,,,,,stop_position
11603221281,node,Nandini Layout Ring Road,13.0120404,77.5290717,,,,,stop_position
11603221282,node,Nandini Layout Ring Road,13.0146767,77.5306745,,,bus_stop,,platform
11603221283,node,Rajkumar Samadhi,13.0185856,77.5319221,,,,,stop_position
11603221284,node,Kanteerva Studio,13.0225919,77.5329383,,,,,stop_position
11603221285,node,Modern Food Goraguntepalya,13.0248676,77.5340797,,,,,stop_position
11603221287,node,Yeshwanthapura TTMC,13.0177049,77.5565754,,,,,stop_position
11607132689,node,Lakshmipura Ulsoor,12.9782056,77.6325040,,,,,stop_position
11607676785,node,Reliance Petrol Bunk Goraguntepalya,13.0288011,77.5362745,,,,,stop_position
11607676786,node,Reliance Petrol Bunk Goraguntepalya,13.0288417,77.5361972,,,bus_stop,,platform
11607676787,node,Modern Food Goraguntepalya,13.0248961,77.5339913,,,,,stop_position
11607676788,node,Kanteerava Studio,13.0226414,77.5326529,,,,,stop_position
11607676789,node,Rajkumar Samadhi,13.0181624,77.5316675,,,,,stop_position
11607676791,node,Nandhini Layout,13.0147246,77.5305265,,,,,stop_position
11607676792,node,Nandhini Layout,13.0147335,77.5305055,,,bus_stop,,platform
11607676793,node,Nandini Layout Ring Road,13.0121439,77.5289951,,,,,stop_position
11607676794,node,Laggere Bridge,13.0084923,77.5266729,,,,,stop_position
11607676795,node,Depot 31 Gate,12.9931596,77.5213542,,,,,stop_position
11607676796,node,Depot 31 Gate,12.9931878,77.5212707,,,bus_stop,,platform
11607676797,node,Malagala,12.9785459,77.5150109,,,,,stop_position
11607676798,node,Malagala,12.9785777,77.5149648,,,bus_stop,,platform
11607676799,node,BDA Complex Nagarbhavi,12.9721522,77.5127999,,,,,stop_position
11607676800,node,BDA Complex Nagarbhavi,12.9721571,77.5127466,,,bus_stop,,platform
11607676801,node,Nagarabhavi 1st Stage 3rd Block,12.9521677,77.5204637,,,,,stop_position
11607676802,node,Veerabhadra Nagara,12.9378886,77.5335610,,,,,stop_position
11607676803,node,Hosakerehalli Petrol Bunk,12.9328697,77.5403815,,,,,stop_position
11607676804,node,Hosakerehalli Petrol Bunk,12.9328128,77.5403411,,,bus_stop,,platform
11607676805,node,Hosakerehalli Junction,12.9307110,77.5430789,,,,,stop_position
11607676806,node,Hosakerehalli Junction,12.9306844,77.5430415,,,bus_stop,,platform
11607676807,node,Janatha Bazaar,12.9283039,77.5458990,,,,,stop_position
11607676808,node,Katriguppe,12.9255334,77.5496287,,,,,stop_position
11607676809,node,Kamakhya Talkies,12.9238035,77.5536551,,,,,stop_position
11607676810,node,Devegowda Petrol Bunk,12.9219192,77.5591763,,,,,stop_position
11608103335,node,Kengeri Police Station,12.9103939,77.4819320,,,,,stop_position
11608103336,node,Kengeri Ganesha Temple,12.9116100,77.4804322,,,,,stop_position
11608103337,node,Kommaghatta Junction,12.9142835,77.4814557,,,,,stop_position
11608103338,node,Kommaghatta Junction,12.9142936,77.4814653,,,bus_stop,,platform
11608103339,node,Kengeri Post Office,12.9153316,77.4818576,,,,,stop_position
11608103340,node,Kengeri Post Office,12.9153576,77.4818355,,,bus_stop,,platform
11608103341,node,Kengeri Railway Station,12.9165759,77.4823126,,,,,stop_position
11608103342,node,Kengeri Satellite Town,12.9239296,77.4849695,,,,,stop_position
11608103343,node,Kengeri Satellite Town,12.9239162,77.4850018,,,bus_stop,,platform
11608103344,node,Nagadevanahalli RR Temple,12.9357027,77.4923899,,,,,stop_position
11608103345,node,Kenchapura Cross,12.9416258,77.4935755,,,,,stop_position
11608103346,node,Mariyappanapalya,12.9452841,77.4955272,,,,,stop_position
11608103347,node,PVP School,12.9486487,77.4972010,,,,,stop_position
11608103348,node,Mallathalli Cross,12.9571802,77.5030641,,,,,stop_position
11608103349,node,Kengunte Circle,12.9602772,77.5042766,,,,,stop_position
11608103351,node,Deepa Complex,12.9666909,77.5051467,,,,,stop_position
11608103352,node,Papareddypalya,12.9720535,77.5078547,,,,,stop_position
11608103353,node,Aladamara Papareddypalya,12.9753438,77.5096413,,,,,stop_position
11608103354,node,Vokkaligara School,12.9860114,77.5116464,,,,,stop_position
11608103356,node,Kottigepalya,12.9877572,77.5145530,,,bus_stop,,stop_position
11608103357,node,Kottigepalya,12.9877170,77.5150098,,,,,stop_position
11608103358,node,Kottigepalya,12.9877503,77.5149970,,,bus_stop,,platform
11608103359,node,Summanahalli,12.9874068,77.5191018,,,,,stop_position
11608103360,node,Summanahalli,12.9873779,77.5190914,,,bus_stop,,platform
11620632069,node,Jabbar,12.9803979,77.5741337,,,bus_stop,,
11639971005,node,,12.9553885,77.6900323,,,bus_stop,,platform
11655446716,node,Byatarayanapura,13.0670899,77.5933677,,,,,stop_position
11655480561,node,Vidyaranyapura Post Office,13.0763988,77.5582777,,,,,stop_position
11675805412,node,Nanjappa Circle,13.0684525,77.5600073,,,,,stop_position
11681511507,node,Kengeri RWS Gate,12.9041143,77.4757761,,,,,stop_position
11690829644,node,Yeshwanthpura Circle,13.0170788,77.5586515,,,,,stop_position
11696866840,node,Maharani's College,12.9791186,77.5851012,,,,,stop_position
11696866841,node,Maharani's College,12.9790907,77.5851461,,,bus_stop,,platform
11733188123,node,Ananthapura Gate Bus Stop,13.1146690,77.5791251,,,bus_stop,,platform
11739418609,node,Forum Mall Koramangala,12.9349284,77.6121062,,,,,stop_position
11739445276,node,80 Feet Road,13.0276513,77.5753809,,,,,stop_position
11739445277,node,80 Feet Road,13.0276998,77.5753869,,,bus_stop,,platform
11739445335,node,80 Feet Road,13.0278034,77.5745471,,,,,stop_position
11739445336,node,80 Feet Road,13.0277710,77.5745407,,,bus_stop,,platform
11740084552,node,Attiguppe,12.9578557,77.5338926,,,,,stop_position
11752046672,node,Kanakagiri,13.0396395,77.6681440,,,bus_stop,,platform
11769490834,node,,12.9821835,77.5886580,,,bus_stop,,platform
11769490835,node,Telephone Exchange AGO/VSD,12.9824083,77.5885244,,,bus_stop,,platform
11775336514,node,Malleshwaram Railway Station,13.0005913,77.5634317,,,,,stop_position
11775336515,node,Subramanyanagara,13.0043631,77.5613035,,,,,stop_position
11775336522,node,Milk Colony Malleshwaram,13.0092738,77.5596937,,,,,stop_position
11799150286,node,Kumaraswamy Layout Police Station,12.9053183,77.5627502,,,,,stop_position
11799150287,node,Kumaraswamy Layout Police Station,12.9053118,77.5627658,,,bus_stop,,platform
11799150288,node,Kumaraswamy Layout Police Station,12.9054763,77.5628231,,,,,stop_position
11799150312,node,Kumaraswamy Layout,12.9029549,77.5617762,,,,,stop_position
11799641553,node,Jayanagar TTMC,12.9285463,77.5843960,,,,,stop_position
11799641555,node,Jayanagara 38th Cross,12.9215008,77.5836636,,,,,stop_position
11799641556,node,Marenahalli,12.9151927,77.5857573,,,,,stop_position
11799641557,node,RV Dental College,12.9111708,77.5856838,,,,,stop_position
11799641558,node,JP Nagara 15th Cross,12.9071365,77.5856783,,,,,stop_position
11799641559,node,RBI Layout,12.8880040,77.5819269,,,,,stop_position
11810954338,node,Roopena Agrahara,12.9119718,77.6260111,,,,,stop_position
11810954343,node,Bommanahalli,12.9053582,77.6301334,,,,,stop_position
11810954352,node,Garavebhavipalaya,12.8962473,77.6356414,,,,,stop_position
11811681391,node,Nandini Layout,13.0114564,77.5358247,,,,,stop_position
11819678538,node,Kasturba Road,12.9741511,77.5957681,,,bus_stop,,platform
11827253913,node,,12.9764291,77.7262429,,,bus_stop,,platform
11827253914,node,,12.9764291,77.7262143,,,bus_stop,,platform
11831380341,node,,12.9208885,77.6516666,,,bus_stop,,platform
11831380342,node,,12.9208376,77.6516694,,,bus_stop,,platform
11831380343,node,,12.9207790,77.6516716,,,bus_stop,,platform
11865663545,node,Post Office Sahakara Nagara,13.0618785,77.5871839,,,,,stop_position
11869393619,node,Thindlu,13.0736825,77.5668132,,,,,stop_position
11869393620,node,Tennis Court Thindlu,13.0681658,77.5695606,,,,,stop_position
11869393621,node,Virupakshapura,13.0638324,77.5717973,,,,,stop_position
11869393626,node,Railway Gate Kodigehalli,13.0621296,77.5738356,,,,,stop_position
11869393627,node,Kodigehalli,13.0600071,77.5766211,,,,,stop_position
11869393628,node,Maruthi Nagara,13.0588949,77.5810356,,,,,stop_position
11869393629,node,Sterling Apartment,13.0578917,77.5880557,,,,,stop_position
11869393631,node,Sanjeevini Nagara,13.0576155,77.5913588,,,bus_stop,,platform
11869393632,node,Kodigehalli Gate,13.0571397,77.5932328,,,,,stop_position
11869393633,node,Kodigehalli Gate,13.0571432,77.5931820,,,bus_stop,,platform
11869483352,node,Jayamahal,13.0018764,77.5944004,,,,,stop_position
11869483353,node,JC Nagara,13.0066605,77.5928076,,,,,stop_position
11869483354,node,Canara Bank Hebbal,13.0359144,77.5892400,,,,,stop_position
11869483355,node,Kempapura Hebbala,13.0500162,77.5931288,,,,,stop_position
11869483356,node,Kodigehalli Gate,13.0569898,77.5936455,,,,,stop_position
11869483357,node,GKVK Gate,13.0730977,77.5929458,,,,,stop_position
11869483358,node,Aerodrome,13.0772318,77.5929675,,,,,stop_position
11869483359,node,Allalasandra Gate,13.0869634,77.5938641,,,,,stop_position
11869483360,node,Yelahanka Police Station,13.0947710,77.5944034,,,,,stop_position
11869483361,node,NES Office,13.0977026,77.5917658,,,,,stop_position
11869483362,node,NES Office,13.0977614,77.5918215,,,bus_stop,,platform
11869483363,node,Sheshadripuram College,13.0994378,77.5882610,,,,,stop_position
11869483364,node,Chikkabommasandra Cross,13.0937184,77.5825423,,,,,stop_position
11869483365,node,Chikkabommasandra Cross,13.0937467,77.5824746,,,bus_stop,,platform
11869483366,node,Yelahanka Bakery,13.1036908,77.5769356,,,,,stop_position
11869483367,node,Srishti School Yelahanka,13.1070864,77.5758180,,,,,stop_position
11869483368,node,Srishti School Yelahanka,13.1070323,77.5757961,,,bus_stop,,platform
11869503569,node,5th Phase Yelahanka New Town,13.1057125,77.5724600,,,,,stop_position
11872033079,node,Hennur Petrol Bunk,13.0328041,77.6371641,,,,,stop_position
11872033080,node,Hennur Petrol Bunk,13.0328255,77.6371448,,,bus_stop,,platform
11872036741,node,Kogilu Cross,13.1036164,77.6012030,,,,,stop_position
11872036742,node,Kogilu Cross,13.1035890,77.6012045,,,bus_stop,,platform
11872036743,node,Maruthi Nagara,13.1043948,77.6062293,,,,,stop_position
11872036744,node,Spathagiri Layout,13.1045105,77.6108037,,,,,stop_position
11872036745,node,Kogilu,13.1035647,77.6161522,,,,,stop_position
11872036746,node,Kogilu,13.1035374,77.6161424,,,bus_stop,,platform
11872036747,node,Srinivasapura Kogilu,13.1033835,77.6236098,,,,,stop_position
11872036756,node,Ittige Factory,13.1026048,77.6283041,,,,,stop_position
11872065333,node,Sir M Vishweshwaraiah Railway Station,12.9994616,77.6404405,,,,,stop_position
11872065334,node,Sir M Vishweshwaraiah Railway Station,12.9994746,77.6404640,,,bus_stop,,platform
11872065335,node,Seventh Day School,12.9956719,77.6110975,,,,,stop_position
11872065336,node,Seventh Day School,12.9956942,77.6110596,,,bus_stop,,platform
11873228870,node,Kamalanagar Water Tank,12.9957867,77.5399377,,,,,stop_position
11873228871,node,Havanuru Circle,12.9882898,77.5375427,,,,,stop_position
11873228872,node,Dasarahalli Kere,12.9859116,77.5418890,,,,,stop_position
11873228873,node,Dasarahalli Kere,12.9858580,77.5418647,,,bus_stop,,platform
11873228874,node,Bashyam Circle Rajajinagara,12.9844740,77.5539288,,,,,stop_position
11873228875,node,Bashyam Circle Rajajinagara,12.9844558,77.5539426,,,bus_stop,,platform
11873231714,node,Basaveshwaranagara New Bus Stand,12.9884923,77.5336884,,,,,stop_position
11873231715,node,Basaveshwaranagara New Bus Stand,12.9884455,77.5336665,,,bus_stop,,platform
11873231718,node,Havanuru Circle,12.9880198,77.5370983,,,,,stop_position
11873231719,node,Havanuru Circle,12.9879241,77.5370622,,,bus_stop,,platform
11873248318,node,Canara Bank Rajajinagara 1st Block,13.0002344,77.5506031,,,,,stop_position
11873248319,node,Canara Bank Rajajinagara 1st Block,13.0002194,77.5505242,,,bus_stop,,platform
11873259299,node,Hampinagara Post Office,12.9651776,77.5379281,,,,,stop_position
11873259300,node,Hampinagara 7th Main,12.9619950,77.5375567,,,,,stop_position
11873259301,node,Hampinagara Bus Stand,12.9590430,77.5354557,,,,,stop_position
11873345642,node,Malleshwaram 8th Cross,12.9998283,77.5713420,,,,,stop_position
11881863300,node,Maruthi Nagara,12.9617764,77.5216729,,,,,stop_position
11883179347,node,SBM Colony,12.9388130,77.5526032,,,bus_stop,,platform
11890400011,node,Maharani College,12.9775345,77.5848731,,,,,stop_position
11897220036,node,Depot-25,12.9191537,77.6424041,,,bus_stop,,platform
11898958081,node,Malleswaram Circle,12.9969658,77.5715223,,,,,stop_position
11907347776,node,Bagalkunte,13.0568493,77.5073341,,,bus_stop,,platform
11917222400,node,Lingarajapura,13.0122681,77.6258602,,,bus_stop,,platform
11917222404,node,Jyothi School,13.0166472,77.6293161,,,bus_stop,,platform
11932321837,node,BEL Hospital,13.0494009,77.5574312,,,bus_stop,,platform
11933332954,node,BEL Hospital,13.0494057,77.5574890,,,,,stop_position
11933332955,node,BEL Circle,13.0465645,77.5568489,,,,,stop_position
11941173068,node,Nagasandra,13.0479536,77.5001422,station,subway,,,station
11941186869,node,Yeshwantpur,13.0232678,77.5498751,station,subway,,,station
11941186870,node,Kadugodi Tree Park,12.9856503,77.7470121,station,subway,,,station
11955000967,node,Sarjapura Road Junction,12.9212241,77.6659064,,,bus_stop,,platform
11993402960,node,Malleshwaram 8th Cross,12.9998962,77.5693762,,,,,stop_position
11993402965,node,Magadi Road Tollgate,12.9737926,77.5498242,,,,,stop_position
12001070285,node,Coles Road,12.9964741,77.6122192,,,,,stop_position
12001070286,node,Coles Road,12.9964403,77.6122016,,,bus_stop,,platform
12001070287,node,Jai Bharath Nagar,13.0014154,77.6300210,,,,,stop_position
12001070288,node,Maruthi Sevanagar,13.0026361,77.6347049,,,,,stop_position
12001070289,node,Indian Oil,13.0054630,77.6384430,,,,,stop_position
12001070291,node,Subbayanapalya,13.0077384,77.6410705,,,,,stop_position
12001070292,node,Subbayanapalya,13.0077004,77.6410957,,,bus_stop,,platform
12001070293,node,Maruthi School,13.0097344,77.6442252,,,bus_stop,,stop_position
12001070294,node,Maruthi School,13.0096891,77.6442620,,,bus_stop,,platform
12001070295,node,Banaswadi 100 Feet Road,13.0152054,77.6497899,,,,,stop_position
12001070296,node,Banaswadi 100 Feet Road,13.0151902,77.6498115,,,bus_stop,,platform
12001070297,node,Indira Canteen (Desi Masala),13.0179922,77.6534479,,,,,stop_position
12001070298,node,Indira Canteen (Desi Masala),13.0179446,77.6534607,,,bus_stop,,platform
12001070299,node,Horamavu Junction,13.0193961,77.6559202,,,,,stop_position
12001070300,node,Horamavu Junction,13.0194120,77.6559283,,,bus_stop,,platform
12001070301,node,RK Medical,13.0228830,77.6580109,,,,,stop_position
12001070302,node,RK Medical,13.0228497,77.6580821,,,bus_stop,,platform
12001070303,node,Horamavu,13.0262916,77.6607329,,,,,stop_position
12001070304,node,Horamavu,13.0262651,77.6607656,,,bus_stop,,platform
12001070305,node,Jayanthi Nagar,13.0287464,77.6638996,,,,,stop_position
12001070306,node,Jayanthi Nagar,13.0287274,77.6639132,,,bus_stop,,platform
12001070307,node,Sun Shine School,13.0308702,77.6683812,,,,,stop_position
12001070308,node,Kalkere School,13.0330373,77.6727220,,,,,stop_position
12001070309,node,Kalkere School,13.0330005,77.6727390,,,bus_stop,,platform
12001070310,node,Kalkere,13.0335711,77.6745775,,,,,stop_position
12001070311,node,Kalkere,13.0335362,77.6745884,,,bus_stop,,platform
12001070312,node,Pooja Garden,13.0391348,77.6776770,,,bus_stop,,platform
12001070313,node,K Channasandra,13.0400901,77.6794292,,,,,stop_position
12001070314,node,Indira Canteen (Desi Masala),13.0180264,77.6532899,,,,,stop_position
12001070315,node,Indira Canteen (Desi Masala),13.0181302,77.6532622,,,bus_stop,,platform
12001070316,node,Banaswadi 100 Feet Road,13.0151500,77.6496548,,,,,stop_position
12001070317,node,Banaswadi 100 Feet Road,13.0151758,77.6496124,,,bus_stop,,platform
12001070318,node,Banaswadi Fire Station,13.0112448,77.6459752,,,,,stop_position
12001070319,node,Banaswadi Fire Station,13.0113022,77.6459290,,,bus_stop,,platform
12001070320,node,K Channsandra,13.0401523,77.6794578,,,,,stop_position
12001070322,node,Pooja Garden,13.0391705,77.6775803,,,,,stop_position
12001077676,node,Kalkere School,13.0331412,77.6727895,,,,,stop_position
12001077677,node,Kalkere School,13.0331874,77.6727685,,,bus_stop,,platform
12001077682,node,Sun Shine School,13.0310433,77.6684931,,,bus_stop,,platform
12006306827,node,Palace Guttahalli,12.9994892,77.5842618,,,,,stop_position
12006313318,node,,13.0085905,77.5689487,,,,,stop_position
12009455446,node,Central,12.9897084,77.5727323,,,,,stop_position
12009455447,node,Central,12.9896451,77.5727101,,,bus_stop,,platform
12030513649,node,Income Tax Layout,12.9599515,77.5317199,,,,,stop_position
12030513650,node,Chandra Public School,12.9604341,77.5295974,,,,,stop_position
12030513651,node,Ganesha Temple Chandra Layout,12.9580839,77.5287544,,,,,stop_position
12030513652,node,Chandra Layout Circle,12.9583766,77.5262861,,,,,stop_position
12030513653,node,Chandra Layout Circle,12.9583940,77.5262944,,,bus_stop,,platform
12030513654,node,Jyothi Nagara,12.9593280,77.5217815,,,,,stop_position
12032633393,node,Nagarbhavi Circle,12.9585049,77.5189513,,,,,stop_position
12032633394,node,Nagarbhavi Circle,12.9584907,77.5190122,,,bus_stop,,platform
12032654081,node,Baiyappanahalli Metro Station Back Gate,12.9919523,77.6516470,,,,,stop_position
12032654130,node,B Channasandra,13.0101958,77.6576446,,,,,stop_position
12032654132,node,Kasturinagara 2nd Stage,13.0011542,77.6618897,,,,,stop_position
12032654133,node,B Channasandra Bridge,13.0122945,77.6620397,,,,,stop_position
12032654134,node,B Channasandra Bridge,13.0123260,77.6620196,,,bus_stop,,platform
12032654135,node,Doctors Layout Kasturinagara,13.0062095,77.6594204,,,,,stop_position
12032654136,node,Doctors Layout Kasturinagara,13.0061885,77.6593709,,,bus_stop,,platform
12032654137,node,Benniganahalli Bridge,12.9971636,77.6627552,,,,,stop_position
12032654138,node,Benniganahalli Bridge,12.9971996,77.6627317,,,bus_stop,,platform
12032666183,node,Sadananda Nagara,12.9943773,77.6580021,,,,,stop_position
12032666184,node,Baiyappanahalli Metro Station Back Gate,12.9919946,77.6517129,,,,,stop_position
12032990387,node,Hosur Junction,12.9322145,77.6130714,,,,,stop_position
12032990390,node,Bangalore Dairy Circle,12.9358017,77.6013170,,,,,stop_position
12032990391,node,Sanjay Gandhi Hospital,12.9270546,77.5924036,,,,,stop_position
12032990392,node,Sanjay Gandhi Hospital,12.9269849,77.5929284,,,,,stop_position
12032990393,node,Carmel Convent,12.9267231,77.5970921,,,,,stop_position
12032990398,node,Carmel Convent,12.9263412,77.5971456,,,,,stop_position
12040966324,node,Central Silk Board,12.9164026,77.6201170,stop,,,,stop_position
12050487430,node,AECS Layout,12.9647797,77.7183067,,,bus_stop,,platform
12057048100,node,Gottigere NICE Road Junction,12.8528010,77.5880283,,,,,stop_position
12057048101,node,Gottigere NICE Road Junction,12.8529034,77.5880308,,,bus_stop,,platform
12057048102,node,Anjanapura 10th Block,12.8558523,77.5694320,,,,,stop_position
12057048103,node,Anjanapura 10th Block,12.8559276,77.5694311,,,bus_stop,,platform
12057048104,node,Anjanapura 2nd Cross,12.8606785,77.5595793,,,,,stop_position
12057048105,node,Anjanapura 2nd Cross,12.8606476,77.5596115,,,bus_stop,,platform
12057048106,node,Anjanapura,12.8620669,77.5639299,,,,,stop_position
12057048107,node,Anjanapura,12.8620335,77.5639594,,,bus_stop,,platform
12057048108,node,Nandi Garden Kothanur,12.8675948,77.5656841,,,,,stop_position
12057048109,node,Avalahalli,12.8727543,77.5664450,,,,,stop_position
12057048110,node,Avalahalli BDA Layout Cross,12.8739401,77.5612141,,,,,stop_position
12057048111,node,Narayana Nagara Cross,12.8796637,77.5538232,,,,,stop_position
12057048112,node,Narayana Nagara Cross,12.8797005,77.5538515,,,bus_stop,,platform
12057048113,node,Raghuvanahalli Gate,12.8811378,77.5461934,,,,,stop_position
12057048114,node,Karishma Hills,12.8884824,77.5363272,,,,,stop_position
12057048115,node,Karishma Hills,12.8885159,77.5363688,,,bus_stop,,platform
12057048124,node,Kariyanapalya,12.8927788,77.5217779,,,,,stop_position
12057048125,node,Kariyanapalya,12.8928366,77.5217736,,,bus_stop,,platform
12057048146,node,Ganakkal,12.8984593,77.5121384,,,,,stop_position
12057048147,node,Srinivasapura Uttarahalli Road,12.9013834,77.5108920,,,,,stop_position
12057048148,node,Srinivasapura Uttarahalli Road,12.9013900,77.5109321,,,bus_stop,,platform
12057100536,node,Srinivasapura,12.9038383,77.5106824,,,,,stop_position
12057100537,node,Srinivasapura,12.9038372,77.5106478,,,bus_stop,,platform
12057100538,node,Srinivasapura Uttarahalli Road,12.9015816,77.5107933,,,,,stop_position
12057100539,node,Srinivasapura Uttarahalli Road,12.9015731,77.5107148,,,bus_stop,,platform
12057100540,node,Ganakkal,12.8982884,77.5121077,,,,,stop_position
12057100541,node,Kariyanapalya,12.8927045,77.5216968,,,,,stop_position
12057100542,node,Kariyanapalya,12.8926522,77.5217005,,,bus_stop,,platform
12057100543,node,Karishma Hills,12.8883774,77.5362951,,,bus_stop,,platform
12057100544,node,Gubbalala,12.8837458,77.5413722,,,,,stop_position
12057100545,node,Gubbalala,12.8837102,77.5413403,,,bus_stop,,platform
12057100546,node,Raghuvanahalli Gate,12.8808530,77.5462315,,,,,stop_position
12057100547,node,Raghuvanahalli Gate,12.8808392,77.5462675,,,bus_stop,,platform
12057118680,node,Narayana Nagara Cross,12.8789969,77.5543186,,,,,stop_position
12057118681,node,Narayana Nagara Cross,12.8789462,77.5542793,,,bus_stop,,platform
12057118682,node,Avalahalli BDA Layout Cross,12.8738709,77.5611363,,,bus_stop,,platform
12057118683,node,Avalahalli,12.8726127,77.5665350,,,,,stop_position
12057118684,node,Avalahalli,12.8726158,77.5665142,,,bus_stop,,platform
12057118685,node,Nandi Garden Kothanur,12.8676855,77.5657273,,,,,stop_position
12057118686,node,Nandi Garden Kothanur,12.8677117,77.5656693,,,bus_stop,,platform
12057118820,node,Anjanapura,12.8621025,77.5639724,,,,,stop_position
12057118821,node,Anjanapura,12.8621257,77.5639520,,,bus_stop,,platform
12057118822,node,Anjanapura Cross,12.8618975,77.5609278,,,bus_stop,,platform
12057118823,node,Anjanapura 2nd Cross,12.8607798,77.5596813,,,,,stop_position
12057118824,node,Anjanapura 2nd Cross,12.8608581,77.5595994,,,bus_stop,,platform
12057118833,node,Anjanapura 10th Block,12.8558367,77.5695069,,,,,stop_position
12057118834,node,Anjanapura 10th Block,12.8557786,77.5694941,,,bus_stop,,platform
12057118835,node,Gottigere NICE Road Junction,12.8527635,77.5879598,,,bus_stop,,platform
12067366797,node,Domlur Flyover,12.9568580,77.6412959,,,bus_stop,,platform
12076711792,node,Hosapalya Bus Stop,12.8972797,77.6454852,,,,bus_station,station
12101699201,node,,12.9764878,77.5737462,,,bus_stop,,
12144229557,node,Binnamangala,12.9835537,77.6406446,,,,,stop_position
12164866911,node,Koramangala Kalyana Mantapa,12.9374229,77.6184151,,,bus_stop,,platform
12165920409,node,Monotype,12.9214109,77.5714287,,,bus_stop,,platform
12168378212,node,Hosur Junction,12.9320453,77.6130803,,,,,stop_position
12168378238,node,Nimhans Hospital,12.9387912,77.5982355,,,,,stop_position
12176926329,node,Monotype,12.9217322,77.5706656,,,,,stop_position
12176926330,node,Monotype,12.9214476,77.5714374,,,,,stop_position
12209256753,node,,12.9735707,77.7030467,,,bus_stop,,platform
12211537120,node,,13.1216554,77.6118661,,,bus_stop,,platform
12212969783,node,,13.1219072,77.6113859,,,bus_stop,,platform
12212969784,node,,13.1219032,77.6114460,,,bus_stop,,platform
12225535079,node,Kempegowda-Yelahanka,13.0987564,77.5987364,,,bus_stop,,platform
12229219527,node,,12.9179911,77.6223147,,,,,stop_position
12238342433,node,,12.9168514,77.6448796,,,bus_stop,,
12249918943,node,Shiva Mandira,13.1072011,77.5756518,,,bus_stop,,platform
12291501587,node,ITI Colony,13.0339003,77.5687630,,,,,stop_position
12291502163,node,ITI Colony,13.0338628,77.5687072,,,,,stop_position
12291502205,node,Devasandra,13.0365718,77.5663875,,,bus_stop,,
12316543764,node,Manjunathanagara,13.0501121,77.4944527,stop,,,,stop_position
12316543765,node,Manjunathanagara,13.0500685,77.4944407,stop,,,,stop_position
12328467532,node,Rameshnagara,12.9641669,77.6821452,,,,,stop_position
12328467533,node,Rameshnagara,12.9641615,77.6821593,,,bus_stop,,platform
12328467534,node,Basavanagara,12.9668537,77.6828455,,,,,stop_position
12328467535,node,Basavanagara,12.9667792,77.6828496,,,bus_stop,,platform
12328467536,node,Srirama Reddy Layout,12.9717372,77.6815769,,,,,stop_position
12328467537,node,Mallesh Palya New Bus Stand,12.9727784,77.6777429,,,,,stop_position
12328467538,node,Mallesh Palya,12.9748113,77.6703641,,,,,stop_position
12328467539,node,GM Palya,12.9753565,77.6665313,,,,,stop_position
12328467540,node,GM Palya,12.9754164,77.6665016,,,bus_stop,,platform
12328467541,node,BEML Gate,12.9715575,77.6579593,,,,,stop_position
12328467542,node,BEML Gate,12.9716148,77.6579587,,,bus_stop,,platform
12328467543,node,Thippasandra Ganesha Temple,12.9720858,77.6540480,,,,,stop_position
12328467544,node,Tippasandra Market,12.9725231,77.6508338,,,,,stop_position
12328467545,node,CMH Hospital,12.9775919,77.6467168,,,,,stop_position
12328467546,node,Binnamangala,12.9835737,77.6407041,,,bus_stop,,platform
12328467547,node,Indiranagar Police Station,12.9784436,77.6414352,,,,,stop_position
12328471497,node,Madivala,12.9214902,77.6210995,,,,,stop_position
12328471498,node,Madivala,12.9214542,77.6211213,,,bus_stop,,platform
12328471499,node,Krupanidhi College,12.9240280,77.6288098,,,bus_stop,,platform
12328471500,node,Sony World Signal,12.9369729,77.6266664,,,,,stop_position
12328481701,node,New Horizon School Indiranagar,12.9673099,77.6414861,,,,,stop_position
12328481702,node,Indiranagar 12th Main,12.9699165,77.6413516,,,,,stop_position
12328481703,node,Indiranagar 6th Main,12.9740510,77.6411137,,,,,stop_position
12328481704,node,Petrol Bunk,12.9674713,77.6561110,,,,,stop_position
12328481705,node,Petrol Bunk,12.9675333,77.6561187,,,bus_stop,,platform
12328483219,node,BEML Gate,12.9710289,77.6589695,,,,,stop_position
12328483220,node,BEML Gate,12.9710567,77.6590155,,,bus_stop,,platform
12328483221,node,GM Palya,12.9753241,77.6664602,,,,,stop_position
12328483222,node,Mallesh Palya,12.9747736,77.6704736,,,,,stop_position
12328483223,node,Malleshapalya,12.9747486,77.6704645,,,bus_stop,,platform
12328483224,node,Mallesh Palya New Bus Stand,12.9726504,77.6777424,,,,,stop_position
12328483225,node,Mallesh Palya New Bus Stand,12.9726080,77.6777313,,,bus_stop,,platform
12343736437,node,"Rv Teachers College,Basavanagudi",12.9443248,77.5799864,,,bus_stop,,platform
12362143801,node,EMC square,12.9831817,77.6927116,,,bus_stop,,
12362143901,node,Mahadevapura,12.9882859,77.6895200,,,bus_stop,,
12378327165,node,Palace Ground,13.0102719,77.5840216,,,bus_stop,,platform
12378327166,node,Palace Ground,13.0104117,77.5840303,,,bus_stop,,platform
12378327167,node,Palace Ground,13.0104936,77.5839709,,,,,stop_position
12378546335,node,Palace Ground,13.0105633,77.5840397,,,bus_stop,,platform
12378818546,node,Sadashivanagar,13.0086333,77.5802960,,,bus_stop,,platform
12386430525,node,Agrahara Dasarahalli,12.9789851,77.5405964,,,,,stop_position
12386430526,node,Agrahara Dasarahalli,12.9789155,77.5405645,,,bus_stop,,platform
12422115684,node,,13.0039867,77.5786096,,,,,platform
12422729198,node,Kundanahalli Gate,12.9558306,77.7137275,,,,,stop_position
12425345228,node,Malleswaram Circle,12.9977329,77.5714364,,,,,stop_position
12438122539,node,Govindaraja Nagar,12.9755632,77.5367385,,,bus_stop,,platform
12441118648,node,Shankar Mutt,12.9990606,77.5416311,,,,,stop_position
12441126024,node,Kamalanagar Water Tank,12.9958074,77.5398767,,,,,stop_position
12441126036,node,Havanuru Circle,12.9883094,77.5374906,,,,,stop_position
12462543988,node,16th Main BTM Layout,12.9166790,77.6095838,,,,,stop_position
12462543989,node,MICO Layout,12.9167865,77.6032644,,,,,stop_position
12462543990,node,Jayanagara Pump House,12.9217633,77.5970268,,,,,stop_position
12462543991,node,Rani Saraladevi,12.9380590,77.5851672,,,,,stop_position
12462543992,node,Ashoka Pillar,12.9432820,77.5852421,,,,,stop_position
12462547447,node,Sirsi Circle,12.9602173,77.5590291,,,,,stop_position
12462547448,node,"Gandhi Bazaar, Basavanagudi",12.9458189,77.5707129,,,,,stop_position
12462547449,node,Nettakallappa Circle,12.9396778,77.5723964,,,,,stop_position
12462547450,node,Nagasandra Circle,12.9368613,77.5720709,,,,,stop_position
12462547451,node,Shanthi Talkies,12.9367531,77.5771247,,,,,stop_position
12462547452,node,Madavan Park,12.9364505,77.5839634,,,,,stop_position
12462547453,node,Jayanagar 3rd Block,12.9319322,77.5838891,,,,,stop_position
12462547454,node,Jayanagara 18th Main,12.9234167,77.5895751,,,,,stop_position
12462547455,node,Jayanagara 18th Main,12.9234175,77.5895195,,,bus_stop,,platform
12462547456,node,Jayanagara 4th T Block,12.9230562,77.5934443,,,,,stop_position
12462547457,node,Jayanagar 9th Block,12.9196940,77.5923364,,,,,stop_position
12462551318,node,BK Circle,12.8706159,77.5830920,,,,,stop_position
12462551319,node,BK Circle,12.8705684,77.5830835,,,bus_stop,,platform
12462551320,node,Water Tank Kothnuru Dinne,12.8745665,77.5842181,,,bus_stop,,platform
12462551321,node,Kothnuru Dinne,12.8769429,77.5839658,,,,,stop_position
12462551322,node,Navodaya Nagara,12.8812594,77.5837931,,,,,stop_position
12462551323,node,Gowrava Nagar,12.8847620,77.5826146,,,,,stop_position
12462551324,node,RBI Layout,12.8879590,77.5820133,,,bus_stop,,platform
12462551325,node,Brigade Millenium,12.8919422,77.5819226,,,,,stop_position
12462551326,node,Brigade Millenium,12.8919437,77.5819892,,,bus_stop,,platform
12462551327,node,Nayara Petrol Pump Lakshmi Layout,12.8913057,77.5878632,,,bus_stop,,platform
12462551328,node,Shobha Tulip JP Nagara,12.8977323,77.5858706,,,,,stop_position
12462551329,node,Auto Gas/Royal School,12.9010699,77.5858542,,,,,stop_position
12462551330,node,Inchara Hotel JP Nagara,12.9026679,77.5858171,,,,,stop_position
12462551331,node,Nandini Hotel JP Nagara,12.9052961,77.5858167,,,bus_stop,,platform
12462551332,node,JP Nagara 15th Cross,12.9065665,77.5857634,,,,,stop_position
12462551333,node,JP Nagara 15th Cross,12.9065667,77.5858140,,,bus_stop,,platform
12462551334,node,RV Dental College,12.9097302,77.5857496,,,,,stop_position
12462551335,node,Marenahalli,12.9147496,77.5858161,,,,,stop_position
12462551336,node,South End Circle,12.9358015,77.5801403,,,,,stop_position
12462551337,node,South End Circle,12.9358102,77.5801653,,,bus_stop,,platform
12462551338,node,Vijaya College,12.9411901,77.5801014,,,,,stop_position
12462551339,node,RV Teachers College,12.9443269,77.5800855,,,,,stop_position
12462601104,node,Jayanagara Metro Station,12.9287383,77.5803445,,,,,stop_position
12462601105,node,Jayanagara Metro Station,12.9287715,77.5803450,,,bus_stop,,platform
12462601106,node,RV Road Metro Station,12.9216809,77.5801878,,,,,stop_position
12462601107,node,RV Road Metro Station,12.9216804,77.5801411,,,bus_stop,,platform
12466417388,node,,12.9533505,77.5676674,,,bus_stop,,platform
12479801113,node,Platform 20B,12.9786000,77.5721999,,,,,stop_position
12479801114,node,Platform 20A,12.9785778,77.5720175,,,,,stop_position
12479801115,node,Platform 20,12.9785118,77.5718715,,,,,stop_position
12479801117,node,Platform 19B,12.9783014,77.5715901,,,,,stop_position
12479801118,node,Platform 19A,12.9781480,77.5714678,,,,,stop_position
12479801119,node,Platform 19,12.9780040,77.5713937,,,,,stop_position
12479801171,node,Platform 18A,12.9778982,77.5716000,,,,,stop_position
12479801172,node,Platform 18,12.9780256,77.5716466,,,,,stop_position
12479801173,node,Platform 17A,12.9781630,77.5717468,,,,,stop_position
12479801174,node,Platform 17,12.9782831,77.5718746,,,,,stop_position
12479801175,node,Platform 16,12.9783511,77.5719972,,,,,stop_position
12479801176,node,Platform 15A,12.9784076,77.5721601,,,,,stop_position
12479801177,node,Platform 15,12.9784244,77.5722951,,,,,stop_position
12479801190,node,Platform 14,12.9784189,77.5724888,,,,,stop_position
12479801191,node,Platform 13,12.9783995,77.5725967,,,,,stop_position
12479801192,node,Platform 12A,12.9783424,77.5727364,,,,,stop_position
12479801194,node,Platform 11A,12.9779899,77.5731353,,,,,stop_position
12479801195,node,Platform 11,12.9778782,77.5731873,,,,,stop_position
12479806808,node,Platform 9,12.9780777,77.5728110,,,,,stop_position
12479806809,node,Platform 8B,12.9781644,77.5726809,,,,,stop_position
12479806822,node,Platform 4B,12.9777735,77.5719062,,,,,stop_position
12479806823,node,Platform 4A,12.9779433,77.5720240,,,,,stop_position
12479806835,node,Platform 10,12.9779386,77.5729337,,,,,stop_position
12479806836,node,Platform 4,12.9780131,77.5721195,,,,,stop_position
12491787298,node,Jayanagara Telephone Exchange,12.9237961,77.5836829,,,bus_stop,,platform
12492581443,node,Jayanagara Telephone Exchange,12.9238842,77.5836803,,,bus_stop,,platform
12492581444,node,Jayanagara Telephone Exchange,12.9239802,77.5837211,,,,,stop_position
12495403816,node,Cox Town,12.9973496,77.6210071,,,,,stop_position
12495403817,node,Cox Town,12.9973551,77.6210197,,,bus_stop,,platform
12506944637,node,Platform 25C,12.9784072,77.5725538,,,,,stop_position
12506944638,node,Platform 25B,12.9783342,77.5727541,,,,,stop_position
12506944639,node,Platform 25A,12.9782715,77.5728788,,,,,stop_position
12506944640,node,Platform 25,12.9781179,77.5730294,,,,,stop_position
12506944641,node,Platform 24,12.9779091,77.5731729,,,,,stop_position
12506944656,node,Platform 29C,12.9778642,77.5715876,,,,,stop_position
12506944657,node,Platform 29B,12.9779458,77.5716174,,,,,stop_position
12506944658,node,Platform 29A,12.9780107,77.5716411,,,,,stop_position
12506944659,node,Platform 29,12.9780846,77.5716859,,,,,stop_position
12506944660,node,Platform 28,12.9782721,77.5718623,,,,,stop_position
12506944661,node,Platform 27A,12.9783183,77.5719350,,,,,stop_position
12506944662,node,Platform 27,12.9783675,77.5720375,,,,,stop_position
12506944663,node,Platform 26A,12.9784020,77.5721355,,,,,stop_position
12506944664,node,Platform 26,12.9784197,77.5722573,,,,,stop_position
12506944679,node,Platform 19C,12.9783916,77.5716921,,,,,stop_position
12506944680,node,Platform 11C,12.9781569,77.5729941,,,,,stop_position
12506944681,node,Platform 11B,12.9780954,77.5730497,,,,,stop_position
12506944693,node,KIA Bus Stop,12.9775139,77.5726718,,,,,stop_position
12506944698,node,Platform 23D,12.9778904,77.5733875,,,,,stop_position
12506944699,node,Platform 23C,12.9780198,77.5733244,,,,,stop_position
12506944700,node,Platform 23A,12.9782161,77.5731911,,,,,stop_position
12506953101,node,Platform 22B,12.9784828,77.5729077,,,,,stop_position
12506953102,node,Platform 22,12.9785603,77.5727305,,,,,stop_position
12507052200,node,Platform 3,12.9177491,77.5730389,,,,,stop_position
12507070301,node,Platform 9,12.9177471,77.5727806,,,,,stop_position
12507070302,node,Platform 8,12.9175589,77.5727789,,,,,stop_position
12507070303,node,Platform 7,12.9173530,77.5727771,,,,,stop_position
12507070304,node,Platform 4,12.9173556,77.5729061,,,,,stop_position
12507070305,node,Platform 2,12.9175602,77.5730378,,,,,stop_position
12507070306,node,Platform 5,12.9175628,77.5729058,,,,,stop_position
12507070307,node,Platform 6,12.9177582,77.5729056,,,,,stop_position
12507070326,node,Platform 1,12.9173665,77.5730367,,,,,stop_position
12507237905,node,Platform 12,12.9837499,77.6030616,,,,,stop_position
12507237906,node,Platform 11,12.9835508,77.6029960,,,,,stop_position
12507237907,node,Platform 10,12.9833479,77.6029292,,,,,stop_position
12507237908,node,Platform 9,12.9831435,77.6028619,,,,,stop_position
12507237909,node,Platform 5,12.9831135,77.6029756,,,,,stop_position
12507237910,node,Platform 6,12.9833170,77.6030402,,,,,stop_position
12507237911,node,Platform 8,12.9837213,77.6031685,,,,,stop_position
12507237912,node,Platform 4,12.9836838,77.6032885,,,,,stop_position
12507237913,node,Platform 3,12.9834832,77.6032283,,,,,stop_position
12507237914,node,Platform 2,12.9832866,77.6031693,,,,,stop_position
12507237915,node,Platform 1,12.9830792,77.6031071,,,,,stop_position
12507290067,node,Platform 6C,12.9610244,77.5774231,,,,,stop_position
12507290068,node,Platform 6B,12.9609478,77.5773141,,,,,stop_position
12507290069,node,Platform 6A,12.9608754,77.5772111,,,,,stop_position
12507290070,node,Platform 6,12.9608070,77.5771138,,,,,stop_position
12507290071,node,Platform 5B,12.9608221,77.5773906,,,,,stop_position
12507290072,node,Platform 5A,12.9607074,77.5772338,,,,,stop_position
12507290073,node,Platform 5,12.9605989,77.5770855,,,,,stop_position
12507290074,node,Platform 4,12.9606322,77.5773696,,,,,stop_position
12507290075,node,Platform 3B,12.9605549,77.5772587,,,,,stop_position
12507290076,node,Platform 3A,12.9604827,77.5771554,,,,,stop_position
12507290077,node,Platform 3,12.9604010,77.5770383,,,,,stop_position
12507331061,node,Platform 3,12.9136377,77.4874720,,,,,stop_position
12507331064,node,Platform 2,12.9136729,77.4873423,,,,,stop_position
12507331065,node,Platform 1,12.9136988,77.4872330,,,,,stop_position
12507340327,node,Platform 3,13.1008246,77.5947355,,,,,stop_position
12507340328,node,Platform 2,13.1008767,77.5947497,,,,,stop_position
12507340329,node,Platform 1,13.1009287,77.5947641,,,,,stop_position
12507390901,node,Platform 6,12.9617472,77.6387846,,,,,stop_position
12507390902,node,Platform 5,12.9616185,77.6386457,,,,,stop_position
12507390903,node,Platform 4,12.9618300,77.6387312,,,,,stop_position
12507390904,node,Platform 3,12.9616995,77.6385834,,,,,stop_position
12507390905,node,Platform 2,12.9618927,77.6386790,,,,,stop_position
12507390906,node,Platform 1,12.9617604,77.6385377,,,,,stop_position
12508633661,node,Manjunatha Kalyana Mantapa,12.8747772,77.5374428,,,,,stop_position
12508633662,node,Manjunatha Kalyana Mantapa,12.8747129,77.5374323,,,bus_stop,,platform
12508633664,node,Manjunatha Kalyana Mantapa,12.8748626,77.5374785,,,,,stop_position
12511443667,node,Lalbagh HOPCOMS,12.9511732,77.5916216,,,,,stop_position
12511443668,node,Basappa Circle,12.9564797,77.5772696,,,,,stop_position
12511443669,node,Makkala Koota,12.9576978,77.5738382,,,,,stop_position
12511443670,node,Makkala Koota,12.9576895,77.5738621,,,bus_stop,,platform
12511444254,node,Jai Bhima Nagara,12.9193784,77.6168929,,,,,stop_position
12511444255,node,Gangothri Circle,12.9196229,77.6130998,,,,,stop_position
12511444256,node,Tavarekere Aladamara,12.9221855,77.6105080,,,,,stop_position
12511444257,node,Tavarekere Mori,12.9251802,77.6087855,,,,,stop_position
12511444258,node,Chikka Adugodi,12.9278312,77.6091639,,,,,stop_position
12511444259,node,Chikka Adugodi,12.9278212,77.6092270,,,bus_stop,,platform
12511444260,node,Suddaguntepalya,12.9310533,77.6098502,,,,,stop_position
12511727434,node,Malleswaram Circle,12.9969892,77.5715225,,,bus_stop,,platform
12511727435,node,RMS Sheshadripuram,12.9944198,77.5779993,,,,,stop_position
12511727436,node,RMS Sheshadripuram,12.9944632,77.5779618,,,bus_stop,,platform
12511888189,node,Silk Institute Metro Station,12.8611057,77.5296914,,,,,stop_position
12511888190,node,Silk Institute Metro Station,12.8610895,77.5297183,,,bus_stop,,platform
12512417632,node,Guttahalli Underpass,12.9977498,77.5840988,,,,,stop_position
12512417633,node,Guttahalli Underpass,12.9977321,77.5841021,,,bus_stop,,platform
12512417634,node,Guttahalli Underpass,12.9977878,77.5847910,,,,,stop_position
12512417635,node,Guttahalli Underpass,12.9978170,77.5847941,,,bus_stop,,platform
12512417636,node,RM Guttahalli Post Office,12.9992356,77.5827481,,,,,stop_position
12512417637,node,RM Guttahalli Post Office,12.9992577,77.5827274,,,bus_stop,,platform
12512417638,node,Mantri Square Metro Station,12.9905573,77.5716830,,,,,stop_position
12512417639,node,Mantri Square Metro Station,12.9905540,77.5716647,,,bus_stop,,platform
12512535280,node,Harishchandra Ghat,12.9972417,77.5604910,,,,,stop_position
12512566601,node,Harishchandra Ghat,12.9972821,77.5605112,,,,,stop_position
12513672738,node,Sandal Soap Factory,13.0147187,77.5539779,stop,,,,stop_position
12514337068,node,Sir M Visvesvaraya Terminal,12.9996550,77.6411538,station,,,,station
12523178676,node,Sunkadakatte,12.9899035,77.5024150,,,,,stop_position
12523178677,node,Sunkadakatte,12.9899522,77.5023973,,,bus_stop,,platform
12523178678,node,Herohalli Cross,12.9876002,77.4932283,,,,,stop_position
12523178679,node,Lingadeeranahalli,13.0000648,77.4794694,,,,,stop_position
12525728510,node,Goraguntepalaya,13.0287619,77.5398670,,,bus_stop,,stop_position
12526327042,node,Maharani College,12.9774225,77.5849664,,,bus_stop,,platform
12526327043,node,Maharani College,12.9774564,77.5849181,,,bus_stop,,platform
12526337222,node,Ananda Rao Circle,12.9817573,77.5745434,,,bus_stop,,platform
12526337223,node,Ananda Rao Circle,12.9816860,77.5745507,,,bus_stop,,platform
12526337224,node,Ananda Rao Circle,12.9816889,77.5745890,,,,,stop_position
12531340553,node,Coles Park,12.9950789,77.6082101,,,bus_stop,,platform
12534145128,node,Prestige Shantiniketan,12.9892717,77.7266513,,,bus_stop,,
12534184755,node,Prestige Shantiniketan,12.9892717,77.7266513,,,bus_stop,,
12620870365,node,Kuvempnagara 1st stage,13.0697553,77.5413847,,,bus_stop,,platform
12621966843,node,Sony World Signal,12.9375016,77.6266111,,,bus_stop,,platform
12684804810,node,Jayanagar 38th Cross,12.9225350,77.5837496,,,,,stop_position
12688134101,node,Gangamma Circle,13.0563105,77.5463255,,,bus_stop,,platform
12688134102,node,Gangamma Circle,13.0563254,77.5463245,,,,,stop_position
12688134103,node,Gangamma Circle,13.0563278,77.5463423,,,bus_stop,,platform
12688134107,node,BEL Circle,13.0462602,77.5558571,,,bus_stop,,platform
12688134108,node,BEL Circle,13.0462704,77.5559208,,,,,stop_position
12698073337,node,Doddabommasandra,13.0599082,77.5591641,,,bus_stop,,platform
12712321786,node,Tin Factory,12.9969380,77.6692287,,,,,stop_position
12729312345,node,Varthuru Kodi,12.9562680,77.7452443,,,bus_stop,,platform
12734401894,node,Jalavayu Vihara,13.0213105,77.6369221,,,bus_stop,,platform
12735728191,node,Isolation Hospital,12.9852537,77.6425374,,,,,stop_position
12735728192,node,Isolation Hospital,12.9852559,77.6425231,,,bus_stop,,platform
12805665276,node,Jelly Machine Yalahanka,13.0859239,77.5558035,,,,,stop_position
12806363244,node,Vidyaranyapura Post Office,13.0762237,77.5582234,,,,,stop_position
12811796679,node,,12.9537548,77.5799086,,,bus_stop,,
12852317293,node,Jyothi Farm,12.8600827,77.5290679,,,,,stop_position
12852317294,node,Jyothi Farm,12.8600704,77.5290906,,,bus_stop,,platform
12852317295,node,Vajramuneshwara Gate,12.8647080,77.5332461,,,,,stop_position
12852317296,node,Vajramuneshwara Gate,12.8646641,77.5333004,,,bus_stop,,platform
12852317297,node,Thalaghattapura,12.8694458,77.5369010,,,,,stop_position
12852317298,node,Thalaghattapura,12.8693996,77.5369616,,,bus_stop,,platform
12852317299,node,Bayyanapalya,12.8755314,77.5437083,,,,,stop_position
12852317300,node,Bayyanapalya,12.8754829,77.5437570,,,bus_stop,,platform
12852349201,node,Gubbalala Gate,12.8840566,77.5511773,,,bus_stop,,platform
12852349202,node,Doddakallasandra,12.8857861,77.5566980,,,,,stop_position
12852349203,node,Doddakallasandra,12.8857647,77.5567047,,,bus_stop,,platform
12917084001,node,Deepak Nursing Home,12.9265076,77.5770404,,,,,stop_position
12917084114,node,Yediyuru,12.9308214,77.5764426,,,,,stop_position
12917084115,node,Yediyuru,12.9308067,77.5764424,,,bus_stop,,platform
12917084116,node,Jayanagar 6th Block,12.9308007,77.5779990,,,,,stop_position
12917084117,node,Jayanagar 6th Block,12.9307772,77.5779987,,,bus_stop,,platform
12917084118,node,Jayanagar 6th Block,12.9308841,77.5783998,,,,,stop_position
12917084119,node,Jayanagar 6th Block,12.9309387,77.5784004,,,bus_stop,,platform
12917084122,node,Yediyur,12.9301625,77.5763694,,,,,stop_position
12917084123,node,Yediyur,12.9301531,77.5763445,,,bus_stop,,platform
12952263207,node,Kalyan Nagar Junction,13.0264383,77.6371883,,,,,stop_position
12955539269,node,,13.0074142,77.5268859,,,bus_stop,,platform
12959628803,node,CBI,13.0268237,77.5862814,,,bus_stop,,platform
12959628804,node,CBI,13.0268630,77.5862606,,,,,stop_position
12959628805,node,CBI,13.0268361,77.5862250,,,bus_stop,,platform
12959628806,node,CBI,13.0268492,77.5865234,,,bus_stop,,platform
12959628807,node,CBI,13.0268113,77.5864724,,,,,stop_position
12961515827,node,Ramamurthy Nagar Bridge (B Channasandra),13.0133841,77.6627223,,,,,platform
12961515828,node,Ramamurthy Nagar Bridge (B Channasandra),13.0134017,77.6626536,,,,,platform
12974494634,node,Kasthurinagara,13.0024523,77.6612880,,,bus_stop,,platform
12981544253,node,Sathya Nagara,13.0004061,77.6398487,,,,,stop_position
12981544254,node,Sathya Nagara,13.0003951,77.6398270,,,bus_stop,,platform
12981611946,node,Herohalli Cross,12.9874000,77.4924937,,,,,stop_position
12981611947,node,Herohalli Cross,12.9874647,77.4924724,,,bus_stop,,platform
12981611994,node,Bharath Nagara 1st Phase,12.9813585,77.4851531,,,,,stop_position
12981611995,node,Bharath Nagara 1st Phase,12.9813678,77.4851178,,,bus_stop,,platform
12981629722,node,8th Mile Dasarahalli,13.0455601,77.5055290,,,,,stop_position
12981629723,node,Rukmini Nagara,13.0410321,77.5048520,,,,,stop_position
12981629724,node,HMT Layout,13.0337670,77.5041395,,,,,stop_position
12981629725,node,Nelagedaranahalli,13.0314658,77.5034853,,,,,stop_position
12981629726,node,Gruhalaxmi Layout,13.0297310,77.4997830,,,,,stop_position
12981629727,node,Ganga International School,13.0282710,77.4962229,,,,,stop_position
12981629728,node,Ganga International School,13.0282993,77.4962185,,,bus_stop,,platform
12981629729,node,Indiranagara,13.0276623,77.4937952,,,,,stop_position
12981629730,node,Siddhartha School Cross,13.0261018,77.4889512,,,,,stop_position
12981629731,node,Siddhartha School Cross,13.0261472,77.4889283,,,bus_stop,,platform
12981629732,node,Kari Obanahalli,13.0250126,77.4866168,,,,,stop_position
12981629733,node,Kari Obanahalli,13.0250536,77.4865981,,,bus_stop,,platform
12981629739,node,Garudappa Circle Thigalarapalya,13.0157449,77.4841106,,,,,stop_position
12981629740,node,Garudappa Circle Thigalarapalya,13.0157340,77.4840822,,,bus_stop,,platform
12981629763,node,Andrahalli Government School,13.0096600,77.4828739,,,bus_stop,,platform
12981629764,node,Andrahalli,13.0080540,77.4847834,,,,,stop_position
12981629765,node,Andrahalli,13.0080359,77.4847652,,,bus_stop,,platform
12981629770,node,Acharya College,13.0023603,77.4882111,,,,,stop_position
12981629771,node,Acharya College,13.0023468,77.4881420,,,bus_stop,,platform
12981629772,node,Arch Lingadeeranahalli,12.9994304,77.4887857,,,,,stop_position
12981629773,node,Arch Lingadeeranahalli,12.9994091,77.4887163,,,bus_stop,,platform
12981629774,node,Syndicate Bank Colony,12.9978986,77.4895384,,,,,stop_position
12981629775,node,Venkateshwara Layout,12.9933154,77.4885736,,,,,stop_position
12981629776,node,Herohalli,12.9904879,77.4874377,,,,,stop_position
12981629777,node,Herohalli,12.9904626,77.4874399,,,bus_stop,,platform
12981630860,node,Gidadakonenahalli Cross,12.9746193,77.4878536,,,,,stop_position
12981630861,node,Gidadakonenahalli Cross,12.9746219,77.4877942,,,bus_stop,,platform
12981630862,node,Muddinapalya Junction,12.9712807,77.4882809,,,,,stop_position
12981630863,node,Muddinapalya Junction,12.9712095,77.4882468,,,bus_stop,,platform
12981630864,node,Annapoorneshwari Nagara Cross,12.9700417,77.4963568,,,,,stop_position
12981630865,node,Annapoorneshwari Nagara Cross,12.9699736,77.4963448,,,bus_stop,,platform
12981630874,node,Nagarbhavi Vishweshwariah Sports Club,12.9691547,77.4993993,,,,,stop_position
12981630875,node,Nagarbhavi Vishweshwariah Sports Club,12.9690723,77.4993612,,,bus_stop,,platform
12981630902,node,ITI Layout,12.9678110,77.5023804,,,,,stop_position
12981630903,node,ITI Layout,12.9677746,77.5023634,,,bus_stop,,platform
12981630912,node,Deepa Complex,12.9665838,77.5048976,,,,,stop_position
12981630913,node,Ambedkar Institute of Technology,12.9629652,77.5049490,,,,,stop_position
12981630914,node,Ambedkar Institute of Technology,12.9629717,77.5049162,,,bus_stop,,platform
12981630915,node,Kengunte Circle,12.9607467,77.5043766,,,,,stop_position
12981630916,node,Kengunte Circle,12.9607599,77.5043313,,,bus_stop,,platform
12981630917,node,Mallathalli Cross,12.9574651,77.5030999,,,,,stop_position
12981630918,node,Mallathalli Cross,12.9574836,77.5030522,,,bus_stop,,platform
12981630923,node,University Quarters,12.9523715,77.4998029,,,bus_stop,,platform
12981630924,node,BUC Admin Block,12.9491470,77.5011403,,,,,stop_position
12981630925,node,BUC Admin Block,12.9491271,77.5010908,,,bus_stop,,platform
12981630935,node,BUC Library,12.9442912,77.5042516,,,,,stop_position
12981630936,node,BUC Library,12.9442791,77.5042329,,,bus_stop,,platform
12981630937,node,BUC Ladies Hostel,12.9422115,77.5057027,,,,,stop_position
12981630942,node,BUC Ladies Hostel,12.9421760,77.5056470,,,bus_stop,,platform
12981630951,node,Bengaluru University Gate,12.9359199,77.5127796,,,,,stop_position
12981630952,node,Bengaluru University Gate,12.9359016,77.5127142,,,bus_stop,,platform
12984944735,node,BK Circle,12.8713756,77.5832935,,,bus_stop,,platform
12989026907,node,Coffee Day Hope Farm,12.9799570,77.7516718,,,,,stop_position
12989026908,node,Coffee Day Hope Farm,12.9799512,77.7517086,,,bus_stop,,platform
12989026909,node,Kadugodi Bridge,12.9945193,77.7578103,,,,,stop_position
12989026910,node,Sathya Sai Baba Mandir,13.0012710,77.7576413,,,,,stop_position
12989026911,node,Sathya Sai Baba Mandir,13.0012792,77.7576819,,,bus_stop,,platform
12989026912,node,Belathur,13.0040067,77.7570683,,,,,stop_position
12989026913,node,Belathur,13.0040142,77.7571160,,,bus_stop,,platform
12989265003,node,Kengeri Club,12.9234498,77.4729360,,,,,stop_position
12989265004,node,Beedi Karmikara Colony Gate,12.9223789,77.4746403,,,,,stop_position
12989265005,node,Kengeri Bande Mata,12.9198652,77.4768275,,,,,stop_position
12989265006,node,Robin Talkies,12.9160663,77.4797622,,,,,stop_position
12989265007,node,Kommaghatta Junction,12.9143718,77.4814366,,,,,stop_position
12989265008,node,Kommaghatta Junction,12.9143883,77.4813909,,,bus_stop,,platform
12989265009,node,Kengeri Ganesha Temple,12.9116345,77.4804406,,,,,stop_position
12989265010,node,Kengeri Ganesha Temple,12.9116465,77.4804039,,,bus_stop,,platform
12989273924,node,Upkar Residency Layout,12.9607653,77.4831112,,,,,stop_position
12989273925,node,Muddinapalya,12.9663379,77.4878099,,,,,stop_position
12989273926,node,Kengunte Circle,12.9603128,77.5049905,,,,,stop_position
12989273927,node,Kengunte Circle,12.9602851,77.5049897,,,bus_stop,,platform
12989273928,node,Vinayaka Layout Nagarbhavi,12.9606361,77.5074221,,,,,stop_position
12989273929,node,NGEF Layout Nagarbhavi,12.9610165,77.5099744,,,,,stop_position
12989273930,node,12th Block Nagarbhavi,12.9601605,77.5140431,,,,,stop_position
12989273931,node,12th Block Nagarbhavi,12.9601427,77.5140361,,,bus_stop,,platform
12989273932,node,Nagarbhavi Village,12.9588869,77.5167294,,,,,stop_position
12989273933,node,Jyothi Nagara,12.9592235,77.5217683,,,,,stop_position
12989273934,node,Jyothi Nagara,12.9592141,77.5217669,,,bus_stop,,platform
12989273935,node,Chandra Layout Circle,12.9581961,77.5264024,,,,,stop_position
12989273936,node,Chandra Layout Circle,12.9581731,77.5263910,,,bus_stop,,platform
12989273941,node,Ganesha Temple Chandra Layout,12.9577351,77.5286351,,,,,stop_position
12989273942,node,Ganesha Temple Chandra Layout,12.9577209,77.5286803,,,bus_stop,,platform
12989273943,node,Chandra Public School,12.9603053,77.5295505,,,,,stop_position
12989273944,node,Chandra Public School,12.9602969,77.5295748,,,bus_stop,,platform
12989273945,node,Income Tax Layout,12.9599963,77.5315050,,,,,stop_position
12989273946,node,Income Tax Layout,12.9599323,77.5314765,,,bus_stop,,platform
12989273947,node,Prasanna Talkies,12.9741112,77.5513532,,,,,stop_position
12989273948,node,6th Block Rajajinagara,12.9796725,77.5537605,,,,,stop_position
12989273949,node,6th Block Rajajinagara,12.9796559,77.5538112,,,bus_stop,,platform
12989273950,node,Gopalapura,12.9806538,77.5580989,,,,,stop_position
12994612534,node,Bangalore Cantonment,12.9920562,77.6022485,stop,,,,stop_position
12994617386,node,Bangalore Cantonment,12.9920875,77.6022559,stop,,,,stop_position
12997705404,node,Varthuru Police Station,12.9376094,77.7461998,,,,,stop_position
12997705844,node,"KK School, Varthur",12.9330665,77.7428051,,,,,stop_position
12997705845,node,"KK School, Varthur",12.9330941,77.7427460,,,bus_stop,,platform
12997705846,node,"KK School, Varthur",12.9329545,77.7427440,,,,,stop_position
12999114793,node,Ashoka Pillar,12.9424571,77.5851505,,,,,stop_position
13016547162,node,Geetanjali Layout,12.9767395,77.6547796,,,,,stop_position
13016547163,node,Geetanjali Layout,12.9767102,77.6547468,,,bus_stop,,platform
13016547164,node,Chinmaya Mission Hospital,12.9786144,77.6463813,,,,,stop_position
13016547165,node,Chinmaya Mission Hospital,12.9786522,77.6463796,,,bus_stop,,platform
13016547166,node,GTRE Engine Division,12.9820546,77.6502440,,,,,stop_position
13016547167,node,GTRE Engine Division,12.9820428,77.6502239,,,bus_stop,,platform
13016547169,node,Bagmane Tech Park,12.9807418,77.6567531,,,bus_stop,,platform
13016547170,node,DRDO Quarters,12.9839465,77.6609234,,,,,stop_position
13017482821,node,Kempegowda-Yelahanka,13.0987340,77.5988844,,,,,stop_position
13019311943,node,KR Pura Market,13.0083742,77.6952901,,,,,stop_position
13020103081,node,Jayanagar TTMC,12.9274788,77.5835475,,,bus_stop,,platform
13020305520,node,Puttenahalli,13.1105334,77.5800085,,,,,stop_position
13020305521,node,Wheel And Axle Plant,13.1060170,77.5821286,,,,,stop_position
13020305522,node,Allalasandra Gate,13.0865152,77.5937177,,,,,stop_position
13020309804,node,KR Pura Metro Station,13.0001013,77.6770903,,,,,stop_position
13020309805,node,KR Pura Metro Station,13.0000391,77.6770943,,,bus_stop,,platform
13020365388,node,Gollarahatti,12.9886038,77.4726045,,,,,stop_position
13020365389,node,Gollarahatti,12.9885723,77.4725886,,,bus_stop,,platform
13020365390,node,College Cross Byadarahalli,12.9855381,77.4795802,,,,,stop_position
13020365391,node,College Cross Byadarahalli,12.9855091,77.4795744,,,bus_stop,,platform
13020365392,node,Byadarahalli,12.9850888,77.4818856,,,,,stop_position
13020365393,node,Byadarahalli,12.9850165,77.4818730,,,bus_stop,,platform
13020365394,node,East West College Cross,12.9855483,77.4863859,,,bus_stop,,platform
13020365395,node,Anjananagara,12.9861319,77.4884440,,,,,stop_position
13020365396,node,Anjananagara,12.9860998,77.4884525,,,bus_stop,,platform
13020365397,node,Herohalli Cross,12.9875144,77.4932408,,,,,stop_position
13020365398,node,Herohalli Cross,12.9874720,77.4932536,,,bus_stop,,platform
13020365399,node,Janapriya Apartment,12.9888334,77.4991627,,,,,stop_position
13020365400,node,Janapriya Apartment,12.9887853,77.4991626,,,bus_stop,,platform
13020380236,node,CRPF,13.1237224,77.5750068,,,,,stop_position
13020380237,node,Ananthapura Gate,13.1145930,77.5790336,,,,,stop_position
13020380238,node,Ananthapura Gate,13.1145738,77.5789905,,,bus_stop,,platform
13020406481,node,Vigneshwara Nagara,12.9933349,77.4995245,,,,,stop_position
13020406482,node,Neelagiri Thopu,12.9958696,77.5025178,,,,,stop_position
13020406483,node,Hegganahalli Cross,12.9997528,77.5041228,,,,,stop_position
13020406485,node,Hegganahalli,13.0038168,77.5047469,,,bus_stop,,platform
13020406486,node,Milk Dairy Hegganahalli,13.0075770,77.5055865,,,,,stop_position
13020406487,node,Milk Dairy Hegganahalli,13.0075671,77.5056374,,,bus_stop,,platform
13020406488,node,Rajagopalanagar Rajni Farms,13.0141168,77.5090508,,,,,stop_position
13020406489,node,Peenya 14th Cross,13.0164496,77.5057200,,,,,stop_position
13020406490,node,Brundavana Peenya 2nd Stage,13.0202654,77.5080722,,,,,stop_position
13020406491,node,NTTF Peenya,13.0248896,77.5110598,,,,,stop_position
13020406492,node,NTTF Peenya,13.0248710,77.5111105,,,bus_stop,,platform
13020406493,node,Rolling Mill,13.0264921,77.5147295,,,,,stop_position
13020406494,node,Rolling Mill,13.0264677,77.5147408,,,bus_stop,,platform
13020406495,node,TVS Cross Peenya,13.0286746,77.5197196,,,,,stop_position
13020406496,node,TVS Cross Peenya,13.0287032,77.5197794,,,bus_stop,,platform
13020406497,node,Systems Peenya,13.0354466,77.5181490,,,,,stop_position
13020763140,node,RM Guttahalli,12.9998796,77.5839524,,,,,stop_position
13020763141,node,Wilson Garden Police Station,12.9502567,77.5957807,,,,,stop_position
13020763143,node,Doddakallasandra Metro Station,12.8846027,77.5522768,,,,,stop_position
13020763144,node,Doddakallasandra Metro Station,12.8846358,77.5522663,,,bus_stop,,platform
13020763145,node,Vajarahalli Metro Station,12.8771135,77.5445160,,,,,stop_position
13020763146,node,Vajarahalli,12.8771394,77.5444517,,,bus_stop,,platform
13020763147,node,Thalaghattapura,12.8692635,77.5365838,,,,,stop_position
13020763148,node,Silk Institute Metro Station,12.8620100,77.5298923,,,,,stop_position
13020763149,node,Silk Institute Metro Station,12.8619812,77.5299396,,,bus_stop,,platform
13043333368,node,Mestripalya,13.0613252,77.6203679,,,,,stop_position
13046007562,node,Beratena Agrahara,12.8642294,77.6575832,stop,,,,stop_position
13046007563,node,Beratena Agrahara,12.8635659,77.6581956,stop,,,,stop_position
13046007564,node,Hosa Road,12.8710849,77.6521471,stop,,,,stop_position
13046007566,node,Hosa Road,12.8703997,77.6527461,stop,,,,stop_position
13046007567,node,Singasandra,12.8811794,77.6446126,stop,,,,stop_position
13046007568,node,Singasandra,12.8804315,77.6451067,stop,,,,stop_position
13046007569,node,Kudlu Gate,12.8903178,77.6389484,stop,,,,stop_position
13046007570,node,Hongasandra,12.9021241,77.6316985,stop,,,,stop_position
13046007571,node,Hongasandra,12.9013317,77.6322415,stop,,,,stop_position
13046007572,node,Bommanahalli,12.9111955,77.6261256,stop,,,,stop_position
13046007573,node,Bommanahalli,12.9103040,77.6267043,stop,,,,stop_position
13046007574,node,Central Silk Board,12.9167339,77.6210257,stop,,,,stop_position
13046007575,node,BTM Layout,12.9165980,77.6086222,stop,,,,stop_position
13046007576,node,BTM Layout,12.9165730,77.6076327,stop,,,,stop_position
13046007577,node,Jayadeva Hospital,12.9167282,77.5997303,stop,,,,stop_position
13046007578,node,Jayadeva Hospital,12.9167643,77.6004425,stop,,,,stop_position
13046011005,node,Ragigudda,12.9170748,77.5877835,stop,,,,stop_position
13046011006,node,Ragigudda,12.9170892,77.5886980,stop,,,,stop_position
13046011007,node,Rashtreeya Vidyalaya Road,12.9209601,77.5800946,stop,,,,stop_position
13046011008,node,Rashtreeya Vidyalaya Road,12.9218600,77.5800478,stop,,,,stop_position
13048329096,node,AECS Layout Singasandra,12.8829318,77.6500714,,,,,stop_position
13048329097,node,AECS Layout Singasandra,12.8829572,77.6500831,,,bus_stop,,platform
13048329098,node,Kudlu Panchayath Office,12.8896242,77.6490418,,,,,stop_position
13048329099,node,Kudlu Panchayath Office,12.8896572,77.6490618,,,bus_stop,,platform
13048329100,node,BTR Garden,12.8903278,77.6462926,,,,,stop_position
13048335801,node,BTR Garden,12.8903540,77.6462978,,,bus_stop,,platform
13062011329,node,Moori Gate,12.9108555,77.6841033,,,,,stop_position
13062011333,node,Radhareddy Layout,12.9088018,77.6897782,,,,,stop_position
13062011334,node,Radhareddy Layout,12.9088452,77.6897992,,,bus_stop,,platform
13062011335,node,Kasavanahalli,12.9048756,77.6760149,,,,,stop_position
13062011336,node,Kasavanahalli,12.9048811,77.6759314,,,bus_stop,,platform
13062011337,node,Amrita University - Kasavanahalli,12.8968642,77.6751856,,,,,stop_position
13062011338,node,Amrita University - Kasavanahalli,12.8968817,77.6751329,,,bus_stop,,platform
13062011340,node,Choodasandra Circle,12.8885865,77.6729590,,,bus_stop,,platform
13062011342,node,KSRP Training Centre,12.8863615,77.6724601,,,bus_stop,,platform
13062011344,node,Rayasandra Circle,12.8757208,77.6711966,,,,,stop_position
13062011345,node,Rayasandra Circle,12.8757671,77.6711906,,,bus_stop,,platform
13062011346,node,Bengaluru Central Jail,12.8736931,77.6660536,,,bus_stop,,platform
13062011347,node,New MICO Gate,12.8703958,77.6580377,,,,,stop_position
13062011348,node,New MICO Gate,12.8704467,77.6580426,,,bus_stop,,platform
13062011349,node,Hosa Road,12.8703135,77.6537185,,,,,stop_position
13062011350,node,Hosa Road,12.8703422,77.6536923,,,bus_stop,,platform
13062011351,node,Electronic City PESIT College,12.8591540,77.6616694,,,,,stop_position
13062011352,node,Electronic City PESIT College,12.8591368,77.6616468,,,bus_stop,,platform
13074467490,node,Telephone Exchange AGO/VSD,12.9824045,77.5886066,,,,,stop_position
13075407942,node,HSR Layout BDA Complex,12.9160949,77.6351063,,,bus_stop,,platform
13084774595,node,Post Office Sahakara Nagara,13.0618872,77.5872291,,,,,stop_position
13086731139,node,Hope Farm,12.9839588,77.7516955,,,,,stop_position
13086731140,node,Hope Farm,12.9840093,77.7524960,,,,,stop_position
13086731141,node,Hope Farm,12.9840804,77.7526162,,,,,stop_position
13104075613,node,Indiranagar Police Station,12.9788197,77.6407979,,,,,stop_position
13110965269,node,Arekere BPL,12.8867798,77.5968101,,,,,stop_position
13110965685,node,Monotype Corporation,12.9228880,77.5736094,,,,,stop_position
13110965686,node,Monotype Corporation,12.9228875,77.5736719,,,bus_stop,,platform
13110965687,node,Tata Silk Farm,12.9361338,77.5738973,,,,,stop_position
13110965688,node,Tata Silk Farm,12.9361337,77.5739137,,,bus_stop,,platform
13110965689,node,Tata Silk Farm,12.9360198,77.5738341,,,,,stop_position
13110965690,node,Basavanagudi Police Station,12.9415864,77.5738340,,,,,stop_position
13110965691,node,Basavanagudi Police Station,12.9415839,77.5738804,,,bus_stop,,platform
13110965693,node,National College,12.9497910,77.5737601,,,,,stop_position
13116015630,node,Varthur Police Station,12.9377724,77.7462926,,,bus_stop,,platform
13125315828,node,IIMB Bus Station,12.8960047,77.6034493,,,bus_stop,,platform
13127586574,node,Glass House Halage Vaderahalli,12.9067657,77.5122918,,,,,stop_position
13130036325,node,meenakshi temple bus stop,12.8732729,77.5942077,,,bus_stop,,platform
13130269301,node,Meenakshi Temple,12.8741873,77.5944319,,,bus_stop,,platform
13130269308,node,Meenakshi Temple,12.8740437,77.5945104,,,,,stop_position
13130332986,node,Chikkabettahalli,13.0895271,77.5563543,,,,,stop_position
13130332987,node,Chikkabettahalli,13.0894420,77.5561904,,,,,stop_position
13130334025,node,Thirumala Daba,13.0976806,77.5630989,,,,,stop_position
13130334026,node,Thirumala Daba,13.0977599,77.5631135,,,,,stop_position
13131377203,node,Doddakammnahalli Bus stop,12.8613960,77.5997263,,,bus_stop,,platform
13179755394,node,Jayanagar 2nd Block,12.9374832,77.5849872,,,bus_stop,,platform
13200227931,node,,12.9431032,77.7469620,,,bus_stop,,platform
13235863342,node,Thalagattapura Metro Station,12.8712838,77.5385777,,,,,stop_position
13235863343,node,Thalagattapura Metro Station,12.8712967,77.5385602,,,bus_stop,,platform
13235863344,node,Ganigarapalya,12.8761189,77.5331944,,,,,stop_position
13235863345,node,Ganigarapalya,12.8761419,77.5331984,,,bus_stop,,platform
13235863346,node,Chikkegowdanapalya Junction,12.8780465,77.5166677,,,,,stop_position
13235863347,node,Chikkegowdanapalya Junction,12.8780820,77.5166827,,,bus_stop,,platform
13235863348,node,MRB Grand Hotel,12.8882761,77.5161236,,,,,stop_position
13235863349,node,MRB Grand Hotel,12.8882806,77.5161691,,,bus_stop,,platform
13235863394,node,Kariyanapalya Cross (80 Foot Road Junction),12.8922521,77.5143509,,,,,stop_position
13235863395,node,Kariyanapalya Cross (80 Foot Road Junction),12.8922601,77.5144109,,,bus_stop,,platform
13235863396,node,Srinivasapura,12.9039326,77.5107651,,,,,stop_position
13235863397,node,Srinivasapura,12.9039352,77.5108355,,,bus_stop,,platform
13235863398,node,Bengaluru Children Hospital,12.9097827,77.5134562,,,,,stop_position
13235863399,node,Jnanakshi Layout,12.9130250,77.5136960,,,,,stop_position
13235863400,node,Jnanakshi Layout,12.9130243,77.5137162,,,bus_stop,,platform
13235885201,node,Halage Vaderahalli,12.9199955,77.5139433,,,,,stop_position
13235885202,node,Maramma Temple Halage Vaderahalli,12.9228854,77.5143201,,,,,stop_position
13235885203,node,Maramma Temple,12.9228908,77.5143398,,,bus_stop,,platform
13235885204,node,Pattanagere Jayanna Circle,12.9263102,77.5146076,,,,,stop_position
13235885205,node,Pattanagere Jayanna Circle,12.9263141,77.5146268,,,bus_stop,,platform
13235885210,node,Rajarajeshwari Nagara,12.9364546,77.5197254,,,,,stop_position
13235885211,node,Rajarajeshwari Nagar,12.9364702,77.5197190,,,bus_stop,,platform
13245235117,node,MM industries,12.9292829,77.5736727,,,,,stop_position
13276814991,node,JSS College,12.9037869,77.5079730,,,bus_stop,,platform
13277115723,node,RMC Yard,13.0244143,77.5482175,,,bus_stop,,platform
13277115724,node,RMC Yard,13.0243144,77.5483905,,,bus_stop,,platform
13287555695,node,RMS Sanjaynagara,13.0375629,77.5743571,,,,,stop_position
13287555696,node,RMS Sanjaynagara,13.0375538,77.5743328,,,bus_stop,,platform
13299108713,node,,12.9706503,77.6195600,,,bus_stop,,platform
13315889964,node,,12.9605149,77.6435141,,,bus_stop,,platform
13325759551,node,Ittige Factory,13.1025878,77.6289105,,,,,stop_position
13325759552,node,Srinivasapura Cross,13.1035885,77.6228778,,,,,stop_position
13325759553,node,Sapthagiri Layout,13.1045760,77.6106387,,,,,stop_position
13326713956,node,Krishnarajapuram,13.0007987,77.6755527,stop,,,,stop_position
13326713957,node,Krishnarajapuram,13.0005461,77.6754561,station,,,,station
13328330065,node,Yelahanka Junction,13.1040322,77.5921436,stop,,,,stop_position
13328330066,node,Channasandra,13.0118414,77.6632915,stop,,,,stop_position
13328385859,node,Carmelaram,12.9073797,77.7059438,stop,,,,stop_position
13328385860,node,Belandur Road,12.9384339,77.7071906,stop,,,,stop_position
13328385861,node,Banaswadi,13.0059608,77.6283102,stop,,,,stop_position
13328424301,node,Sir M Visvesvaraya Terminal,12.9997325,77.6412578,stop,,,,stop_position
13342657831,node,Nanda Talkies,12.9324686,77.5802162,,,bus_stop,,platform
13342657832,node,South End Circle,12.9357161,77.5801626,,,bus_stop,,platform
13342713062,node,Carmelaram,12.9073733,77.7058833,stop,,,,stop_position
13342713087,node,Carmelaram Gate,12.9035614,77.7039581,,,,,stop_position
13345246758,node,Ashwath Nagar,13.0268982,77.5794511,,,bus_stop,,platform
13353633839,node,ITPL,12.9878346,77.7371697,,,bus_stop,,platform
13354608888,node,East end Jayanagara,12.9168408,77.5973649,,,,,stop_position
13361627576,node,Bangalore Cantonment,12.9935547,77.5988853,stop,,,,stop_position
13361627593,node,Bangalore Cantonment,12.9922947,77.6022743,stop,,,,stop_position
13361627594,node,Bangalore Cantonment,12.9922527,77.6022747,stop,,,,stop_position
13361627595,node,Bangalore Cantonment,12.9919183,77.6022398,stop,,,,stop_position
13368767045,node,Krishnarajapuram,13.0006526,77.6755508,stop,,,,stop_position
13368767046,node,Krishnarajapuram,13.0007049,77.6755520,stop,,,,stop_position
13368767047,node,Krishnarajapuram,13.0008959,77.6755521,stop,,,,stop_position
13391083266,node,Hebbala,13.0412727,77.5894782,,,,,stop_position
13391083267,node,Hebbala,13.0412206,77.5894712,,,bus_stop,,platform
13394452120,node,Domlur,12.9611561,77.6369865,,,,,stop_position
13420680794,node,,12.9865003,77.7536432,,,bus_stop,,platform
13451824601,node,16th Main BTM Layout,12.9166482,77.6107150,,,bus_stop,,
13540587252,node,,12.9876966,77.5386175,,,bus_stop,,platform
13667221393,node,Channasandra,13.0112630,77.6624420,,,,,stop_position
13667265399,node,Binnamangala,12.9831340,77.6378969,,,,,stop_position
13701946399,node,Prasanna Theatre,12.9760935,77.5524922,,,,,stop_position
13723578871,node,,12.9406835,77.5761379,,,bus_stop,,platform
13734962761,node,Mayo Hall,12.9734985,77.6106666,,,,,stop_position
13734962762,node,Mayo Hall,12.9735242,77.6106614,,,bus_stop,,platform
13820964327,node,Sarjapura Road Junction,12.9204711,77.6650196,,,bus_stop,,
13904007858,node,,12.9823535,77.5371598,,,bus_stop,,platform
13904007859,node,,12.9824350,77.5371733,,,bus_stop,,platform
13904007860,node,,12.9827492,77.5373815,,,bus_stop,,platform
13913736294,node,Domlur,12.9612172,77.6363708,,,bus_stop,,platform
31231545,way,Domlur Bus Station,12.9618019,77.6387296,,,,bus_station,station
36885141,way,KR Market Bus Terminus,12.9640735,77.5777920,,,,bus_station,station
37339217,way,Kalasipalyam Bus Stand,12.9603969,77.5771506,,,,bus_station,station
53861548,way,Platform 5,12.9787256,77.5687510,platform,,,,platform
53861558,way,Platform 6,12.9787716,77.5685108,platform,,,,platform
53861694,way,Platform 10,12.9794230,77.5681833,platform,,,,platform
53861697,way,Platform 7,12.9782699,77.5684478,platform,,,,platform
53861700,way,Platform 8,12.9786896,77.5682170,platform,,,,platform
54148031,way,Hampinagara Bus Station,12.9589791,77.5354787,,,,bus_station,station
82432698,way,Yelahanka New Town,13.0957176,77.5790909,,,platform,,platform
122415848,way,Koramangala TTMC,12.9409670,77.6250520,,,,bus_station,station
130127246,way,Kadugodi Bus Station,12.9957008,77.7585103,,,,bus_station,station
130127247,way,Kadugodi Bus Station,12.9956989,77.7585204,,,,bus_station,station
131219780,way,Jeevan Bhima Nagar Bus Depot,12.9657586,77.6580829,,,,bus_station,
137930290,way,Vijayanagar Bus Stand,12.9654668,77.5346730,,,,bus_station,station
141375009,way,Sharada Colony Bus Depot,12.9884247,77.5336659,,,,bus_station,
162258166,way,Atal Bihari Vajpayee Bus Stand,12.9173272,77.5891568,,,,bus_station,station
162332398,way,Banashankari TTMC,12.9177649,77.5729950,,,,bus_station,station
173154283,way,,12.9175199,77.5729498,,,,bus_station,station
208748260,way,Shivajinagar Bus Station,12.9832087,77.6030764,,,,bus_station,station
239832511,way,Kempegowda Bus Station,12.9781534,77.5724250,,,,bus_station,station
243896056,way,Kuvempunagara Bus Station,12.9156888,77.6162448,,,,bus_station,station
259879354,way,ISRO Layout Bus Stand,12.8994801,77.5584490,,,,bus_station,station
287724333,way,Choudeshwari Bus Stand,13.0328303,77.5540115,,,,bus_station,
293158467,way,Platform 2,12.9935807,77.5991947,platform,,,,platform
293158468,way,Platform 1,12.9934212,77.5991296,platform,,,,platform
314075857,way,Malleswaram 18th Cross,13.0088483,77.5688359,,,platform,bus_station,platform
322488099,way,KSRTC Bus Terminal 3,12.9750590,77.5716909,,,,bus_station,station
323113360,way,Chikkamaranahalli,13.0363195,77.5664043,,,,bus_station,
323113362,way,,13.0362098,77.5662735,,,,,platform
323113363,way,,13.0361708,77.5661514,,,,,platform
323113364,way,,13.0362718,77.5663828,,,,,platform
326201186,way,Viveknagar Bus Station,12.9543449,77.6226955,,,,bus_station,
326551177,way,Basaveshwara Bus Station,13.0449062,77.5256683,,,,bus_station,
342673830,way,Basavanagar Bus Stand,12.9668909,77.6826461,,,,bus_station,station
343889603,way,,13.0008654,77.6191179,platform,,,,platform
343889606,way,,13.0004423,77.6193717,platform,,,,platform
363612201,way,,13.0975525,77.5916740,,,platform,,platform
363612204,way,,13.0979014,77.5912546,,,platform,,platform
363612205,way,NES Office,13.0976343,77.5915741,,,platform,,platform
363612207,way,NES Office,13.0975095,77.5917274,,,platform,,platform
363612208,way,,13.0978281,77.5913519,,,platform,,platform
372021471,way,Platform 2,12.9760538,77.5687495,platform,,,,platform
372021472,way,Platform 3,12.9760856,77.5686440,platform,,,,platform
372031014,way,KSRTC Bus Terminal 1,12.9767570,77.5739308,,,,bus_station,station
372035849,way,Platform 1,12.9785980,77.5693440,platform,,,,platform
372049015,way,Platform 9,12.9788235,77.5680683,platform,,,,platform
373568261,way,Platform 4,12.9761138,77.5685187,platform,,,,platform
384275306,way,Platform 1,12.9777385,77.5727798,,,,,platform
384275307,way,Platform 2,12.9778869,77.5726820,,,,,platform
384276810,way,Platform 3,12.9779845,77.5725135,,,,,platform
384276811,way,Platform 3A,12.9780023,77.5722771,,,,,platform
384276812,way,Platform 5,12.9778928,77.5718954,,,,,platform
384278484,way,Platform 6A,12.9780817,77.5720898,,,,,platform
384278485,way,Platform 6,12.9780016,77.5719838,,,,,platform
384278486,way,Platform 7,12.9781314,77.5722047,,,,,platform
384278487,way,Platform 8A,12.9781422,77.5725075,,,,,platform
384278488,way,Platform 8,12.9781541,77.5722965,,,,,platform
393781676,way,Yeshwanthapura TTMC,13.0181038,77.5565251,,,,bus_station,station
393785885,way,Hebbal Bus Station,13.0427883,77.5920157,,,,bus_station,station
393785886,way,Hebbal Bus Station,13.0425128,77.5900176,,,,bus_station,station
400455142,way,Vidyaranyapura Bus Terminus,13.0835244,77.5608039,,,,bus_station,
401993921,way,Neelasandra,12.9576398,77.6141529,,,,bus_station,
405425985,way,,12.9914426,77.6529900,platform,,,,platform
405425986,way,,12.9914187,77.6521193,platform,,,,platform
408518065,way,Krishnadevaraya Halt,12.9575999,77.5387252,station,,,,station
408933953,way,,13.0232508,77.5517734,platform,,,,platform
408933954,way,,13.0232037,77.5519638,platform,,,,platform
408933955,way,,13.0233096,77.5512632,platform,,,,platform
408933956,way,,13.0234219,77.5513624,platform,,,,platform
412909365,way,Yelahanka Satellite Town,13.1057293,77.5725276,,,,bus_station,
415124236,way,Vignananagar Bus Station,12.9726274,77.6777335,,,,bus_station,
420181759,way,Shri Vidhyanagara BMTC Bus station,12.9341348,77.5396549,,,,bus_station,
420436334,way,C V Raman Nagar Bus Stand,12.9856425,77.6640815,,,,bus_station,
421956349,way,Yelahanka Old Town,13.1009552,77.5947807,,,,bus_station,station
426854066,way,,13.0005698,77.6742510,platform,,,,platform
426854067,way,,13.0004902,77.6745404,platform,,,,platform
426854071,way,,13.0009696,77.6763570,platform,,,,platform
437563235,way,Kengeri TTMC,12.9137066,77.4870405,,,,bus_station,station
437848260,way,Chandra Layout Bus Station,12.9591632,77.5268919,,,,bus_station,
440327192,way,NES Office,13.0977000,77.5914873,,,bus_stop,bus_station,platform
450537555,way,Platform 1,12.9072312,77.7058710,platform,,,,platform
455958466,way,Jambu Savari Dinne Bus Bay,12.8657411,77.5814308,,,,bus_station,
473574167,way,,12.9809457,77.5973140,platform,,,,platform
473574168,way,,12.9809937,77.5973287,platform,,,,platform
473574176,way,,12.9782556,77.6385885,platform,,,,platform
473574177,way,,12.9783411,77.6385925,platform,,,,platform
487589134,way,Platform 2 and 3,13.1037535,77.5921740,platform,,,,platform
490824219,way,N. R. Colony Bus Station,12.9380703,77.5690260,,,,bus_station,station
636462561,way,Towards Silk Institute,12.9754539,77.5729969,platform,,,,platform
636462562,way,Towards Nagasandra,12.9754550,77.5729041,platform,,,,platform
657125825,way,Platform 2,12.9066829,77.7060728,platform,,,,platform
676038923,way,,13.0099363,77.6635893,platform,,,,platform
676038924,way,,13.0103556,77.6633181,platform,,,,platform
687173199,way,Kalyan Nagar BMTC Depot,13.0265644,77.6383427,,,,bus_station,
726174388,way,Mallasandra Bus Station,13.0590740,77.5076931,,,,bus_station,station
752917438,way,Jayanagar TTMC,12.9282487,77.5843406,,,,bus_station,station
781766935,way,Kengeri Uppanagara Bus Stand,12.9162491,77.4825373,,,,bus_station,station
782061210,way,Hebbala,13.0389578,77.5896702,,,bus_stop,shelter,platform
782061211,way,Hebbala,13.0388849,77.5896672,,,bus_stop,shelter,platform
782061212,way,Hebbala,13.0388166,77.5896632,,,bus_stop,shelter,platform
917864902,way,"Platform 4,5",12.9997458,77.6416651,platform,,,,platform
917864904,way,Platform 1,12.9996821,77.6412011,platform,,,,platform
917864919,way,"Platform 6,7",12.9995334,77.6420489,platform,,,,platform
917864933,way,"Platform 2,3",12.9998093,77.6413698,platform,,,,platform
1066726710,way,,12.9181312,77.6230925,,,,bus_station,station
1074282721,way,,12.9180991,77.6229272,,,,,platform
1074282722,way,,12.9180318,77.6230985,,,,,platform
1074282723,way,,12.9179631,77.6232776,,,,,platform
1074282724,way,,12.9178919,77.6234566,,,,,platform
1074282725,way,,12.9182102,77.6229903,,,,,platform
1074282726,way,,12.9181429,77.6231616,,,,,platform
1074282727,way,,12.9180742,77.6233406,,,,,platform
1074282728,way,,12.9180031,77.6235196,,,,,platform
1074282729,way,,12.9183174,77.6230345,,,,,platform
1074282730,way,,12.9182501,77.6232058,,,,,platform
1074282731,way,,12.9181814,77.6233849,,,,,platform
1074282732,way,,12.9181102,77.6235639,,,,,platform
1074282733,way,,12.9182230,77.6236077,,,,,platform
1074282734,way,,12.9182942,77.6234286,,,,,platform
1074282735,way,,12.9183628,77.6232496,,,,,platform
1074282736,way,,12.9184300,77.6230783,,,,,platform
1147692545,way,Vydehi TTMC,12.9771653,77.7265033,,,,bus_station,station
1190645679,way,,12.9814786,77.5689718,platform,,,,platform
1190646524,way,"Platform 7,8",12.9788409,77.5684298,platform,,,,platform
1190693749,way,Platform 5,12.9799777,77.5691700,platform,,,,platform
1190693750,way,Platform 6,12.9800700,77.5690526,platform,,,,platform
1190781763,way,Platform 6,12.9766791,77.5679619,platform,,,,platform
1190781764,way,Platform 5,12.9766361,77.5681669,platform,,,,platform
1190791503,way,Platform 4,12.9786592,77.5690629,platform,,,,platform
1190870618,way,Platform 3,12.9786341,77.5691748,platform,,,,platform
1190870619,way,Platform 2,12.9786148,77.5692635,platform,,,,platform
1191257892,way,Platform 1,12.9802329,77.5697153,platform,,,,platform
1191658934,way,Platform 1,12.9764797,77.5689817,platform,,,,platform
1191899747,way,Platform 9,12.9805826,77.5684580,platform,,,,platform
1191902624,way,Platform 9,12.9766345,77.5676677,platform,,,,platform
1192092560,way,Platform 10,12.9767324,77.5676131,platform,,,,platform
1205832117,way,,12.9604564,77.5772270,,,,,platform
1205832118,way,,12.9606567,77.5772648,,,,,platform
1205832119,way,,12.9608504,77.5773004,,,,,platform
1205832120,way,,12.9609723,77.5772353,,,,,platform
1205832121,way,,12.9612591,77.5772333,,,,,platform
1212700499,way,"Bus Terminal 2, 2A",12.9767181,77.5719199,,,,bus_station,station
1218649148,way,Platform 4 and 5,13.1041922,77.5917843,platform,,,,platform
1218649150,way,Platform 1,13.1040662,77.5921880,platform,,,,platform
1219043545,way,Wilson Garden 7th Cross,12.9469668,77.5946428,,,,,platform
1219767930,way,,12.9412018,77.5201790,platform,,,,platform
1219767931,way,,12.9409171,77.5199449,platform,,,,platform
1219767932,way,,12.9412729,77.5200845,platform,,,,platform
1226249412,way,,12.9808830,77.7088724,platform,,,,platform
1226249413,way,,12.9808451,77.7087054,platform,,,,platform
1231838392,way,Yelahanka New Town,13.0956546,77.5790346,,,,bus_station,station
1233840453,way,NES Office,13.0977027,77.5914916,,,platform,,platform
1238821118,way,KSRTC Mysore Road Satellite Bus Station,12.9532043,77.5437227,,,,bus_station,
1240351898,way,Towards Challaghatta,12.9756152,77.5725500,platform,,,,platform
1240351899,way,Towards Whitefield (Kadugodi),12.9758566,77.5725738,platform,,,,platform
1247625538,way,St. Joseph's College,12.9698895,77.6029542,,,bus_stop,,platform
1247641627,way,Pothalappa Garden,12.9484097,77.6061911,,,bus_stop,,platform
1247641628,way,Pothalappa Garden,12.9492024,77.6062051,,,bus_stop,,platform
1248248361,way,Reliance Petrol Bunk Goraguntepalya,13.0292306,77.5366389,,,bus_stop,,platform
1248258441,way,Devegowda Petrol Bunk,12.9228326,77.5570949,,,bus_stop,,platform
1248258442,way,Kamakhya Talkies,12.9238169,77.5540791,,,bus_stop,,platform
1253845332,way,Byatarayanapura,13.0670852,77.5934149,,,bus_stop,,platform
1254353743,way,Vasanth Nagar,12.9930006,77.5951838,,,bus_stop,,platform
1263537984,way,KR Circle,12.9737717,77.5867075,,,bus_stop,,platform
1267893498,way,Indian Express,12.9839573,77.5965697,,,bus_stop,,platform
1270568463,way,Kumaraswamy Layout,12.9029293,77.5616962,,,platform,,platform
1270568466,way,Kumaraswamy Layout,12.9029352,77.5617157,,,,bus_station,
1271969090,way,Nandini Layout,13.0115825,77.5358440,,,,bus_station,
1294964801,way,,12.9776248,77.7157004,platform,,,,platform
1294964802,way,,12.9774756,77.7156818,platform,,,,platform
1312431260,way,,12.9766588,77.7248450,platform,,,,platform
1312431262,way,,12.9765476,77.7248390,platform,,,,platform
1326435755,way,,13.0436948,77.5630407,,,,,platform
1326435756,way,,13.0436628,77.5631731,,,,,platform
1326435761,way,,13.0429576,77.5627818,,,,,platform
1326435762,way,,13.0430239,77.5626515,,,,,platform
1329553372,way,,12.9066937,77.5217239,,,,bus_station,
1349140732,way,Platform 20B,12.9785346,77.5722406,,,,,platform
1349140733,way,Platform 20,12.9784261,77.5719167,,,,,platform
1349140734,way,Platform 19C,12.9783074,77.5717396,,,,,platform
1349140735,way,Platform 19B,12.9782179,77.5716522,,,,,platform
1349140736,way,Platform 19A,12.9780889,77.5715548,,,,,platform
1349140737,way,Platform 19,12.9779480,77.5714819,,,,,platform
1349140738,way,Platform 20A,12.9784942,77.5720738,,,,,platform
1349140743,way,Platform 18A,12.9778764,77.5717250,,,,,platform
1349140744,way,Platform 18,12.9779472,77.5717602,,,,,platform
1349140745,way,Platform 17,12.9781500,77.5719400,,,,,platform
1349140746,way,Platform 16,12.9782266,77.5720618,,,,,platform
1349140747,way,Platform 15A,12.9782757,77.5721923,,,,,platform
1349140748,way,Platform 15,12.9782979,77.5722949,,,,,platform
1349140749,way,Platform 17A,12.9780430,77.5718304,,,,,platform
1349140750,way,Platform 14,12.9782936,77.5724994,,,,,platform
1349140751,way,Platform 13,12.9782768,77.5725761,,,,,platform
1349140752,way,Platform 12,12.9781560,77.5728196,,,,,platform
1349140753,way,Platform 11B,12.9780313,77.5729558,,,,,platform
1349140754,way,Platform 11A,12.9779422,77.5730148,,,,,platform
1349140755,way,Platform 11,12.9778481,77.5730648,,,,,platform
1349140756,way,Platform 12A,12.9782342,77.5726854,,,,,platform
1349140757,way,Platform 10,12.9778801,77.5728780,,,,,platform
1349140758,way,Platform 8B,12.9781017,77.5726275,,,,,platform
1349140759,way,Platform 9,12.9780157,77.5727573,,,,,platform
1349140760,way,Platform 4,12.9779550,77.5721507,,,,,platform
1349140761,way,Platform 4A,12.9778807,77.5720568,,,,,platform
1349140762,way,Platform 4B,12.9777553,77.5719793,,,,,platform
1351813329,way,Platform 24,12.9779548,77.5732527,,,,,platform
1351813330,way,Platform 25,12.9781882,77.5731040,,,,,platform
1351813331,way,Platform 25A,12.9783451,77.5729400,,,,,platform
1351813332,way,Platform 25B,12.9784333,77.5727880,,,,,platform
1351813333,way,Platform 25C,12.9784985,77.5725781,,,,,platform
1351813334,way,Platform 26A,12.9784946,77.5721137,,,,,platform
1351813335,way,Platform 27,12.9784480,77.5719938,,,,,platform
1351813336,way,Platform 27A,12.9783910,77.5718787,,,,,platform
1351813337,way,Platform 28,12.9783433,77.5718077,,,,,platform
1351813338,way,Platform 28A,12.9782551,77.5717095,,,,,platform
1351813339,way,Platform 29,12.9781551,77.5716175,,,,,platform
1351813340,way,Platform 29A,12.9780781,77.5715649,,,,,platform
1351813341,way,Platform 29B,12.9779962,77.5715203,,,,,platform
1351813342,way,Platform 29C,12.9779105,77.5714843,,,,,platform
1351813343,way,Platform 26,12.9785195,77.5722403,,,,,platform
1351813344,way,Platform 19D,12.9783603,77.5718066,,,,,platform
1351813345,way,Platform 11C,12.9780845,77.5729077,,,,,platform
1351813346,way,KIA Bus Stop,12.9775754,77.5726759,,,bus_stop,,platform
1351813347,way,Platform 23D,12.9778754,77.5733052,,,,,platform
1351813348,way,Platform 23A,12.9781617,77.5731454,,,,,platform
1351813349,way,Platform 23,12.9782961,77.5730173,,,,,platform
1351813350,way,Platform 22B,12.9784018,77.5728709,,,,,platform
1351813351,way,Platform 22,12.9784786,77.5727100,,,,,platform
1351813352,way,Platform 21,12.9785262,77.5725376,,,,,platform
1351813353,way,Platform 23C,12.9780037,77.5732470,,,,,platform
1351828770,way,Platform 9,12.9177497,77.5727530,,,,,platform
1351828771,way,Platform 8,12.9175596,77.5727516,,,,,platform
1351828772,way,Platform 7,12.9173563,77.5727503,,,,,platform
1351828773,way,Platform 4,12.9173573,77.5728710,,,,,platform
1351828774,way,Platform 5,12.9175605,77.5728723,,,,,platform
1351828775,way,Platform 6,12.9177507,77.5728737,,,,,platform
1351828776,way,Platform 3,12.9177494,77.5730132,,,,,platform
1351828777,way,Platform 2,12.9175592,77.5730118,,,,,platform
1351828778,way,Platform 1,12.9173560,77.5730105,,,,,platform
1351849571,way,Platform 9,12.9831543,77.6028319,,,,,platform
1351849572,way,Platform 10,12.9833595,77.6028935,,,,,platform
1351849573,way,Platform 11,12.9835615,77.6029540,,,,,platform
1351849574,way,Platform 12,12.9837626,77.6030143,,,,,platform
1351849575,way,Platform 5,12.9831215,77.6029469,,,,,platform
1351849576,way,Platform 6,12.9833267,77.6030085,,,,,platform
1351849577,way,Platform 7,12.9835287,77.6030691,,,,,platform
1351849578,way,Platform 8,12.9837298,77.6031295,,,,,platform
1351849579,way,Platform 2,12.9832940,77.6031235,,,,,platform
1351849580,way,Platform 4,12.9836971,77.6032445,,,,,platform
1351849581,way,Platform 3,12.9834959,77.6031841,,,,,platform
1351849582,way,Platform 1,12.9830888,77.6030620,,,,,platform
1351855560,way,,12.9610142,77.5772939,,,,,platform
1351855561,way,Platform 6C,12.9609621,77.5774528,,,,,platform
1351855562,way,Platform 6A,12.9608146,77.5772497,,,,,platform
1351855563,way,Platform 6,12.9607409,77.5771482,,,,,platform
1351855564,way,Platform 5B,12.9607644,77.5774135,,,,,platform
1351855565,way,Platform 5A,12.9606552,77.5772628,,,,,platform
1351855566,way,Platform 6B,12.9608885,77.5773515,,,,,platform
1351855567,way,,12.9609329,77.5771792,,,,,platform
1351855568,way,Platform 5,12.9605474,77.5771141,,,,,platform
1351855569,way,Platform 3A,12.9604191,77.5771699,,,,,platform
1351855570,way,Platform 3B,12.9604984,77.5772830,,,,,platform
1351855571,way,Platform 4,12.9605767,77.5773947,,,,,platform
1351855572,way,Platform 3,12.9603400,77.5770570,,,,,platform
1351860846,way,Platform 3,12.9136517,77.4874371,,,,,platform
1351860847,way,Platform 2,12.9136871,77.4873070,,,,,platform
1351860848,way,Platform 1,12.9137127,77.4871988,,,,,platform
1351862833,way,Platform 3,13.1008462,77.5947396,,,,,platform
1351862834,way,Platform 2,13.1008982,77.5947542,,,,,platform
1351862835,way,Platform 1,13.1009502,77.5947688,,,,,platform
1351867041,way,Platform 5,12.9616137,77.6386605,,,,,platform
1351867042,way,Platform 6,12.9617481,77.6388034,,,,,platform
1351867043,way,Platform 3,12.9616824,77.6386041,,,,,platform
1351867044,way,Platform 4,12.9618168,77.6387471,,,,,platform
1351867045,way,Platform 2,12.9618803,77.6387018,,,,,platform
1351867046,way,Platform 1,12.9617458,77.6385588,,,,,platform
1352304533,way,Towards Silk Institute,12.9154272,77.5735624,platform,,,,platform
1352304534,way,Towards Madavara,12.9154109,77.5736844,platform,,,,platform
1352304535,way,Towards Madavara,12.9074339,77.5730600,platform,,,,platform
1352304536,way,Towards Silk Institute,12.9074486,77.5731823,platform,,,,platform
1352304537,way,Towards Madavara,12.8960858,77.5700715,platform,,,,platform
1352304538,way,Towards Silk Institute,12.8960073,77.5701646,platform,,,,platform
1352304539,way,Towards Madavara,12.8890515,77.5626850,platform,,,,platform
1352304540,way,Towards Silk Institute,12.8889576,77.5627741,platform,,,,platform
1352304541,way,Towards Silk Institute,12.8846016,77.5527963,platform,,,,platform
1352304542,way,Towards Madavara,12.8847164,77.5527601,platform,,,,platform
1352304543,way,Towards Madavara,12.8775581,77.5447242,platform,,,,platform
1352304544,way,Towards Silk Institute,12.8775117,77.5448377,platform,,,,platform
1352304545,way,Towards Madavara,12.8714237,77.5383251,platform,,,,platform
1352304546,way,Towards Silk Institute,12.8713500,77.5384224,platform,,,,platform
1352304547,way,,12.8614870,77.5299033,platform,,,,platform
1352304548,way,Towards Madavara,12.8615470,77.5297967,platform,,,,platform
1352305994,way,Platform 1,12.9667601,77.5745007,platform,,,,platform
1352305995,way,Platform 2,12.9667579,77.5745980,platform,,,,platform
1352305996,way,Platform 1,12.9605211,77.5745469,platform,,,,platform
1352305997,way,Platform 2,12.9605066,77.5746431,platform,,,,platform
1352306004,way,Towards Madavara,12.9504959,77.5736440,platform,,,,platform
1352306005,way,Towards Silk Institute,12.9504966,77.5737414,platform,,,,platform
1352306006,way,Towards Madavara,12.9462959,77.5799693,platform,,,,platform
1352306007,way,Towards Silk Institute,12.9462966,77.5800665,platform,,,,platform
1352306008,way,Towards Madavara,12.9382852,77.5800088,platform,,,,platform
1352306009,way,Towards Silk Institute,12.9382859,77.5801062,platform,,,,platform
1352306010,way,Towards Silk Institute,12.9295803,77.5800983,platform,,,,platform
1352306011,way,Towards Madavara,12.9295822,77.5802215,platform,,,,platform
1352361296,way,Towards Silk Institute,12.9985281,77.5569526,platform,,,,platform
1352361297,way,Towards Madavara,12.9984136,77.5569318,platform,,,,platform
1352361302,way,Towards Silk Institute,12.9965577,77.5633614,platform,,,,platform
1352361303,way,Towards Madavara,12.9964230,77.5633409,platform,,,,platform
1352361308,way,Towards Silk Institute,12.9903914,77.5708626,platform,,,,platform
1352361309,way,Towards Madavara,12.9903115,77.5707474,platform,,,,platform
1352469282,way,Towards Silk Institute,13.0146885,77.5540672,platform,,,,platform
1352469283,way,Towards Madavara,13.0146841,77.5539609,platform,,,,platform
1352469289,way,Towards Madavara,13.0082407,77.5487545,platform,,,,platform
1352469290,way,Towards Silk Institute,13.0082228,77.5488927,platform,,,,platform
1352469291,way,Towards Silk Institute,13.0002738,77.5497754,platform,,,,platform
1352469292,way,Towards Madavara,13.0002526,77.5496420,platform,,,,platform
1353733806,way,Goraguntepalya,13.0283319,77.5408483,station,subway,,,station
1354573717,way,,12.9755883,77.6068140,platform,,,,platform
1354573718,way,,12.9754685,77.6067828,platform,,,,platform
1354826052,way,,12.9784720,77.5915108,platform,,,,platform
1354826053,way,,12.9785205,77.5914542,platform,,,,platform
1410852309,way,Hope Farm (Towards Varthur),12.9825173,77.7522202,,,bus_stop,shelter,platform
1410852310,way,Hope Farm (Towards Varthur),12.9823752,77.7521958,,,bus_stop,shelter,platform
1414118494,way,Platform 1D and 1E,12.9924469,77.6017416,platform,,,,platform
1414118495,way,Platform 1B and 1C,12.9926173,77.6017464,platform,,,,platform
1417004742,way,Platform 2,12.9390236,77.7072859,platform,,,,platform
1419884037,way,Bande Maramma,12.9667865,77.5160551,,,,bus_station,
1419894208,way,,12.9634263,77.5120864,,,,bus_station,
1426810495,way,Terminal 2,12.9408028,77.6900131,,,,bus_station,station
1428321423,way,,12.9679990,77.4807295,,,,bus_station,station
1454919874,way,Platform 1,12.9390118,77.7069089,platform,,,,platform
1456909293,way,Platform 1A,12.9928268,77.6012256,platform,,,,platform
1457945504,way,,12.9579173,77.5391214,,,,,platform
1457945505,way,,12.9578469,77.5392049,,,,,platform
1490472663,way,,12.9177408,77.5740735,,,,,platform
