@id,@type,@lat,@lon,highway,crossing,traffic_calming,traffic_signals
89438234,node,37.4257841,-120.7739340,stop,,,
89440456,node,37.4266418,-120.7658028,stop,,,
122820551,node,33.7128851,-117.8667094,stop,,,
122820553,node,33.7128752,-117.8655317,stop,,,
122856036,node,33.7197182,-117.8678785,traffic_signals,,,traffic_lights
122934269,node,33.7112123,-117.8658123,stop,,,
246518180,node,28.6019058,77.1806989,traffic_signals,,,
249783293,node,28.6298938,77.2194853,traffic_signals,,,
249783302,node,28.6314291,77.2167421,traffic_signals,,,
249783316,node,28.6357191,77.2198833,traffic_signals,,,
249791141,node,28.6128415,77.2401860,traffic_signals,,,
249791204,node,28.6137551,77.2122049,traffic_signals,,,
249791560,node,28.5750132,77.2293285,traffic_signals,,,
249823920,node,28.6072791,77.2402233,traffic_signals,,,
249823949,node,28.5412636,77.2319571,traffic_signals,,,
250075250,node,28.6131109,77.2509563,traffic_signals,unmarked,,
250078367,node,28.5362704,77.1973711,traffic_signals,,,
251691493,node,28.4788562,77.1221840,,,bump,
266378008,node,28.5247292,77.1554350,traffic_signals,,,
266440955,node,28.5443455,77.1783143,traffic_signals,,,
266441732,node,28.5276395,77.1890782,traffic_signals,,,
266441962,node,28.5112960,77.1827517,traffic_signals,,,
266441975,node,28.5080584,77.1771335,traffic_signals,,,
266809747,node,28.6060281,77.1874331,traffic_signals,,,signal
267075196,node,28.6130207,77.2276662,traffic_signals,traffic_signals,,
267196276,node,28.6134521,77.2184671,traffic_signals,traffic_signals,,
267196343,node,28.6176901,77.2123359,crossing,marked,,
267197835,node,28.6015743,77.2303171,traffic_signals,,,
267197841,node,28.6042391,77.2250570,crossing,marked,,
267197900,node,28.6079599,77.2181077,crossing,marked,,
267197901,node,28.6064357,77.2190048,crossing,marked,,
267250994,node,28.6269871,77.2154323,traffic_signals,,,
267259255,node,28.6237829,77.2021643,traffic_signals,,,
268212523,node,28.6092512,77.1727590,traffic_signals,,,
268212543,node,28.6236985,77.1808473,traffic_signals,,,
268212561,node,28.6334342,77.1738019,traffic_signals,,,
271335836,node,28.5056348,77.1745971,traffic_signals,,,
273278021,node,28.5469374,77.1245596,traffic_signals,,,
273278056,node,28.5469506,77.1239255,traffic_signals,,,
277419819,node,28.5856180,77.1464877,traffic_signals,,,
277420020,node,28.5317349,77.1948383,traffic_signals,,,
277420619,node,28.6366290,77.3146721,traffic_signals,,,
277792476,node,28.5234455,77.1901781,traffic_signals,,,
278164059,node,28.5303899,77.1996066,traffic_signals,,,
278164442,node,28.5491413,77.2102248,traffic_signals,,,
280740678,node,28.5787368,77.1761308,traffic_signals,,,
280740682,node,28.5785861,77.1762083,traffic_signals,,,
282138885,node,28.5750969,77.1685162,traffic_signals,,,
291542749,node,28.6451937,77.2237187,traffic_signals,,,
291542988,node,28.6457453,77.2095779,traffic_signals,,,
291685787,node,28.5318836,77.1947915,traffic_signals,,,
292443274,node,28.5229829,77.1901725,traffic_signals,,,
301037211,node,28.6331041,77.1742541,traffic_signals,,,
301037251,node,28.5440705,77.1917670,crossing,uncontrolled,,
301037255,node,28.5463590,77.1830815,,uncontrolled,,
301037262,node,28.5441761,77.1912792,mini_roundabout,,,
301037275,node,28.5448602,77.2014290,traffic_signals,,,
301037295,node,28.5445810,77.2012989,traffic_signals,,,
301037313,node,28.5448151,77.2015623,traffic_signals,,,
301037318,node,28.5509560,77.2040297,traffic_signals,,,
301037319,node,28.5508889,77.2041266,traffic_signals,,,
307369202,node,28.6076939,77.1410827,traffic_signals,,,
307369800,node,28.6360957,77.3143823,traffic_signals,,,
307369802,node,28.6366471,77.3143188,crossing,traffic_signals,,
307369811,node,28.6454561,77.3171435,traffic_signals,,,
308719791,node,28.6250726,77.2401647,traffic_signals,,,
308719942,node,28.6252545,77.2395449,crossing,uncontrolled;unmarked,,
308719966,node,28.6209278,77.2367331,crossing,marked,,
308723085,node,28.6402580,77.2409817,traffic_signals,,,
308724023,node,28.6431269,77.2028629,traffic_signals,,,
308884530,node,28.5915512,77.2126840,traffic_signals,,,
308885275,node,28.6065466,77.2171072,crossing,marked,,
308890384,node,28.5981889,77.2190372,traffic_signals,,,
309234556,node,28.5827107,77.2515381,traffic_signals,,,
309640799,node,28.6354222,77.1856514,traffic_signals,,,
314506003,node,28.6101122,77.2251145,crossing,marked,,
316066105,node,28.5693680,77.1896961,traffic_signals,,,
316376854,node,28.5751624,77.1684872,traffic_signals,,,
316376856,node,28.5785950,77.1758214,traffic_signals,,,
316376857,node,28.5767645,77.1718279,traffic_signals,,,
316376858,node,28.5765911,77.1718354,traffic_signals,,,
316376859,node,28.5784322,77.1759230,traffic_signals,,,
316376878,node,28.5976262,77.1461863,traffic_signals,,,
316376885,node,28.5977244,77.1462065,traffic_signals,,,
316376946,node,28.6250157,77.1014862,traffic_signals,,,
316376947,node,28.6249778,77.1013818,traffic_signals,,,
316463562,node,28.6019587,77.1805555,traffic_signals,,,
355435746,node,28.6414966,77.1749671,traffic_signals,,,
355435995,node,28.5156583,77.2266570,traffic_signals,,,
355435997,node,28.5155402,77.2266758,traffic_signals,,,
355436026,node,28.5178435,77.2153801,traffic_signals,,,
355436027,node,28.5179587,77.2154078,traffic_signals,,,
355436110,node,28.5302096,77.1995181,traffic_signals,,,
355440904,node,28.7315399,77.1583797,traffic_signals,,,
356261273,node,28.5765804,77.0695337,traffic_signals,,,signal
372717390,node,28.5607759,77.2009032,traffic_signals,,,
388048380,node,28.5393248,77.1990944,traffic_signals,,,
395135063,node,28.5854327,77.1263236,traffic_signals,,,
395135138,node,28.6409537,77.2258197,traffic_signals,,,
410059731,node,28.6675949,77.3217556,traffic_signals,,,
412213457,node,28.4374835,77.1468745,mini_roundabout,,,
412331446,node,28.5953413,77.1410062,mini_roundabout,,,
412331495,node,28.5762161,77.1129669,traffic_signals,,,
415540500,node,28.5271424,77.2218673,traffic_signals,,,
418811437,node,28.5907778,77.0692323,traffic_signals,,,
422261191,node,28.5765048,77.0694607,traffic_signals,,,signal
422261197,node,28.5765707,77.0693657,traffic_signals,,,signal
423735550,node,28.5697216,77.1895647,traffic_signals,,,
423735551,node,28.5697067,77.1897259,traffic_signals,,,
423735552,node,28.5693767,77.1895156,traffic_signals,,,
427807449,node,28.6034575,77.0557206,traffic_signals,,,
427807451,node,28.6033804,77.0558466,traffic_signals,,,
427807483,node,28.6035524,77.0558000,traffic_signals,,,
427807638,node,28.5762932,77.1130063,traffic_signals,,,
427807739,node,28.5908743,77.0692970,traffic_signals,,,
427833953,node,28.6217685,77.0889197,traffic_signals,,,signal
427833957,node,28.6218783,77.0877421,traffic_signals,,,
427833996,node,28.6218058,77.0877347,traffic_signals,,,
427833999,node,28.6216872,77.0888983,traffic_signals,,,signal
427834000,node,28.6216744,77.0889714,traffic_signals,,,signal
427834010,node,28.6219854,77.0929427,traffic_signals,,,signal
427834022,node,28.6249200,77.1014050,traffic_signals,,,
427834023,node,28.6249573,77.1015110,traffic_signals,,,
427851159,node,28.7193974,77.2231057,,,bump,
427851175,node,28.6967249,77.2271391,traffic_signals,,,
427851286,node,28.6966989,77.2272828,traffic_signals,,,
427851293,node,28.7091539,77.2274110,traffic_signals,unmarked,,
427851311,node,28.7091302,77.2270376,traffic_signals,unmarked,,
432874004,node,28.6397138,77.2079363,traffic_signals,,,
432874005,node,28.6352571,77.2180055,crossing,traffic_signals,,
432874009,node,28.6418752,77.2184547,traffic_signals,,,
432874023,node,28.6358681,77.2182896,crossing,marked,,
433484647,node,28.5999604,77.2180458,crossing,uncontrolled,,
433484651,node,28.5980085,77.2111023,crossing,marked,,
433484652,node,28.5975229,77.2107498,crossing,marked,,
442789388,node,28.5723099,77.2582751,traffic_signals,,,
442789389,node,28.5725405,77.2580903,traffic_signals,,,
442873489,node,28.5118819,77.2518294,traffic_signals,,,
442873491,node,28.5117599,77.2518247,traffic_signals,,,
450640554,node,28.6499865,77.2162545,traffic_signals,,,
458640669,node,28.6450490,77.2235740,traffic_signals,,,
458640674,node,28.6440448,77.2241128,crossing,uncontrolled;unmarked,,
458640736,node,28.6623807,77.2338936,traffic_signals,,,
464963953,node,28.5726940,77.2583369,traffic_signals,,,
464963956,node,28.5724574,77.2585233,traffic_signals,,,
464964152,node,28.5720560,77.2582124,crossing,marked,,
464964162,node,28.5725303,77.2579021,crossing,marked,,
496489163,node,28.6797001,77.2292984,traffic_signals,unmarked,,
496712222,node,28.7408938,77.1534932,traffic_signals,unmarked,,
560224231,node,28.5445296,77.2014283,traffic_signals,,,
560646457,node,28.7026445,77.1669002,traffic_signals,,,
560827592,node,28.6559796,77.2368500,traffic_signals,,,
560832888,node,28.6598053,77.2362154,traffic_signals,,,
562615475,node,28.6278831,77.2051876,traffic_signals,,,signal
563097220,node,28.5699536,77.1992925,traffic_signals,,,
563126381,node,28.5653268,77.2337986,traffic_signals,,,
563126414,node,28.5656192,77.2339132,traffic_signals,,,
563126415,node,28.5655793,77.2343135,traffic_signals,,,
563126416,node,28.5652654,77.2342355,traffic_signals,,,
563661900,node,28.5864821,77.1867901,mini_roundabout,,,
564483317,node,28.5447929,77.1822322,crossing,unmarked,,
565507024,node,28.5293987,77.1485525,traffic_signals,,,
568285977,node,28.5981080,77.3197053,traffic_signals,,,
591430909,node,28.5544189,77.2126426,crossing,traffic_signals,,
599901343,node,28.6675741,77.1121732,traffic_signals,,,
599901345,node,28.6684950,77.1019791,traffic_signals,,,
599901348,node,28.6709650,77.1127752,traffic_signals,,,
600644822,node,28.6781580,77.1048426,traffic_signals,,,
600644829,node,28.6763466,77.1194023,traffic_signals,,,
600644830,node,28.6765042,77.1194251,traffic_signals,,,
600644863,node,28.6753165,77.1289561,traffic_signals,,,
600644864,node,28.6751075,77.1289356,traffic_signals,,,
602468633,node,28.6793770,77.0949101,traffic_signals,,,
610886112,node,28.6429165,77.1112294,traffic_signals,,,
610886118,node,28.6463242,77.1170937,traffic_signals,,,
610889201,node,28.6792416,77.0959731,traffic_signals,,,
616563794,node,28.6673025,77.2291991,crossing,uncontrolled;unmarked,,
723739850,node,28.6285178,77.0752058,traffic_signals,,,
723739911,node,28.6189350,77.0314606,traffic_signals,,,
786590716,node,28.5239251,77.2750559,traffic_signals,,,
786590786,node,28.5191018,77.2784569,traffic_signals,,,
838495921,node,28.6277161,77.2411907,traffic_signals,,,
838495935,node,28.6275350,77.2412880,traffic_signals,,,
838801661,node,28.6297957,77.2519889,crossing,uncontrolled,,
838801676,node,28.6309843,77.2521340,crossing,uncontrolled,,
838801761,node,28.6288595,77.2515016,crossing,uncontrolled,,
838801780,node,28.6304589,77.2521691,crossing,uncontrolled,,
838835388,node,28.6130631,77.2508420,traffic_signals,unmarked,,
838835402,node,28.5983140,77.2559247,traffic_signals,,,
838835429,node,28.5986553,77.2556631,traffic_signals,,,
848529996,node,28.6020151,77.3258327,traffic_signals,,,
848529999,node,28.6018664,77.3257294,traffic_signals,,,
848530007,node,28.6017862,77.3258837,traffic_signals,,,
855723447,node,28.6640450,77.3205755,traffic_signals,,,
855723844,node,28.6641413,77.3206068,traffic_signals,,,
855724027,node,28.6596835,77.3200871,traffic_signals,,,
903987486,node,28.6364243,77.3142824,traffic_signals,,,
903987548,node,28.6328853,77.3156581,traffic_signals,,,
903987772,node,28.6326893,77.3155169,traffic_signals,,,
903989234,node,28.6325046,77.3156527,traffic_signals,,,
903989272,node,28.6328100,77.3158767,traffic_signals,,,
904024588,node,28.6325140,77.3056335,traffic_signals,,,
905062959,node,28.6110235,77.2850373,,,bump,
905063038,node,28.6135030,77.2824383,crossing,uncontrolled,,
905280052,node,28.6205201,77.2980853,,,rumble_strip,
905282345,node,28.6127006,77.3075546,traffic_signals,,,
905282581,node,28.6209400,77.2974494,crossing,uncontrolled,,
905282860,node,28.6126271,77.3076235,traffic_signals,,,
905282990,node,28.6126183,77.3075245,traffic_signals,,,
906690227,node,28.5905594,77.2990111,traffic_signals,,,traffic_lights
906690531,node,28.5904677,77.2990892,traffic_signals,,,traffic_lights
906761310,node,28.6051696,77.2966622,traffic_signals,,,
910450718,node,28.5926533,77.2394891,crossing,traffic_signals,,
910450786,node,28.5927687,77.2394789,crossing,traffic_signals,,
910450864,node,28.5970921,77.2405741,,,hump,
910451463,node,28.5928834,77.2403731,crossing,traffic_signals,,
910451579,node,28.5921252,77.2346201,traffic_signals,,,
910549548,node,28.6024401,77.2320228,traffic_signals,,,
910664821,node,28.5703684,77.1339478,traffic_signals,,,
910664890,node,28.5437043,77.2088895,traffic_signals,,,
910664962,node,28.5418686,77.2318537,traffic_signals,,,
910664971,node,28.5432682,77.2088883,traffic_signals,,,
910665033,node,28.5690058,77.1643012,traffic_signals,,,
910665146,node,28.5619723,77.1688605,traffic_signals,,,
910665194,node,28.5614046,77.1689341,traffic_signals,,,
910665285,node,28.5437644,77.2090370,crossing,,hump,
910665309,node,28.5413397,77.2323611,traffic_signals,,,
910665333,node,28.5436490,77.2087071,traffic_signals,,,
910665360,node,28.5433113,77.2092826,traffic_signals,,,
913282361,node,28.6559454,77.2367258,traffic_signals,,,
913282445,node,28.6678484,77.2234457,traffic_signals,,,
913485947,node,28.7062504,77.1842054,traffic_signals,,,
913534895,node,28.6363884,77.0807043,,,rumble_strip,
913535543,node,28.6796871,77.0943515,traffic_signals,,,
913535601,node,28.6796985,77.0948086,traffic_signals,,,
913535857,node,28.6793521,77.0944091,traffic_signals,,,
914530222,node,28.6830890,77.1466574,,,bump,
914532273,node,28.6857240,77.1423705,traffic_signals,,,
915232228,node,28.6513476,77.1588700,traffic_signals,,,
915274328,node,28.6682222,77.1363519,traffic_signals,,,
915274341,node,28.6566091,77.1405344,traffic_signals,,,
915274361,node,28.6678855,77.1367168,traffic_signals,,,
915290697,node,28.6352988,77.1280744,traffic_signals,,,
915432740,node,28.6644743,77.2081519,traffic_signals,,,
915432929,node,28.6641076,77.2082459,traffic_signals,,,
915433435,node,28.6644123,77.2076384,traffic_signals,,,
915435516,node,28.6640870,77.2077744,traffic_signals,,,
915473062,node,28.6430273,77.2030304,traffic_signals,,,
915578379,node,28.7109714,77.2271294,traffic_signals,,,
915578393,node,28.7108344,77.2267350,traffic_signals,unmarked,,
915578456,node,28.7110900,77.2270767,traffic_signals,unmarked,,
919598368,node,28.8418639,77.1276442,traffic_signals,,,
919598408,node,28.8030058,77.1428045,traffic_signals,,,
919598704,node,28.8031087,77.1430232,traffic_signals,,,
919598749,node,28.8412449,77.1275601,traffic_signals,,,
921068101,node,28.7186340,77.1396265,traffic_signals,,,
921970247,node,28.7394403,77.1289679,mini_roundabout,,,
922982583,node,28.7144897,77.1785180,,,bump,
922982960,node,28.7170167,77.1702173,crossing,unmarked;uncontrolled,,
938409431,node,28.6449451,77.2235954,crossing,traffic_signals,,
938409455,node,28.6402307,77.2407186,traffic_signals,,,
938409483,node,28.6441113,77.2241637,crossing,uncontrolled;unmarked,,
938409613,node,28.6400472,77.2407785,traffic_signals,,,
938522898,node,28.6393637,77.2467203,traffic_signals,,,
938523863,node,28.6400647,77.2410270,traffic_signals,,,
938524070,node,28.6398347,77.2427880,traffic_signals,,,
938524722,node,28.6399454,77.2428227,traffic_signals,,,
938622286,node,28.6128458,77.2400279,traffic_signals,,,
938622292,node,28.6070982,77.2400526,traffic_signals,,,
939086432,node,28.6279086,77.2414206,traffic_signals,,,
939086478,node,28.6251572,77.2404471,traffic_signals,,,
939086544,node,28.6277415,77.2415396,traffic_signals,,,
939091050,node,28.6250182,77.2403162,traffic_signals,,,
939091071,node,28.6155627,77.2332584,crossing,traffic_signals,,
939091098,node,28.6310100,77.2227000,crossing,marked,,
939091123,node,28.6314050,77.2225605,crossing,marked,,
939091191,node,28.6252369,77.2402725,traffic_signals,,,
939182604,node,28.5654542,77.2703371,traffic_signals,,,
939328743,node,28.5276494,77.1892497,traffic_signals,,,
943641155,node,28.6458659,77.2096188,traffic_signals,,,
943749104,node,28.6585292,77.2126973,mini_roundabout,,,
943749271,node,28.6560501,77.2367377,traffic_signals,,,
944889349,node,28.6271895,77.2719781,,,bump,
1040896903,node,28.5397437,77.2489600,traffic_signals,,,
1271972187,node,28.6274541,77.2058195,traffic_signals,,,signal
1309626316,node,28.6047972,77.2356522,traffic_signals,,,
1309626320,node,28.6048456,77.2357380,traffic_signals,,,
1309626336,node,28.6099259,77.2327403,crossing,uncontrolled,,
1309626342,node,28.6099596,77.2328170,crossing,uncontrolled,,
1356119904,node,28.5885239,77.2968345,traffic_signals,,,
1356119905,node,28.5887636,77.2972667,traffic_signals,,,
1356119906,node,28.5886853,77.2966116,traffic_signals,,,
1356119907,node,28.5889497,77.2969989,traffic_signals,,,
1374420816,node,28.6179717,77.0902055,mini_roundabout,,,
1413863725,node,28.6629756,77.2837522,mini_roundabout,,,
1469979258,node,28.6220806,77.0929105,traffic_signals,,,signal
1480729654,node,28.5766454,77.0694297,traffic_signals,,,
1480729655,node,28.5863075,77.0654673,traffic_signals,,,
1486872982,node,28.5233113,77.1901547,traffic_signals,,,
1486890677,node,28.5277838,77.1893603,crossing,traffic_signals,,
1486890682,node,28.5275646,77.1891537,traffic_signals,,,
1487815438,node,28.5414908,77.2990419,traffic_signals,,,signal
1524384434,node,28.6003728,77.2283189,traffic_signals,,,
1524403130,node,28.6127243,77.2401823,traffic_signals,,,
1524403132,node,28.6126896,77.2509604,traffic_signals,unmarked,,
1642770804,node,28.6007558,77.3158135,traffic_signals,,,
1668978751,node,28.6289907,77.2381624,traffic_signals,,,
1669002270,node,28.6374873,77.2233159,traffic_signals,,,
1684379437,node,28.5818083,77.0616513,traffic_signals,traffic_signals,,
1762944950,node,28.6335703,77.2206283,crossing,marked,,
1762989501,node,28.6190342,77.2187977,crossing,marked,,
1762989522,node,28.6207224,77.2188821,crossing,marked,,
1762989534,node,28.6193625,77.2197163,crossing,marked,,
1762989550,node,28.6202892,77.2197189,crossing,marked,,
1763007723,node,28.6336009,77.2187978,crossing,marked,,
1763185327,node,28.5648606,77.2442316,crossing,uncontrolled,,
1763845058,node,28.5582435,77.2393753,traffic_signals,,,
1764096361,node,28.5605701,77.1880081,crossing,marked,,
1764096436,node,28.5606249,77.1883572,crossing,marked,,
1800585961,node,28.6030582,77.2231785,crossing,marked,,
1805801833,node,28.5737966,77.2324858,,,bump,
1805801931,node,28.5675945,77.2254158,traffic_signals,,,
1805872744,node,28.5925218,77.2397108,crossing,marked,,
1815960914,node,28.5049396,77.2776518,traffic_signals,,,
1815960915,node,28.5049793,77.2778499,traffic_signals,,,
1815960993,node,28.5156363,77.2267693,traffic_signals,,,
1825206446,node,28.6954763,77.1344101,traffic_signals,,,signal
1825246015,node,28.6770146,77.1140340,traffic_signals,,,
1825246018,node,28.6772205,77.1137367,traffic_signals,,,
1825530351,node,28.6499584,77.1249321,traffic_signals,,,
1825530361,node,28.6501839,77.1247222,traffic_signals,,,
1825530373,node,28.6503094,77.1253908,traffic_signals,,,
1825530379,node,28.6504750,77.1251270,traffic_signals,,,
1825530419,node,28.6659774,77.1278941,traffic_signals,,,
1825530447,node,28.6660858,77.1276323,traffic_signals,,,
1825530469,node,28.6669886,77.1176185,traffic_signals,,,
1825530472,node,28.6670818,77.1172097,traffic_signals,,,
1825530496,node,28.6676503,77.1124023,traffic_signals,,,
1825530502,node,28.6682475,77.1367115,traffic_signals,,,
1863230702,node,28.6290272,77.2775213,crossing,unmarked;uncontrolled,,
1863231133,node,28.6496790,77.2684044,,,rumble_strip,
1863231151,node,28.6500311,77.2682712,,,rumble_strip,
1863231316,node,28.6513968,77.2672197,motorway,,rumble_strip,
1863520270,node,28.6357130,77.2858637,crossing,traffic_signals,,
1863525006,node,28.6601294,77.3035553,traffic_signals,,,
1863525007,node,28.6601372,77.3037179,traffic_signals,,,
1863525014,node,28.6602595,77.3035573,traffic_signals,,,
1863525016,node,28.6602610,77.3037201,traffic_signals,,,
1863525806,node,28.6759912,77.3132258,traffic_signals,,,
1863525829,node,28.6760355,77.3161958,traffic_signals,,,
1863525871,node,28.6760930,77.3128965,traffic_signals,,,
1863525891,node,28.6761204,77.3164433,traffic_signals,,,
1863525940,node,28.6762238,77.3160734,traffic_signals,,,
1863559797,node,28.6689760,77.2554535,motorway,,rumble_strip,
1867171614,node,28.5784741,77.1765213,crossing,,table,
1869716862,node,28.6312520,77.2224344,traffic_signals,,,
1869899316,node,28.5795533,77.2124636,crossing,,hump,
1869899439,node,28.6340877,77.1898610,traffic_signals,,,
1870091806,node,28.5850364,77.2300230,traffic_signals,,,
1870091809,node,28.5850893,77.2296720,traffic_signals,,,
1870091814,node,28.5851731,77.2298539,traffic_signals,,,
1870091835,node,28.5894237,77.2129715,traffic_signals,,,
1870091836,node,28.5895147,77.2128325,traffic_signals,,,
1870091837,node,28.5895174,77.2129706,traffic_signals,,,
1870091852,node,28.5909830,77.2288972,crossing,traffic_signals,,
1870091858,node,28.5913371,77.2288229,crossing,traffic_signals,,
1870091859,node,28.5913417,77.2289482,crossing,traffic_signals,,
1870091862,node,28.5917333,77.2128036,traffic_signals,,,
1870091900,node,28.6131403,77.2247644,traffic_signals,traffic_signals,,
1873281010,node,28.6842641,77.2131374,,,rumble_strip,
1986129642,node,28.6020390,77.1349421,traffic_signals,,,
1986129655,node,28.6023070,77.1345390,traffic_signals,,,
1986129668,node,28.6022867,77.1348470,traffic_signals,,,
2000663569,node,28.5632261,77.0625015,traffic_signals,,,
2000663571,node,28.5632763,77.0622828,traffic_signals,,,
2000663572,node,28.5634453,77.0625697,traffic_signals,,,
2000663573,node,28.5634727,77.0622996,traffic_signals,,,
2000663588,node,28.5649979,77.0597728,traffic_signals,,,
2000663590,node,28.5650582,77.0595266,traffic_signals,,,
2000663592,node,28.5651948,77.0598311,traffic_signals,,,
2000663593,node,28.5652692,77.0595895,traffic_signals,,,
2001745951,node,28.8406150,77.1091647,traffic_signals,,,signal
2001745952,node,28.8406948,77.1094523,traffic_signals,,,signal
2001745954,node,28.8408336,77.1090777,traffic_signals,,,signal
2001745956,node,28.8409276,77.1093728,traffic_signals,,,signal
2001745981,node,28.8416700,77.1273407,traffic_signals,,,
2001957708,node,28.6797671,77.2289686,crossing,unmarked,,
2001957714,node,28.6798120,77.2292917,traffic_signals,unmarked,,
2001957723,node,28.6797906,77.2293961,traffic_signals,unmarked,,
2001957726,node,28.6799900,77.2292827,crossing,unmarked,,
2008755832,node,28.5076530,77.1765566,traffic_signals,,,
2008756027,node,28.5246262,77.1554314,traffic_signals,,,
2008756094,node,28.5294655,77.1482217,traffic_signals,,,
2008756129,node,28.5343786,77.1421082,traffic_signals,,,
2008756132,node,28.5344220,77.1421868,traffic_signals,,,
2008756135,node,28.5344807,77.1421222,traffic_signals,,,
2008756159,node,28.5373716,77.1387736,traffic_signals,,,
2008756163,node,28.5375723,77.1384807,traffic_signals,,,
2008756164,node,28.5375652,77.1387681,traffic_signals,,,
2008756303,node,28.5467588,77.1245195,traffic_signals,,,
2009111924,node,28.5549906,77.1664144,,,bump,
2009302314,node,28.5231931,77.1681696,traffic_signals,,,signal
2009302329,node,28.5246634,77.1554932,traffic_signals,,,signal
2009502423,node,28.5184653,77.1598171,traffic_signals,,,signal
2009502552,node,28.5229576,77.1683361,traffic_signals,,,signal
2009502561,node,28.5231166,77.1684690,traffic_signals,,,signal
2009602280,node,28.5318106,77.1949300,traffic_signals,,,
2009602283,node,28.5319351,77.1950444,crossing,traffic_signals,,
2018025663,node,28.5303855,77.1993975,traffic_signals,,,
2018025710,node,28.5331758,77.2317288,,,hump,
2018053716,node,28.5417617,77.2315750,traffic_signals,,,
2018077329,node,28.5081915,77.3308195,crossing,traffic_signals,,
2018206467,node,28.5288964,77.2714177,traffic_signals,,,
2018206472,node,28.5290135,77.2711789,traffic_signals,,,
2018206473,node,28.5290546,77.2715631,traffic_signals,,,
2018206478,node,28.5292028,77.2713299,traffic_signals,,,
2061626966,node,28.5797057,77.1496508,mini_roundabout,,,
2102480322,node,28.5393660,77.1989711,traffic_signals,,,
2102480800,node,28.5429814,77.1990351,crossing,marked,,
2102480803,node,28.5437392,77.1970546,crossing,unmarked,,
2111354707,node,28.6841600,77.2135693,traffic_signals,,,
2129296566,node,28.6256445,77.0671456,traffic_signals,,,
2129296640,node,28.6191287,77.0314175,traffic_signals,,,
2136103108,node,28.5946589,77.0716972,traffic_signals,,,
2136103109,node,28.5947333,77.0719871,traffic_signals,,,
2136103110,node,28.5949981,77.0716031,traffic_signals,,,
2136103111,node,28.5950285,77.0719207,traffic_signals,,,
2136278152,node,28.6189529,77.0316251,traffic_signals,,,
2136278153,node,28.6191448,77.0315757,traffic_signals,,,
2149472751,node,28.5047841,77.2056524,mini_roundabout,,,
2203384236,node,28.5280391,77.2499921,traffic_signals,,,
2377943219,node,28.6613450,77.0862078,traffic_signals,,,
2431985545,node,28.5225294,77.1964083,traffic_signals,,,
2431986206,node,28.6176435,77.1115029,traffic_signals,,,
2507757301,node,28.6464250,77.1169176,traffic_signals,,,signal
2507757352,node,28.6464758,77.1169974,traffic_signals,,,signal
2684621696,node,28.5633222,77.2276756,mini_roundabout,,,
2694691189,node,28.6085263,77.1024665,traffic_signals,,,
2694691207,node,28.6084478,77.1023798,traffic_signals,,,
2694863479,node,28.6899166,77.2130029,crossing,uncontrolled,,
2703662130,node,28.5884168,77.1335558,mini_roundabout,,,
2708681465,node,28.6378867,77.0965516,mini_roundabout,,,
2708681507,node,28.6377404,77.0933758,mini_roundabout,,,
2782347557,node,33.7178580,-117.8635729,crossing,uncontrolled,,
2782347603,node,33.7196873,-117.8635550,crossing,uncontrolled,,
2782347618,node,33.7224069,-117.8635268,crossing,uncontrolled,,
2782347739,node,33.7160214,-117.8640725,traffic_signals,traffic_signals,,pedestrian_crossing
2800811770,node,28.5902066,77.2196180,traffic_signals,,,
2807952709,node,28.5897405,77.2490395,,,bump,
2823306755,node,28.6642258,77.3206323,traffic_signals,,,signal
2883101173,node,28.5102239,77.2094141,,,bump,
2883101335,node,28.5118364,77.2121196,,,bump,
2884641126,node,28.5015481,77.2059988,stop,,,
2884641128,node,28.5018290,77.2053215,stop,,,
2884641130,node,28.5019326,77.2068552,stop,,,
2884641148,node,28.5025271,77.2046799,stop,,,
2884641153,node,28.5026794,77.2051314,stop,,,
2884641174,node,28.5038703,77.2052253,stop,,,
2884641175,node,28.5040372,77.2062351,stop,,,
2884641178,node,28.5044939,77.2062103,stop,,,
2884641198,node,28.5064028,77.2066496,stop,,,
2884641204,node,28.5064553,77.2063082,stop,,,
2884641205,node,28.5067617,77.2073007,stop,,,
2884641225,node,28.5084005,77.2088619,stop,,,
2884641229,node,28.5089522,77.2088798,stop,,,
2884641230,node,28.5092517,77.2101170,stop,,,
2884641232,node,28.5092674,77.2088808,stop,,,
2905985813,node,28.5796778,77.1898715,crossing,unmarked,,
2906748877,node,28.6269126,77.3097418,,,hump,
2912295507,node,28.5823659,77.2129633,mini_roundabout,,,
2935766106,node,28.6935515,77.2194660,,,table,
3007872778,node,28.5916022,77.2128075,traffic_signals,,,
3007872779,node,28.5916700,77.2126739,traffic_signals,,,
3007872789,node,28.5981444,77.2191332,traffic_signals,,,
3007872799,node,28.6082150,77.2278345,,,bump,
3012955279,node,28.6987077,77.2047909,traffic_signals,,,
3055043751,node,28.5460831,77.1867085,crossing,unmarked,,
3144938510,node,28.5887112,77.1861808,crossing,marked,,
3144938515,node,28.5880718,77.1865872,crossing,marked,,
3179612324,node,28.5533616,77.1661926,traffic_signals,,,signal
3190842442,node,28.5536087,77.1663908,traffic_signals,,,signal
3190845364,node,28.5534185,77.1664197,traffic_signals,,,signal
3199434883,node,28.6254646,77.0671697,traffic_signals,,,
3199434884,node,28.6255152,77.0673054,traffic_signals,,,
3509656034,node,28.6990215,77.2047977,traffic_signals,,,
3576450072,node,28.5026726,77.2944430,traffic_signals,,,signal
3635907904,node,28.5452780,77.1824958,crossing,unmarked,,
3635907910,node,28.5452975,77.1810721,,uncontrolled,,
3636985377,node,28.5456772,77.1826924,,uncontrolled,,
3639395921,node,33.7087290,-117.8598310,traffic_signals,,,traffic_lights
3639395923,node,33.7087264,-117.8595086,traffic_signals,,,traffic_lights
3642437412,node,28.5979385,77.2190748,crossing,uncontrolled,,
3661513074,node,28.6314483,77.2164747,crossing,uncontrolled,,
3738902447,node,28.6653988,77.2842014,traffic_signals,,,
3739919749,node,28.5848256,77.1517412,mini_roundabout,,,
3739919755,node,28.5852578,77.1510963,mini_roundabout,,,
3742305533,node,28.5959483,77.2073330,traffic_signals,,,
3742305534,node,28.5960158,77.2074654,traffic_signals,,,
3742305538,node,28.5961362,77.2073638,traffic_signals,,,
3742305543,node,28.5961122,77.2072126,traffic_signals,,,
3742305546,node,28.5961268,77.2071652,crossing,traffic_signals,,
3742396926,node,28.5240781,77.1897798,traffic_signals,,,
3743686136,node,28.6286269,77.0751997,traffic_signals,,,
3743774269,node,28.6108335,77.0361703,,,hump,
3746076240,node,28.6016515,77.2302767,traffic_signals,,,
3746076254,node,28.6048649,77.2356102,traffic_signals,,,
3746076255,node,28.6049117,77.2357016,traffic_signals,,,
3746076260,node,28.6072771,77.2400466,traffic_signals,,,
3754484533,node,28.6232582,77.2940256,,,bump,
3947529854,node,28.6343220,77.2168596,,,bump,
3947529856,node,28.6345059,77.2170018,,,bump,
3947530960,node,28.6395114,77.2079346,traffic_signals,,,
3947530961,node,28.6395687,77.2078200,traffic_signals,,,signal
4039562049,node,28.5057211,77.1747029,traffic_signals,,,
4039562050,node,28.5057882,77.1745460,traffic_signals,,,
4083435341,node,28.6270239,77.2153592,traffic_signals,,,
4089432190,node,28.6220474,77.0927966,traffic_signals,,,signal
4101041324,node,28.6085640,77.1023875,traffic_signals,,,
4101041344,node,28.6177087,77.1114146,traffic_signals,,,
4101041870,node,28.6352717,77.1282184,traffic_signals,,,
4210478580,node,28.7055124,77.2592436,,,hump,
4210672596,node,28.6335324,77.2818762,crossing,uncontrolled,,
4211824219,node,28.6384809,77.2907578,crossing,uncontrolled,,
4219112320,node,28.8295817,77.0241254,,,choker,
4230179537,node,28.5561948,77.0942473,,,hump,
4233524625,node,28.5437922,77.1969232,crossing,unmarked,,
4233524657,node,28.5450628,77.1823615,crossing,unmarked,,
4233524661,node,28.5451610,77.1952008,crossing,marked,,
4233524684,node,28.5461452,77.1829535,crossing,unmarked,,
4273724335,node,28.5815217,77.2664071,,,bump,
4677192633,node,28.7021587,77.1952050,traffic_signals,,,
4778745229,node,28.6295391,77.2051867,crossing,traffic_signals,,
4778746942,node,28.6252402,77.2029020,traffic_signals,,,signal
4779997425,node,28.6288818,77.2051358,crossing,traffic_signals,,
4779998871,node,28.6264269,77.2074881,traffic_signals,,,signal
4779999166,node,28.6176042,77.2227187,traffic_signals,,,signal
4869113597,node,28.5180886,77.2026976,,,bump,
5006266354,node,28.5452485,77.1951624,crossing,marked,,
5023942736,node,28.5443371,77.1928275,crossing,zebra,,
5169494391,node,28.5856043,77.1264914,traffic_signals,,,
5170931136,node,28.5855384,77.1261418,traffic_signals,,,
5179520848,node,28.5836899,77.1254234,,informal,,
5179521974,node,28.6020091,77.1346050,traffic_signals,,,
5244484322,node,28.5487507,77.2422434,traffic_signals,,,
5271446704,node,28.5382168,77.2180942,,,bump,
5339323487,node,28.6097003,77.1915589,crossing,traffic_signals,,
5339323498,node,28.6099562,77.1913520,crossing,traffic_signals,,
5339325444,node,28.6099498,77.1912639,crossing,traffic_signals,,
5339325445,node,28.6097673,77.1911825,traffic_signals,,,signal
5345583361,node,28.6253045,77.2028716,traffic_signals,,,signal
5348668382,node,28.5607633,77.1756692,traffic_signals,,,
5351633749,node,28.5710187,77.1702675,traffic_signals,,,
5351633782,node,28.5765608,77.1717671,traffic_signals,,,
5351699519,node,28.5667120,77.1658997,crossing,traffic_signals,,
5351699520,node,28.5666651,77.1657964,crossing,traffic_signals,,
5376508784,node,28.5421460,77.2396783,crossing,traffic_signals,,
5377411249,node,28.5487885,77.2423496,traffic_signals,,,
5377605715,node,28.5604430,77.2310918,crossing,traffic_signals,,
5411637046,node,28.6108749,77.2901576,,,hump,
5413936269,node,28.5398985,77.2346495,crossing,,hump,
5415676322,node,28.6257307,77.2327208,crossing,marked,,
5415676323,node,28.6256379,77.2327192,crossing,marked,,
5415676327,node,28.6251912,77.2324865,crossing,marked,,
5415676331,node,28.6249989,77.2318677,crossing,marked,,
5415676367,node,28.6263973,77.2319489,crossing,marked,,
5431087218,node,28.6362699,77.3028620,,,hump,
5432771961,node,28.5849741,77.2297908,traffic_signals,,,
5434483896,node,28.6269024,77.2153661,traffic_signals,,,
5434484026,node,28.6288153,77.2263939,traffic_signals,,,
5443199016,node,28.5179765,77.2153234,traffic_signals,,,
5445739543,node,28.5570385,77.2166414,crossing,traffic_signals,,
5445815317,node,28.5606729,77.2316851,traffic_signals,,,
5457772593,node,28.5444664,77.1783891,traffic_signals,,,
5464571319,node,28.5663547,77.1892684,traffic_signals,,,
5464573022,node,28.5716275,77.1726235,traffic_signals,,,
5464573050,node,28.5664065,77.1892772,traffic_signals,,,
5464573051,node,28.5663803,77.1891467,traffic_signals,,,
5464573098,node,28.5711107,77.1700686,traffic_signals,,,
5464573099,node,28.5710492,77.1700342,traffic_signals,,,
5485189724,node,28.6265593,77.2074549,crossing,uncontrolled,,
5485189822,node,28.5328234,77.2317958,,,hump,
5485952481,node,28.6315591,77.2165999,traffic_signals,,,signal
5485952533,node,28.6314584,77.2215820,crossing,uncontrolled,,
5487110083,node,28.5410192,77.2117764,traffic_signals,,,
5487110084,node,28.5410479,77.2118646,traffic_signals,,,
5487110085,node,28.5410685,77.2118018,traffic_signals,,,
5599650088,node,28.5654769,77.2247231,crossing,traffic_signals,,
5599650089,node,28.5655190,77.2246247,crossing,traffic_signals,,
5599650090,node,28.5274356,77.2316713,traffic_signals,,,
5599650091,node,28.5275687,77.2311111,traffic_signals,,,
5599650092,node,28.5274148,77.2311674,traffic_signals,,,
5599650093,node,28.5276189,77.2314402,traffic_signals,,,
5601129451,node,28.5239252,77.2298911,traffic_signals,,,
5601129452,node,28.5239896,77.2299176,traffic_signals,,,
5601129454,node,28.5598903,77.2619386,traffic_signals,,,
5601129455,node,28.5598605,77.2617116,traffic_signals,,,
5601129456,node,28.5596958,77.2616939,traffic_signals,,,
5601137410,node,28.5660861,77.2523702,traffic_signals,,,
5638613624,node,28.5530590,77.1655588,traffic_signals,,,signal
5638613702,node,28.6407480,77.1742762,traffic_signals,,,
5638613743,node,28.6449914,77.1971625,traffic_signals,,,signal
5665847868,node,28.5050442,77.2777260,traffic_signals,,,
5665847881,node,28.5190405,77.2783336,traffic_signals,,,
5665847883,node,28.5238578,77.2749365,traffic_signals,,,
5665847892,node,28.5386211,77.2666309,traffic_signals,,,
5665847893,node,28.5386565,77.2667238,traffic_signals,,,
5665847894,node,28.5385552,77.2666559,traffic_signals,,,
5665848135,node,28.5118648,77.2519205,traffic_signals,,,
5665848136,node,28.5117561,77.2519080,traffic_signals,,,
5681296956,node,28.6376085,77.2231437,traffic_signals,,,
5681296960,node,28.6410088,77.2256986,traffic_signals,,,
5681450597,node,28.6207192,77.2190065,crossing,marked,,
5716127694,node,28.5490197,77.2102714,traffic_signals,,,
5716127695,node,28.5491215,77.2100517,traffic_signals,,,
5716127696,node,28.5490471,77.2100920,traffic_signals,,,
5716610637,node,28.5842411,77.2125519,crossing,traffic_signals,,
5716610638,node,28.5842380,77.2123936,crossing,traffic_signals,,
5722999593,node,28.5574702,77.1688311,traffic_signals,,,
5733368106,node,28.5106296,77.1677417,traffic_signals,,,
5733368107,node,28.5106631,77.1679061,traffic_signals,,,
5733368108,node,28.5109450,77.1677709,traffic_signals,,,
5733368109,node,28.5300594,77.1926953,traffic_signals,,,
5733368110,node,28.5301636,77.1924245,traffic_signals,,,
5733368112,node,28.5305469,77.2207547,traffic_signals,,,
5733368113,node,28.5306877,77.2205494,traffic_signals,,,
5733368114,node,28.5306294,77.2208303,traffic_signals,,,
5735710951,node,28.5278268,77.2060400,traffic_signals,,,
5735710952,node,28.5279096,77.2060534,traffic_signals,,,
5735710953,node,28.5278234,77.2061191,traffic_signals,,,
5735710992,node,28.5228842,77.2063452,traffic_signals,,,
5744171204,node,28.5601984,77.2033945,traffic_signals,,,
5744171205,node,28.5603126,77.2034093,traffic_signals,,,
5744171206,node,28.5602307,77.2035216,traffic_signals,,,
5744189182,node,28.5608297,77.2009369,traffic_signals,,,
5768537883,node,28.5970910,77.3004293,,,bump,
5768537884,node,28.5972829,77.3001928,,,bump,
5777854456,node,28.6455903,77.1970899,traffic_signals,,,signal
5777854469,node,28.6453043,77.1968662,traffic_signals,,,signal
5777854486,node,28.6451369,77.1977355,traffic_signals,,,signal
5792664533,node,28.5983904,77.2190825,crossing,uncontrolled,,
5792664536,node,28.5982345,77.2189083,crossing,uncontrolled,,
5792664537,node,28.5981674,77.2189011,crossing,uncontrolled,,
5792664551,node,28.5973393,77.2234850,crossing,marked,,
5792664558,node,28.6287895,77.2265461,traffic_signals,,,
5792664573,node,28.6286420,77.2265175,crossing,traffic_signals,,
5792664575,node,28.6288189,77.2262492,crossing,traffic_signals,,
5792664577,node,28.6289525,77.2263907,traffic_signals,,,
5792664578,node,28.6265854,77.2192720,crossing,marked,,
5792664600,node,28.5852183,77.2299860,crossing,uncontrolled,,
5793542067,node,28.5093749,77.1782168,crossing,traffic_signals,,
5793542070,node,28.5092239,77.1782215,crossing,traffic_signals,,
5793542073,node,28.6216028,77.2113545,crossing,traffic_signals,,
5793542074,node,28.5198595,77.2061232,crossing,traffic_signals,,
5793542075,node,28.5197367,77.2060774,crossing,traffic_signals,,
5793542076,node,28.5104038,77.1694751,traffic_signals,,,
5793542077,node,28.5105312,77.1692886,traffic_signals,,,
5793542078,node,28.5106206,77.1694468,traffic_signals,,,
5793542080,node,28.6201926,77.2103276,traffic_signals,,,
5793542081,node,28.5134351,77.2366659,traffic_signals,,,
5793542082,node,28.5134062,77.2365438,traffic_signals,,,
5793542084,node,28.5133052,77.2367133,traffic_signals,,,
5793542085,node,28.5302390,77.1470127,traffic_signals,,,
5793542086,node,28.5304870,77.1470901,traffic_signals,,,
5793542087,node,28.5302261,77.1471504,traffic_signals,,,
5793542088,node,28.5169813,77.2202764,traffic_signals,,,
5793542089,node,28.5167880,77.2204760,traffic_signals,,,
5793542090,node,28.5170211,77.2204316,traffic_signals,,,
5793542091,node,28.5236545,77.2557448,traffic_signals,,,
5793542092,node,28.5235076,77.2558406,traffic_signals,,,
5793542093,node,28.5236943,77.2560364,traffic_signals,,,
5796662761,node,28.6724751,77.2556736,traffic_signals,,,
5796662768,node,28.6674846,77.2212803,traffic_signals,,,
5796662769,node,28.6671012,77.2213662,traffic_signals,,,
5796662770,node,28.6673371,77.2212498,traffic_signals,,,
5796662771,node,28.6672264,77.2214661,traffic_signals,,,
5796662778,node,28.6667550,77.2179776,traffic_signals,,,
5796662779,node,28.6665983,77.2181562,traffic_signals,,,
5796662780,node,28.6666654,77.2178914,traffic_signals,,,
5796662782,node,28.6535383,77.2025633,traffic_signals,,,
5796662783,node,28.6533360,77.2024993,traffic_signals,,,
5796662784,node,28.6532879,77.2028318,traffic_signals,,,
5796662785,node,28.6490010,77.1995756,traffic_signals,,,
5796662786,node,28.6488334,77.1993383,traffic_signals,,,traffic_lights
5796662787,node,28.6487959,77.1995945,traffic_signals,,,
5796662788,node,28.6490288,77.1993259,traffic_signals,,,
5796662792,node,28.6336878,77.1738991,traffic_signals,,,
5796662793,node,28.6335228,77.1740675,traffic_signals,,,
5796662794,node,28.6353014,77.2213537,traffic_signals,,,
5796662797,node,28.5541420,77.2284411,traffic_signals,,,
5796662798,node,28.5538606,77.2281546,traffic_signals,,,
5796662799,node,28.5538754,77.2285077,traffic_signals,,,
5796662803,node,28.5540730,77.2280221,traffic_signals,,,
5796662847,node,28.5328494,77.2319081,traffic_signals,,,
5796662848,node,28.5331983,77.2321141,traffic_signals,,,
5796662849,node,28.5330533,77.2317342,traffic_signals,,,
5796662852,node,28.5318419,77.2251767,traffic_signals,,,
5796662853,node,28.5317164,77.2250016,traffic_signals,,,
5796662854,node,28.5316751,77.2253271,traffic_signals,,,
5796662863,node,28.5235841,77.2560585,traffic_signals,,,
5796662864,node,28.5412979,77.1835633,traffic_signals,,,
5796662865,node,28.5414736,77.1835562,traffic_signals,,,
5796662866,node,28.5412835,77.1836465,traffic_signals,,,
5802016577,node,28.6264691,77.2074001,crossing,uncontrolled,,
5809063020,node,28.6265855,77.2193691,crossing,marked,,
5809063023,node,28.6262125,77.2193304,crossing,marked,,
5809063024,node,28.6262191,77.2192393,crossing,marked,,
5809063034,node,28.6136644,77.2184801,crossing,traffic_signals,,
5809063035,node,28.6132780,77.2184571,crossing,marked,,
5816260340,node,28.5155130,77.1969460,crossing,uncontrolled,,
5819987959,node,28.6795757,77.2290513,crossing,unmarked,,
5819988157,node,28.6640880,77.0920021,,,rumble_strip,
5821352985,node,28.5301840,77.1926619,traffic_signals,,,
5821352996,node,28.5320071,77.1948880,crossing,traffic_signals,,
5821353013,node,28.5316669,77.1947760,crossing,traffic_signals,,
5821353025,node,28.5238088,77.1975313,,,hump,
5825068117,node,28.5681114,77.2252093,traffic_signals,,,
5825068118,node,28.5680279,77.2255521,traffic_signals,,,
5825068119,node,28.5675381,77.2257364,traffic_signals,,,
5825068120,node,28.5589566,77.2189816,traffic_signals,,,
5825068121,node,28.5588701,77.2189736,traffic_signals,,,
5825068122,node,28.5588759,77.2191446,traffic_signals,,,
5825068123,node,28.5569447,77.2165145,traffic_signals,,,
5825068124,node,28.5569610,77.2163923,traffic_signals,,,
5825068125,node,28.5568989,77.2164530,traffic_signals,,,
5825068126,node,28.5517146,77.2111241,traffic_signals,,,
5825068127,node,28.5516233,77.2110100,traffic_signals,,,
5825068128,node,28.5516312,77.2111913,traffic_signals,,,
5825068133,node,28.5543190,77.2129622,traffic_signals,,,
5825068134,node,28.5542140,77.2126873,traffic_signals,,,
5825068135,node,28.5541340,77.2128872,traffic_signals,,,
5825068136,node,28.5543785,77.2127113,traffic_signals,,,
5825068137,node,28.5544463,77.2129315,crossing,traffic_signals,,
5825068138,node,28.5543566,77.2130181,crossing,traffic_signals,,
5825068758,node,28.5224612,77.1963331,traffic_signals,,,
5825068759,node,28.5223379,77.1964767,traffic_signals,,,
5845114909,node,28.5094357,77.1987773,,,bump,
5845114910,node,28.5091156,77.1988048,,,bump,
5845114911,node,28.5090833,77.1987715,,,bump,
5845114912,node,28.5087890,77.1988000,,,bump,
5845114913,node,28.5077910,77.1968608,,,bump,
5845114914,node,28.5078110,77.1963169,,,bump,
5845114915,node,28.5078412,77.1966882,,,bump,
5845114916,node,28.5077832,77.1970800,,,bump,
5845114917,node,28.5077751,77.1976460,,,bump,
5845114918,node,28.5077686,77.1980149,,,bump,
5845114919,node,28.5077649,77.1983408,,,bump,
5845114920,node,28.5078271,77.1985092,,,bump,
5845782110,node,28.5220472,77.2162945,traffic_signals,,,
5845782111,node,28.5219339,77.2163626,traffic_signals,,,
5845782112,node,28.5220832,77.2165030,traffic_signals,,,
5868807555,node,28.5783383,77.2382512,,,bump,
5886090394,node,28.6096642,77.0956666,crossing,traffic_signals,,
5886090395,node,28.6097512,77.0957189,crossing,traffic_signals,,
5965810646,node,28.5729874,77.2096721,traffic_signals,,,
5985299722,node,28.5852882,77.1262521,traffic_signals,,,
5985299734,node,28.5853272,77.1265226,traffic_signals,,,
6039006389,node,28.5514906,77.1696227,traffic_signals,,,
6039006390,node,28.5516241,77.1696096,traffic_signals,,,
6039006391,node,28.5514937,77.1697354,traffic_signals,,,
6039006392,node,28.6074216,77.1051349,traffic_signals,,,
6039006393,node,28.6073194,77.1051743,traffic_signals,,,
6039006394,node,28.6073871,77.1052093,traffic_signals,,,
6039006395,node,28.5660287,77.1767391,traffic_signals,,,
6039006396,node,28.5659669,77.1768006,traffic_signals,,,
6039006397,node,28.5660807,77.1768074,traffic_signals,,,
6039006398,node,28.6528990,77.1923473,traffic_signals,,,
6039006399,node,28.6530608,77.1923764,traffic_signals,,,
6039006400,node,28.6528612,77.1925030,traffic_signals,,,
6039006401,node,28.6523620,77.1938637,traffic_signals,,,
6039006402,node,28.6523064,77.1937679,traffic_signals,,,
6039006403,node,28.6521226,77.1936909,traffic_signals,,,
6039006404,node,28.6521208,77.1938768,traffic_signals,,,
6039006418,node,28.6542036,77.1248465,traffic_signals,,,
6039006419,node,28.6542970,77.1242439,traffic_signals,,,
6039006420,node,28.6540372,77.1242650,traffic_signals,,,
6039038565,node,28.7378307,77.1666829,,,hump,
6039038566,node,28.7324581,77.1826610,,,hump,
6039038573,node,28.6277685,77.2343305,,,bump,
6039038574,node,28.5907581,77.2401769,,,hump,
6039038578,node,28.5637645,77.1614475,,,hump,
6039038579,node,28.5641050,77.1619120,,,bump,
6039038580,node,28.5645989,77.1620500,,,bump,
6039038581,node,28.5683260,77.2407880,,,bump,
6039038582,node,28.5605798,77.2316957,,,hump,
6039038583,node,28.5432407,77.2087327,,,hump,
6039038584,node,28.5326200,77.2054224,,,bump,
6039038685,node,28.5324076,77.2054366,,,bump,
6039038694,node,28.5158224,77.2264974,,,hump,
6039038698,node,28.5078125,77.1962372,,,bump,
6064361364,node,28.5999076,77.2323635,,,hump,
6064361365,node,28.5845864,77.2410004,,,bump,
6064361366,node,28.5825558,77.2391844,,,bump,
6064361376,node,28.5168666,77.2143779,,,bump,
6064361377,node,28.5161565,77.2146530,,,bump,
6064361378,node,28.5152660,77.2150220,,,bump,
6064361379,node,28.5148316,77.2148722,,,bump,
6064361380,node,28.5139349,77.2156356,,,bump,
6064361381,node,28.5131514,77.2155721,,,bump,
6064361382,node,28.5125895,77.2154953,,,bump,
6064361383,node,28.5121786,77.2153688,,,bump,
6064361384,node,28.5109386,77.2149036,,,bump,
6064361985,node,28.5146887,77.2052160,,,bump,
6064361990,node,28.5102159,77.2090508,,,bump,
6064361991,node,28.5102309,77.2083772,,,bump,
6064361992,node,28.5102705,77.2051117,,,bump,
6064361993,node,28.5102729,77.2049505,,,bump,
6064361994,node,28.5101793,77.2030412,,,hump,
6064361995,node,28.5106766,77.2027950,,,bump,
6064361996,node,28.5093632,77.2002059,,,bump,
6113102663,node,28.5665269,77.2463482,crossing,unmarked,,
6113115575,node,28.5688058,77.2487605,,,bump,
6113698391,node,28.5700218,77.2471805,crossing,unmarked,,
6113698393,node,28.5683542,77.2473384,crossing,unmarked,,
6113698396,node,28.5680990,77.2471974,crossing,unmarked,,
6113698401,node,28.5702708,77.2469835,crossing,unmarked,,
6114610812,node,28.5581794,77.2394427,traffic_signals,,,
6114610813,node,28.5580469,77.2393337,traffic_signals,,,
6114610820,node,28.5627249,77.2506224,traffic_signals,,,
6114610824,node,28.5602612,77.2459644,traffic_signals,,,
6114610825,node,28.5603492,77.2459912,traffic_signals,,,
6114610826,node,28.5603333,77.2459360,traffic_signals,,,
6114610837,node,28.5602751,77.2460209,traffic_signals,,,
6114610862,node,28.5624716,77.2507686,traffic_signals,,,
6114610863,node,28.5624856,77.2505139,traffic_signals,,,
6117379306,node,28.5698944,77.2472814,crossing,unmarked,,
6117379309,node,28.5701608,77.2470706,crossing,unmarked,,
6117400906,node,28.5695416,77.2425405,crossing,unmarked,,
6122832365,node,28.6103166,77.2291478,crossing,traffic_signals,,
6122832366,node,28.6101459,77.2294376,crossing,traffic_signals,,
6122832369,node,28.6048053,77.2354904,crossing,traffic_signals,,
6122832370,node,28.6047314,77.2355436,crossing,traffic_signals,,
6122832383,node,28.5716919,77.1721190,crossing,marked,,
6122832384,node,28.5715956,77.1721621,crossing,marked,,
6122832409,node,28.4873710,77.1348684,crossing,traffic_signals,,
6122832410,node,28.4874960,77.1347804,crossing,traffic_signals,,
6122832411,node,28.5144143,77.1865878,crossing,traffic_signals,,
6122832412,node,28.5143524,77.1866610,crossing,traffic_signals,,
6150237312,node,28.5229241,77.2064362,traffic_signals,,,
6150237313,node,28.5229267,77.2062890,traffic_signals,,,
6150237314,node,28.5228820,77.2064919,traffic_signals,,,
6153253303,node,28.6249958,77.2319348,crossing,marked,,
6154679279,node,28.5108942,77.2023914,,,hump,
6154679787,node,28.5177619,77.2062375,,,bump,
6154736712,node,28.5111516,77.2018797,,,hump,
6154736713,node,28.5111751,77.2013908,,,bump,
6154736714,node,28.5105794,77.2009861,,,bump,
6154736729,node,28.5088260,77.1976207,,,bump,
6162782511,node,28.5651389,77.2334242,crossing,,hump,
6162854075,node,28.6673518,77.2293266,crossing,uncontrolled;unmarked,,
6169030296,node,28.5913502,77.2125413,,,bump,
6169030297,node,28.6028275,77.2235358,,,bump,
6169030298,node,28.6068735,77.2307371,,,bump,
6169030299,node,28.6105112,77.2353237,,,bump,
6169030300,node,28.6097411,77.2368885,,,bump,
6169030302,node,28.5925855,77.2405861,,,hump,
6169030303,node,28.5874726,77.2407381,,,hump,
6169030304,node,28.5873623,77.2407538,,,hump,
6169030305,node,28.5592507,77.2304874,,,hump,
6169030306,node,28.5566397,77.2065014,,,bump,
6169030308,node,28.5362318,77.2093955,,,bump,
6169030309,node,28.5413142,77.2317926,,,hump,
6169030310,node,28.5346320,77.2318805,,,hump,
6169030311,node,28.5239095,77.2299296,,,hump,
6169030312,node,28.5317427,77.1953339,,,bump,
6169030314,node,28.6342511,77.2171298,traffic_signals,,,
6169030315,node,28.6341784,77.2169647,traffic_signals,,,
6169030316,node,28.6344607,77.2170779,traffic_signals,,,
6169030317,node,28.6352828,77.2274807,traffic_signals,,,
6169030318,node,28.6352601,77.2272976,traffic_signals,,,
6169030319,node,28.6350327,77.2274790,traffic_signals,,,
6169030320,node,28.6291250,77.2382633,traffic_signals,,,
6169030321,node,28.6286518,77.2385107,traffic_signals,,,
6169030322,node,28.6093319,77.2397816,crossing,uncontrolled,,
6169030327,node,28.6092058,77.2399467,traffic_signals,,,
6169030328,node,28.6093717,77.2400539,traffic_signals,,,
6169030329,node,28.6093297,77.2398721,traffic_signals,,,
6169030330,node,28.6026543,77.2321166,traffic_signals,,,
6169030331,node,28.6025691,77.2317916,traffic_signals,,,
6169030332,node,28.5655049,77.2502101,traffic_signals,,,
6169030337,node,28.5657640,77.2498425,traffic_signals,,,
6169030338,node,28.5653924,77.2499821,traffic_signals,,,
6169030339,node,28.5292341,77.2147861,traffic_signals,,,
6169030340,node,28.5293078,77.2147646,traffic_signals,,,
6169030341,node,28.5292523,77.2148533,traffic_signals,,,
6169030342,node,28.4970613,77.1563688,traffic_signals,,,
6169030343,node,28.4970537,77.1566586,traffic_signals,,,
6169030344,node,28.4926451,77.1463146,traffic_signals,,,
6169030345,node,28.4925886,77.1466824,traffic_signals,,,
6169030346,node,28.4794778,77.1200030,traffic_signals,,,
6169030347,node,28.4791682,77.1202180,traffic_signals,,,
6169848596,node,28.5461952,77.2297779,crossing,traffic_signals,,
6169848597,node,28.5461486,77.2296560,crossing,traffic_signals,,
6174530727,node,28.6067673,77.2398385,,,hump,
6174530731,node,28.6071907,77.2399055,crossing,uncontrolled,,
6174530732,node,28.6070550,77.2398740,crossing,uncontrolled,,
6174545393,node,28.6030842,77.2305794,crossing,marked,,
6174832000,node,28.5095248,77.1997425,,,bump,
6176085883,node,28.6128239,77.1097962,crossing,traffic_signals,,
6185635938,node,28.5279672,77.2215860,crossing,unmarked,,
6188346481,node,28.5678214,77.2467126,crossing,unmarked,,
6188346484,node,28.5678802,77.2465700,crossing,unmarked,,
6188349487,node,28.5680148,77.2462436,crossing,unmarked,,
6188349488,node,28.5689701,77.2439256,crossing,unmarked,,
6188349491,node,28.5697429,77.2420523,crossing,unmarked,,
6188349494,node,28.5699425,77.2415680,crossing,unmarked,,
6188349497,node,28.5699757,77.2414873,crossing,uncontrolled,,
6188349500,node,28.5700889,77.2412131,crossing,unmarked,,
6188349503,node,28.5701732,77.2410085,crossing,unmarked,,
6188349506,node,28.5702418,77.2408421,crossing,unmarked,,
6188349509,node,28.5703033,77.2406929,crossing,unmarked,,
6188349512,node,28.5703593,77.2405570,crossing,unmarked,,
6188349515,node,28.5704030,77.2404510,crossing,unmarked,,
6188349518,node,28.5705926,77.2399913,crossing,unmarked,,
6188349520,node,28.5705630,77.2400631,crossing,unmarked,,
6189235463,node,28.5095765,77.1977604,,,bump,
6197308456,node,28.7415706,77.1612245,,,bump,
6197308464,node,28.7396892,77.1605546,,,bump,
6200356689,node,28.5638340,77.2646474,traffic_signals,,,
6200356690,node,28.5640514,77.2646400,traffic_signals,,,
6200356691,node,28.5641056,77.2648882,traffic_signals,,,
6203111644,node,28.5921888,77.2343043,traffic_signals,,,
6203111645,node,28.5922819,77.2344661,traffic_signals,,,
6204054273,node,28.5921908,77.2234515,,,bump,
6204054274,node,28.5927265,77.2286089,,,bump,
6204054275,node,28.5824061,77.2391653,,,hump,
6204054276,node,28.5806788,77.2379807,,,bump,
6204066531,node,28.5904984,77.2238299,traffic_signals,,,
6204066532,node,28.5905920,77.2235562,traffic_signals,,,
6204066533,node,28.5905814,77.2234536,crossing,marked,,
6204066534,node,28.5904014,77.2236522,traffic_signals,,,
6204066535,node,28.5904606,77.2234683,crossing,marked,,
6204066536,node,28.5906972,77.2236969,traffic_signals,,,
6204260143,node,28.5571022,77.2165885,crossing,traffic_signals,,
6204260145,node,28.5567855,77.2165549,crossing,traffic_signals,,
6204260149,node,28.5568362,77.2166180,crossing,traffic_signals,,
6207395592,node,28.5052661,77.2058623,,,bump,
6207395593,node,28.5054196,77.2059019,,,dip,
6208008543,node,28.5090901,77.2019129,,,bump,
6208008545,node,28.5071949,77.2028968,,,bump,
6208008546,node,28.5071835,77.2025544,,,bump,
6208008547,node,28.5071717,77.2023805,,,bump,
6219056783,node,28.5102401,77.2063269,,,bump,
6219253589,node,28.5075428,77.1958449,,,bump,
6219253590,node,28.5072610,77.1958457,,,bump,
6219474002,node,28.5092710,77.1962750,,,bump,
6219474003,node,28.5076974,77.1993047,,,bump,
6221552124,node,28.5110678,77.2140710,,,bump,
6221552125,node,28.5102222,77.2106851,,,bump,
6221552127,node,28.5105778,77.2100558,,,bump,
6221552128,node,28.5101669,77.2050326,,,bump,
6221552131,node,28.5135139,77.2085004,,,bump,
6221552132,node,28.5102774,77.2034249,,,bump,
6221552134,node,28.5108911,77.2145404,,,bump,
6221552137,node,28.5102673,77.2039945,,,bump,
6221552139,node,28.5102642,77.2041723,,,bump,
6221552140,node,28.5102720,77.2037297,,,bump,
6222259615,node,28.5013501,77.1970049,,,hump,
6222259625,node,28.4981063,77.1941987,,,bump,
6222259633,node,28.4983810,77.1948525,,,bump,
6222259634,node,28.4985394,77.1882838,,,bump,
6223295222,node,28.6082020,77.2277073,crossing,traffic_signals,,
6223295223,node,28.6081481,77.2277844,crossing,traffic_signals,,
6224287703,node,28.6025192,77.2233590,crossing,marked,,
6225288476,node,28.7608581,77.0592411,traffic_signals,,,barwala_traffic_lights
6225764793,node,28.6379891,77.1813019,traffic_signals,,,
6225764794,node,28.6377716,77.1810108,traffic_signals,,,
6225764795,node,28.6379780,77.1811126,traffic_signals,,,
6225764796,node,28.6377881,77.1812327,traffic_signals,,,
6225764797,node,28.6504465,77.1538925,traffic_signals,,,
6225764798,node,28.6502909,77.1538113,traffic_signals,,,
6225764799,node,28.6503164,77.1540846,traffic_signals,,,
6225764800,node,28.6503844,77.1541999,,,bump,
6225764840,node,28.6297590,77.1237187,traffic_signals,,,
6225764848,node,28.6298122,77.1236262,traffic_signals,,,
6225764849,node,28.6298634,77.1236630,traffic_signals,,,
6225764850,node,28.6298055,77.1237603,traffic_signals,,,
6225764852,node,28.6374432,77.1304269,traffic_signals,,,
6225764853,node,28.6376095,77.1301298,traffic_signals,,,
6225764854,node,28.6373379,77.1297042,traffic_signals,,,
6225764855,node,28.6371511,77.1299581,traffic_signals,,,
6225764856,node,28.6264438,77.1345384,traffic_signals,,,
6225764857,node,28.6266212,77.1343518,traffic_signals,,,
6225764858,node,28.6262131,77.1341519,traffic_signals,,,
6225764860,node,28.6510994,77.1589697,traffic_signals,,,
6225765092,node,28.6232912,77.1984237,,,rumble_strip,
6226875106,node,28.5415186,77.2994124,traffic_signals,,,signal
6227904598,node,28.5679770,77.2482283,,,bump,
6227904599,node,28.5678676,77.2480304,,,bump,
6229113638,node,28.5643723,77.1610331,,,rumble_strip,
6233151750,node,28.5323381,77.2282962,traffic_signals,,,
6233151751,node,28.5324718,77.2281619,traffic_signals,,,
6233151752,node,28.5324068,77.2280634,traffic_signals,,,
6234226367,node,28.6287322,77.2264371,crossing,traffic_signals,,
6234228015,node,28.6290563,77.2266719,crossing,traffic_signals,,
6234228016,node,28.6291023,77.2265901,crossing,traffic_signals,,
6234228017,node,28.6287792,77.2263626,crossing,traffic_signals,,
6234228018,node,28.6287685,77.2265844,crossing,traffic_signals,,
6234228019,node,28.6288245,77.2266267,crossing,traffic_signals,,
6234228020,node,28.6292227,77.2264786,crossing,traffic_signals,,
6234228026,node,28.6289651,77.2266924,crossing,traffic_signals,,
6234228029,node,28.6289809,77.2266158,traffic_signals,,,
6239284174,node,28.5087489,77.1966837,,,bump,
6239284175,node,28.5089264,77.1966833,,,bump,
6240097795,node,28.5088424,77.1981477,,,bump,
6255380071,node,28.6225950,77.2336335,,,bump,
6255380072,node,28.6233789,77.2340567,,,hump,
6256115573,node,28.5337837,77.3023301,,,bump,
6256115574,node,28.5326732,77.3021987,,,bump,
6256115579,node,28.5328791,77.3018306,,,bump,
6256156994,node,28.5276805,77.2897940,traffic_signals,,,
6256156995,node,28.5277704,77.2895507,traffic_signals,,,
6256156996,node,28.5274747,77.2896221,traffic_signals,,,
6257505343,node,28.5078134,77.1980821,,,dip,
6257609190,node,28.5535673,77.2053873,crossing,traffic_signals,,
6257609193,node,28.5536368,77.2052608,crossing,traffic_signals,,
6257674810,node,28.6979312,77.2073158,traffic_signals,,,
6257674811,node,28.6977160,77.2075592,traffic_signals,,,
6257869680,node,28.6917223,77.2164628,,,rumble_strip,
6257869681,node,28.6912220,77.2162199,,,rumble_strip,
6258192684,node,28.6986250,77.2045833,traffic_signals,,,
6258194789,node,28.6989609,77.2045628,traffic_signals,,,
6258194806,node,28.7026023,77.1952633,traffic_signals,,,
6258194815,node,28.7024212,77.1951649,traffic_signals,,,
6258194823,node,28.7021367,77.1954558,traffic_signals,,,
6258915977,node,28.6979363,77.2075219,traffic_signals,,,
6260007068,node,28.7014883,77.1626866,traffic_signals,,,
6260007069,node,28.7013850,77.1625291,traffic_signals,,,
6260007070,node,28.7012481,77.1628904,traffic_signals,,,
6260007071,node,28.7041869,77.1701151,traffic_signals,,,
6260007072,node,28.7041015,77.1699848,traffic_signals,,,
6260007073,node,28.7039272,77.1703470,traffic_signals,,,
6260007074,node,28.7064605,77.1841567,traffic_signals,,,
6260007075,node,28.7064155,77.1840044,traffic_signals,,,
6260007077,node,28.7104750,77.1761096,traffic_signals,,,
6260007078,node,28.7101448,77.1757720,traffic_signals,,,
6260007079,node,28.7102344,77.1764424,traffic_signals,,,
6260007080,node,28.7099259,77.1761549,traffic_signals,,,
6261505655,node,28.5372917,77.2126327,,,bump,
6261505659,node,28.5375786,77.2122901,,,bump,
6261505664,node,28.5378448,77.2119805,,,bump,
6267689919,node,28.5116976,77.2013817,,,bump,
6267689921,node,28.5086864,77.1975685,,,bump,
6267689923,node,28.5116533,77.2018543,,,bump,
6269276308,node,28.5381047,77.2116414,,,bump,
6269408573,node,28.5088000,77.1971291,,,bump,
6270303727,node,28.5418831,77.2099430,crossing,unmarked,,
6270331962,node,28.6317313,77.0984991,traffic_signals,,,
6270331963,node,28.6317594,77.0985889,traffic_signals,,,
6270331964,node,28.6316675,77.0985273,traffic_signals,,,
6274848305,node,28.5434447,77.3108152,traffic_signals,,,
6280471633,node,28.5066272,77.2141595,,,bump,
6280471634,node,28.5103457,77.2050350,,,bump,
6280471635,node,28.5044683,77.2141068,,,bump,
6285621141,node,28.6219506,77.2360788,,,bump,
6285621146,node,28.6222168,77.2362804,,,bump,
6286535736,node,28.5156225,77.1970265,crossing,uncontrolled,,
6288110431,node,28.6294148,77.2324543,,,hump,
6288110432,node,28.6292313,77.2321432,,,hump,
6288110433,node,28.6292265,77.2322068,,,hump,
6288110434,node,28.6294470,77.2324589,,,hump,
6288110435,node,28.6295935,77.2319500,crossing,uncontrolled,table,
6288110437,node,28.6295605,77.2319278,crossing,uncontrolled,table,
6289486542,node,28.5153669,77.1972553,crossing,uncontrolled,,
6289486543,node,28.5153911,77.1971509,crossing,uncontrolled,,
6296941690,node,28.5080414,77.1767890,traffic_signals,,,
6309171561,node,28.5535926,77.1008013,,,bump,
6310373689,node,28.5102739,77.2036242,,,bump,
6310373690,node,28.5102695,77.2038694,,,bump,
6314509939,node,28.5102627,77.2044653,,,bump,
6327469934,node,28.5111875,77.2150047,,,bump,
6327469935,node,28.5107626,77.2097465,,,bump,
6332679591,node,28.5130098,77.2240348,,,bump,
6332679592,node,28.5130208,77.2239611,,,bump,
6335221847,node,28.5796410,77.2124591,crossing,,hump,
6342496388,node,28.6002380,77.2170586,crossing,uncontrolled,,
6342954062,node,28.5734757,77.2405092,,,bump,
6343485252,node,28.5691321,77.2399974,crossing,unmarked,,
6343485255,node,28.5691955,77.2398459,crossing,unmarked,,
6343485258,node,28.5692793,77.2396458,crossing,unmarked,,
6343485260,node,28.5693896,77.2394611,crossing,unmarked,,
6343485261,node,28.5693217,77.2394214,crossing,unmarked,,
6345186418,node,28.6104510,77.2352847,,,bump,
6345186423,node,28.6096891,77.2368589,,,bump,
6349127405,node,28.5607407,77.1754951,traffic_signals,,,
6349285036,node,28.5433826,77.1804373,,,rumble_strip,
6349423457,node,28.5151052,77.2811282,traffic_signals,,,
6349423465,node,28.5149345,77.2809796,traffic_signals,,,
6349423467,node,28.5152346,77.2809854,traffic_signals,,,
6351660220,node,28.6146131,77.2276638,,,rumble_strip,
6351660221,node,28.6128167,77.2276573,crossing,marked,,
6351660222,node,28.6132235,77.2276812,crossing,traffic_signals,,
6351660223,node,28.6166103,77.2245405,crossing,marked,,
6351672622,node,28.6402373,77.2046019,,,hump,
6351672623,node,28.6361360,77.2018325,,,hump,
6351672624,node,28.6356740,77.2020590,,,hump,
6351713175,node,28.6330969,77.2054406,,,hump,
6351713177,node,28.6360645,77.2019883,,,hump,
6351713178,node,28.6340240,77.2051977,,,hump,
6351721818,node,28.5462615,77.2502328,crossing,traffic_signals,,
6351721819,node,28.5462026,77.2504151,crossing,traffic_signals,,
6351721820,node,28.5460661,77.2500498,crossing,marked,,
6351721821,node,28.5549195,77.2426122,traffic_signals,,,
6351721822,node,28.5547765,77.2426261,traffic_signals,,,
6351721824,node,28.5548943,77.2427748,traffic_signals,,,
6352190924,node,28.5376670,77.2107937,crossing,uncontrolled,,
6352190925,node,28.5377198,77.2107300,crossing,uncontrolled,,
6354435915,node,28.6045875,77.2981068,,,bump,
6354435916,node,28.6052256,77.2978513,,,bump,
6354435921,node,28.6052065,77.2978585,,,bump,
6354608669,node,28.6053974,77.2977932,,,hump,
6354666386,node,28.6043453,77.2990266,,,bump,
6354666387,node,28.6046415,77.2998310,,,bump,
6354666388,node,28.6039116,77.2983232,,,bump,
6354666389,node,28.6045408,77.2996681,,,bump,
6354666391,node,28.6039315,77.2983822,,,bump,
6354666402,node,28.6038824,77.2983797,,,hump,
6354689184,node,28.6049273,77.2980212,,,bump,
6354689585,node,28.6047209,77.2981043,,,bump,
6354731321,node,28.6155416,77.2327150,crossing,traffic_signals,,
6354731322,node,28.6155148,77.2326967,crossing,traffic_signals,,
6354731323,node,28.6101100,77.2327439,crossing,traffic_signals,,
6354731324,node,28.6152750,77.2331475,crossing,traffic_signals,,
6356035475,node,28.5393180,77.2320861,,,rumble_strip,
6361797318,node,28.5212340,77.2224610,crossing,uncontrolled,,
6361797321,node,28.5305849,77.2206433,crossing,marked,,
6362111125,node,28.6507785,77.2451358,traffic_signals,,,
6362111129,node,28.6504996,77.2450598,traffic_signals,,,
6362111130,node,28.6506623,77.2452740,traffic_signals,,,
6362111131,node,28.6506555,77.2447734,traffic_signals,,,
6362341625,node,28.6912470,77.2108938,,,rumble_strip,
6362341628,node,28.6840301,77.2136073,traffic_signals,,,
6362341630,node,28.6888640,77.2150800,,,rumble_strip,
6362341632,node,28.6847025,77.2137365,,,rumble_strip,
6362341634,node,28.6904859,77.2105305,,,rumble_strip,
6362341635,node,28.6893360,77.2153144,,,rumble_strip,
6362341638,node,28.6888318,77.2097116,,,rumble_strip,
6362341639,node,28.6910642,77.2108047,crossing,uncontrolled,,
6362341643,node,28.6931340,77.2119701,,,bump,
6362341645,node,28.6931112,77.2118010,crossing,uncontrolled,,
6362341646,node,28.6883359,77.2094706,,,rumble_strip,
6362341647,node,28.6841787,77.2136560,traffic_signals,,,
6362823789,node,28.5982213,77.2555240,traffic_signals,,,
6364125700,node,28.5650349,77.1605653,,,hump,
6364125701,node,28.5605970,77.1618341,,,hump,
6364125702,node,28.5654888,77.1602383,,,hump,
6371764310,node,28.5887981,77.2467289,traffic_signals,,,
6371764312,node,28.5825672,77.2517472,traffic_signals,,,
6371764315,node,28.5887485,77.2468854,traffic_signals,,,
6371764316,node,28.5885756,77.2467200,traffic_signals,,,
6371764321,node,28.5824453,77.2515553,traffic_signals,,,
6383120542,node,28.6296001,77.2194656,crossing,marked,,
6383120543,node,28.6295911,77.2195651,crossing,marked,,
6385537595,node,28.6173864,77.2116189,crossing,,hump,
6385537598,node,28.6102421,77.2186213,crossing,marked,,
6385537599,node,28.6195700,77.2098801,crossing,,hump,
6385537602,node,28.6182320,77.2100958,crossing,,hump,
6385537603,node,28.6237326,77.2121449,crossing,marked,,
6385537604,node,28.6237984,77.2122115,crossing,marked,,
6385542271,node,28.6456245,77.1680836,traffic_signals,,,
6385542273,node,28.6458996,77.1679968,traffic_signals,,,
6385542274,node,28.6456193,77.1679297,traffic_signals,,,
6385598108,node,28.6567062,77.1401239,traffic_signals,,,
6385598111,node,28.6545227,77.1367833,traffic_signals,,,
6385598128,node,28.6544327,77.1367203,traffic_signals,,,
6385598129,node,28.6565764,77.1400941,traffic_signals,,,
6385598132,node,28.6521326,77.1296851,traffic_signals,,,
6385598133,node,28.6520778,77.1296967,traffic_signals,,,
6385598138,node,28.6522991,77.1295514,traffic_signals,,,
6385598144,node,28.6546260,77.1365110,traffic_signals,,,
6385598149,node,28.6523177,77.1296290,traffic_signals,,,
6385672560,node,28.6413237,77.1077874,traffic_signals,,,
6385672564,node,28.6417865,77.1077652,traffic_signals,,,
6385672566,node,28.6415899,77.1076153,traffic_signals,,,
6385672569,node,28.6415284,77.1079271,traffic_signals,,,
6385735810,node,28.6468699,77.0969352,,,bump,
6385735814,node,28.6494830,77.0964311,,,hump,
6395595448,node,28.5704129,77.1732671,,,bump,
6395622078,node,28.5661969,77.1892443,crossing,traffic_signals,,
6395753664,node,28.6057026,77.3336244,traffic_signals,,,
6395753669,node,28.6120602,77.3403076,crossing,uncontrolled,,
6395753674,node,28.6122754,77.3404645,crossing,uncontrolled,,
6395753676,node,28.6077340,77.3364560,,,hump,
6395753678,node,28.6057184,77.3334807,traffic_signals,,,
6395753679,node,28.6123176,77.3403653,crossing,uncontrolled,,
6395753683,node,28.6057742,77.3335577,traffic_signals,,,
6395754685,node,28.6055123,77.3331624,,,hump,
6395754689,node,28.6056462,77.3335436,traffic_signals,,,
6395754691,node,28.6121003,77.3402022,crossing,uncontrolled,,
6396990688,node,28.5696143,77.1993554,traffic_signals,,,
6396990698,node,28.5652808,77.2002056,traffic_signals,,,
6396990699,node,28.5653445,77.2002642,traffic_signals,,,
6396990700,node,28.5653360,77.2001946,traffic_signals,,,
6396990701,node,28.5695736,77.1992443,traffic_signals,,,
6406978377,node,28.5119476,77.2486790,crossing,uncontrolled,,
6406978378,node,28.5119473,77.2485537,crossing,uncontrolled,,
6406978379,node,28.5120674,77.2485212,crossing,uncontrolled,,
6408647433,node,28.6519040,77.0872506,traffic_signals,,,
6408647437,node,28.6520532,77.0872719,traffic_signals,,,
6408647438,node,28.6519735,77.0868471,traffic_signals,,,
6411419001,node,28.5027083,77.1801011,,,rumble_strip,
6411489549,node,28.4288194,77.2252694,,,bump,
6411489556,node,28.4272619,77.2243967,,,bump,
6411489560,node,28.4291087,77.2254341,,,bump,
6411489564,node,28.4324432,77.2123380,,,bump,
6411489570,node,28.4674393,77.1868427,,,bump,
6411571298,node,28.4745130,77.1871095,,,bump,
6412446328,node,28.4745130,77.1871926,,,bump,
6412446345,node,28.4674393,77.1869258,,,bump,
6419492006,node,28.6918493,77.2081003,traffic_signals,,,
6429316311,node,28.6213357,77.2927583,,,bump,
6434800374,node,28.5529940,77.1654768,traffic_signals,,,signal
6438917528,node,28.6298782,77.2520217,,,bump,
6438917529,node,28.6309326,77.2522409,crossing,uncontrolled,,
6438917531,node,28.6290447,77.2516889,crossing,uncontrolled,,
6438917535,node,28.6289212,77.2514082,crossing,uncontrolled,,
6438917536,node,28.6291101,77.2516197,crossing,uncontrolled,,
6447401576,node,28.6894995,77.2782199,traffic_signals,,,
6448192395,node,28.5116438,77.2029001,,,hump,
6448192397,node,28.5094391,77.2189414,,,bump,
6448192401,node,28.5115887,77.2038332,,,bump,
6449507547,node,28.5920302,77.2236068,,,bump,
6449507548,node,28.5933478,77.2235369,,,bump,
6466294302,node,28.5965313,77.1400617,,,bump,
6466294307,node,28.6113400,77.0912591,,,bump,
6468011468,node,28.6893047,77.2917762,traffic_signals,,,signal
6468013787,node,28.6892477,77.2919522,traffic_signals,,,signal
6468013797,node,28.6893213,77.2921383,traffic_signals,,,signal
6470072753,node,28.6178575,77.2107634,,,bump,
6475031486,node,28.5654274,77.2704923,traffic_signals,,,
6475031488,node,28.5652093,77.2703744,traffic_signals,,,
6475194129,node,28.5748902,77.2639126,,,hump,
6475194136,node,28.5609385,77.2729110,traffic_signals,,,
6475194141,node,28.5614240,77.2840947,,,hump,
6475194144,node,28.5609834,77.2805568,,,hump,
6475194146,node,28.5610339,77.2830724,,,hump,
6475194147,node,28.5610647,77.2725351,traffic_signals,,,
6475194152,node,28.5611166,77.2727771,traffic_signals,,,
6475194154,node,28.5608669,77.2727159,traffic_signals,,,
6475654505,node,28.7007800,77.2916113,traffic_signals,,,signal
6475654508,node,28.7011905,77.2916043,traffic_signals,,,signal
6475678255,node,28.6894300,77.2919692,traffic_signals,,,signal
6475719740,node,28.6974301,77.3152983,traffic_signals,,,signal
6480463128,node,28.6988243,77.3072979,traffic_signals,,,signal
6482199474,node,28.6973378,77.3154489,traffic_signals,,,signal
6482199477,node,28.6975788,77.3155884,traffic_signals,,,signal
6482199996,node,28.6974026,77.3159766,traffic_signals,,,signal
6482527002,node,28.6299919,77.2768892,crossing,traffic_signals,,
6499076103,node,28.7341243,77.1768644,,,table,
6499280078,node,28.6986021,77.3074453,traffic_signals,,,signal
6507862212,node,28.5668355,77.1604349,,,bump,
6518187310,node,28.5716130,77.1723664,traffic_signals,,,
6518187311,node,28.5717270,77.1722373,traffic_signals,,,
6518187312,node,28.5717060,77.1725162,traffic_signals,,,
6521316745,node,28.7610510,77.0588968,traffic_signals,,,traffic_lights
6560868270,node,28.5901030,77.2198162,traffic_signals,,,
6560868271,node,28.5900485,77.2196977,traffic_signals,,,
6574408236,node,28.6324110,77.2804316,traffic_signals,,,
6576015913,node,28.6107581,77.1993070,crossing,marked,,
6593517808,node,28.5867532,77.1896603,crossing,marked,,
6593517860,node,28.5880188,77.1865537,crossing,marked,,
6593532602,node,28.5902395,77.1809951,,,bump,
6615124181,node,28.7071668,77.2281109,,,rumble_strip,
6615124182,node,28.6871962,77.2542693,motorway,,bump,
6615124184,node,28.7195753,77.2232053,,,hump,
6615136085,node,28.6624816,77.2583186,motorway,,rumble_strip,
6615136088,node,28.6777535,77.2567484,motorway,,bump,
6615136089,node,28.6842968,77.2550171,motorway,,bump,
6615136093,node,28.6812158,77.2558232,motorway,,bump,
6619070667,node,28.5144925,77.2020808,,,bump,
6622497969,node,28.5229833,77.1785945,,,bump,
6636708252,node,28.6063458,77.2955333,,,hump,
6637053543,node,28.6352920,77.2845927,crossing,uncontrolled,,
6640868217,node,28.5690830,77.2376651,,,bump,
6655403385,node,28.5964284,77.1982074,crossing,marked,,
6655403386,node,28.5964919,77.1983356,crossing,marked,,
6655403387,node,28.5967022,77.1981499,crossing,marked,,
6655403388,node,28.5967199,77.1982048,crossing,marked,,
6657116892,node,28.5943292,77.1961108,crossing,marked,,
6657116893,node,28.5943311,77.1960332,crossing,marked,,
6657116981,node,28.6029682,77.1912133,crossing,marked,,
6657443536,node,28.6052912,77.1988956,crossing,marked,,
6657443537,node,28.6052914,77.1989903,crossing,marked,,
6657443570,node,28.6037866,77.2109554,crossing,marked,,
6657443578,node,28.6038485,77.2109167,crossing,marked,,
6657447294,node,28.6001821,77.2042193,crossing,marked,,
6657447301,node,28.6001326,77.2042884,crossing,marked,,
6657447309,node,28.5970866,77.2019292,crossing,marked,,
6657447356,node,28.6070427,77.2054223,crossing,marked,,
6657447363,node,28.6070463,77.2053596,crossing,marked,,
6657447407,node,28.6082539,77.2054549,crossing,marked,,
6657447422,node,28.6106030,77.2060810,crossing,marked,,
6657447423,node,28.6105634,77.2060419,crossing,marked,,
6657447427,node,28.6078742,77.2059699,crossing,uncontrolled,,
6657447431,node,28.6088316,77.2080490,crossing,marked,,
6657447440,node,28.6107848,77.1998964,crossing,marked,,
6657447459,node,28.6079016,77.2048589,crossing,marked,,
6657547725,node,28.6046232,77.2112129,crossing,marked,,
6657547726,node,28.6046761,77.2113000,crossing,marked,,
6657547742,node,28.6048393,77.2111398,crossing,marked,,
6657547743,node,28.6044079,77.2123307,crossing,marked,,
6657547768,node,28.6066004,77.2170758,crossing,marked,,
6657547770,node,28.6074104,77.2190961,crossing,marked,,
6657547775,node,28.6095903,77.2241080,crossing,marked,,
6657547781,node,28.6096432,77.2240829,crossing,marked,,
6657551989,node,28.6074892,77.2190571,crossing,marked,,
6657552022,node,28.6107569,77.1992131,crossing,marked,,
6666317453,node,28.6190252,77.2189062,crossing,marked,,
6666318666,node,28.6079563,77.2181600,crossing,marked,,
6666318677,node,28.6059596,77.2179507,crossing,marked,,
6666377289,node,28.6011811,77.2176961,crossing,marked,,
6666377292,node,28.6011811,77.2177462,crossing,marked,,
6666377306,node,28.6059599,77.2180089,crossing,marked,,
6680284554,node,28.5971823,77.2113024,crossing,marked,,
6680284555,node,28.5971651,77.2112167,crossing,marked,,
6680284559,node,28.5918647,77.2126548,crossing,marked;uncontrolled,,
6680295311,node,28.5980133,77.2191609,crossing,uncontrolled,,
6680797463,node,28.5977708,77.2115052,crossing,marked,,
6680797466,node,28.6003158,77.2170161,crossing,uncontrolled,,
6680797467,node,28.5978391,77.2114716,crossing,marked,,
6680820015,node,28.6008888,77.2183449,crossing,marked,,
6680820016,node,28.6008250,77.2183758,crossing,marked,,
6681142063,node,28.6025816,77.2232826,crossing,marked,,
6681142078,node,28.6039823,77.2234037,crossing,marked,,
6681142079,node,28.6039153,77.2233553,crossing,marked,,
6681148298,node,28.6064820,77.2190410,crossing,marked,,
6681148314,node,28.6075882,77.2170240,crossing,marked,,
6681148320,node,28.6101994,77.2124425,crossing,marked,,
6681148367,node,28.6108262,77.2114241,crossing,marked,,
6688997550,node,28.6099902,77.2240159,crossing,marked,,
6688997554,node,28.6098943,77.2240094,crossing,marked,,
6688997562,node,28.6101497,77.2186185,crossing,marked,,
6688997578,node,28.6101907,77.2250618,crossing,marked,,
6689054535,node,28.6094026,77.2245419,crossing,marked,,
6689054542,node,28.6093999,77.2246046,crossing,marked,,
6689054564,node,28.6043094,77.2242752,crossing,marked,,
6689054565,node,28.6043118,77.2242104,crossing,marked,,
6699181073,node,28.6053274,77.2965521,,,hump,
6702699420,node,28.6166444,77.2245718,crossing,marked,,
6702715193,node,28.6185937,77.2251335,crossing,marked,,
6702715194,node,28.6185952,77.2250921,crossing,marked,,
6702715196,node,28.6168035,77.2250679,crossing,marked,,
6702715201,node,28.6168044,77.2250077,crossing,marked,,
6702715353,node,28.6263868,77.2320139,crossing,marked,,
6702715367,node,28.6206546,77.2368215,crossing,marked,,
6702715368,node,28.6205764,77.2369645,crossing,marked,,
6702715400,node,28.6210057,77.2368047,crossing,marked,,
6702715401,node,28.6206200,77.2372325,crossing,marked,,
6702715402,node,28.6207131,77.2372734,crossing,marked,,
6716233225,node,28.5969802,77.2232643,crossing,marked,,
6716233226,node,28.5969967,77.2233474,crossing,marked,,
6716233229,node,28.5903099,77.2237671,crossing,marked,,
6716233256,node,28.5974660,77.2233749,crossing,marked,,
6716233257,node,28.5973838,77.2234360,crossing,marked,,
6716247199,node,28.5902988,77.2236863,crossing,marked,,
6720388981,node,28.6178564,77.2060488,crossing,marked,,
6720393086,node,28.6199203,77.2061473,crossing,marked,,
6720393093,node,28.6199132,77.2062348,crossing,marked,,
6720393100,node,28.6178568,77.2061132,crossing,marked,,
6720393110,node,28.6211022,77.2062314,crossing,marked,,
6720393126,node,28.6210996,77.2063018,crossing,marked,,
6720393127,node,28.6246025,77.2064572,crossing,marked,,
6720393128,node,28.6246078,77.2065355,crossing,marked,,
6720393130,node,28.6248392,77.2064586,traffic_signals,,,signal
6720393131,node,28.6248272,77.2065376,traffic_signals,,,signal
6720393133,node,28.6249511,77.2064590,crossing,marked,,
6720393134,node,28.6249678,77.2065400,crossing,marked,,
6721107840,node,28.6083082,77.2928057,,,hump,
6721197777,node,28.6057177,77.2403450,traffic_signals,,,
6721197778,node,28.6055303,77.2401265,traffic_signals,,,
6721215901,node,28.6286051,77.2777935,,,hump,
6738617024,node,28.6223438,77.2905333,,,bump,
6739048218,node,28.5606589,77.2215507,crossing,traffic_signals,,
6739048219,node,28.5607286,77.2214766,crossing,traffic_signals,,
6742341792,node,28.6211386,77.2125885,crossing,marked,,
6742341833,node,28.6201076,77.2125129,crossing,marked,,
6742341852,node,28.6176304,77.2123165,crossing,marked,,
6746646495,node,28.5317388,77.2065878,,,bump,
6749964759,node,28.5400376,77.2410026,,,hump,
6749964767,node,28.5405437,77.2409647,,,bump,
6749964776,node,28.5398864,77.2412291,,,hump,
6749964777,node,28.5397489,77.2415604,,,hump,
6750512437,node,28.5407698,77.2424134,,,bump,
6750512443,node,28.5407957,77.2424037,,,bump,
6750512450,node,28.5411606,77.2422102,,,bump,
6750512451,node,28.5414730,77.2420209,,,bump,
6755643048,node,28.5490687,77.1876762,,,rumble_strip,
6761961055,node,28.6336878,77.2208322,,,table,
6763955899,node,28.6511182,77.1587923,traffic_signals,,,
6764076201,node,28.6504132,77.1581139,,,hump,
6769351770,node,28.5298754,77.2581611,,,hump,
6774923165,node,28.5156539,77.2022006,,,bump,
6776599543,node,28.6100156,77.2118498,crossing,marked,,
6776599546,node,28.6100108,77.2119313,crossing,marked,,
6779419608,node,28.5381882,77.2182409,,,bump,
6779419611,node,28.5381200,77.2176574,,,bump,
6779419612,node,28.5341930,77.2134203,,,bump,
6779419625,node,28.5364570,77.2109445,,,bump,
6779419631,node,28.5369629,77.2103093,,,bump,
6779419634,node,28.5367441,77.2105929,,,bump,
6795515516,node,28.5102678,77.2028770,,,bump,
6817191933,node,28.6322899,77.2800287,traffic_signals,,,
6822560224,node,28.5288487,77.2025851,crossing,traffic_signals,,
6822560225,node,28.5287500,77.2025243,crossing,traffic_signals,,
6823109074,node,28.5198786,77.2023349,,,bump,
6833896539,node,28.5226251,77.1712058,,,bump,
6834036192,node,28.5229659,77.1787044,,,bump,
6834036206,node,28.5230868,77.1769407,,,bump,
6836678131,node,28.5187049,77.2062923,,,hump,
6837340221,node,28.6298486,77.2768692,crossing,unmarked,,
6837340222,node,28.6315315,77.2787573,,,bump,
6837475125,node,28.5659109,77.2522358,traffic_signals,,,
6837569934,node,28.5192876,77.2078979,crossing,unmarked;uncontrolled,,
6837569935,node,28.5194239,77.2079351,crossing,unmarked;uncontrolled,,
6841624820,node,28.5908825,77.2287538,crossing,traffic_signals,,
6853471531,node,28.6323956,77.2801121,traffic_signals,,,
6853514743,node,28.5949299,77.2287493,,,bump,
6853682643,node,28.5691059,77.1899459,,,table,
6853682671,node,28.5605225,77.1815225,,,hump,
6862735813,node,28.5163117,77.1618596,traffic_signals,,,signal
6862735816,node,28.5162832,77.1619851,traffic_signals,,,signal
6862735817,node,28.5165292,77.1619107,traffic_signals,,,signal
6862917560,node,28.5668254,77.1634690,,,bump,
6863409674,node,28.5101718,77.1993100,,,bump,
6863409684,node,28.5096009,77.1987782,,,bump,
6863411290,node,28.5101684,77.1998743,,,bump,
6866376670,node,28.5620164,77.2565603,traffic_signals,,,
6866376671,node,28.5619053,77.2567976,traffic_signals,,,
6866376679,node,28.5617299,77.2567620,traffic_signals,,,
6869787544,node,28.6407121,77.2944853,traffic_signals,,,
6869787545,node,28.6406425,77.2944241,traffic_signals,,,
6869787546,node,28.6407264,77.2941829,traffic_signals,,,
6869787548,node,28.6408346,77.2941305,traffic_signals,,,
6869949750,node,28.6474197,77.3153647,,,bump,
6869949751,node,28.6456324,77.3165225,,,bump,
6869949760,node,28.6475787,77.3155728,,,bump,
6872116142,node,28.6228518,77.3028040,crossing,uncontrolled,,
6872614931,node,28.6299317,77.2768017,traffic_signals,,,
6872614932,node,28.6299704,77.2765619,traffic_signals,,,
6885030418,node,28.5652678,77.1617166,,,bump,
6898196573,node,28.5195356,77.2010667,,,bump,
6898283257,node,28.5118496,77.2011942,,,bump,
6900272683,node,28.5522271,77.2469336,traffic_signals,,,
6900297485,node,28.5520869,77.2468124,traffic_signals,,,
6900297488,node,28.5520282,77.2469217,traffic_signals,,,
6900297489,node,28.5521964,77.2469057,traffic_signals,,,
6900565537,node,28.6722539,77.1698020,crossing,marked,,
6900565538,node,28.6722236,77.1696566,crossing,marked,,
6911979914,node,28.4800764,77.1251218,traffic_signals,,,
6911979917,node,28.4800945,77.1247362,crossing,traffic_signals,,
6911979922,node,28.4801760,77.1251822,traffic_signals,,,
6911979926,node,28.4787644,77.1212281,,,bump,
6911979937,node,28.4793430,77.1240608,,,bump,
6911979941,node,28.5018721,77.1675244,traffic_signals,,,
6911979942,node,28.4874495,77.1350295,,,bump,
6911979945,node,28.4895076,77.1393720,,,bump,
6911979951,node,28.5018865,77.1671379,traffic_signals,,,
6911979954,node,28.5017495,77.1674762,traffic_signals,,,
6912102237,node,28.4927310,77.1464624,traffic_signals,,,
6912102240,node,28.5077827,77.1766836,traffic_signals,,,
6912102246,node,28.5015976,77.1664538,,,bump,
6925923283,node,28.5889926,77.2531265,crossing,uncontrolled,,
6927680397,node,28.5333508,77.1514188,traffic_signals,,,
6927680398,node,28.5333589,77.1512618,traffic_signals,,,
6927680399,node,28.5332890,77.1513757,traffic_signals,,,
6930089779,node,28.6595605,77.1902682,traffic_signals,,,
6930089780,node,28.6595452,77.1901307,traffic_signals,,,
6930089782,node,28.6722592,77.1721099,traffic_signals,,,
6930089784,node,28.6721064,77.1721556,traffic_signals,,,
6930106189,node,28.6593859,77.1902997,traffic_signals,,,
6930106190,node,28.6720550,77.1720932,traffic_signals,,,
6934463214,node,28.6891385,77.2212558,traffic_signals,,,
6934463222,node,28.6893278,77.2213399,traffic_signals,,,
6934484845,node,28.6917388,77.2083210,traffic_signals,,,
6934484846,node,28.6918918,77.2082700,traffic_signals,,,
6934484847,node,28.6916988,77.2081747,traffic_signals,,,
6948490521,node,28.5233358,77.1900078,traffic_signals,,,signal
6948490522,node,28.5234560,77.1900373,traffic_signals,,,signal
6950573228,node,28.5706011,77.1681590,,,bump,
6950573233,node,28.5703174,77.1672612,,,bump,
6961319377,node,28.5782230,77.1898867,crossing,traffic_signals,,
6961319383,node,28.5782196,77.1897622,crossing,traffic_signals,,
6961366601,node,28.5574816,77.1689938,traffic_signals,,,
6964092581,node,28.5909876,77.1985916,,,bump,
6964140887,node,28.5910522,77.1985908,,,bump,
6964144340,node,28.5507821,77.1839109,traffic_signals,,,
6964144343,node,28.5507537,77.1840518,traffic_signals,,,
6964144347,node,28.5504482,77.1839292,traffic_signals,,,
6965638588,node,28.6449630,77.2237025,crossing,traffic_signals,,
6965638606,node,28.6452365,77.2234957,traffic_signals,,,
6979337483,node,28.6439534,77.2183700,,,bump,
6979349385,node,28.6440005,77.2182980,,,bump,
6991704154,node,28.5576647,77.1730763,traffic_signals,,,
6991704155,node,28.5579959,77.1733210,traffic_signals,,,
6991704156,node,28.5580348,77.1730415,traffic_signals,,,
7013347090,node,28.5554036,77.1668432,,,bump,
7013729006,node,28.5251241,77.1899021,,,hump,
7066740245,node,28.5376530,77.2405671,,,bump,
7066740247,node,28.5377125,77.2404166,,,bump,
7084028638,node,28.5016821,77.2906577,traffic_signals,,,
7084195446,node,28.5014218,77.2906787,traffic_signals,,,
7084195447,node,28.5014572,77.2908909,traffic_signals,,,
7084195448,node,28.5016716,77.2906543,traffic_signals,,,
7090317127,node,28.5368906,77.2674419,traffic_signals,,,
7090317128,node,28.5367849,77.2673548,traffic_signals,,,
7090317129,node,28.5368250,77.2674778,traffic_signals,,,
7097978716,node,33.7197753,-117.8634461,stop,,,
7108590418,node,28.5760014,77.2639046,crossing,traffic_signals,,
7108590419,node,28.5761737,77.2637630,crossing,traffic_signals,,
7108608606,node,28.6063713,77.2884308,,,rumble_strip,
7108608608,node,28.6072065,77.2908613,,,hump,
7111144661,node,28.5036096,77.2024961,,,bump,
7111144665,node,28.5040466,77.2025125,,,bump,
7111147160,node,28.5045067,77.2025298,,,bump,
7111147168,node,28.5046261,77.2025331,,,bump,
7111147177,node,28.5060664,77.2016117,,,bump,
7111159077,node,28.5062390,77.2016077,,,bump,
7111159080,node,28.5063433,77.2015876,,,bump,
7114115410,node,28.5120630,77.2486722,crossing,uncontrolled,,
7130999144,node,28.4996718,77.2945996,traffic_signals,,,
7130999145,node,28.4997853,77.2947352,traffic_signals,,,
7130999146,node,28.4996257,77.2947192,traffic_signals,,,
7131421532,node,28.4873805,77.1345283,,,bump,
7132350228,node,28.5017670,77.2025104,,,bump,
7132350242,node,28.5017458,77.2031939,,,bump,
7132350247,node,28.5017668,77.2029149,,,bump,
7132350250,node,28.5017672,77.2021865,,,bump,
7132350252,node,28.5017729,77.2033828,,,bump,
7132666636,node,28.5664955,77.1658361,traffic_signals,,,
7132666638,node,28.5666490,77.1659476,traffic_signals,,,
7132666639,node,28.5664781,77.1659193,traffic_signals,,,
7132666641,node,28.5664101,77.1657989,traffic_signals,,,
7146850850,node,28.5068952,77.1983020,,,dip,
7149092381,node,28.5293971,77.2145303,,,bump,
7153872741,node,28.5870437,77.2367555,traffic_signals,,,
7153872742,node,28.5870264,77.2364233,crossing,traffic_signals,,
7153872743,node,28.5871603,77.2368176,crossing,traffic_signals,,
7153872744,node,28.5871364,77.2364784,traffic_signals,,,
7153872745,node,28.5870485,77.2368183,crossing,traffic_signals,,
7153872746,node,28.5871322,77.2364165,crossing,traffic_signals,,
7153872747,node,28.5869733,77.2366989,traffic_signals,,,
7165489966,node,28.5839219,77.2503042,crossing,traffic_signals,,
7165489970,node,28.5836914,77.2504987,crossing,traffic_signals,,
7165489971,node,28.5837474,77.2504519,traffic_signals,,,
7165489972,node,28.5837504,77.2505747,crossing,traffic_signals,,
7165489974,node,28.5839029,77.2504443,traffic_signals,,,
7165489975,node,28.5839677,77.2503889,crossing,traffic_signals,,
7165489976,node,28.5837577,77.2503464,traffic_signals,,,
7171446398,node,28.6215806,77.2942413,,,hump,
7171706062,node,28.6313389,77.3061290,,,bump,
7171706063,node,28.6271957,77.3057839,,,bump,
7171706069,node,28.6249941,77.3045429,,,bump,
7171706071,node,28.6275189,77.3056451,,,bump,
7173860575,node,28.5018051,77.1954780,,,bump,
7173860576,node,28.5019009,77.1955020,,,bump,
7173860577,node,28.5016561,77.1954759,,,bump,
7173860579,node,28.5021960,77.1938970,,,bump,
7173860580,node,28.5019893,77.1942291,,,bump,
7173860582,node,28.5015583,77.1949471,,,bump,
7173860584,node,28.5020523,77.1942132,,,bump,
7173868185,node,28.5019746,77.1942185,,,bump,
7173868186,node,28.5011854,77.1954949,,,bump,
7173868195,node,28.5013168,77.1954820,,,bump,
7173886974,node,28.5006386,77.1961125,,,bump,
7173886977,node,28.5008637,77.1958188,,,bump,
7173889986,node,28.5008703,77.1956430,,,bump,
7175503809,node,28.6297588,77.2316183,,,bump,
7183720917,node,28.5652041,77.2337328,crossing,marked,,
7183720918,node,28.5655562,77.2345374,crossing,marked,,
7183720919,node,28.5651454,77.2344931,crossing,marked,,
7183720920,node,28.5652404,77.2345048,crossing,marked,,
7183720921,node,28.5656371,77.2337114,crossing,marked,,
7183720924,node,28.5657841,77.2338521,crossing,marked,,
7183720925,node,28.5657514,77.2339537,crossing,marked,,
7183720927,node,28.5653302,77.2336743,crossing,marked,,
7184243785,node,28.5009587,77.1963225,,,bump,
7184243791,node,28.5008087,77.1962257,,,bump,
7184265025,node,28.4985399,77.1897980,,,hump,
7184310639,node,28.4984774,77.1907142,,,bump,
7187176358,node,28.5711918,77.1700398,crossing,traffic_signals,,
7190737446,node,28.5980909,77.2408544,crossing,traffic_signals,,
7190737447,node,28.5981522,77.2406431,traffic_signals,,,
7190737448,node,28.5982689,77.2406241,crossing,traffic_signals,,
7190737449,node,28.5980671,77.2406461,crossing,traffic_signals,,
7190737450,node,28.5982937,77.2408066,crossing,traffic_signals,,
7191399752,node,28.5844234,77.2222498,,,rumble_strip,
7191399760,node,28.5844153,77.2221769,,,bump,
7191399763,node,28.5873781,77.2356169,,,bump,
7191399773,node,28.5873702,77.2354531,,,bump,
7208590412,node,28.6218453,77.3001208,crossing,uncontrolled,,
7208590422,node,28.6228157,77.3026543,crossing,uncontrolled,,
7208590447,node,28.6219890,77.3005144,crossing,uncontrolled,,
7214263640,node,28.6212813,77.3003924,crossing,uncontrolled,,
7214263657,node,28.6204504,77.2979067,crossing,uncontrolled,,
7214263661,node,28.6213932,77.3007021,crossing,uncontrolled,,
7214263667,node,28.6210472,77.2999548,crossing,uncontrolled,,
7214263672,node,28.6209555,77.2998148,crossing,uncontrolled,,
7227049750,node,28.5638533,77.2647884,crossing,traffic_signals,,
7227049756,node,28.5637933,77.2646776,crossing,traffic_signals,,
7227049758,node,28.5640841,77.2646160,crossing,traffic_signals,,
7227049759,node,28.5640250,77.2645069,crossing,traffic_signals,,
7242504935,node,28.6515885,77.2378825,crossing,traffic_signals,,
7242504936,node,28.6518134,77.2377149,crossing,traffic_signals,,
7242504937,node,28.6514799,77.2376933,crossing,traffic_signals,,
7242504939,node,28.6517048,77.2375257,crossing,traffic_signals,,
7262803596,node,28.5658757,77.1817380,traffic_signals,,,
7262803597,node,28.5671928,77.1826341,traffic_signals,,,
7262803599,node,28.5657277,77.1814770,traffic_signals,,,
7262803600,node,28.5673144,77.1828624,traffic_signals,,,
7262803601,node,28.5656955,77.1817278,traffic_signals,,,
7262926239,node,28.6195218,77.2099357,crossing,,hump,
7266045715,node,28.6335617,77.2530165,crossing,uncontrolled,,
7266045718,node,28.6306217,77.2520776,crossing,uncontrolled,,
7266045720,node,28.6306222,77.2521913,crossing,uncontrolled,,
7266045723,node,28.6307798,77.2520815,crossing,uncontrolled,,
7266045725,node,28.6304515,77.2520676,crossing,uncontrolled,,
7266045726,node,28.6307736,77.2522004,crossing,uncontrolled,,
7266045728,node,28.6297779,77.2521184,crossing,uncontrolled,,
7266045729,node,28.6296210,77.2519501,crossing,uncontrolled,,
7266045732,node,28.6348164,77.2529584,crossing,uncontrolled,,
7266045733,node,28.6295996,77.2520756,crossing,uncontrolled,,
7266045734,node,28.6337589,77.2529055,crossing,uncontrolled,,
7266045735,node,28.6335613,77.2529077,crossing,uncontrolled,,
7266045741,node,28.6337592,77.2530161,crossing,uncontrolled,,
7266045743,node,28.6348206,77.2530407,crossing,uncontrolled,,
7266304603,node,28.6254023,77.2395664,crossing,uncontrolled;unmarked,,
7280004310,node,28.6269035,77.2796352,crossing,uncontrolled;unmarked,,
7280004315,node,28.6269493,77.2796972,crossing,uncontrolled;unmarked,,
7284367212,node,28.6135518,77.2121876,crossing,marked,,
7284367225,node,28.6139362,77.2122119,crossing,marked,,
7285240032,node,28.5543652,77.2125920,crossing,traffic_signals,,
7294850502,node,28.6237072,77.2891471,,,bump,
7305381088,node,28.5960481,77.2071383,crossing,traffic_signals,,
7312572938,node,28.6255728,77.3065570,traffic_signals,,,
7312572939,node,28.6256938,77.3064331,traffic_signals,,,
7312572940,node,28.6256074,77.3063691,traffic_signals,,,
7312809247,node,28.6017446,77.2302206,crossing,traffic_signals,,
7312809256,node,28.6016153,77.2302215,traffic_signals,,,
7312809259,node,28.6016878,77.2301522,crossing,traffic_signals,,
7312809263,node,28.6016582,77.2300018,crossing,marked,,
7312809265,node,28.6018191,77.2303678,crossing,marked,,
7334256837,node,28.6227026,77.2907863,,,bump,
7612139773,node,28.6076353,77.2170655,crossing,marked,,
7612139784,node,28.6102747,77.2124976,crossing,marked,,
7612444354,node,28.6043412,77.2251696,crossing,marked,,
7612444360,node,28.6033306,77.2270918,crossing,marked,,
7612444362,node,28.6028422,77.2280165,crossing,marked,,
7612915568,node,28.5560874,77.1862695,crossing,marked,,
7612915569,node,28.5560475,77.1863896,crossing,marked,,
7615444988,node,28.6105418,77.2125961,crossing,marked,,
7615444996,node,28.6102788,77.2179332,crossing,marked,,
7615445006,node,28.6102051,77.2179314,crossing,marked,,
7615445007,node,28.6104716,77.2125903,crossing,marked,,
7632384904,node,28.5183554,77.1597684,traffic_signals,,,signal
7737109364,node,28.6128934,77.0501158,,marked,,
7807435334,node,28.6653621,77.1533761,,,island,
7807435336,node,28.6650577,77.1515103,crossing,zebra,,
7807435339,node,28.6659510,77.1493809,crossing,zebra,,
7807435340,node,28.6649442,77.1497634,crossing,zebra,,
7831663208,node,28.5591645,77.2364467,traffic_signals,,,
7831663209,node,28.5589923,77.2365246,traffic_signals,,,
7831663210,node,28.5589768,77.2366732,traffic_signals,,,
7831663211,node,28.5592325,77.2364307,traffic_signals,,,
8499919670,node,28.6242852,77.2256255,,,bump,
8499919672,node,28.6249242,77.2271570,,,bump,
8810045358,node,28.6113570,77.0365158,,,hump,
8810045388,node,28.6115553,77.0344397,,,hump,
8974618791,node,28.6205122,77.2912219,crossing,uncontrolled,,
8974618793,node,28.6204286,77.2912596,crossing,uncontrolled,,
8974618797,node,28.6202974,77.2906242,crossing,uncontrolled,,
8974618798,node,28.6203294,77.2907128,crossing,uncontrolled,,
8980016279,node,28.6209001,77.2922483,,,bump,
8980016280,node,28.6208788,77.2921714,,,bump,
8980041078,node,28.6203688,77.2917568,,,bump,
8980084927,node,28.6210783,77.2928853,crossing,uncontrolled,,
8980084935,node,28.6210211,77.2927314,crossing,uncontrolled,,
8982368743,node,28.6271449,77.2192695,crossing,uncontrolled,,
8982438638,node,28.6282868,77.2194826,crossing,uncontrolled,,
8982438642,node,28.6282883,77.2193779,crossing,uncontrolled,,
9037313902,node,28.6453372,77.2236457,traffic_signals,,,
9041105455,node,28.6224068,77.2913775,,,bump,
9048339566,node,28.6406145,77.2315362,crossing,traffic_signals,,
9048339567,node,28.6405820,77.2316335,crossing,traffic_signals,,
9052026103,node,28.6396397,77.2466408,traffic_signals,,,
9052026104,node,28.6396596,77.2469547,traffic_signals,,,
9052026105,node,28.6393907,77.2470826,traffic_signals,,,
9078895021,node,28.6397736,77.2464795,crossing,uncontrolled,,
9087190288,node,28.6187903,77.2866331,crossing,traffic_signals,,
9093701777,node,28.6332147,77.3091673,,,bump,
9093701780,node,28.6332761,77.3092047,,,bump,
9093906626,node,28.6348479,77.3044745,crossing,traffic_signals,,
9093906628,node,28.6347850,77.3044914,crossing,traffic_signals,,
9093906631,node,28.6346692,77.3046251,crossing,traffic_signals,bump,
9096794104,node,28.6445075,77.2925703,,,hump,
9096794105,node,28.6445180,77.2929294,,,hump,
9096794106,node,28.6445386,77.2932897,,,hump,
9096794107,node,28.6445564,77.2936925,,,hump,
9104868772,node,28.5203841,77.1797585,,,bump,
9105530959,node,28.6299089,77.2764672,crossing,traffic_signals,,
9105530961,node,28.6297808,77.2765643,crossing,traffic_signals,,
9120498205,node,28.6445682,77.2940715,,,hump,
9153670557,node,28.5889935,77.2532055,crossing,uncontrolled,,
9157708910,node,28.6601146,77.2311487,crossing,traffic_signals,,
9157708911,node,28.6602868,77.2311645,crossing,traffic_signals,,
9157786807,node,28.6600534,77.2357399,crossing,traffic_signals,,
9157786813,node,28.6601545,77.2357430,crossing,traffic_signals,,
9162635045,node,28.6673205,77.2211808,crossing,traffic_signals,,
9195108424,node,28.6260878,77.2216224,crossing,uncontrolled,,
9195214417,node,28.6174614,77.2032107,crossing,uncontrolled,,
9195214421,node,28.6173792,77.2032086,crossing,uncontrolled,,
9200039686,node,28.6291962,77.3068221,crossing,uncontrolled,,
9209601727,node,28.6330871,77.2811940,crossing,uncontrolled;unmarked,,
9209601730,node,28.6329507,77.2813039,crossing,uncontrolled;unmarked,,
9209601936,node,28.6334007,77.2819685,crossing,uncontrolled,,
9216162549,node,28.6342852,77.2832933,crossing,unmarked;uncontrolled,,
9216162551,node,28.6343724,77.2832043,crossing,unmarked;uncontrolled,,
9216167305,node,28.6351922,77.2846669,crossing,uncontrolled,,
9216291433,node,28.6361002,77.2858504,crossing,traffic_signals,,
9216291434,node,28.6359720,77.2858978,crossing,traffic_signals,,
9216291435,node,28.6356852,77.2857977,crossing,traffic_signals,,
9238911873,node,28.6444119,77.2986452,traffic_signals,,,
9238911874,node,28.6438921,77.2987116,traffic_signals,,,
9238911875,node,28.6442021,77.2989408,traffic_signals,,,
9238943753,node,28.6361772,77.3092676,crossing,traffic_signals,,
9238943754,node,28.6360448,77.3092801,crossing,traffic_signals,,
9238943756,node,28.6361654,77.3088654,crossing,traffic_signals,,
9238943757,node,28.6359958,77.3088797,crossing,traffic_signals,,
9238956781,node,28.6359586,77.2858721,traffic_signals,,,
9238956782,node,28.6358293,77.2857717,traffic_signals,,,
9238956783,node,28.6361166,77.2857825,traffic_signals,,,
9238956784,node,28.6360026,77.2856850,traffic_signals,,,
9238970695,node,28.6334117,77.3155040,,,bump,
9238982804,node,28.6365219,77.3142210,traffic_signals,,,
9340252159,node,28.6192186,77.0421826,crossing,marked,,
9387582737,node,28.6361935,77.3059017,traffic_signals,,,
9387582739,node,28.6363904,77.3060083,traffic_signals,,,
9387582740,node,28.6361620,77.3061284,traffic_signals,,,
9523378905,node,28.6115669,77.0366205,,,hump,
9523378906,node,28.6120655,77.0364560,,,hump,
9542979267,node,28.6436179,77.1867697,crossing,traffic_signals,,
9542979268,node,28.6438012,77.1867481,crossing,traffic_signals,,
9542979276,node,28.6457399,77.1682651,crossing,traffic_signals,,
9542979277,node,28.6455855,77.1681482,crossing,traffic_signals,,
9542979281,node,28.6486703,77.1630199,crossing,unmarked;uncontrolled,,
9542979282,node,28.6488277,77.1631414,crossing,unmarked;uncontrolled,,
9542979292,node,28.6569533,77.1495275,traffic_signals,,,
9542979311,node,28.6835334,77.1463662,,,hump,
9542982727,node,28.6857958,77.1425485,traffic_signals,,,
9542982728,node,28.6856207,77.1426232,traffic_signals,,,
9542982759,node,28.6885064,77.1059630,traffic_signals,,,
9542982760,node,28.6883756,77.1060238,traffic_signals,,,
9542982761,node,28.6884806,77.1059206,traffic_signals,,,
9554245946,node,28.6109947,77.2902948,,,hump,
9554245954,node,28.6115371,77.2894833,,,hump,
9568840711,node,28.6229111,77.2951993,,,bump,
9570944345,node,28.6194901,77.2860493,crossing,uncontrolled;unmarked,,
9570944346,node,28.6195236,77.2861268,crossing,uncontrolled;unmarked,,
9597055504,node,28.6249078,77.2318609,,,bump,
9597055507,node,28.6256317,77.2328529,,,bump,
9597055512,node,28.6250939,77.2325752,,,bump,
9598819611,node,28.6060681,77.1873315,traffic_signals,,,signal
9610765249,node,28.6204321,77.2855447,crossing,unmarked;uncontrolled,,
9610765250,node,28.6203941,77.2854661,crossing,unmarked;uncontrolled,,
9645813799,node,28.6713157,77.2806737,traffic_signals,,,
9645813800,node,28.6712839,77.2804665,traffic_signals,,,
9645813801,node,28.6713866,77.2806214,traffic_signals,,,
9645813802,node,28.6712333,77.2805171,traffic_signals,,,
9648212740,node,28.6615453,77.2871499,traffic_signals,,,
9648212741,node,28.6616367,77.2873370,traffic_signals,,,
9648212742,node,28.6616501,77.2872568,traffic_signals,,,
9648212744,node,28.6614517,77.2872744,traffic_signals,,,
9652337732,node,28.6529874,77.2926993,traffic_signals,,,
9652337733,node,28.6531711,77.2925959,traffic_signals,,,
9652337734,node,28.6528634,77.2925477,traffic_signals,,,
9673180139,node,28.6239325,77.2933547,,,bump,
9682296134,node,28.6036418,77.1963344,crossing,traffic_signals,,
9682296137,node,28.6035480,77.1963900,crossing,traffic_signals,,
9684753362,node,28.6102826,77.2113592,crossing,marked,,
9707091860,node,28.6441028,77.2001410,crossing,traffic_signals,,
9707091861,node,28.6442574,77.2002270,crossing,traffic_signals,,
9721373050,node,28.6281077,77.2439973,crossing,uncontrolled;unmarked,,
9721373051,node,28.6293503,77.2465964,crossing,uncontrolled;unmarked,,
9758662973,node,28.6222526,77.2945768,,,bump,
9781122493,node,28.5559048,77.2412981,crossing,uncontrolled,,
9781122495,node,28.5559848,77.2414039,crossing,uncontrolled,,
9781126401,node,28.5563244,77.2409358,crossing,uncontrolled,,
9781126402,node,28.5563955,77.2410479,crossing,uncontrolled,,
9798037577,node,28.6457241,77.2096952,traffic_signals,,,
9798089117,node,28.6458453,77.2097260,traffic_signals,,,
9798119678,node,28.6396588,77.2080356,traffic_signals,,,
9833052714,node,28.5894262,77.2128306,traffic_signals,,,
9833721308,node,28.6224338,77.2900994,,,bump,
9835190696,node,28.5452603,77.1810519,,uncontrolled,,
9835190697,node,28.5453273,77.1810883,,uncontrolled,,
9835570365,node,28.7496611,77.1705504,,,bump,
9835570369,node,28.7492091,77.1705550,,,bump,
9835903504,node,28.7447879,77.1664365,,,bump,
9836021067,node,28.7321393,77.1647091,,,hump,
9837624719,node,28.7356076,77.1679039,,,bump,
9837697718,node,28.7335445,77.1712556,,,bump,
9837697722,node,28.7330512,77.1705021,,,bump,
9850062691,node,28.7444343,77.1628884,,,bump,
9850176830,node,28.7458116,77.1580699,,,bump,
9850380230,node,28.7414126,77.1611487,,,bump,
9850380233,node,28.7408219,77.1611879,,,bump,
9850380239,node,28.7408779,77.1611933,,,bump,
9850390687,node,28.7395013,77.1602440,,,bump,
9850390710,node,28.7411118,77.1622186,,,bump,
9852864637,node,28.6108374,77.1999357,crossing,marked,,
9852864646,node,28.6079708,77.2049125,crossing,marked,,
9859605001,node,28.6521103,77.1296137,traffic_signals,,,
9859897619,node,28.5048809,77.2777642,traffic_signals,,,
9860744485,node,28.6376840,77.2233195,traffic_signals,,,
9869403109,node,28.5476584,77.2411339,,,bump,
9870115875,node,28.6860794,77.2084336,traffic_signals,,,signal
9870170214,node,28.6869458,77.2058094,traffic_signals,uncontrolled,,
9871480963,node,28.6312010,77.2804136,,,hump,
9874104512,node,28.6655356,77.2844920,traffic_signals,,,
9889446445,node,28.5768584,77.1898458,crossing,uncontrolled,,
9889446446,node,28.5768606,77.1899730,crossing,uncontrolled,,
9889759129,node,28.6966381,77.2271379,traffic_signals,,,
9903806326,node,28.7609272,77.0592544,traffic_signals,,,traffic_lights
9914282050,node,28.6204085,77.2903927,,,bump,
9914282055,node,28.6203738,77.2903759,,,bump,
9917047948,node,28.6323620,77.2987228,,,bump,
9920856903,node,28.6263191,77.3078412,,,bump,
9921079477,node,28.6227952,77.3012268,,,bump,
9932271531,node,28.6315767,77.2983223,,,bump,
9942022701,node,28.6094544,77.0351226,,,bump,
9942022702,node,28.6092199,77.0351987,,,bump,
9942022703,node,28.6093231,77.0352497,,,bump,
9942022704,node,28.6093884,77.0352275,,,bump,
9942022705,node,28.6114464,77.0368704,,,hump,
9942022706,node,28.6122867,77.0365177,,,hump,
9942022707,node,28.6117482,77.0380607,,,hump,
9942022709,node,28.6119584,77.0342999,,,hump,
9942022710,node,28.6118143,77.0346188,,,hump,
9966526254,node,28.6118435,77.0384694,,,hump,
9966526255,node,28.6119689,77.0381951,,,hump,
9966526256,node,28.6124829,77.0380215,,,hump,
9966526257,node,28.6125908,77.0377464,,,hump,
9966526258,node,28.6127045,77.0382058,,,hump,
9966526259,node,28.6137305,77.0366382,,,bump,
9966526260,node,28.6135573,77.0368497,,,bump,
9966526261,node,28.6125503,77.0371640,,,bump,
9966526262,node,28.6125700,77.0371578,,,bump,
9977798858,node,28.6115807,77.0392046,,,hump,
9977798859,node,28.6108364,77.0396285,,,hump,
9977798860,node,28.6129721,77.0383862,,,hump,
9977798861,node,28.6122253,77.0362700,,,hump,
9977798862,node,28.6101027,77.0364000,,,hump,
9978843215,node,28.6528069,77.1262569,crossing,marked,,
9988887620,node,28.6075912,77.0357211,,,hump,
9988887621,node,28.6080289,77.0355818,,,hump,
9988887622,node,28.6083237,77.0376021,,,bump,
9988887623,node,28.6085028,77.0383104,,,bump,
9988887624,node,28.6087437,77.0403072,,,hump,
9988887625,node,28.6089176,77.0399349,,,hump,
9988887626,node,28.6092382,77.0401454,,,hump,
9988887627,node,28.6079071,77.0359414,,,hump,
9998724570,node,28.6072103,77.0367138,,,hump,
10089151840,node,28.5430650,77.2233531,,,bump,
10146564372,node,28.7227451,77.1651775,traffic_signals,,,
10146564373,node,28.7223970,77.1651744,traffic_signals,,,
10146564374,node,28.7225031,77.1649861,traffic_signals,,,
10231316146,node,28.5525669,77.0526513,,,rumble_strip,
10231316151,node,28.5512639,77.0534934,,,rumble_strip,
10232494347,node,28.5526581,77.0527968,,,rumble_strip,
10233298195,node,28.5512246,77.0533834,,,rumble_strip,
10233298200,node,28.5524497,77.0524854,,,rumble_strip,
10233298215,node,28.5516624,77.0485566,,,rumble_strip,
10233298216,node,28.5513275,77.0482727,,,rumble_strip,
10233342517,node,28.5509213,77.0479521,,,rumble_strip,
10242883138,node,28.5900926,77.2196468,crossing,traffic_signals,,
10242883139,node,28.5902077,77.2196361,crossing,traffic_signals,,
10262795671,node,28.6234866,77.2928548,,,bump,
10280095498,node,28.6909286,77.2104062,crossing,uncontrolled,,
10280095499,node,28.6907410,77.2105272,,,island,
10280095501,node,28.6905840,77.2105775,crossing,uncontrolled,,
10280095502,node,28.6909842,77.2106312,,,island,
10281651234,node,28.5969335,77.2321602,crossing,zebra,,
10281651235,node,28.5969238,77.2323593,crossing,zebra,,
10302298912,node,28.5851142,77.1263247,,informal,,
10536781573,node,28.5999205,77.2179367,crossing,uncontrolled,,
10536781574,node,28.6009173,77.2170018,crossing,uncontrolled,,
10536781575,node,28.6009676,77.2170480,crossing,uncontrolled,,
10542997946,node,28.5974426,77.2107896,crossing,marked,,
10574000514,node,28.7269999,77.1621047,traffic_signals,,,
10574000515,node,28.7270989,77.1619100,traffic_signals,,,
10574000516,node,28.7267242,77.1619155,traffic_signals,,,
10583190875,node,28.5899730,77.2460219,crossing,traffic_signals,,
10583190876,node,28.5899312,77.2459372,crossing,traffic_signals,,
10583190877,node,28.5897470,77.2461823,crossing,traffic_signals,,
10583190878,node,28.5897071,77.2460973,crossing,traffic_signals,,
10583987633,node,28.5888759,77.2466874,crossing,traffic_signals,,
10583987634,node,28.5888377,77.2465835,crossing,traffic_signals,,
10583987635,node,28.5884808,77.2468929,crossing,traffic_signals,,
10583987636,node,28.5884414,77.2467894,crossing,traffic_signals,,
10603883044,node,28.6209448,77.2372262,crossing,marked,,
10603883045,node,28.6210182,77.2370891,crossing,marked,,
10603918108,node,28.6029997,77.2232060,crossing,marked,,
10648371202,node,28.7264678,77.1644258,,,bump,
10648413223,node,28.7262170,77.1646125,,,bump,
10649389963,node,28.5989942,77.2407880,,,hump,
10649389983,node,28.5989610,77.2404581,,,hump,
10703974372,node,28.6214706,77.2848165,traffic_signals,,,
10705897308,node,28.5910291,77.2512326,,informal,,
10755898598,node,28.7241679,77.1676371,,,hump,
10768316728,node,28.7311652,77.1588997,crossing,unmarked;uncontrolled,,
10768316736,node,28.7310768,77.1587182,crossing,unmarked;uncontrolled,,
10769759584,node,33.7128744,-117.8654250,crossing,unmarked,,
10769759585,node,33.7128139,-117.8655764,crossing,unmarked,,
10777671925,node,28.7404239,77.1656810,,,bump,
10806880591,node,28.7144559,77.1782565,,,bump,
10806893148,node,28.7149366,77.1783420,,,bump,
10810516957,node,28.7174593,77.1709428,,,hump,
10810516961,node,28.7168885,77.1700415,crossing,unmarked;uncontrolled,,
10810886216,node,28.6376789,77.2116802,traffic_signals,,,
10810886217,node,28.6376610,77.2115246,traffic_signals,,,
10810886218,node,28.6373829,77.2116287,traffic_signals,,,
10810886219,node,28.6373640,77.2114420,traffic_signals,,,
10815867632,node,28.6861424,77.2082597,traffic_signals,,,
10815867651,node,28.6918000,77.2080154,crossing,uncontrolled,,
10820827128,node,28.7194023,77.1734077,,,bump,
10839065779,node,28.7406581,77.1619197,,,bump,
10845031611,node,28.7342793,77.1765119,crossing,traffic_signals,,
10845031612,node,28.7344347,77.1765922,crossing,traffic_signals,,
10845335914,node,28.7411346,77.1611722,,,bump,
10848207320,node,28.7399464,77.1628520,,,bump,
10848246878,node,28.7398445,77.1607279,,,bump,
10855344994,node,28.7134275,77.1730917,traffic_signals,,,
10855390306,node,28.7136274,77.1731766,traffic_signals,,,
10855390311,node,28.7136156,77.1732536,traffic_signals,,,
10855504790,node,28.7134231,77.1765141,,,hump,
10855504800,node,28.7134318,77.1766248,,,hump,
10861879905,node,28.7421806,77.1644733,,,bump,
10861879918,node,28.7422076,77.1634910,,,hump,
10866592586,node,28.7386852,77.1680194,traffic_signals,,,
10866592587,node,28.7388545,77.1677641,traffic_signals,,,
10866592588,node,28.7386624,77.1677772,traffic_signals,,,
10866697082,node,28.7394365,77.1608558,,,bump,
10866724707,node,28.7395014,77.1609699,,,bump,
10866724713,node,28.7396499,77.1611822,,,bump,
10866724732,node,28.7393224,77.1601020,,,bump,
10866786257,node,28.7402258,77.1619343,,,bump,
10866786259,node,28.7403550,77.1620950,,,bump,
10866786280,node,28.7400646,77.1617239,,,bump,
10885854783,node,28.7153217,77.1794606,,,bump,
10885892183,node,28.7155068,77.1793405,,,bump,
10888962466,node,28.7148209,77.1788977,,,bump,
10892587259,node,28.7195635,77.1739128,,,bump,
10899232639,node,28.7411803,77.1622174,,,bump,
10901094682,node,28.7184525,77.1686720,crossing,uncontrolled;unmarked,,
10901094700,node,28.7185713,77.1688482,crossing,uncontrolled;unmarked,,
10905270010,node,28.7030462,77.1930596,crossing,unmarked;uncontrolled,,
10905270011,node,28.7031879,77.1931344,crossing,unmarked;uncontrolled,,
10908485583,node,28.6910950,77.2789942,traffic_signals,,,
10908485593,node,28.6895578,77.2780055,traffic_signals,,,
10908485598,node,28.6908815,77.2789298,traffic_signals,,,
10908515315,node,28.6893629,77.2781951,traffic_signals,,,
10908515318,node,28.6909165,77.2787912,traffic_signals,,,
10908515320,node,28.6893976,77.2779682,traffic_signals,,,
10908515327,node,28.6986522,77.2049533,crossing,traffic_signals,,
10908515337,node,28.6987752,77.2050078,crossing,traffic_signals,,
10913809837,node,28.7424043,77.1676406,,,hump,
10913994189,node,28.7545608,77.1632318,,,bump,
10914007058,node,28.7538912,77.1632535,,,bump,
10918209551,node,28.7533734,77.1629918,,,bump,
10918209563,node,28.7535411,77.1631400,,,bump,
10922054274,node,28.6315828,77.2203666,,,table,
10924124883,node,28.6338979,77.2194307,crossing,marked,,
10926188682,node,28.7528730,77.1622521,,,bump,
10926188700,node,28.7532198,77.1622621,,,bump,
10926188702,node,28.7528767,77.1620983,,,bump,
10926234314,node,28.7528754,77.1621520,,,bump,
10926234327,node,28.7528800,77.1619626,,,bump,
10926234412,node,28.7536550,77.1622770,,,bump,
10926234416,node,28.7528746,77.1621863,,,bump,
10940225055,node,28.6080866,77.0366612,,,hump,
10940225056,node,28.6084638,77.0354435,,,table,
10940225057,node,28.6086032,77.0353987,,,table,
10940225075,node,28.6069414,77.0393505,,,hump,
10940225076,node,28.6072381,77.0405349,,,hump,
10940225087,node,28.6084651,77.0351808,,,hump,
10940225088,node,28.6084994,77.0353108,,,table,
10940382004,node,28.6130972,77.0339221,,,hump,
10941972225,node,28.6126893,77.3071951,crossing,uncontrolled,,
10941972226,node,28.6126057,77.3071980,crossing,uncontrolled,,
10942168959,node,28.6199504,77.2898375,crossing,uncontrolled,,
10944097157,node,28.6093243,77.0366462,,,bump,
10945855968,node,28.6075241,77.0407122,,,hump,
10946900590,node,28.6131938,77.0337003,,,hump,
10948773915,node,28.7435017,77.1614184,,,bump,
10948773916,node,28.7427809,77.1605836,,,bump,
10948773927,node,28.7433342,77.1605948,,,bump,
10948773939,node,28.7434836,77.1618134,,,bump,
10948773966,node,28.7434785,77.1614523,,,bump,
10948773972,node,28.7427694,77.1608080,,,bump,
10949022862,node,28.6073413,77.0359574,,,hump,
10949022863,node,28.6074436,77.0363744,,,hump,
10949022864,node,28.6064936,77.0369447,,,hump,
10949022865,node,28.6064469,77.0373761,,,hump,
10949022866,node,28.6134742,77.0382205,,,hump,
10957045454,node,28.7431481,77.1584935,,,bump,
10957087659,node,28.7437666,77.1585780,,,bump,
10959581537,node,28.7454568,77.1553057,,,bump,
10959581550,node,28.7446260,77.1589062,,,bump,
10959581574,node,28.7454570,77.1558251,,,bump,
10959581576,node,28.7449468,77.1592537,,,bump,
10959604793,node,28.7444913,77.1589045,,,bump,
10959604798,node,28.7452613,77.1543232,,,bump,
10959604801,node,28.7446917,77.1584767,,,bump,
10959604833,node,28.7456982,77.1538471,,,bump,
10959604845,node,28.7457009,77.1536908,,,bump,
10963193704,node,28.7457576,77.1595627,,,bump,
10963262107,node,28.7453378,77.1597136,,,bump,
10963262109,node,28.7457562,77.1597275,,,bump,
10963262125,node,28.7458110,77.1582742,,,bump,
10963262126,node,28.7458121,77.1579760,,,bump,
10963340448,node,28.7460286,77.1567429,,,bump,
10963340449,node,28.7456029,77.1569917,,,bump,
10963340452,node,28.7460267,77.1571233,,,bump,
10963340454,node,28.7460249,77.1583497,,,bump,
10963340461,node,28.7456080,77.1578232,,,bump,
10963340465,node,28.7462614,77.1568161,,,bump,
10963340473,node,28.7462640,77.1566039,,,bump,
10963340474,node,28.7459499,77.1589304,,,bump,
10963340475,node,28.7459908,77.1564574,,,bump,
10965299155,node,28.7483196,77.1590732,,,bump,
10965299158,node,28.7462865,77.1598178,,,bump,
10965299159,node,28.7499707,77.1585098,,,bump,
10965299164,node,28.7483147,77.1596154,,,bump,
10965299171,node,28.7472064,77.1595074,,,bump,
10965299174,node,28.7482310,77.1589013,,,bump,
10965299183,node,28.7490975,77.1592881,,,bump,
10965299200,node,28.7481690,77.1595302,,,bump,
10965309405,node,28.7462896,77.1594932,,,bump,
10965309406,node,28.7470549,77.1595023,,,bump,
10965309408,node,28.7476562,77.1595225,,,bump,
10965309411,node,28.7489513,77.1591048,,,bump,
10965309418,node,28.7469125,77.1594975,,,bump,
10965309425,node,28.7465892,77.1600940,,,bump,
10965309427,node,28.7503939,77.1584983,,,bump,
10965309437,node,28.7465887,77.1598154,,,bump,
10967838309,node,28.7465987,77.1585017,,,bump,
10967838310,node,28.7461311,77.1589316,,,bump,
10967838320,node,28.7468120,77.1585944,,,bump,
10967838322,node,28.7465884,77.1592543,,,bump,
10967838337,node,28.7476757,77.1584432,,,bump,
10967838344,node,28.7471166,77.1584407,,,bump,
10967838348,node,28.7478806,77.1582878,,,bump,
10967838349,node,28.7473078,77.1582481,,,bump,
10967838352,node,28.7469871,77.1587795,,,bump,
10967838362,node,28.7474511,77.1582472,,,bump,
10967838366,node,28.7470948,77.1590597,,,bump,
10967838367,node,28.7468534,77.1587782,,,bump,
10967838374,node,28.7465763,77.1591950,,,bump,
10967838388,node,28.7465858,77.1593877,,,bump,
10970909564,node,28.7481945,77.1566051,,,bump,
10970909566,node,28.7475446,77.1563727,,,bump,
10970909577,node,28.7473781,77.1581114,,,bump,
10970909578,node,28.7471403,77.1580950,,,bump,
10970909579,node,28.7466369,77.1578750,,,bump,
10970909583,node,28.7482190,77.1580993,,,bump,
10970909588,node,28.7475306,77.1562066,,,bump,
10970909589,node,28.7468765,77.1579639,,,bump,
10970909593,node,28.7479029,77.1570438,,,bump,
10970909594,node,28.7481963,77.1567802,,,bump,
10970909596,node,28.7466434,77.1577679,,,bump,
10970939605,node,28.7481963,77.1570147,,,bump,
10970939614,node,28.7465957,77.1587413,,,bump,
10970939636,node,28.7466449,77.1576857,,,bump,
10970939639,node,28.7479825,77.1568101,,,bump,
10970939661,node,28.7481147,77.1580996,,,bump,
10973666906,node,28.7179306,77.1765376,,,hump,
10973666952,node,28.7177489,77.1762443,,,hump,
10979178566,node,28.7486762,77.1545411,,,bump,
10979178581,node,28.7486154,77.1547219,,,bump,
10979196914,node,28.7486874,77.1547229,,,bump,
10979196916,node,28.7486216,77.1545401,,,bump,
10979196925,node,28.7486677,77.1549799,,,bump,
10980523095,node,28.7123865,77.1778880,,,bump,
10980550508,node,28.7119935,77.1769932,,,hump,
10980550553,node,28.7129205,77.1780390,,,bump,
10982125344,node,28.5586290,77.0862229,crossing,marked,,
10982125353,node,28.5572382,77.0849655,crossing,marked,,
10982149944,node,28.5576571,77.0853150,crossing,marked,,
10982181547,node,28.7481920,77.1562877,,,bump,
10982181548,node,28.7482320,77.1560779,,,bump,
10982181573,node,28.7476032,77.1555695,,,bump,
10982311696,node,28.7473924,77.1551978,,,bump,
10982349418,node,28.7464652,77.1537891,,,bump,
10982349437,node,28.7465541,77.1536717,,,bump,
10989356529,node,28.7506636,77.1521641,,,bump,
10989356530,node,28.7524869,77.1513868,,,bump,
10989356532,node,28.7486286,77.1543311,,,bump,
10989356563,node,28.7497936,77.1526855,,,bump,
10989356575,node,28.7497730,77.1523529,,,bump,
10989356576,node,28.7486816,77.1543302,,,bump,
10989356578,node,28.7497797,77.1520638,,,bump,
10989356580,node,28.7486222,77.1540407,,,bump,
10989356583,node,28.7497773,77.1521681,,,bump,
10989356588,node,28.7486201,77.1538277,,,bump,
10989356594,node,28.7486893,77.1541694,,,bump,
10989956739,node,28.5378638,77.2970141,,,bump,
10991492106,node,28.5408609,77.2972253,crossing,uncontrolled,,
10991795783,node,28.7508557,77.1596353,,,bump,
10991810444,node,28.7497503,77.1581218,,,bump,
10994188463,node,28.7479144,77.1603335,,,bump,
10994494801,node,28.7471987,77.1608648,,,bump,
10994494803,node,28.7460119,77.1610265,,,bump,
10994545605,node,28.7453109,77.1609852,,,bump,
10994545616,node,28.7472540,77.1608665,,,bump,
10994545618,node,28.7461468,77.1610332,,,bump,
10994545622,node,28.7462921,77.1608362,,,bump,
10994545629,node,28.7463100,77.1615145,,,bump,
10994545647,node,28.7465883,77.1615237,,,bump,
10994545655,node,28.7464047,77.1608398,,,bump,
10994545673,node,28.7454487,77.1611772,,,bump,
11001404243,node,28.5971249,77.1867665,,,chicane,
11001404244,node,28.5980288,77.1873279,,,chicane,
11001814811,node,28.7442506,77.1621081,,,bump,
11001814820,node,28.7404327,77.1640168,,,bump,
11001814821,node,28.7436512,77.1618175,,,bump,
11001814822,node,28.7444407,77.1625922,,,bump,
11001814825,node,28.7437844,77.1618207,,,bump,
11001814856,node,28.7438588,77.1621008,,,bump,
11001814859,node,28.7452865,77.1615219,,,bump,
11001814867,node,28.7448979,77.1615326,,,bump,
11007393675,node,28.7393264,77.1603988,,,bump,
11007393682,node,28.7404801,77.1610995,,,bump,
11007393692,node,28.7396704,77.1605235,,,bump,
11007393697,node,28.7404982,77.1611040,,,bump,
11007425506,node,28.7407059,77.1611453,,,bump,
11007425522,node,28.7406090,77.1611240,,,bump,
11007425553,node,28.7414190,77.1608628,,,bump,
11007425558,node,28.7416369,77.1607829,,,bump,
11007425600,node,28.7404172,77.1610839,,,bump,
11007425621,node,28.7402307,77.1610191,,,bump,
11007425631,node,28.7397530,77.1606257,,,bump,
11012241439,node,28.7437793,77.1642456,,,bump,
11012241440,node,28.7474668,77.1646128,,,bump,
11012241444,node,28.7464191,77.1655828,,,bump,
11012241450,node,28.7441439,77.1642489,,,bump,
11012241453,node,28.7461770,77.1639590,,,bump,
11012241454,node,28.7464148,77.1651693,,,bump,
11012241458,node,28.7483641,77.1649788,,,bump,
11012241473,node,28.7434005,77.1638406,,,bump,
11012241486,node,28.7464162,77.1653075,,,bump,
11012241491,node,28.7483864,77.1647551,,,bump,
11012241493,node,28.7439234,77.1642469,,,bump,
11012241497,node,28.7433938,77.1640439,,,bump,
11012259312,node,28.7479346,77.1649783,,,bump,
11015846453,node,28.7588903,77.1771613,,,bump,
11015846462,node,28.7584695,77.1722210,,,bump,
11015849125,node,28.7600722,77.1762087,,,dip,
11017638380,node,28.7607612,77.1755504,,,bump,
11017638381,node,28.7611235,77.1753679,,,bump,
11022363790,node,28.7458544,77.1621372,,,bump,
11022363797,node,28.7452533,77.1618493,,,bump,
11022363800,node,28.7459084,77.1621381,,,bump,
11022387612,node,28.7452906,77.1625936,,,bump,
11022387614,node,28.7452877,77.1628471,,,bump,
11022387615,node,28.7458855,77.1619713,,,bump,
11032182850,node,28.7471658,77.1630789,,,bump,
11032182856,node,28.7457435,77.1621329,,,bump,
11032182866,node,28.7464616,77.1621484,,,bump,
11032182869,node,28.7453112,77.1618514,,,bump,
11032182878,node,28.7470220,77.1630773,,,bump,
11032182883,node,28.7475382,77.1630832,,,bump,
11032182886,node,28.7474401,77.1628838,,,bump,
11032182896,node,28.7465195,77.1624864,,,bump,
11045499695,node,28.7350147,77.1628011,,,bump,
11045514706,node,28.7362600,77.1650817,,,hump,
11046388364,node,28.7491815,77.1718643,,,bump,
11050901585,node,28.7335801,77.1650260,,,bump,
11050912836,node,28.7356873,77.1678850,,,bump,
11050912858,node,28.7354575,77.1679121,,,bump,
11056223135,node,28.5681137,77.2438196,,,rumble_strip,
11059332085,node,28.7546622,77.1787528,,,bump,
11059332087,node,28.7541476,77.1787394,,,bump,
11059332091,node,28.7537761,77.1771625,,,bump,
11059332096,node,28.7546866,77.1787836,,,bump,
11059340312,node,28.7546558,77.1801413,,,bump,
11059340315,node,28.7539586,77.1787771,,,bump,
11059340316,node,28.7546889,77.1786837,,,bump,
11059340319,node,28.7539602,77.1786668,,,bump,
11059340321,node,28.7541812,77.1786828,,,bump,
11059340322,node,28.7533618,77.1771534,,,bump,
11059340330,node,28.7546657,77.1797035,,,bump,
11059340346,node,28.7546762,77.1792412,,,bump,
11059340351,node,28.7537399,77.1787288,,,bump,
11059340355,node,28.7549747,77.1778294,,,bump,
11059340360,node,28.7541796,77.1787851,,,bump,
11059340371,node,28.7537756,77.1786672,,,bump,
11059340379,node,28.7537743,77.1787719,,,bump,
11061485847,node,28.7529261,77.1741825,,,bump,
11061485870,node,28.7525463,77.1735650,,,bump,
11064985211,node,28.7495799,77.1705499,,,bump,
11064985227,node,28.7497379,77.1702019,,,bump,
11064985228,node,28.7491620,77.1701927,,,bump,
11064985256,node,28.7495577,77.1701990,,,bump,
11067132361,node,28.7523180,77.1711420,,,bump,
11067132365,node,28.7516743,77.1733098,,,bump,
11067132370,node,28.7523571,77.1709263,,,bump,
11067132374,node,28.7517009,77.1725300,,,bump,
11071047083,node,28.7509173,77.1690133,,,bump,
11071097011,node,28.7505215,77.1690170,,,bump,
11071097067,node,28.7514326,77.1695734,,,bump,
11078578271,node,28.7344097,77.1717638,,,bump,
11078578282,node,28.7330879,77.1705595,,,bump,
11078578283,node,28.7339330,77.1719400,,,bump,
11078578294,node,28.7337765,77.1697564,,,bump,
11078578295,node,28.7335688,77.1712935,,,bump,
11078578298,node,28.7336790,77.1714886,,,bump,
11078586626,node,28.7338115,77.1697154,,,bump,
11078586632,node,28.7329924,77.1703989,,,bump,
11078586659,node,28.7333440,77.1709325,,,bump,
11078586707,node,28.7339832,77.1695763,,,bump,
11078586727,node,28.7337822,77.1697405,,,bump,
11078586749,node,28.7336084,77.1713636,,,bump,
11078586759,node,28.7334246,77.1710604,,,bump,
11078586760,node,28.7339354,77.1699809,,,bump,
11079598624,node,28.6216392,77.2909035,,,bump,
11080855995,node,28.7277661,77.1714106,,,bump,
11081616318,node,28.6223780,77.2899402,,,bump,
11085551671,node,28.7432493,77.1668062,,,bump,
11085551677,node,28.7444808,77.1680708,,,bump,
11085551698,node,28.7433940,77.1669221,,,bump,
11089119046,node,28.6421632,77.2959369,crossing,uncontrolled,,
11091689256,node,28.5358904,77.2427819,,,bump,
11096913644,node,28.7448686,77.1648540,,,bump,
11096913647,node,28.7456213,77.1648564,,,bump,
11096913660,node,28.7451147,77.1650336,,,bump,
11096913669,node,28.7461630,77.1652717,,,bump,
11096913688,node,28.7451794,77.1650347,,,bump,
11096913691,node,28.7455972,77.1651982,,,bump,
11096913692,node,28.7460904,77.1656553,,,bump,
11096913703,node,28.7455983,77.1651062,,,bump,
11096914119,node,28.7461632,77.1653827,,,bump,
11096914123,node,28.7455908,77.1656798,,,bump,
11142006329,node,28.5547412,77.0860314,crossing,marked,,
11142006332,node,28.5544696,77.0862113,crossing,marked,,
11156968760,node,28.7269836,77.1257111,,,hump,
11156970318,node,28.7201763,77.1355017,,,hump,
11156970325,node,28.7268484,77.1441603,,,hump,
11157984731,node,28.7269913,77.1439183,,,hump,
11158625029,node,28.5850810,77.2427950,,,bump,
11166111862,node,28.6404766,77.2944436,crossing,traffic_signals,,
11166111863,node,28.6405348,77.2945178,crossing,traffic_signals,,
11187538548,node,28.6073499,77.1050992,traffic_signals,,,
11187631972,node,28.5381699,77.0919477,traffic_signals,,,
11187714088,node,28.6289790,77.2263538,crossing,traffic_signals,,
11192507638,node,28.7367957,77.1084849,,,bump,
11201138415,node,37.4329677,-120.7794054,stop,,,
11201138416,node,37.4328065,-120.7792212,stop,,,
11201138417,node,37.4329538,-120.7791722,stop,,,
11201156094,node,37.4329437,-120.7791862,crossing,uncontrolled,,
11201156095,node,37.4328206,-120.7792371,crossing,uncontrolled,,
11237409811,node,33.7223118,-117.8634242,stop,,,
11237409813,node,33.7195847,-117.8634451,stop,,,
11237409817,node,33.7179294,-117.8634640,stop,,,
11237409818,node,33.7177671,-117.8634662,stop,,,
11237887159,node,28.5498724,77.2315489,crossing,uncontrolled,bump,
11237887162,node,28.5488429,77.2314377,crossing,uncontrolled,bump,
11242807373,node,28.6796919,77.2294032,traffic_signals,,,signal
11278174409,node,28.5912322,77.2290681,crossing,traffic_signals,,
11278174419,node,28.5910910,77.2287345,crossing,traffic_signals,,
11278174448,node,28.5908981,77.2291731,crossing,traffic_signals,,
11278174452,node,28.5909943,77.2290108,crossing,traffic_signals,,
11278174495,node,28.5911344,77.2290866,crossing,traffic_signals,,
11278174505,node,28.5911848,77.2287165,crossing,traffic_signals,,
11281150093,node,28.6350050,77.3025081,,,bump,
11283343798,node,28.6142804,77.2092153,crossing,uncontrolled,,
11283343801,node,28.6142965,77.2087965,crossing,uncontrolled,,
11304864963,node,28.5902032,77.2259797,,,bump,
11304900509,node,28.5902925,77.2259647,,,bump,
11368545079,node,28.5705271,77.2402439,crossing,uncontrolled,,
11368545138,node,28.5704616,77.2402114,crossing,uncontrolled,,
11383258427,node,28.5501392,77.2326423,,,bump,
11389511377,node,28.7349874,77.1143639,crossing,uncontrolled,,
11389511397,node,28.7351403,77.1143150,crossing,uncontrolled,,
11389511399,node,28.7351991,77.1142396,crossing,uncontrolled,,
11389511401,node,28.7342417,77.1152341,crossing,uncontrolled,,
11389511402,node,28.7343430,77.1153173,crossing,uncontrolled,,
11389511406,node,28.7348922,77.1142861,crossing,uncontrolled,,
11391510796,node,28.7367367,77.1117758,crossing,uncontrolled,,
11391510798,node,28.7355400,77.1133421,crossing,uncontrolled,,
11391510805,node,28.7368738,77.1115731,crossing,uncontrolled,,
11391510807,node,28.7357900,77.1131820,crossing,uncontrolled,,
11391510810,node,28.7356999,77.1131089,crossing,uncontrolled,,
11391510815,node,28.7366630,77.1117053,crossing,uncontrolled,,
11391510818,node,28.7368022,77.1115024,crossing,uncontrolled,,
11391510822,node,28.7356292,77.1134144,crossing,uncontrolled,,
11399280774,node,28.6330092,77.2211932,,,table,
11399280783,node,28.6319768,77.2211050,crossing,marked,,
11403032242,node,28.7168815,77.1122343,traffic_signals,,,
11403032246,node,28.7168645,77.1124447,traffic_signals,,,
11403032247,node,28.7083311,77.1247265,traffic_signals,,,signal
11403032248,node,28.7086925,77.1245589,crossing,traffic_signals,,
11403032249,node,28.7041132,77.1392174,traffic_signals,,,
11403032250,node,28.6594201,77.1457018,traffic_signals,,,
11403032255,node,28.7086858,77.1248330,crossing,traffic_signals,,
11403032256,node,28.7086214,77.1246618,traffic_signals,,,signal
11403032257,node,28.6594874,77.1453490,traffic_signals,,,
11403032258,node,28.7085433,77.1244190,crossing,traffic_signals,,
11403032259,node,28.7085570,77.1248427,traffic_signals,,,signal
11403032260,node,28.6830097,77.1464439,traffic_signals,,,
11403032261,node,28.7170615,77.1125753,traffic_signals,,,
11403032266,node,28.7083565,77.1245323,traffic_signals,,,signal
11403032268,node,28.7040105,77.1391218,traffic_signals,,,
11403077873,node,28.7086320,77.1249103,crossing,traffic_signals,,
11403077874,node,28.6591343,77.1454217,traffic_signals,,,
11403077876,node,28.6831160,77.1465237,traffic_signals,,,
11403077879,node,28.6832402,77.1461460,traffic_signals,,,
11403077880,node,28.7171275,77.1123470,traffic_signals,,,
11403077886,node,28.6833811,77.1462541,traffic_signals,,,
11403077887,node,28.6592185,77.1450436,traffic_signals,,,
11403077888,node,28.7044381,77.1390558,traffic_signals,,,
11407244902,node,28.7171659,77.1124788,,informal,,
11407244933,node,28.7170756,77.1125938,,informal,,
11407439798,node,28.6018680,77.2246492,,,bump,
11409079386,node,28.7109576,77.1213721,,informal,,
11409079405,node,28.7124277,77.1193357,crossing,traffic_signals,,
11411777335,node,28.7367653,77.1085309,,,bump,
11412186080,node,28.6223585,77.2943105,,,bump,
11414370156,node,28.5496915,77.2326112,,,bump,
11416231686,node,28.7123988,77.1191934,traffic_signals,,,
11416231694,node,28.7121962,77.1191647,traffic_signals,,,
11416231707,node,28.7123741,77.1192710,traffic_signals,,,
11419649730,node,28.7114018,77.1207604,,informal,,
11419649737,node,28.7114392,77.1207063,,informal,,
11425162605,node,28.7366870,77.1096539,,,bump,
11425285402,node,28.7362423,77.1097631,,,bump,
11432262695,node,28.7449633,77.1317717,traffic_signals,,,
11432262697,node,28.7448063,77.1321018,traffic_signals,,,
11432262702,node,28.7449222,77.1317692,traffic_signals,,,
11432262703,node,28.7447211,77.1319067,traffic_signals,,,
11434316896,node,28.5851725,77.2297553,crossing,uncontrolled,,
11434316897,node,28.5851870,77.2298508,crossing,uncontrolled,,
11434316901,node,28.5848838,77.2298046,crossing,uncontrolled,,
11434316902,node,28.5848935,77.2299043,crossing,uncontrolled,,
11434316918,node,28.5851741,77.2295726,crossing,uncontrolled,,
11434316921,node,28.5848875,77.2296589,crossing,uncontrolled,,
11434316924,node,28.5848932,77.2300168,crossing,uncontrolled,,
11434316935,node,28.5850767,77.2263884,crossing,uncontrolled,,
11434316936,node,28.5850840,77.2264776,crossing,uncontrolled,,
11434567289,node,28.7354728,77.1100781,crossing,,bump,
11434618106,node,28.7388303,77.1358978,,,bump,
11434618115,node,28.7397263,77.1345883,,,bump,
11436859648,node,28.7434973,77.1218041,traffic_signals,,,
11436859649,node,28.7436321,77.1216418,traffic_signals,,,
11436859650,node,28.7446330,77.1333698,,,bump,
11436859651,node,28.7434764,77.1215989,traffic_signals,,,
11437779409,node,28.7357089,77.1069492,,,bump,
11443094971,node,28.7426653,77.1265139,crossing,,bump,
11446721751,node,28.5979920,77.2112045,crossing,uncontrolled,,
11448911933,node,28.6335117,77.2086517,traffic_signals,,,
11462925587,node,28.6312977,77.2168729,crossing,uncontrolled,,
11462925590,node,28.6321017,77.2181956,crossing,uncontrolled,,
11462925593,node,28.6323119,77.2185397,crossing,marked,,
11462925596,node,28.6319587,77.2188463,crossing,marked,,
11462925609,node,28.6315839,77.2187982,crossing,uncontrolled,,
11462925622,node,28.6336029,77.2182722,crossing,marked,,
11462925625,node,28.6329374,77.2184244,crossing,marked,,
11462925628,node,28.6317719,77.2202627,crossing,marked,,
11462925637,node,28.6329679,77.2209582,crossing,marked,,
11462925640,node,28.6313349,77.2165448,crossing,uncontrolled,,
11462925643,node,28.6327899,77.2164221,crossing,uncontrolled,,
11462925646,node,28.6341025,77.2169271,crossing,uncontrolled,,
11462925649,node,28.6341790,77.2172568,crossing,uncontrolled,,
11462925652,node,28.6353093,77.2181090,crossing,marked,,
11462925653,node,28.6353777,77.2180570,crossing,marked,,
11462925668,node,28.6356574,77.2184337,crossing,marked,,
11462925671,node,28.6357004,77.2196659,crossing,marked,,
11462925675,node,28.6354683,77.2198689,crossing,marked,,
11462925678,node,28.6305031,77.2180280,crossing,uncontrolled,,
11478668723,node,28.6340460,77.2206138,crossing,marked,,
11484318587,node,28.6335124,77.2211753,crossing,marked,,
11484515625,node,28.7133081,77.1290982,traffic_signals,,,
11484515626,node,28.7132580,77.1292316,traffic_signals,,,
11484515627,node,28.7134422,77.1292181,traffic_signals,,,
11486389538,node,28.7270369,77.1258256,,,hump,
11486389548,node,28.7215736,77.1405035,,,hump,
11518570723,node,28.6780727,77.3154970,,,hump,
11518570749,node,28.6782008,77.3154873,,,hump,
11540517069,node,28.6017949,77.2050082,crossing,uncontrolled,,
11540517070,node,28.6017912,77.2051017,crossing,uncontrolled,,
11540517100,node,28.6005985,77.2053256,crossing,uncontrolled,,
11540517101,node,28.6005800,77.2052727,crossing,uncontrolled,,
11540517104,node,28.6014890,77.2056228,crossing,uncontrolled,,
11540517105,node,28.6014291,77.2056626,crossing,uncontrolled,,
11540517108,node,28.6014554,77.2044484,crossing,uncontrolled,,
11540517109,node,28.6015140,77.2045049,crossing,uncontrolled,,
11540517123,node,28.5965710,77.2015318,crossing,uncontrolled,,
11540517124,node,28.5965444,77.2015804,crossing,uncontrolled,,
11540517130,node,28.5961129,77.1989512,crossing,uncontrolled,,
11540517133,node,28.5962306,77.1989004,crossing,uncontrolled,,
11540517136,node,28.5958340,77.1979327,crossing,uncontrolled,,
11540517137,node,28.5957609,77.1979665,crossing,uncontrolled,,
11565005047,node,28.6117713,77.1968879,crossing,uncontrolled,,
11565005056,node,28.6098393,77.1912146,crossing,uncontrolled,,
11565005057,node,28.6097341,77.1913187,crossing,uncontrolled,,
11565005058,node,28.6098027,77.1912509,crossing,uncontrolled,,
11565005059,node,28.6096728,77.1913795,crossing,uncontrolled,,
11565005062,node,28.6096411,77.1915275,crossing,uncontrolled,,
11565005063,node,28.6096746,77.1915801,crossing,uncontrolled,,
11565005064,node,28.6097177,77.1916478,crossing,uncontrolled,,
11565005067,node,28.6100197,77.1912549,crossing,uncontrolled,,
11565005068,node,28.6100385,77.1912962,crossing,uncontrolled,,
11565012669,node,28.6100815,77.1913903,crossing,uncontrolled,,
11578336952,node,28.6177582,77.2123489,crossing,uncontrolled,,
11581298933,node,28.6296089,77.3086244,crossing,,hump,
11586836167,node,28.6065971,77.2390170,crossing,uncontrolled,,
11586836168,node,28.6066762,77.2389665,crossing,uncontrolled,,
11586842497,node,28.6092706,77.2397821,crossing,uncontrolled,,
11586844180,node,28.6046320,77.2357597,crossing,uncontrolled,,
11586844181,node,28.6046772,77.2358467,crossing,uncontrolled,,
11586844186,node,28.6049834,77.2355447,crossing,uncontrolled,,
11586844187,node,28.6050251,77.2356376,crossing,uncontrolled,,
11586844189,node,28.6049830,77.2358336,crossing,uncontrolled,,
11594571150,node,28.6358622,77.3087231,crossing,,bump,
11617939763,node,28.6090460,77.2397779,crossing,uncontrolled,,
11630213082,node,28.6139420,77.2839459,crossing,uncontrolled,,
11633525821,node,28.6003082,77.2282141,crossing,uncontrolled,,
11633525822,node,28.6003561,77.2281795,crossing,uncontrolled,,
11633525825,node,28.6002724,77.2284221,crossing,uncontrolled,,
11633525826,node,28.6002687,77.2283670,crossing,uncontrolled,,
11633525829,node,28.6005585,77.2285117,crossing,uncontrolled,,
11633525830,node,28.6005083,77.2285519,crossing,uncontrolled,,
11633525835,node,28.5972285,77.2229486,crossing,uncontrolled,,
11633525836,node,28.5971077,77.2229973,crossing,uncontrolled,,
11633525837,node,28.5971264,77.2229898,crossing,uncontrolled,,
11633584777,node,28.5696106,77.1846345,crossing,uncontrolled,,
11633584778,node,28.5696034,77.1846475,crossing,uncontrolled,,
11633584779,node,28.5695991,77.1846555,crossing,uncontrolled,,
11644888236,node,28.5722304,77.2581742,crossing,marked,,
11644888238,node,28.5724514,77.2579737,crossing,marked,,
11653454102,node,28.6688688,77.0980214,crossing,uncontrolled,,
11653454103,node,28.6689612,77.0980352,crossing,uncontrolled,,
11698365754,node,28.6751585,77.1682786,crossing,uncontrolled,,
11698365755,node,28.6752017,77.1683749,crossing,uncontrolled,,
11698365758,node,28.6755132,77.1680846,crossing,uncontrolled,,
11698365759,node,28.6755560,77.1681842,crossing,uncontrolled,,
11698365762,node,28.6725378,77.1693899,crossing,uncontrolled,,
11698365763,node,28.6723705,77.1694538,crossing,uncontrolled,,
11704762937,node,28.7191499,77.1091439,crossing,uncontrolled,,
11704762938,node,28.7192620,77.1092499,crossing,uncontrolled,,
11704762941,node,28.7190053,77.1093525,crossing,uncontrolled,,
11704762942,node,28.7191214,77.1094539,crossing,uncontrolled,,
11738653338,node,28.5851401,77.2428546,,,bump,
11755533234,node,28.6318981,77.2861861,crossing,uncontrolled,,
11755533256,node,28.6293276,77.2861049,crossing,,bump,
11755534310,node,28.6318939,77.2861140,crossing,uncontrolled,,
11756440963,node,28.6293405,77.2860129,crossing,,bump,
11756819838,node,28.5850870,77.2296552,crossing,uncontrolled,,
11756819840,node,28.5851104,77.2299704,crossing,uncontrolled,,
11756819844,node,28.5850128,77.2296608,crossing,uncontrolled,,
11756819846,node,28.5850360,77.2299762,crossing,uncontrolled,,
11758392757,node,28.6860483,77.2083314,traffic_signals,,,signal
11758392758,node,28.6861679,77.2083932,traffic_signals,,,signal
11764164705,node,28.5661940,77.2443765,,,bump,
11764164749,node,28.5692406,77.2488232,,,bump,
11764164755,node,28.5693048,77.2485478,,,bump,
11764165856,node,28.5689872,77.2490626,,,bump,
11765232674,node,28.6843144,77.2131601,,,rumble_strip,
11773322155,node,28.6208507,77.2058540,crossing,uncontrolled,,
11773322156,node,28.6207529,77.2057894,crossing,uncontrolled,,
11778255746,node,28.6278348,77.2085166,crossing,zebra,,
11778255747,node,28.6277537,77.2085677,crossing,zebra,,
11778255748,node,28.6278875,77.2086329,traffic_signals,,,signal
11778255749,node,28.6278692,77.2088192,traffic_signals,,,signal
11778255750,node,28.6279661,77.2087342,traffic_signals,,,signal
11778332354,node,28.6675198,77.2092438,traffic_signals,,,signal
11778332355,node,28.6678071,77.2093437,traffic_signals,,,signal
11778332356,node,28.6675323,77.2092736,traffic_signals,,,signal
11780481160,node,28.5976335,77.1462069,traffic_signals,,,signal
11782596236,node,28.5479791,77.2422363,,,bump,
11782607399,node,28.5491368,77.2343836,,,bump,
11782607431,node,28.5489844,77.2342668,,,bump,
11782607464,node,28.5482266,77.2350356,,,bump,
11792824838,node,28.6941680,77.2174040,crossing,uncontrolled,,
11792824839,node,28.6940478,77.2173427,crossing,uncontrolled,,
11792824840,node,28.6940141,77.2178184,crossing,uncontrolled,,
11792824841,node,28.6938970,77.2177557,crossing,uncontrolled,,
11792878924,node,28.6235752,77.2010269,crossing,uncontrolled,,
11792878925,node,28.6235237,77.2009736,crossing,uncontrolled,,
11792964334,node,28.6020790,77.1806614,traffic_signals,,,signal
11792964335,node,28.6020033,77.1808060,traffic_signals,,,signal
11799128899,node,28.6249026,77.1980518,crossing,traffic_signals,,
11799149740,node,28.5977377,77.1462358,traffic_signals,,,signal
11799164410,node,28.5971952,77.1715610,crossing,uncontrolled,,
11799164411,node,28.5971206,77.1716145,crossing,uncontrolled,,
11799171294,node,28.6432762,77.2036340,traffic_signals,,,signal
11799171295,node,28.6432437,77.2035714,traffic_signals,,,signal
11799171296,node,28.6426880,77.2032982,traffic_signals,,,signal
11799171297,node,28.6427302,77.2033762,traffic_signals,,,signal
11799184400,node,28.6075618,77.1887278,crossing,uncontrolled,,
11799184401,node,28.6074856,77.1888309,crossing,uncontrolled,,
11799208370,node,28.6667219,77.2088813,traffic_signals,,,signal
11799208371,node,28.6668345,77.2088887,traffic_signals,,,signal
11799208372,node,28.6668105,77.2090673,traffic_signals,,,signal
11799252481,node,28.6077101,77.1409564,traffic_signals,,,signal
11799252482,node,28.6077580,77.1411853,traffic_signals,,,signal
11799252485,node,28.6077384,77.1410457,crossing,uncontrolled,,
11799252486,node,28.6078058,77.1411431,crossing,uncontrolled,,
11799964978,node,28.5683123,77.2392447,,,bump,
11801367563,node,28.6467682,77.2051729,traffic_signals,,,
11801367564,node,28.6467362,77.2055378,traffic_signals,,,
11801367565,node,28.6464299,77.2052156,traffic_signals,,,
11801367566,node,28.6464752,77.2055358,traffic_signals,,,
11801940426,node,28.5993369,77.1247020,traffic_signals,,,signal
11801940427,node,28.5993939,77.1247946,traffic_signals,,,signal
11801940428,node,28.5994084,77.1247382,traffic_signals,,,signal
11801983081,node,28.6277292,77.2051839,traffic_signals,,,signal
11801983082,node,28.6279481,77.2049933,traffic_signals,,,signal
11801983118,node,28.6339519,77.2051228,crossing,uncontrolled,,
11801983119,node,28.6340321,77.2051838,crossing,uncontrolled,,
11801983120,node,28.6358755,77.2016682,traffic_signals,,,signal
11801983121,node,28.6359415,77.2018986,traffic_signals,,,signal
11801983122,node,28.6358131,77.2018392,traffic_signals,,,signal
11802010905,node,28.6450917,77.1978027,traffic_signals,,,signal
11802010906,node,28.6449538,77.1971359,traffic_signals,,,signal
11802010907,node,28.6453229,77.1968275,traffic_signals,,,signal
11802010908,node,28.6456394,77.1970693,traffic_signals,,,signal
11802010909,node,28.6456440,77.1968089,traffic_signals,,,signal
11806624078,node,28.6525050,77.2045212,traffic_signals,,,
11806624079,node,28.6522454,77.2047519,traffic_signals,,,
11806624085,node,28.6525621,77.2048570,traffic_signals,,,
11808826362,node,28.5868093,77.1896866,crossing,marked,,
11809341948,node,28.6409715,77.2052898,traffic_signals,,,
11809341950,node,28.6412314,77.2052099,traffic_signals,,,
11809341953,node,28.6409738,77.2051230,traffic_signals,,,
11809409719,node,28.6444979,77.1914347,traffic_signals,,,
11809409720,node,28.6443302,77.1917299,traffic_signals,,,
11809409721,node,28.6442541,77.1915425,traffic_signals,,,
11818253280,node,28.6578743,77.2034533,traffic_signals,,,
11818253282,node,28.6577740,77.2033703,traffic_signals,,,
11818544118,node,28.5881710,77.1698383,,,bump,
11823656861,node,28.6424229,77.2271822,traffic_signals,,,
11823656862,node,28.6429286,77.2271979,traffic_signals,,,
11823656864,node,28.6424395,77.2267535,traffic_signals,,,
11823656865,node,28.6428440,77.2267310,traffic_signals,,,
11824905551,node,28.5686345,77.2639903,crossing,,bump,
11866219421,node,28.5906925,77.1202718,crossing,uncontrolled,,
11866219425,node,28.5902818,77.1200634,crossing,uncontrolled,,
11866273822,node,28.5929865,77.1217953,,,bump,
11866273836,node,28.5929324,77.1214687,,,bump,
11868825149,node,28.6261691,77.2313071,,,bump,
11876462260,node,32.4572808,-91.4924355,traffic_signals,,,signal
11876462261,node,32.4571213,-91.4926801,traffic_signals,,,signal
11876462262,node,32.4570241,-91.4924873,traffic_signals,,,signal
11876462263,node,32.4571183,-91.4922900,traffic_signals,,,signal
11881256780,node,28.5881400,77.1551748,,,bump,
11897372878,node,28.6067728,77.2744718,crossing,uncontrolled,,
11897372881,node,28.6065820,77.2740327,crossing,uncontrolled,,
11897392632,node,28.6139321,77.2086652,crossing,uncontrolled,,
11906443455,node,28.5956470,77.0692328,crossing,uncontrolled,,
11914586089,node,28.5888509,77.2481737,,,bump,
11918073288,node,28.5895054,77.2508212,,,bump,
11918073289,node,28.5902919,77.2507878,,,bump,
11919222683,node,28.6654796,77.2841850,traffic_signals,,,
11919222685,node,28.6654166,77.2844223,traffic_signals,,,
11932597248,node,28.5982538,77.1241510,,,rumble_strip,
11933083745,node,28.5971823,77.1236061,,,rumble_strip,
11933083749,node,28.5984457,77.1242486,,,rumble_strip,
11935409323,node,28.5980312,77.2190341,crossing,uncontrolled,,
11935409324,node,28.5980932,77.2189517,crossing,uncontrolled,,
11935409329,node,28.5982799,77.2191279,crossing,uncontrolled,,
11935409330,node,28.5982206,77.2192072,crossing,uncontrolled,,
11935409331,node,28.5980655,77.2192166,crossing,uncontrolled,,
11935409336,node,28.5982908,77.2190333,crossing,uncontrolled,,
11935409337,node,28.5982554,77.2189547,crossing,uncontrolled,,
11935424200,node,28.5970838,77.2207627,crossing,uncontrolled,,
11935424201,node,28.5971443,77.2207613,crossing,uncontrolled,,
11935424204,node,28.5972540,77.2201381,crossing,uncontrolled,,
11935424205,node,28.5973059,77.2201894,crossing,uncontrolled,,
11935424214,node,28.5914419,77.2126963,crossing,uncontrolled,,
11935424215,node,28.5914417,77.2128233,crossing,uncontrolled,,
11938806144,node,28.6759399,77.2923282,crossing,uncontrolled,,
11938806145,node,28.6759434,77.2924245,crossing,uncontrolled,,
11938808430,node,28.6733659,77.2803603,crossing,uncontrolled,,
11938828322,node,28.6598992,77.2361744,crossing,uncontrolled,,
11938828323,node,28.6599529,77.2363345,crossing,uncontrolled,,
11938888727,node,28.6601254,77.2275083,crossing,uncontrolled,,
11938888728,node,28.6602430,77.2275095,crossing,uncontrolled,,
11938888731,node,28.6601097,77.2278464,crossing,uncontrolled,,
11938888732,node,28.6602227,77.2278510,crossing,uncontrolled,,
11939611537,node,28.5418085,77.1984732,crossing,marked,,
11939798579,node,28.6037044,77.0394694,traffic_signals,,,signal
11939798580,node,28.6035806,77.0393955,traffic_signals,,,signal
11948572659,node,28.5519725,77.0481954,,,rumble_strip,
11949799378,node,28.5963764,77.0674381,traffic_signals,,,
11949799380,node,28.5965184,77.0673104,traffic_signals,,,
11949799381,node,28.5963927,77.0672537,traffic_signals,,,
11960776692,node,28.5426396,77.2448334,,,hump,
11964115179,node,28.6298842,77.2197987,crossing,marked,,
11964115238,node,28.6310743,77.2227449,crossing,marked,,
11964843541,node,28.5414049,77.2466588,,,bump,
11971252876,node,28.6870761,77.2058864,traffic_signals,,,
11971252877,node,28.6870561,77.2059298,traffic_signals,,,
11971252878,node,28.6870834,77.2059287,traffic_signals,,,
11975425520,node,28.5928529,77.1196524,,,rumble_strip,
11978423553,node,28.5952161,77.0698330,,,rumble_strip,
11978423560,node,28.5951733,77.0699138,,,rumble_strip,
11982180782,node,28.6756853,77.3089496,traffic_signals,,,
11982180783,node,28.6756853,77.3089496,traffic_signals,,,pedestrian_crossing
11982180784,node,28.6756853,77.3089496,traffic_signals,,,traffic_lights
11985026517,node,28.5781953,77.2213908,,,bump,
11998490321,node,28.6195847,77.2898381,,,bump,
11998490328,node,28.6194619,77.2887974,crossing,uncontrolled,,
12000402768,node,28.5877802,77.1858056,crossing,marked,,
12000416969,node,28.5878017,77.1857491,crossing,marked,,
12000416970,node,28.5886805,77.1862567,crossing,marked,,
12000416971,node,28.5885252,77.1852792,crossing,marked,,
12000416972,node,28.5885753,77.1853040,crossing,marked,,
12010188623,node,28.6240313,77.3021764,traffic_signals,,,
12010188633,node,28.6241265,77.3019588,traffic_signals,,,
12010188638,node,28.6242147,77.3020904,traffic_signals,,,
12010213673,node,28.6241563,77.3023502,traffic_signals,,,
12015210853,node,28.5899531,77.2511737,,,bump,
12017305110,node,28.5540384,77.0965930,,,bump,
12022637396,node,28.5547367,77.0958658,,,bump,
12022637397,node,28.5547665,77.0957403,,,bump,
12022637398,node,28.5547795,77.0956854,,,bump,
12022637413,node,28.5542396,77.0957176,,,bump,
12022637414,node,28.5542133,77.0958320,,,bump,
12022637415,node,28.5541989,77.0958950,,,bump,
12022637421,node,28.5646954,77.1274570,,,bump,
12037276439,node,28.5953014,77.2527861,,,bump,
12037276440,node,28.5950108,77.2528276,,,bump,
12037276441,node,28.5951510,77.2528076,,,bump,
12037276442,node,28.5948001,77.2528573,,,bump,
12037276443,node,28.5945968,77.2528857,,,bump,
12037276444,node,28.5945157,77.2528552,,,bump,
12037276445,node,28.5912967,77.2518582,,,bump,
12043010652,node,28.6209109,77.2924158,crossing,uncontrolled,,
12043010659,node,28.6208273,77.2924532,crossing,uncontrolled,,
12044574565,node,28.6289171,77.2263068,crossing,traffic_signals,,
12046727066,node,28.5276601,77.2314539,crossing,traffic_signals,,
12046727067,node,28.5277001,77.2312741,crossing,traffic_signals,,
12053003935,node,28.6400336,77.2070375,,,table,
12105998314,node,28.6139379,77.2121171,crossing,uncontrolled,,
12117667848,node,28.6318021,77.3046077,,,bump,
12135368377,node,28.6457665,77.1967499,crossing,uncontrolled,,
12135368378,node,28.6483732,77.1928617,crossing,uncontrolled,,
12135368379,node,28.6482854,77.1927176,crossing,uncontrolled,,
12135368380,node,28.6481676,77.1927593,crossing,uncontrolled,,
12135368381,node,28.6477922,77.1935217,crossing,uncontrolled,,
12135368382,node,28.6478462,77.1937095,crossing,uncontrolled,,
12135368383,node,28.6476155,77.1937977,crossing,uncontrolled,,
12135368384,node,28.6472771,77.1943156,crossing,uncontrolled,,
12135368385,node,28.6473525,77.1945324,crossing,uncontrolled,,
12135368386,node,28.6471097,77.1945756,crossing,uncontrolled,,
12135368387,node,28.6466707,77.1952634,crossing,uncontrolled,,
12135368388,node,28.6465402,77.1954707,crossing,uncontrolled,,
12135368389,node,28.6481796,77.1928942,crossing,uncontrolled,,
12135368390,node,28.6452703,77.1979608,crossing,uncontrolled,,
12135368391,node,28.6487521,77.1996785,crossing,uncontrolled,,
12135368392,node,28.6489583,77.1992771,crossing,uncontrolled,,
12135368393,node,28.6490625,77.1996177,crossing,uncontrolled,,
12135368394,node,28.6501610,77.1973551,crossing,uncontrolled,,
12135368395,node,28.6504590,77.1971196,crossing,uncontrolled,,
12135368396,node,28.6501720,77.1968919,crossing,uncontrolled,,
12135368397,node,28.6505382,77.1967595,crossing,uncontrolled,,
12135368398,node,28.6512929,77.1955802,crossing,uncontrolled,,
12135368399,node,28.6512170,77.1952699,crossing,uncontrolled,,
12135368400,node,28.6515466,77.1951444,crossing,uncontrolled,,
12135383509,node,28.6443774,77.1900099,crossing,uncontrolled,,
12135383510,node,28.6506895,77.1859729,crossing,uncontrolled,,
12135383511,node,28.6506456,77.1858320,crossing,uncontrolled,,
12135383512,node,28.6524639,77.1850428,crossing,uncontrolled,,
12135383513,node,28.6523097,77.1853228,crossing,uncontrolled,,
12135383514,node,28.6525616,77.1852573,crossing,uncontrolled,,
12135383515,node,28.6522530,77.1851201,crossing,uncontrolled,,
12135383516,node,28.6508113,77.1857520,crossing,uncontrolled,,
12135383517,node,28.6507807,77.1859233,crossing,uncontrolled,,
12135383518,node,28.6492379,77.1848421,crossing,uncontrolled,,
12135413431,node,28.6582505,77.1827036,crossing,uncontrolled,,
12135413432,node,28.6585469,77.1929748,crossing,uncontrolled,,
12135413433,node,28.6583234,77.1931973,crossing,uncontrolled,,
12135413434,node,28.6563372,77.1968937,crossing,uncontrolled,,
12135429608,node,28.6497831,77.1899616,crossing,uncontrolled,,
12135429609,node,28.6509071,77.1879210,crossing,uncontrolled,,
12135429610,node,28.6509835,77.1877809,crossing,uncontrolled,,
12135429611,node,28.6515342,77.1867643,crossing,uncontrolled,,
12135429612,node,28.6518301,77.1866586,crossing,uncontrolled,,
12135429613,node,28.6518072,77.1862500,crossing,uncontrolled,,
12135429614,node,28.6513650,77.1863207,crossing,uncontrolled,,
12135429615,node,28.6527266,77.1845517,crossing,uncontrolled,,
12135429616,node,28.6528813,77.1842615,crossing,uncontrolled,,
12135429617,node,28.6532884,77.1835087,crossing,uncontrolled,,
12135429618,node,28.6535018,77.1832557,crossing,uncontrolled,,
12135429619,node,28.6549078,77.1868397,crossing,uncontrolled,,
12135429620,node,28.6549487,77.1869494,crossing,uncontrolled,,
12135429621,node,28.6548173,77.1870050,crossing,uncontrolled,,
12135429622,node,28.6556089,77.1877070,crossing,uncontrolled,,
12135429623,node,28.6558255,77.1873157,crossing,uncontrolled,,
12135429624,node,28.6558196,77.1876059,crossing,uncontrolled,,
12135429625,node,28.6555517,77.1873898,crossing,uncontrolled,,
12135429632,node,28.6496680,77.1901723,crossing,uncontrolled,,
12135438526,node,28.6526092,77.2047434,crossing,uncontrolled,,
12135438527,node,28.6522390,77.2048143,crossing,uncontrolled,,
12135438528,node,28.6509286,77.2050230,crossing,uncontrolled,,
12135438529,node,28.6505223,77.2050957,crossing,uncontrolled,,
12135447626,node,28.6549569,77.1999740,crossing,uncontrolled,,
12135447627,node,28.6546726,77.2002407,crossing,uncontrolled,,
12135447628,node,28.6535087,77.2024192,crossing,uncontrolled,,
12135447629,node,28.6533181,77.2027762,crossing,uncontrolled,,
12135451773,node,28.6463333,77.2052130,crossing,uncontrolled,,
12135451774,node,28.6464551,77.2056543,crossing,uncontrolled,,
12135451775,node,28.6468695,77.2053574,crossing,uncontrolled,,
12135451776,node,28.6466766,77.2049040,crossing,uncontrolled,,
12135451777,node,28.6470240,77.2033795,crossing,uncontrolled,,
12135451778,node,28.6470547,77.2032362,crossing,uncontrolled,,
12135451779,node,28.6475153,77.2020027,crossing,uncontrolled,,
12135451780,node,28.6477024,77.2018061,crossing,uncontrolled,,
12135457488,node,28.6671690,77.2212196,crossing,uncontrolled,,
12135457489,node,28.6674024,77.2215438,crossing,uncontrolled,,
12135457490,node,28.6678593,77.2243915,crossing,uncontrolled,,
12135457491,node,28.6691126,77.2270652,crossing,uncontrolled,,
12142191562,node,28.5484628,77.2345023,,,bump,
12144692207,node,28.5884758,77.1853957,crossing,uncontrolled,,
12144692238,node,28.6018585,77.1940385,crossing,uncontrolled,,
12144692239,node,28.6025365,77.1922890,crossing,uncontrolled,,
12144692244,node,28.5950210,77.1856769,crossing,uncontrolled,,
12144692245,node,28.5989782,77.1876976,crossing,uncontrolled,,
12144692246,node,28.5983337,77.1880178,crossing,uncontrolled,,
12144692247,node,28.5981244,77.1872709,crossing,uncontrolled,,
12144692248,node,28.5968007,77.1865992,crossing,uncontrolled,,
12144692249,node,28.5965744,77.1864821,crossing,uncontrolled,,
12144692250,node,28.5987059,77.1870475,crossing,uncontrolled,,
12162059403,node,28.6188546,77.2967702,crossing,,hump,
12162059696,node,28.6311773,77.3052779,,,bump,
12190337004,node,28.5854616,77.2488844,traffic_signals,,,
12190337005,node,28.5856121,77.2489846,traffic_signals,,,
12190337006,node,28.5854125,77.2490381,traffic_signals,,,
12208820570,node,28.5655121,77.2464671,crossing,uncontrolled,,
12208820571,node,28.5655009,77.2462768,crossing,uncontrolled,,
12208820577,node,28.5677221,77.2432427,crossing,uncontrolled,,
12208820578,node,28.5676598,77.2433914,crossing,uncontrolled,,
12229818635,node,28.6062900,77.0356970,traffic_signals,,,signal
12229818636,node,28.6062303,77.0355264,traffic_signals,,,signal
12229818637,node,28.6063070,77.0355917,traffic_signals,,,signal
12246292749,node,28.6211818,77.2157952,crossing,uncontrolled,,
12246292750,node,28.6214174,77.2162566,crossing,uncontrolled,,
12246292751,node,28.6218510,77.2161508,crossing,uncontrolled,,
12246292752,node,28.6221388,77.2158254,crossing,uncontrolled,,
12246292753,node,28.6219358,77.2153793,crossing,uncontrolled,,
12246292754,node,28.6214700,77.2154337,crossing,uncontrolled,,
12247930669,node,28.6119703,77.2094455,crossing,marked,,
12247930670,node,28.6111051,77.2119368,crossing,marked,,
12247930671,node,28.6110908,77.2120264,crossing,marked,,
12247930682,node,28.6299109,77.2193141,crossing,marked,,
12247930685,node,28.6313221,77.2196095,crossing,marked,,
12247930690,node,28.6317464,77.2191965,crossing,marked,,
12247930695,node,28.6300779,77.2194961,crossing,marked,,
12247930696,node,28.6263183,77.2191226,crossing,marked,,
12247930697,node,28.6263181,77.2191257,crossing,marked,,
12247930699,node,28.6263012,77.2194670,crossing,marked,,
12247930700,node,28.6264311,77.2194795,crossing,marked,,
12247935601,node,28.6242755,77.2191130,crossing,marked,,
12247935602,node,28.6242638,77.2192180,crossing,marked,,
12247935603,node,28.6343002,77.2198021,crossing,marked,,
12247941841,node,28.6358779,77.2183633,crossing,marked,,
12247941842,node,28.6353155,77.2213076,crossing,marked,,
12247941843,node,28.6350104,77.2213324,crossing,marked,,
12247941844,node,28.6354598,77.2215743,crossing,marked,,
12247941845,node,28.6353997,77.2216843,crossing,marked,,
12247941846,node,28.6342790,77.2224848,crossing,marked,,
12247941847,node,28.6340157,77.2223970,crossing,marked,,
12247941848,node,28.6313365,77.2222428,crossing,marked,,
12247941849,node,28.6300312,77.2213555,crossing,marked,,
12247941850,node,28.6299818,77.2212607,crossing,marked,,
12247941851,node,28.6315844,77.2169469,crossing,marked,,
12247941852,node,28.6311251,77.2160983,crossing,marked,,
12247941853,node,28.6282595,77.2094503,crossing,marked,,
12247941854,node,28.6279857,77.2088493,crossing,marked,,
12247941855,node,28.6277612,77.2083542,crossing,marked,,
12247941856,node,28.6272566,77.2075005,crossing,marked,,
12247941857,node,28.6273734,77.2074126,crossing,marked,,
12247941858,node,28.6262128,77.2066981,crossing,marked,,
12247941859,node,28.6262164,77.2064655,crossing,marked,,
12247941860,node,28.6265348,77.2058802,crossing,marked,,
12247941861,node,28.6266597,77.2058190,crossing,marked,,
12247941862,node,28.6273054,77.2058215,crossing,marked,,
12247941863,node,28.6274276,77.2059237,crossing,marked,,
12247941864,node,28.6277624,77.2053143,crossing,marked,,
12247941865,node,28.6276831,77.2052508,crossing,marked,,
12247941866,node,28.6280050,77.2052000,crossing,marked,,
12247941867,node,28.6280260,77.2050342,crossing,marked,,
12247941868,node,28.6280198,77.2048735,crossing,marked,,
12247941869,node,28.6279644,77.2048416,crossing,marked,,
12247941870,node,28.6299865,77.2013942,crossing,marked,,
12278422996,node,28.6169618,77.2129533,crossing,marked,,
12353573203,node,37.4301588,-120.7760671,crossing,unmarked,,
12353573240,node,37.4268712,-120.7952691,stop,,,
12378804819,node,28.6199766,77.0245370,traffic_signals,,,traffic_lights
12475206519,node,28.6862586,77.2084408,crossing,traffic_signals,,
12475206520,node,28.6860515,77.2085541,crossing,traffic_signals,,
12475206521,node,28.6859201,77.2083089,crossing,traffic_signals,,
12475206522,node,28.6861747,77.2081797,crossing,uncontrolled,,
12475211316,node,28.7096149,77.2045301,crossing,uncontrolled,,
12475211317,node,28.7093787,77.2136567,crossing,uncontrolled,,
12475211318,node,28.7092099,77.2137571,crossing,uncontrolled,,
12475211319,node,28.7103075,77.2143664,crossing,uncontrolled,,
12475211320,node,28.7106055,77.2145287,crossing,uncontrolled,,
12475211321,node,28.7135932,77.2161292,crossing,uncontrolled,,
12475211322,node,28.7137262,77.2161940,crossing,uncontrolled,,
12475211323,node,28.7139947,77.2162900,crossing,uncontrolled,,
12475211324,node,28.7151088,77.2162346,crossing,uncontrolled,,
12475211325,node,28.7103009,77.2098267,crossing,uncontrolled,,
12475211326,node,28.7103035,77.2100949,crossing,uncontrolled,,
12475211327,node,28.7102649,77.2114219,crossing,uncontrolled,,
12475211328,node,28.7101900,77.2116971,crossing,uncontrolled,,
12475211329,node,28.7102182,77.2046803,crossing,uncontrolled,,
12475211330,node,28.7105170,77.2045100,crossing,uncontrolled,,
12475211331,node,28.7100621,77.2045312,crossing,uncontrolled,,
12475211332,node,28.7094526,77.2045342,crossing,uncontrolled,,
12475211333,node,28.7094693,77.2139048,crossing,uncontrolled,,
12475211334,node,28.7074521,77.2045988,crossing,uncontrolled,,
12475211335,node,28.7071746,77.2046111,crossing,uncontrolled,,
12475211336,node,28.7073288,77.2044009,crossing,uncontrolled,,
12475211337,node,28.7023165,77.2054778,crossing,uncontrolled,,
12475211338,node,28.7020326,77.2053103,crossing,uncontrolled,,
12475211339,node,28.7016309,77.2053443,crossing,uncontrolled,,
12475211340,node,28.6991129,77.2047152,crossing,uncontrolled,,
12475211341,node,28.6988224,77.2044370,crossing,uncontrolled,,
12475211342,node,28.6985132,77.2046597,crossing,uncontrolled,,
12475211343,node,28.6987144,77.2049804,crossing,uncontrolled,,
12475211344,node,28.6950975,77.2041098,crossing,uncontrolled,,
12475211345,node,28.6949402,77.2038942,crossing,uncontrolled,,
12475211346,node,28.6948252,77.2041211,crossing,uncontrolled,,
12475211347,node,28.6952158,77.2027028,crossing,uncontrolled,,
12475211349,node,28.6916617,77.2081563,crossing,uncontrolled,,
12475211350,node,28.6917188,77.2083742,crossing,uncontrolled,,
12475211351,node,28.6919566,77.2083019,crossing,uncontrolled,,
12475211383,node,28.6734351,77.2257464,crossing,uncontrolled,,
12475211384,node,28.6728676,77.2258156,crossing,uncontrolled,,
12475211385,node,28.6731362,77.2255308,crossing,uncontrolled,,
12475211386,node,28.6717678,77.2260305,crossing,uncontrolled,,
12475211387,node,28.6713239,77.2262190,crossing,uncontrolled,,
12475211388,node,28.6691168,77.2270703,crossing,uncontrolled,,
12475211389,node,28.6693583,77.2272954,crossing,uncontrolled,,
12475216859,node,28.6845057,77.2137083,crossing,uncontrolled,,
12475216860,node,28.6839058,77.2135428,crossing,uncontrolled,,
12475218795,node,28.6890823,77.2213730,crossing,uncontrolled,,
12475218796,node,28.6768842,77.2248947,crossing,uncontrolled,,
12475218797,node,28.6770653,77.2246101,crossing,uncontrolled,,
12475218798,node,28.6772230,77.2247957,crossing,uncontrolled,,
12475218799,node,28.6950805,77.2158232,crossing,uncontrolled,,
12475218800,node,28.6934212,77.2194442,crossing,uncontrolled,,
12475226268,node,28.6754836,77.1887486,crossing,uncontrolled,,
12475226269,node,28.6758862,77.1890128,crossing,uncontrolled,,
12475226270,node,28.6769846,77.1896955,crossing,uncontrolled,,
12475226271,node,28.6774836,77.1886774,crossing,uncontrolled,,
12475226272,node,28.6777227,77.1883827,crossing,uncontrolled,,
12475226273,node,28.6776397,77.1886812,crossing,uncontrolled,,
12475226274,node,28.6776028,77.1887887,crossing,uncontrolled,,
12475226275,node,28.6778625,77.1885588,crossing,uncontrolled,,
12475226276,node,28.6808905,77.1851142,crossing,uncontrolled,,
12475226277,node,28.6811765,77.1849729,crossing,uncontrolled,,
12475226278,node,28.6822336,77.1841981,crossing,uncontrolled,,
12475226279,node,28.6824373,77.1840203,crossing,uncontrolled,,
12475226280,node,28.6834696,77.1831194,crossing,uncontrolled,,
12475226281,node,28.6836135,77.1829938,crossing,uncontrolled,,
12475228102,node,28.6935069,77.2195845,crossing,uncontrolled,,
12475228103,node,28.6934670,77.2197056,crossing,uncontrolled,,
12475228104,node,28.6933061,77.2197860,crossing,uncontrolled,,
12475228105,node,28.6921942,77.2207119,crossing,uncontrolled,,
12475228106,node,28.6922348,77.2208003,crossing,uncontrolled,,
12475228107,node,28.6922724,77.2209020,crossing,uncontrolled,,
12475228108,node,28.6919097,77.2209633,crossing,uncontrolled,,
12475228109,node,28.6919285,77.2210629,crossing,uncontrolled,,
12475228110,node,28.6918829,77.2208709,crossing,uncontrolled,,
12475228111,node,28.6894836,77.2212390,crossing,uncontrolled,,
12475228112,node,28.6894862,77.2213296,crossing,uncontrolled,,
12475228113,node,28.6810535,77.2228638,crossing,uncontrolled,,
12475228114,node,28.6890635,77.2212675,crossing,uncontrolled,,
12475228115,node,28.6884872,77.2213598,crossing,uncontrolled,,
12475228116,node,28.6885006,77.2214670,crossing,uncontrolled,,
12475228117,node,28.6866636,77.2216573,crossing,uncontrolled,,
12475228118,node,28.6866770,77.2217561,crossing,uncontrolled,,
12475228119,node,28.6863935,77.2218007,crossing,uncontrolled,,
12475228120,node,28.6863832,77.2217030,crossing,uncontrolled,,
12475228121,node,28.6859453,77.2217745,crossing,uncontrolled,,
12475228122,node,28.6859529,77.2218697,crossing,uncontrolled,,
12475228123,node,28.6857517,77.2219016,crossing,uncontrolled,,
12475228124,node,28.6857444,77.2218072,crossing,uncontrolled,,
12475228125,node,28.6850344,77.2220288,crossing,uncontrolled,,
12475228126,node,28.6850186,77.2219401,crossing,uncontrolled,,
12475228127,node,28.6848469,77.2220621,crossing,uncontrolled,,
12475228128,node,28.6848362,77.2219735,crossing,uncontrolled,,
12475228129,node,28.6814537,77.2228648,crossing,uncontrolled,,
12475228130,node,28.6815166,77.2227029,crossing,uncontrolled,,
12475228210,node,28.6672555,77.2215902,crossing,uncontrolled,,
12475229953,node,28.6764626,77.1185948,crossing,uncontrolled,,
12475229954,node,28.6764075,77.1190180,crossing,uncontrolled,,
12475229955,node,28.6761707,77.1187615,crossing,uncontrolled,,
12475229956,node,28.6768227,77.1140711,crossing,uncontrolled,,
12475229957,node,28.6768639,77.1139190,crossing,uncontrolled,,
12475229958,node,28.6768461,77.1137281,crossing,uncontrolled,,
12475229959,node,28.6770524,77.1137001,crossing,uncontrolled,,
12475229960,node,28.6769994,77.1141566,crossing,uncontrolled,,
12475229961,node,28.6793118,77.0947516,crossing,uncontrolled,,
12475229962,node,28.6794542,77.0943050,crossing,uncontrolled,,
12475229963,node,28.6793756,77.0944132,crossing,uncontrolled,,
12475229964,node,28.6798423,77.0948349,crossing,uncontrolled,,
12475229965,node,28.6798079,77.0950616,crossing,uncontrolled,,
12475229966,node,28.6792201,77.0950057,crossing,uncontrolled,,
12475229967,node,28.6976959,77.1188704,crossing,uncontrolled,,
12475229968,node,28.6978805,77.1190463,crossing,uncontrolled,,
12475229969,node,28.7040913,77.1314582,crossing,uncontrolled,,
12475231088,node,28.6849280,77.1816311,crossing,uncontrolled,,
12475231089,node,28.6851043,77.1811268,crossing,uncontrolled,,
12475231090,node,28.6853825,77.1803627,crossing,uncontrolled,,
12475231091,node,28.6854242,77.1800663,crossing,uncontrolled,,
12475231092,node,28.6880603,77.1747727,crossing,uncontrolled,,
12475231093,node,28.6879339,77.1744613,crossing,uncontrolled,,
12475231094,node,28.6882867,77.1747074,crossing,uncontrolled,,
12475231095,node,28.6893959,77.1755036,crossing,uncontrolled,,
12475231096,node,28.6895448,77.1756105,crossing,uncontrolled,,
12475231097,node,28.6908197,77.1763428,crossing,uncontrolled,,
12475231098,node,28.6910305,77.1763168,crossing,uncontrolled,,
12475231099,node,28.6911785,77.1765965,crossing,uncontrolled,,
12475231100,node,28.6920488,77.1772213,crossing,uncontrolled,,
12475243247,node,28.7270777,77.1437005,crossing,uncontrolled,,
12475245901,node,28.6922490,77.1773646,crossing,uncontrolled,,
12475245902,node,28.6919908,77.1747097,crossing,uncontrolled,,
12475245903,node,28.6918488,77.1748749,crossing,uncontrolled,,
12475245904,node,28.6925271,77.1743082,crossing,uncontrolled,,
12475245905,node,28.6926183,77.1742139,crossing,uncontrolled,,
12475245906,node,28.6929919,77.1738281,crossing,uncontrolled,,
12475245907,node,28.6931008,77.1735717,crossing,uncontrolled,,
12475245908,node,28.6937843,77.1730293,crossing,uncontrolled,,
12475245909,node,28.6940240,77.1727884,crossing,uncontrolled,,
12475245910,node,28.6943137,77.1724973,crossing,uncontrolled,,
12475245911,node,28.6945334,77.1722765,crossing,uncontrolled,,
12475245912,node,28.6953681,77.1714349,crossing,uncontrolled,,
12475245913,node,28.6955603,77.1712373,crossing,uncontrolled,,
12525804248,node,28.7609816,77.0588688,traffic_signals,,,traffic_lights
12570067200,node,28.5476061,77.2339153,,,bump,
12592683056,node,28.6492741,77.2265509,mini_roundabout,,,
12629827642,node,28.5641000,77.1887560,,informal,,
12629827645,node,28.5663722,77.1890833,,informal,,
12629827656,node,28.5628404,77.1885179,,informal,,
12673028264,node,28.7202330,77.1354190,traffic_signals,,,
12673028265,node,28.7201927,77.1350996,traffic_signals,,,
12673028267,node,28.7203468,77.1355216,traffic_signals,,,
12673028268,node,28.7201344,77.1351962,traffic_signals,,,
12673291893,node,28.6347776,77.0806274,,,rumble_strip,
12673291894,node,28.6410132,77.0824446,,,rumble_strip,
12673291895,node,28.6471628,77.0847692,,,rumble_strip,
12673291896,node,28.6473461,77.0847087,,,rumble_strip,
12673291897,node,28.6490880,77.0853173,,,rumble_strip,
12673291898,node,28.6513428,77.0865908,,,rumble_strip,
12673291899,node,28.6512671,77.0863742,,,rumble_strip,
12690660470,node,28.6954800,77.2129693,crossing,uncontrolled,,
12710182727,node,28.7352882,77.1371012,traffic_signals,,,
12710182730,node,28.7352728,77.1369371,traffic_signals,,,
12806121379,node,28.5679518,77.2337747,,,bump,
12806121380,node,28.5668054,77.2324578,,,bump,
12810955429,node,28.5542266,77.1043960,traffic_signals,,,traffic_lights
12810978899,node,28.5723075,77.2345083,,,bump,
12817498977,node,28.5724782,77.2341450,,,bump,
12817498978,node,28.5731456,77.2325606,,,bump,
12828342905,node,28.7082271,77.1245455,crossing,traffic_signals,,
12828342911,node,28.7074775,77.1237425,crossing,uncontrolled,,
12828342915,node,28.7074178,77.1238253,crossing,uncontrolled,,
12828342917,node,28.7082843,77.1244663,crossing,traffic_signals,,
12828762806,node,28.5731291,77.2366939,,,bump,
12828762807,node,28.5731492,77.2367595,,,bump,
12869325472,node,28.5650671,77.2401774,crossing,uncontrolled,,
12880891473,node,28.5969509,77.1310369,,,rumble_strip,
12896534973,node,28.6334242,77.2084881,traffic_signals,,,
12896534974,node,28.6335325,77.2085863,traffic_signals,,,
12918591733,node,28.6021951,77.1347530,traffic_signals,,,
12922746052,node,28.5805946,77.2227631,crossing,uncontrolled,,
12922746053,node,28.5805111,77.2229425,crossing,uncontrolled,,
12922746054,node,28.5806223,77.2230403,crossing,uncontrolled,,
12945818512,node,28.6907197,77.2106407,,,island,
12945818514,node,28.6909259,77.2107381,,,island,
13061633497,node,28.6290684,77.2775846,crossing,unmarked;uncontrolled,,
13061887553,node,28.6386270,77.2906572,crossing,uncontrolled,,
13061887563,node,28.6392024,77.2921353,crossing,uncontrolled;unmarked,,
13061887564,node,28.6393278,77.2920478,crossing,uncontrolled;unmarked,,
13063666282,node,28.5654484,77.2461622,crossing,traffic_signals,,
13063666296,node,28.5651517,77.2457603,crossing,uncontrolled,,
13063696810,node,28.5651951,77.2461910,crossing,traffic_signals,,
13063860799,node,28.5707914,77.2333577,,,bump,
13063894841,node,28.5745885,77.1173718,,,bump,
13063894842,node,28.5746378,77.1171803,,,bump,
13069179964,node,28.5652819,77.2377518,crossing,uncontrolled,,
13078602892,node,28.6428735,77.2266740,crossing,traffic_signals,,
13078602894,node,28.6427621,77.2266238,crossing,traffic_signals,,
13082050161,node,28.6196502,77.2998939,,,hump,
13082050162,node,28.6190440,77.2975271,,,hump,
13096639828,node,28.5402780,77.2178564,crossing,uncontrolled,,
13096639835,node,28.5402418,77.2178921,crossing,uncontrolled,,
13096639857,node,28.5377755,77.2161086,,,hump,
13097393435,node,28.5692513,77.2286596,,,bump,
13102809057,node,28.6452192,77.2238111,crossing,traffic_signals,,
13107980827,node,28.6164047,77.2880017,crossing,uncontrolled,,
13107980838,node,28.6164509,77.2881048,crossing,uncontrolled,,
13110012674,node,28.6954524,77.2129555,crossing,zebra,,
13110012675,node,28.6957190,77.2129183,crossing,zebra,,
13110012676,node,28.6956129,77.2132257,crossing,traffic_signals,,
13110012681,node,28.6964249,77.2113241,,,rumble_strip,
13110323592,node,28.5969207,77.3006499,,,bump,
13148702046,node,28.5560360,77.0520916,,,rumble_strip,
13148702047,node,28.5560449,77.0528121,,,rumble_strip,
13148702048,node,28.5560131,77.0523709,,,rumble_strip,
13148702075,node,28.5507980,77.0537660,,,rumble_strip,
13148743697,node,28.5472046,77.0440823,,,rumble_strip,
13154707133,node,28.5378224,77.0921735,traffic_signals,,,
13154707154,node,28.5379030,77.0926093,traffic_signals,,,
13195200094,node,28.5655416,77.2474594,crossing,uncontrolled,,
13195200095,node,28.5653014,77.2474875,crossing,uncontrolled,,
13327676833,node,28.5510062,77.2316810,crossing,uncontrolled,,
13327676836,node,28.5506472,77.2316446,crossing,uncontrolled,,
13327676839,node,28.5529472,77.2319251,crossing,uncontrolled,,
13327676842,node,28.5548104,77.2319976,crossing,uncontrolled,,
13327676858,node,28.5548100,77.2320093,crossing,uncontrolled,,
13327676860,node,28.5529510,77.2318542,crossing,uncontrolled,,
13327676863,node,28.5597773,77.2323774,crossing,uncontrolled,,
13347070855,node,28.5926921,77.1818575,,,bump,
13347070856,node,28.5927380,77.1817531,,,bump,
13347070857,node,28.5903170,77.1810319,,,bump,
13447594677,node,28.6315337,77.2169733,crossing,marked,,
13459790689,node,28.6743261,77.1345902,traffic_signals,,,
13459790693,node,28.6745443,77.1345804,traffic_signals,,,
13464135291,node,28.7134009,77.1290563,traffic_signals,,,signal
13475892942,node,37.4306957,-120.7766799,crossing,unmarked,,
13475892943,node,37.4308638,-120.7768658,crossing,unmarked,,
13506420294,node,28.6177522,77.2124470,crossing,uncontrolled,,
13537550501,node,28.6187455,77.2865327,crossing,traffic_signals,,
13537550550,node,28.6187778,77.2866050,crossing,traffic_signals,,
13565025488,node,28.5661276,77.1914507,crossing,uncontrolled,,
13565025490,node,28.5661987,77.1914577,crossing,uncontrolled,,
13570671990,node,37.4300264,-120.7762520,crossing,uncontrolled,,
13570671991,node,37.4301513,-120.7762168,crossing,uncontrolled,,
13570671994,node,37.4307684,-120.7770999,crossing,unmarked,,
13570676416,node,37.4311325,-120.7775083,crossing,unmarked,,
13570676417,node,37.4318642,-120.7783486,crossing,unmarked,,
13570676420,node,37.4319876,-120.7783095,crossing,marked,,
13594913747,node,28.6933364,77.2119080,crossing,uncontrolled,,
13594913791,node,28.6936308,77.2120520,,,rumble_strip,
13594913792,node,28.6935185,77.2119966,,,rumble_strip,
13594940407,node,28.6935826,77.2120282,,,bump,
13633628608,node,28.6916981,77.2084279,,,bump,
13638057324,node,28.6885585,77.2096272,crossing,uncontrolled,,
13638057327,node,28.6931613,77.2118939,crossing,uncontrolled,,
13638057330,node,28.6922410,77.2144693,crossing,uncontrolled,,
13638057375,node,28.6932640,77.2119577,crossing,uncontrolled,,
13640635889,node,28.6929409,77.2117202,,,bump,
13640635891,node,28.6928304,77.2116677,,,rumble_strip,
13640635892,node,28.6930364,77.2117655,,,rumble_strip,
13647468419,node,28.5726095,77.2087887,,,bump,
13660390643,node,28.6049608,77.1274891,traffic_signals,,,
13660390644,node,28.6051461,77.1272964,traffic_signals,,,
13660390646,node,28.6048706,77.1277498,traffic_signals,,,
13660390647,node,28.6050903,77.1276243,traffic_signals,,,
13686167002,node,28.6888354,77.2124532,crossing,uncontrolled,,
13694812042,node,28.6864854,77.2085605,,,rumble_strip,
13694812080,node,28.6860023,77.2085316,crossing,traffic_signals,,
13694812098,node,28.6863709,77.2085002,,,bump,
13694812141,node,28.6859510,77.2082349,crossing,traffic_signals,,
13695370050,node,28.6922167,77.2144124,crossing,uncontrolled,,
13695370053,node,28.6921884,77.2144863,crossing,uncontrolled,,
13704740624,node,33.7160557,-117.8640728,traffic_signals,traffic_signals,,pedestrian_crossing
13704803809,node,33.7159955,-117.8565713,traffic_signals,,,traffic_lights
13719972581,node,28.6888609,77.2540400,motorway,,rumble_strip,
13720022001,node,28.7148705,77.2574748,motorway,,rumble_strip,
13720022002,node,28.7146068,77.2574397,motorway,,rumble_strip,
13720022003,node,28.7142610,77.2573937,motorway,,rumble_strip,
13720022004,node,28.7136753,77.2573158,motorway,,rumble_strip,
13720022005,node,28.7133974,77.2572787,motorway,,rumble_strip,
13720022006,node,28.7130491,77.2572316,motorway,,rumble_strip,
13720022007,node,28.7125270,77.2571608,motorway,,rumble_strip,
13720022008,node,28.6997158,77.2555166,motorway,,rumble_strip,
13720022009,node,28.6999465,77.2555476,motorway,,rumble_strip,
13720022010,node,28.6999553,77.2554251,motorway,,rumble_strip,
13720022011,node,28.6997396,77.2553961,motorway,,rumble_strip,
13720022012,node,28.6987244,77.2552599,motorway,,rumble_strip,
13720022013,node,28.6984592,77.2552243,motorway,,rumble_strip,
13720022014,node,28.6981106,77.2551776,motorway,,rumble_strip,
13720022015,node,28.6975674,77.2551047,motorway,,rumble_strip,
13720022016,node,28.6928408,77.2545908,motorway,,rumble_strip,
13720022017,node,28.6923097,77.2545156,motorway,,rumble_strip,
13720022018,node,28.6919650,77.2544672,motorway,,rumble_strip,
13720022019,node,28.6916871,77.2544291,motorway,,rumble_strip,
13720022020,node,28.6899937,77.2541816,motorway,,rumble_strip,
13720022021,node,28.6892028,77.2540757,motorway,,rumble_strip,
13720022022,node,28.6879446,77.2539669,motorway,,rumble_strip,
13720022023,node,28.6876744,77.2540240,motorway,,rumble_strip,
13720022024,node,28.6873187,77.2541129,motorway,,rumble_strip,
13720022025,node,28.6867995,77.2542442,motorway,,rumble_strip,
13720022026,node,28.6869075,77.2543426,motorway,,rumble_strip,
13720022027,node,28.6863901,77.2544785,motorway,,rumble_strip,
13720022028,node,28.6860362,77.2545711,motorway,,rumble_strip,
13720022029,node,28.6857853,77.2546358,motorway,,rumble_strip,
13720022030,node,28.6793933,77.2563003,motorway,,rumble_strip,
13720022031,node,28.6788463,77.2564509,motorway,,rumble_strip,
13720022032,node,28.6785140,77.2565426,motorway,,rumble_strip,
13720022033,node,28.6779565,77.2566936,motorway,,rumble_strip,
13720022034,node,28.6774880,77.2568079,motorway,,rumble_strip,
13720022035,node,28.6767764,77.2567615,motorway,,rumble_strip,
13720022036,node,28.6764798,77.2567511,motorway,,rumble_strip,
13720022037,node,28.6761156,77.2567020,motorway,,rumble_strip,
13720022038,node,28.6756649,77.2565850,motorway,,rumble_strip,
13720022039,node,28.6744756,77.2562718,motorway,,rumble_strip,
13720022040,node,28.6742145,77.2562028,motorway,,rumble_strip,
13720022041,node,28.6738410,77.2562367,motorway,,rumble_strip,
13720022042,node,28.6738649,77.2561169,motorway,,rumble_strip,
13720022043,node,28.6733430,77.2559962,motorway,,rumble_strip,
13720022044,node,28.6733192,77.2561160,motorway,,rumble_strip,
13720022045,node,28.6729449,77.2560351,motorway,,rumble_strip,
13720022046,node,28.6727047,77.2559865,motorway,,rumble_strip,
13720022047,node,28.6703509,77.2555109,motorway,,rumble_strip,
13720022048,node,28.6699506,77.2554969,motorway,,rumble_strip,
13720022049,node,28.6695364,77.2554797,motorway,,rumble_strip,
13720022050,node,28.6668030,77.2554205,motorway,,rumble_strip,
13720022051,node,28.6664518,77.2553955,motorway,,rumble_strip,
13720022052,node,28.6661416,77.2553735,motorway,,rumble_strip,
13720022053,node,28.6658146,77.2553550,motorway,,rumble_strip,
13720022054,node,28.6658193,77.2552322,motorway,,rumble_strip,
13720022055,node,28.6653790,77.2552389,motorway,,rumble_strip,
13720022056,node,28.6653862,77.2553616,motorway,,rumble_strip,
13720022057,node,28.6649423,77.2554640,motorway,,rumble_strip,
13720022058,node,28.6649096,77.2553470,motorway,,rumble_strip,
13720022059,node,28.6645421,77.2556493,motorway,,rumble_strip,
13720022060,node,28.6644883,77.2555428,motorway,,rumble_strip,
13720022061,node,28.6641239,77.2559835,motorway,,rumble_strip,
13720022062,node,28.6640530,77.2558910,motorway,,rumble_strip,
13720022063,node,28.6639126,77.2560432,motorway,,rumble_strip,
13720022064,node,28.6639288,77.2562041,motorway,,rumble_strip,
13720022065,node,28.6634742,77.2566493,motorway,,rumble_strip,
13720022066,node,28.6633033,77.2569042,motorway,,rumble_strip,
13720022067,node,28.6630388,77.2572990,motorway,,rumble_strip,
13720022068,node,28.6630199,77.2575296,motorway,,rumble_strip,
13720022069,node,28.6627076,77.2577908,motorway,,rumble_strip,
13720022070,node,28.6627060,77.2579922,motorway,,rumble_strip,
13720022071,node,28.6623005,77.2585959,motorway,,rumble_strip,
13720022072,node,28.6611672,77.2596269,motorway,,rumble_strip,
13720022073,node,28.6609392,77.2598017,motorway,,rumble_strip,
13720022074,node,28.6606419,77.2600269,motorway,,rumble_strip,
13720022075,node,28.6601993,77.2603591,motorway,,rumble_strip,
13720022076,node,28.6566889,77.2631278,motorway,,rumble_strip,
13720022077,node,28.6562365,77.2634584,motorway,,rumble_strip,
13720022078,node,28.6559334,77.2636834,motorway,,rumble_strip,
13720022079,node,28.6557067,77.2638516,motorway,,rumble_strip,
13720054352,node,28.6503912,77.2669408,,,rumble_strip,
13720682438,node,28.6927667,77.2547030,,,rumble_strip,
13720682439,node,28.6915688,77.2545244,,,rumble_strip,
13720682440,node,28.6918349,77.2545639,,,rumble_strip,
13720682441,node,28.6922228,77.2546231,,,rumble_strip,
13720682454,node,28.6501657,77.2681928,,,rumble_strip,
13720682467,node,28.6405527,77.2691648,,,rumble_strip,
13721945319,node,28.6282364,77.2868688,,uncontrolled,,
13721945320,node,28.6303784,77.2895453,,uncontrolled,,
13721945330,node,28.6282679,77.2868435,,uncontrolled,,
13721945344,node,28.6303520,77.2895682,,uncontrolled,,
13722738091,node,28.6911443,77.2108437,,,bump,
13727112410,node,28.5483975,77.1050601,crossing,uncontrolled,,
13727112411,node,28.5484349,77.1052110,crossing,uncontrolled,,
13727112412,node,28.5480936,77.1050624,crossing,uncontrolled,,
13727112413,node,28.5483923,77.1054321,crossing,uncontrolled,,
13727112414,node,28.5480740,77.1054297,crossing,uncontrolled,,
13727112415,node,28.5480179,77.1053106,crossing,uncontrolled,,
13746020767,node,28.7214957,77.1406527,traffic_signals,,,
13746020775,node,28.7215145,77.1405355,traffic_signals,,,
13800389463,node,28.5981235,77.1835795,,,bump,
13800389464,node,28.5981250,77.1834910,,,bump,
13800389465,node,28.5984703,77.1834663,,,bump,
13800389466,node,28.5984726,77.1835517,,,bump,
13800389478,node,28.5848166,77.1944980,,,bump,
13800389479,node,28.5847255,77.1950609,,,bump,
13801068007,node,28.6320917,77.3044776,,,bump,
13801068010,node,28.6321537,77.3049699,,,bump,
13801068019,node,28.6319657,77.3045343,,,bump,
13801068025,node,28.6320122,77.3045848,,,bump,
13801068030,node,28.6320046,77.3045169,,,bump,
13810936422,node,28.5912719,77.2495548,,,bump,
13810936423,node,28.5910854,77.2490187,,,bump,
13813274018,node,28.5694433,77.2379758,,,bump,
13814825680,node,28.5663319,77.1894625,crossing,ze,,
13814825681,node,28.5663905,77.1894686,crossing,ze,,
13826678335,node,28.6208740,77.2923101,,,rumble_strip,
13830713498,node,28.7215262,77.1405118,traffic_signals,,,
13830739505,node,28.7214862,77.1406701,traffic_signals,,,
13830739507,node,28.7217746,77.1330510,traffic_signals,,,
13834324569,node,28.6341288,77.2178323,crossing,uncontrolled,,
13835965446,node,28.6012617,77.2321852,,,hump,
13835965447,node,28.5994308,77.2321695,,,hump,
13866842238,node,33.7196415,-117.8678798,crossing,marked,,
13866842244,node,33.7198022,-117.8678854,crossing,marked,,
13866842247,node,33.7197175,-117.8677803,crossing,marked,,
13890568941,node,28.5572047,77.0872821,,,hump,
13898781264,node,28.5621573,77.2521732,crossing,uncontrolled,,
13898781281,node,28.5620514,77.2521614,crossing,uncontrolled,,
