@id,@type,@lat,@lon,highway,crossing,traffic_calming,traffic_signals
17327106,node,12.9172090,77.5858603,traffic_signals,,,
17327420,node,13.0952244,77.5941775,traffic_signals,,,signal
26529522,node,12.9746070,77.6200528,traffic_signals,,,
26529553,node,12.9815923,77.6232203,traffic_signals,traffic_signals,,
26529655,node,12.9726314,77.6191860,crossing,uncontrolled,,
60952260,node,12.9660779,77.6067449,traffic_signals,,,
60952288,node,12.9580529,77.6059189,traffic_signals,traffic_signals,,
60952294,node,12.9599337,77.6019168,traffic_signals,,,
60952479,node,12.9706326,77.6103062,traffic_signals,,,signal
61746200,node,12.9400273,77.6253351,traffic_signals,,,signal
61746217,node,12.9427582,77.6225279,traffic_signals,,,
61748543,node,12.9685209,77.6144953,traffic_signals,,,
61748553,node,12.9524150,77.6202156,traffic_signals,,,
62053503,node,12.9605170,77.5043062,traffic_signals,,,
62053645,node,12.9605130,77.5043695,traffic_signals,,,
62067292,node,12.9613763,77.5840428,traffic_signals,traffic_signals,,
158687972,node,12.9541872,77.5852663,traffic_signals,,,
176470763,node,12.9379970,77.5497383,traffic_signals,,,
245614692,node,12.9484823,77.5737822,traffic_signals,,,
246171012,node,12.9656578,77.5869253,traffic_signals,,,signal
246171013,node,12.9636229,77.5851479,traffic_signals,,,
246171016,node,12.9577464,77.5821331,traffic_signals,traffic_signals,,
247972974,node,12.9074370,77.6005725,traffic_signals,,,signal
247989220,node,12.9164504,77.6101986,traffic_signals,,,
247989224,node,12.9163018,77.6152765,traffic_signals,,,
247989953,node,12.9677238,77.7019297,,,bump,
247991553,node,12.9284001,77.6005936,traffic_signals,traffic_signals,,
248181114,node,12.9459107,77.5955342,traffic_signals,,,
248455447,node,12.9646748,77.5967276,traffic_signals,,,
248455465,node,12.9679192,77.6002120,traffic_signals,,,
248459796,node,12.9721004,77.6070443,traffic_signals,,,signal
248525409,node,12.9538564,77.5913354,traffic_signals,,,
248552486,node,12.8929011,77.6104790,traffic_signals,,,signal
248671285,node,12.9454711,77.5285693,traffic_signals,,,
248677040,node,12.9190982,77.4914123,,,bump,
248677677,node,12.9093004,77.4791277,,,rumble_strip,
248678559,node,12.9252707,77.5500870,traffic_signals,,,
248678594,node,12.9064246,77.5734546,traffic_signals,,,
248679505,node,12.9057665,77.5427034,traffic_signals,,,signal
248679597,node,12.9266364,77.5612616,traffic_signals,,,signal
248679644,node,12.9288776,77.5662960,traffic_signals,,,signal
248680032,node,12.9208657,77.5745887,traffic_signals,,,
248680033,node,12.9211023,77.5734649,traffic_signals,,,
248680036,node,12.9294201,77.5736196,traffic_signals,,,
248776663,node,12.9369042,77.5738183,traffic_signals,traffic_signals,,
248808777,node,12.9437041,77.5736802,traffic_signals,,,
248808932,node,12.9436325,77.5678527,traffic_signals,,,
248808939,node,12.9436249,77.5802208,traffic_signals,traffic_signals,,
248809641,node,12.9368768,77.5752561,traffic_signals,traffic_signals,,
248809814,node,12.9390574,77.5715680,traffic_signals,,,
248838859,node,12.9393825,77.5666834,traffic_signals,,,
248839215,node,12.9169660,77.5736454,traffic_signals,,,
249072291,node,12.9239940,77.5532717,traffic_signals,,,
249072292,node,12.9239157,77.5532445,traffic_signals,,,
249074049,node,12.9284545,77.5972154,traffic_signals,,,signal
249074386,node,12.9309078,77.5761739,traffic_signals,,,signal
249075247,node,12.9206044,77.5951629,traffic_signals,,,signal
249075973,node,12.9173822,77.5895121,traffic_signals,,,
249075975,node,12.9169561,77.5969019,traffic_signals,,,
249076302,node,12.9573090,77.5696091,traffic_signals,,,
249076305,node,12.9482704,77.5700739,traffic_signals,traffic_signals,,
249080527,node,12.9279676,77.5463249,traffic_signals,,,signal
249081188,node,12.9622247,77.5757939,traffic_signals,,,signal
249081285,node,12.9596672,77.5744679,traffic_signals,,,signal
249081922,node,12.9907397,77.5996240,traffic_signals,,,
249082012,node,12.9897540,77.5927032,traffic_signals,,,
249082186,node,12.9779781,77.6065554,crossing,uncontrolled,,
249082188,node,12.9754941,77.6145054,traffic_signals,,,
249082234,node,12.9809819,77.6099607,traffic_signals,,,
249083107,node,12.9926230,77.6097923,traffic_signals,,,signal
249083111,node,12.9936479,77.6072115,traffic_signals,,,
249083677,node,12.9595492,77.5559464,traffic_signals,,,
249084138,node,12.9503340,77.5376362,traffic_signals,,,
249084423,node,12.9577314,77.5341001,traffic_signals,,,signal
249084426,node,12.9599483,77.5331539,traffic_signals,,,
249084472,node,12.9661078,77.5355823,traffic_signals,,,
249084482,node,12.9741233,77.5447325,traffic_signals,,,
249084487,node,12.9752543,77.5482330,traffic_signals,,,
249086392,node,12.9613737,77.5592663,traffic_signals,,,
249086438,node,12.9605005,77.5685496,traffic_signals,,,
249087719,node,12.9563509,77.5772014,traffic_signals,,,
249087936,node,12.9657245,77.5865182,traffic_signals,,,signal
249087971,node,12.9729254,77.5810224,traffic_signals,,,
249088235,node,12.9762574,77.5947156,crossing,uncontrolled,table,
249098535,node,12.9554830,77.5919637,traffic_signals,,,
249258666,node,12.9485646,77.5799612,crossing,traffic_signals,,
249585502,node,12.9610125,77.5591727,traffic_signals,,,
249589809,node,12.9560110,77.5463943,traffic_signals,,,signal
249775286,node,12.9397582,77.5739629,traffic_signals,,,
249788404,node,12.9407831,77.5738077,traffic_signals,,,
251082959,node,12.9814997,77.6311960,traffic_signals,traffic_signals,,
251082964,node,12.9869588,77.6478913,traffic_signals,,,
251103503,node,12.9572420,77.6799507,,,bump,
251105190,node,12.9836256,77.7523529,traffic_signals,,,
251105283,node,12.9612313,77.7476049,traffic_signals,,,
251142704,node,12.9961503,77.6936920,crossing,uncontrolled,,
251145689,node,12.9840247,77.6402869,traffic_signals,,,
251146207,node,12.9656406,77.6196427,,,hump,
251146209,node,12.9666398,77.6203284,traffic_signals,,,
251361750,node,12.9932818,77.5714930,traffic_signals,,,
251361754,node,13.0084297,77.5711436,traffic_signals,traffic_signals,,
251361762,node,13.0170551,77.5605477,traffic_signals,,,signal
253179978,node,12.9857661,77.6449358,traffic_signals,,,
253179984,node,12.9784796,77.6465988,traffic_signals,,,
253179993,node,12.9688448,77.6476289,traffic_signals,,,
253518979,node,12.9670177,77.6615244,traffic_signals,,,
253521393,node,12.9783441,77.6410411,traffic_signals,,,
253521398,node,12.9781423,77.6366403,traffic_signals,,,
253521405,node,12.9783815,77.6286205,traffic_signals,,,
254665635,node,12.9860822,77.5894728,traffic_signals,,,
254665681,node,12.9807434,77.6029061,traffic_signals,,,
254665683,node,12.9804068,77.6038622,traffic_signals,,,
254920173,node,12.9336457,77.6187713,,,rumble_strip,
255558038,node,12.9730613,77.6469104,traffic_signals,,,
260729391,node,12.9373044,77.6270752,traffic_signals,,,signal
260908338,node,12.9109800,77.6837863,traffic_signals,,,signal
263155275,node,12.9684482,77.6061032,traffic_signals,,,signal
264129302,node,12.9101714,77.6630753,,,hump,
264129314,node,12.9096518,77.6635218,,,hump,
264129354,node,12.9035064,77.6618996,,,hump,
264191074,node,12.8697535,77.6533581,traffic_signals,traffic_signals,,
265517131,node,12.8592128,77.6617140,,,rumble_strip,
265518566,node,12.8505237,77.5822371,,,rumble_strip,
266175093,node,12.9124372,77.6381298,crossing,traffic_signals,,
266272844,node,12.9124070,77.6325121,crossing,traffic_signals,,
266302971,node,12.9133237,77.6451682,,,bump,
266735173,node,12.9121683,77.6651425,,,hump,
266737793,node,12.8977154,77.6582650,,,hump,
266737808,node,12.8966553,77.6583105,,,hump,
266865270,node,12.8890463,77.6398958,traffic_signals,traffic_signals,,
278163345,node,13.0817755,77.5931229,traffic_signals,,,
278163350,node,13.0822706,77.5931329,traffic_signals,,,signal
286679410,node,12.9668490,77.5875317,traffic_signals,,,
286679427,node,12.9668279,77.5875646,traffic_signals,,,signal
286679458,node,12.9677579,77.5874378,traffic_signals,,,signal
286681113,node,12.9785476,77.5425316,traffic_signals,,,
286681888,node,12.9810486,77.5746382,traffic_signals,traffic_signals,,
286965860,node,12.9778871,77.5909529,traffic_signals,,,signal
287793968,node,12.9681517,77.5873435,traffic_signals,,,signal
287793997,node,12.9634181,77.5891393,traffic_signals,traffic_signals,,
287904671,node,12.9793375,77.6023540,crossing,traffic_signals,,
287905080,node,12.9792685,77.6070952,traffic_signals,,,
287911099,node,12.9715933,77.6359347,traffic_signals,,,
287911537,node,12.9751043,77.6252162,traffic_signals,,,
287912509,node,12.9703619,77.6413242,traffic_signals,,,
292566570,node,12.9079234,77.6926340,crossing,uncontrolled,table,
294076280,node,12.9903012,77.5886396,traffic_signals,,,
294081382,node,12.9828071,77.5969513,traffic_signals,,,
294082867,node,12.9850940,77.5722241,traffic_signals,,,
294083347,node,12.9754468,77.5747547,traffic_signals,,,
294083513,node,12.9752011,77.5763387,traffic_signals,,,signal
294083863,node,12.9878262,77.5742634,traffic_signals,,,
294084044,node,12.9890267,77.5739571,traffic_signals,,,
295735336,node,13.0087663,77.5691563,traffic_signals,,,
295735338,node,13.0055874,77.5692348,traffic_signals,traffic_signals,,
295735342,node,12.9968667,77.5692940,traffic_signals,,,
295735476,node,13.0146245,77.5728870,traffic_signals,,,
295747252,node,13.0115424,77.5616633,crossing,marked,,
296029992,node,13.0039898,77.6195774,traffic_signals,,,signal
298775237,node,12.9609125,77.6404502,crossing,uncontrolled,table,
298830703,node,12.9669713,77.6230961,,,rumble_strip,
298830710,node,12.9657377,77.6252023,traffic_signals,,,
298830828,node,12.9667429,77.6206838,traffic_signals,,,signal
298831052,node,12.9552045,77.6894444,traffic_signals,,,
301350890,node,12.9405075,77.6202253,traffic_signals,,,
302493123,node,12.9272770,77.5802452,stop,,,
303926963,node,12.9205798,77.6001864,traffic_signals,,,
303975904,node,12.9483195,77.5767750,traffic_signals,uncontrolled,,
304277418,node,12.9274056,77.6208361,traffic_signals,,,
304771894,node,12.9314922,77.6226225,traffic_signals,,,
305154536,node,12.9102440,77.5952994,traffic_signals,,,
306074373,node,12.9609211,77.6388110,traffic_signals,,,
306586928,node,12.9345385,77.6123203,traffic_signals,,,signal
306594280,node,12.9172507,77.6224563,traffic_signals,,,
306601671,node,12.9372946,77.6018928,traffic_signals,,,signal
306601726,node,12.9372664,77.6014978,traffic_signals,,,signal
306601731,node,12.9369854,77.6019814,traffic_signals,,,signal
306834748,node,12.9664257,77.6142217,traffic_signals,,,
306854061,node,12.9139370,77.6101015,traffic_signals,,,
307396954,node,12.9123061,77.7142841,,,bump,
307404566,node,12.9237827,77.6398975,traffic_signals,,,
308063197,node,12.9845161,77.5718021,traffic_signals,,,signal
308063843,node,12.9571579,77.5284137,traffic_signals,,,signal
308064375,node,12.9521149,77.4998105,traffic_signals,,,
308069216,node,12.9808805,77.5365605,traffic_signals,,,
308070261,node,13.0115679,77.5285064,,,rumble_strip,
308070275,node,12.9977660,77.5234714,,,rumble_strip,
308072410,node,13.0258594,77.5207425,traffic_signals,,,
308072451,node,13.0398882,77.5183596,traffic_signals,,,
308074193,node,13.0287260,77.5401580,traffic_signals,,,
308081022,node,13.0471228,77.5699836,traffic_signals,,,signal
308185376,node,13.0785177,77.5475720,,,bump,
308188550,node,13.0059429,77.5486862,traffic_signals,,,
308188640,node,13.0061180,77.5486635,traffic_signals,,,
308218810,node,13.0527150,77.6460252,traffic_signals,,,
308229550,node,13.0991534,77.5848814,crossing,uncontrolled,,
308231592,node,13.0683999,77.5603713,traffic_signals,,,signal
308231734,node,13.0348022,77.5573491,traffic_signals,,,
308231837,node,13.0496370,77.5537592,traffic_signals,,,signal
308232366,node,13.0040722,77.5491659,traffic_signals,,,signal
308232380,node,12.9876865,77.5500735,traffic_signals,,,
308232384,node,12.9844607,77.5491829,traffic_signals,,,
308232637,node,12.9600676,77.5328908,traffic_signals,,,
308232833,node,12.9661048,77.5353176,traffic_signals,,,
308232847,node,12.9742803,77.5447396,traffic_signals,,,
308232862,node,12.9842583,77.5489013,traffic_signals,,,
308232865,node,12.9879677,77.5497657,traffic_signals,,,
308232877,node,13.0037857,77.5490712,traffic_signals,,,signal
308232885,node,13.0061811,77.5488004,traffic_signals,,,
308232886,node,13.0060037,77.5488442,traffic_signals,,,
308233404,node,12.9576812,77.5339714,traffic_signals,,,signal
308238310,node,13.0404899,77.6244573,traffic_signals,,,
308729117,node,12.9231908,77.5760986,traffic_signals,,,signal
308729150,node,12.9234807,77.5763699,traffic_signals,,,
308729151,node,12.9234243,77.5735584,traffic_signals,,,
308807795,node,12.9273387,77.5769552,traffic_signals,,,
308915752,node,12.9258055,77.6251691,traffic_signals,,,
308923397,node,12.9438910,77.6075973,traffic_signals,,,signal
308924882,node,12.9666874,77.6088877,traffic_signals,,,
309592695,node,12.9351903,77.6244413,traffic_signals,,,
309595499,node,12.9102099,77.5932544,traffic_signals,,,
315208341,node,12.9385736,77.6325528,traffic_signals,,,
315208342,node,12.9384443,77.6328936,traffic_signals,,,
320647365,node,12.9642064,77.5768931,traffic_signals,uncontrolled,,
325110453,node,12.9798221,77.7289935,,,bump,
325196483,node,12.9826563,77.7178624,,,bump,
325196488,node,12.9841057,77.7185224,,,bump,
331150821,node,12.9674775,77.7339102,,,rumble_strip,
331665381,node,13.1036366,77.6002543,traffic_signals,,,
332955178,node,13.0818799,77.5933910,traffic_signals,,,
334482516,node,12.9750056,77.6082104,traffic_signals,,,
335663834,node,13.0427065,77.5906305,traffic_signals,,,
341621933,node,12.9958934,77.6133881,mini_roundabout,,,
343088229,node,12.9918387,77.6145720,traffic_signals,,,
343094471,node,13.0020419,77.6122469,traffic_signals,,,
343320203,node,12.9942926,77.6635086,traffic_signals,,,signal
343322076,node,13.0133145,77.6619872,traffic_signals,,,
343322679,node,13.0002140,77.6768064,traffic_signals,,,
343322985,node,12.9490868,77.6992843,,,hump,
343322996,node,12.9664384,77.7021116,,,bump,
343459489,node,13.0051531,77.6850038,traffic_signals,,,
343462692,node,13.0135336,77.6624212,traffic_signals,,,
343594553,node,12.9815657,77.6054118,traffic_signals,,,
343601638,node,13.0398944,77.6243107,traffic_signals,,,signal
343670377,node,13.0004202,77.6766034,crossing,uncontrolled,,
347295433,node,12.9750703,77.5764108,traffic_signals,,,signal
347295554,node,12.9746331,77.5708033,traffic_signals,,,
348036175,node,12.9248465,77.6342272,traffic_signals,,,
355427675,node,12.9912525,77.6573283,traffic_signals,,,signal
355427677,node,12.9911340,77.6568584,traffic_signals,,,signal
355428774,node,12.9791928,77.6464567,traffic_signals,,,signal
364626139,node,12.9175360,77.5739762,traffic_signals,,,signal
374217275,node,13.0341380,77.5686006,traffic_signals,,,
374217314,node,13.0370077,77.5659978,traffic_signals,traffic_signals,,signal
382803180,node,12.9035697,77.5732862,crossing,traffic_signals,,
388463959,node,12.8739746,77.5405639,traffic_signals,,,
391881028,node,13.0678603,77.6101736,,,bump,
410605177,node,13.0663680,77.6407745,traffic_signals,,,
412135152,node,12.9954000,77.6020780,traffic_signals,,,
416419153,node,13.0092971,77.6433987,traffic_signals,,,
419638217,node,13.0290733,77.5398700,traffic_signals,,,
419638282,node,13.0285308,77.5197034,traffic_signals,,,
426823702,node,13.0400737,77.5184224,traffic_signals,,,
426835306,node,13.0171281,77.5605923,traffic_signals,,,signal
426962389,node,12.9969354,77.5730781,traffic_signals,,,
427531037,node,12.9919113,77.5754150,traffic_signals,traffic_signals,,
427531050,node,12.9992748,77.5781011,mini_roundabout,,,
427593076,node,13.0036714,77.5699962,traffic_signals,,,
427593081,node,12.9992144,77.5713561,traffic_signals,,,
427593098,node,13.0056979,77.5637883,traffic_signals,,,
427593100,node,13.0036936,77.5653044,traffic_signals,,,
427593103,node,13.0056226,77.5667143,traffic_signals,,,
427593300,node,13.0036878,77.5667685,traffic_signals,,,
427593301,node,13.0055491,77.5681646,traffic_signals,,,
427593305,node,13.0054364,77.5712126,traffic_signals,,,
427593398,node,13.0036822,77.5681969,traffic_signals,,,
427594203,node,13.0185033,77.5579816,traffic_signals,,,
428420881,node,12.9718188,77.5939029,traffic_signals,,,signal
428435127,node,12.9649679,77.5966070,traffic_signals,,,signal
428457171,node,12.9538291,77.5914250,traffic_signals,,,
428457173,node,12.9555639,77.5922182,traffic_signals,,,
428836843,node,12.9680658,77.6002904,crossing,traffic_signals,,
428845619,node,12.9763854,77.6009999,crossing,unmarked,,
428853824,node,12.9806670,77.5768379,traffic_signals,uncontrolled,,
428853845,node,12.9797639,77.5817457,traffic_signals,,,signal
429001262,node,12.9638856,77.5850350,traffic_signals,,,signal
429001265,node,12.9655022,77.5866582,traffic_signals,,,
429001266,node,12.9653314,77.5869951,crossing,traffic_signals,,
429230963,node,12.9669523,77.5872021,traffic_signals,,,signal
429286843,node,12.9752510,77.5486665,traffic_signals,,,
429726441,node,12.9688160,77.5680475,traffic_signals,,,signal
429731194,node,12.9530862,77.5735970,traffic_signals,,,
429863906,node,12.9687324,77.5126613,,,rumble_strip,
430043662,node,13.0101366,77.5905814,traffic_signals,,,
430127696,node,13.0430481,77.5900575,traffic_signals,,,
430127822,node,13.0476251,77.5920123,,,rumble_strip,
431524344,node,12.9817204,77.6284718,traffic_signals,traffic_signals,,
431530258,node,13.0356131,77.5536152,traffic_signals,,,
431610687,node,12.9909493,77.6418479,mini_roundabout,,,
432501724,node,12.9841140,77.6407843,traffic_signals,,,
432501735,node,12.9867223,77.6479887,traffic_signals,,,
432504281,node,12.9959428,77.6156731,mini_roundabout,,,
433833664,node,13.0666836,77.5032893,traffic_signals,,,signal
442107151,node,12.9970202,77.6700327,traffic_signals,,,signal
442107189,node,13.0050449,77.6850796,traffic_signals,,,
442437666,node,13.0129635,77.6620437,crossing,uncontrolled,,
442438288,node,13.0199989,77.6744956,traffic_signals,,,signal
443224605,node,12.9352411,77.6243708,traffic_signals,,,
445327598,node,13.0250355,77.5682837,,,bump,
445327607,node,13.0234642,77.5667031,,,bump,
445329999,node,13.0202813,77.5665589,,,bump,
446782731,node,13.0190360,77.5397483,traffic_signals,,,
446860580,node,12.9880870,77.5375652,traffic_signals,,,
446860594,node,12.9875488,77.5542881,traffic_signals,,,
446860595,node,12.9899503,77.5544114,traffic_signals,,,
446860602,node,13.0044156,77.5536625,traffic_signals,,,signal
447113035,node,12.9687622,77.5367476,traffic_signals,,,
447113036,node,12.9688104,77.5365875,traffic_signals,,,
447114405,node,12.9708147,77.5249854,traffic_signals,,,signal
448116638,node,12.9901695,77.5507964,traffic_signals,,,
448116639,node,12.9900699,77.5505078,traffic_signals,,,
459485476,node,12.9464935,77.5697927,mini_roundabout,,,
459656137,node,12.9624019,77.5951069,crossing,traffic_signals,,
465232495,node,13.0015048,77.5945171,traffic_signals,,,signal
481750173,node,12.9899972,77.6547867,traffic_signals,,,signal
481754476,node,12.9773635,77.6088201,crossing,traffic_signals,,
483412094,node,13.0250957,77.5111135,traffic_signals,,,
483412558,node,13.0164967,77.5056432,traffic_signals,,,
493493706,node,12.9481732,77.5741139,traffic_signals,,,
493493871,node,12.9355260,77.5813533,,,rumble_strip,
493556454,node,12.9169287,77.5857891,crossing,traffic_signals,,
494238032,node,12.9205791,77.6001168,traffic_signals,,,
494238035,node,12.9284062,77.6004986,traffic_signals,traffic_signals,,
494238044,node,12.9072862,77.6003264,traffic_signals,,,signal
494271080,node,12.9173238,77.6231607,traffic_signals,,,
494271099,node,12.9164652,77.6151308,traffic_signals,,,
494271106,node,12.9211388,77.6204844,traffic_signals,,,
503050615,node,12.9274069,77.6211127,traffic_signals,,,
503180914,node,12.9264741,77.5611722,traffic_signals,,,signal
512072644,node,13.1220704,77.6305434,traffic_signals,,,signal
512072658,node,13.1222083,77.6307811,traffic_signals,,,signal
514452399,node,12.9452272,77.5282455,traffic_signals,,,
545736485,node,13.0830994,77.6206174,,,bump,
555680748,node,13.0847833,77.6265639,,,bump,
560642468,node,12.9364154,77.5182360,traffic_signals,,,signal
560654632,node,12.8927588,77.5989711,traffic_signals,,,signal
560654668,node,12.8479869,77.5883188,,,table,
570758310,node,12.9642875,77.5699161,traffic_signals,,,
571438265,node,13.0424606,77.5146845,traffic_signals,,,signal
574367083,node,13.0734435,77.5929851,traffic_signals,,,
574543671,node,13.0110014,77.5069451,traffic_signals,,,signal
579891800,node,12.9092174,77.4680686,,,rumble_strip,
579892117,node,12.9904781,77.4723600,,,rumble_strip,
582575956,node,13.0207682,77.5924649,traffic_signals,,,signal
598948005,node,13.0436654,77.5531181,,,bump,
598948006,node,13.0437262,77.5534951,,,bump,
599226700,node,13.0302840,77.6210440,traffic_signals,,,signal
618251411,node,12.8892466,77.6399474,traffic_signals,traffic_signals,,
618252032,node,12.9069175,77.6288825,traffic_signals,,,
631594704,node,12.9766257,77.6266853,crossing,uncontrolled,,
650141249,node,12.9164748,77.6324310,traffic_signals,,,
650141450,node,12.9219722,77.6447993,traffic_signals,,,
650141554,node,12.9165984,77.6322048,traffic_signals,,,
661987274,node,12.9751676,77.5925797,crossing,uncontrolled,,
663313890,node,12.9676142,77.5886919,traffic_signals,,,signal
663313897,node,12.9680525,77.5891250,traffic_signals,,,signal
663551392,node,12.9764665,77.5906004,crossing,unmarked,,
663596564,node,12.9791119,77.6023624,crossing,traffic_signals,,
663596569,node,12.9809654,77.5975128,crossing,traffic_signals,,
665062618,node,12.9679969,77.5872502,crossing,traffic_signals,,
679993212,node,12.9749427,77.5707721,traffic_signals,,,signal
699576768,node,12.9169293,77.5735003,traffic_signals,,,signal
699576776,node,12.9065768,77.5730753,traffic_signals,,,
699576794,node,12.9178047,77.5734508,traffic_signals,,,
699576806,node,12.9066385,77.5733265,traffic_signals,,,
699585158,node,12.9071971,77.6006303,traffic_signals,,,signal
699684258,node,12.9255408,77.5500917,traffic_signals,,,
699684299,node,12.9384949,77.5335195,traffic_signals,,,
699686049,node,12.9596673,77.5557221,traffic_signals,,,
699704164,node,12.9363437,77.5185663,traffic_signals,,,
699704181,node,12.9311261,77.5064041,crossing,uncontrolled,,
699704182,node,12.9363084,77.5182544,traffic_signals,,,
699704288,node,12.9127956,77.4853760,traffic_signals,,,
699704344,node,12.9096823,77.4798724,,,rumble_strip,
699722362,node,13.1192594,77.5834017,,controlled,,
701736119,node,13.0400432,77.5184589,traffic_signals,,,
736014437,node,12.9701319,77.6412438,traffic_signals,,,
736207271,node,12.9837700,77.6405417,traffic_signals,,,
736207419,node,12.9782230,77.6408226,traffic_signals,,,
774662327,node,13.0379678,77.5223197,traffic_signals,,,signal
825408471,node,12.9196325,77.6920495,crossing,unmarked,,
841805684,node,12.9030141,77.5243073,,,rumble_strip,
858946512,node,13.0347707,77.5297388,traffic_signals,,,
954175916,node,12.9921334,77.7155841,traffic_signals,,,
954914704,node,12.8794862,77.5455211,traffic_signals,,,signal
955696079,node,12.9876589,77.7367194,crossing,uncontrolled,,
964834530,node,12.9936163,77.7027916,crossing,uncontrolled,,
964834534,node,12.9937104,77.7028203,crossing,uncontrolled,,
1054665120,node,13.0425321,77.5147035,traffic_signals,,,signal
1054687502,node,12.9607539,77.5127801,traffic_signals,,,
1054687612,node,12.9579142,77.5188872,traffic_signals,,,
1067769827,node,12.9604237,77.6012676,traffic_signals,,,signal
1067781019,node,12.9648288,77.5972953,traffic_signals,,,signal
1067789523,node,12.9621229,77.5944602,traffic_signals,,,
1067841666,node,12.9714722,77.6068055,crossing,uncontrolled,,
1070314190,node,12.9167870,77.5736481,traffic_signals,,,signal
1070361732,node,12.9319553,77.6134110,traffic_signals,,,
1070361796,node,12.9277245,77.6208562,traffic_signals,,,
1070361799,node,12.9246425,77.6183237,traffic_signals,,,
1083470977,node,12.9208738,77.6652688,traffic_signals,traffic_signals,,
1087824452,node,12.9727661,77.5816763,traffic_signals,,,signal
1096656632,node,13.0364348,77.5618693,mini_roundabout,,,
1104241030,node,12.9839487,77.7525664,traffic_signals,,,
1104243944,node,12.9838490,77.7523143,traffic_signals,,,
1109138335,node,12.9976301,77.5505308,traffic_signals,,,
1109138343,node,12.9974797,77.5501793,traffic_signals,,,
1111557424,node,12.9828585,77.5603304,traffic_signals,,,
1111583828,node,12.9843364,77.5543687,traffic_signals,,,
1111583837,node,12.9857985,77.5524989,crossing,,table,
1118408125,node,12.8743163,77.5419827,,,bump,
1119305854,node,12.8591054,77.5239807,,,rumble_strip,
1145362952,node,12.9070942,77.4991442,traffic_signals,,,
1148895344,node,12.9169237,77.5896425,traffic_signals,,,traffic_lights
1212302913,node,12.9782143,77.6368516,traffic_signals,,,
1213632636,node,12.9825502,77.6347280,traffic_signals,,,
1224316460,node,12.9572222,77.6743253,,,table,
1232686144,node,12.9765226,77.5989941,traffic_signals,,,signal
1232963667,node,12.9720704,77.6070419,crossing,traffic_signals,,
1232963669,node,12.9721282,77.6072434,crossing,marked,,
1232963680,node,12.9764183,77.6017710,crossing,traffic_signals,,
1259491784,node,12.9721697,77.7117412,traffic_signals,,,signal
1282881326,node,12.9717707,77.6359780,traffic_signals,,,
1285913196,node,12.9912952,77.5208034,,,rumble_strip,
1285913198,node,12.9875021,77.5191615,traffic_signals,,,
1285970581,node,12.9610477,77.5129035,traffic_signals,,,
1285970595,node,12.9247495,77.4852963,traffic_signals,,,signal
1290058657,node,12.9955206,77.6017655,traffic_signals,,,
1290058658,node,12.9927003,77.6098192,crossing,uncontrolled,,
1316878124,node,13.0276741,77.5710968,,,bump,
1328581934,node,12.9714617,77.6925199,,,rumble_strip,
1331989759,node,12.9064115,77.5784876,traffic_signals,,,signal
1347565273,node,12.9824368,77.7583489,traffic_signals,,,
1368829017,node,12.9837283,77.7527373,traffic_signals,,,
1371859116,node,12.9652161,77.7199152,crossing,uncontrolled,,
1377780630,node,12.9824215,77.7177339,,,bump,
1381347383,node,12.9562762,77.7321866,,,rumble_strip,
1382502186,node,12.9653711,77.7184361,crossing,unmarked,,
1382502194,node,12.9675130,77.7162166,,,rumble_strip,
1384732634,node,12.9846218,77.7756079,,,rumble_strip,
1404460897,node,12.9782903,77.6366011,traffic_signals,,,
1404460899,node,12.9783626,77.6367655,traffic_signals,,,
1404460918,node,12.9784181,77.6407099,traffic_signals,,,
1404460921,node,12.9785028,77.6409112,crossing,traffic_signals,,
1417443302,node,12.8994730,77.6323255,crossing,marked,,
1419475678,node,12.8927681,77.5988361,traffic_signals,,,signal
1420105790,node,12.9660019,77.6253419,traffic_signals,,,
1439294185,node,12.9858933,77.5372213,crossing,uncontrolled,,
1442364079,node,12.9524509,77.6981408,,,hump,
1442364461,node,12.9554114,77.6893304,traffic_signals,,,
1442997880,node,12.9347593,77.7051324,crossing,zebra,,
1447805104,node,12.9980708,77.5530419,traffic_signals,,,
1454644902,node,12.9617460,77.7271038,,,bump,
1454651894,node,12.9701048,77.6103998,traffic_signals,,,signal
1454651908,node,12.9701178,77.6103494,crossing,traffic_signals,,
1460720463,node,12.9722464,77.6194793,traffic_signals,,,signal
1460720480,node,12.9658365,77.6038689,crossing,uncontrolled,,
1463690595,node,12.9247425,77.4988361,crossing,uncontrolled,table,
1464138167,node,12.9598409,77.6489796,traffic_signals,,,
1464786119,node,12.9570041,77.7008214,traffic_signals,,,signal
1465590369,node,12.9928395,77.6096307,traffic_signals,,,signal
1466495041,node,12.9350964,77.5606731,traffic_signals,,,
1470833635,node,12.9772789,77.7510841,traffic_signals,,,
1472269371,node,12.9318314,77.6134432,traffic_signals,,,signal
1472878937,node,12.9157274,77.6381569,traffic_signals,,,
1472879613,node,12.9163770,77.6324690,traffic_signals,,,signal
1473972539,node,12.9481107,77.5680700,traffic_signals,,,signal
1473972578,node,12.9476718,77.5680541,traffic_signals,,,
1473972602,node,12.9477187,77.5676939,traffic_signals,,,signal
1485671076,node,12.9665186,77.6829015,,,hump,
1485706748,node,12.9962488,77.5648021,,,hump,
1487973952,node,12.9356158,77.5130713,traffic_signals,,,
1516426367,node,12.9872850,77.6191917,traffic_signals,,,
1516426402,node,12.9867795,77.6194909,traffic_signals,,,
1521036326,node,12.9948866,77.5550879,traffic_signals,,,signal
1522519270,node,12.9406387,77.5736362,traffic_signals,,,
1523537390,node,12.9841964,77.5969365,traffic_signals,,,signal
1523569728,node,12.9763425,77.7272768,crossing,uncontrolled,,
1523569752,node,12.9766436,77.7271205,crossing,uncontrolled,,
1523569756,node,12.9766767,77.7272738,traffic_signals,,,signal
1524489173,node,12.9783484,77.5425890,traffic_signals,,,signal
1536595787,node,12.9730398,77.6014060,crossing,uncontrolled,,
1548748220,node,12.9681490,77.6002446,traffic_signals,,,
1557291145,node,12.9669918,77.6112878,traffic_signals,,,
1559350748,node,12.9573404,77.5733023,traffic_signals,traffic_signals,,
1560168999,node,12.9806055,77.5746095,traffic_signals,,,signal
1582763027,node,13.0497683,77.6003828,,,hump,
1585678352,node,12.9763232,77.7270963,traffic_signals,,,signal
1589590957,node,12.9937243,77.6074617,traffic_signals,,,
1600962989,node,13.0252216,77.6408477,,,rumble_strip,
1608973481,node,12.9237686,77.6401349,traffic_signals,,,
1609661649,node,12.9239840,77.6397693,traffic_signals,,,
1611272461,node,12.9675872,77.5887210,crossing,traffic_signals,,
1611272493,node,12.9675547,77.5889090,traffic_signals,,,
1613152619,node,12.9072616,77.6289105,traffic_signals,,,
1613154921,node,12.8942451,77.6366853,traffic_signals,,,
1613154922,node,12.8944658,77.6367425,traffic_signals,,,
1614268214,node,12.9938480,77.5849630,crossing,uncontrolled,,
1620344798,node,12.9315406,77.6224980,traffic_signals,,,
1623700176,node,12.9482303,77.5678668,traffic_signals,,,signal
1631443660,node,12.9891786,77.7267562,traffic_signals,,,signal
1636623257,node,12.9806277,77.5748295,traffic_signals,traffic_signals,,
1636623267,node,12.9779961,77.5845842,crossing,unmarked,,
1636820456,node,12.9801453,77.5711205,traffic_signals,,,signal
1636820490,node,12.9799466,77.5709964,traffic_signals,,,
1650305509,node,12.9768455,77.5992955,traffic_signals,,,
1653906418,node,12.9161749,77.6382608,traffic_signals,,,signal
1668866516,node,12.9638866,77.5767121,traffic_signals,uncontrolled,,
1675239400,node,12.9374466,77.6268399,traffic_signals,,,signal
1698055244,node,12.9724634,77.6196460,crossing,uncontrolled,,
1698055256,node,12.9818429,77.6229962,traffic_signals,,,signal
1719191867,node,12.9875190,77.5196648,traffic_signals,,,
1719192308,node,12.9788921,77.5153511,,,rumble_strip,
1720796221,node,12.8522436,77.5932819,,,rumble_strip,
1726152644,node,12.9775854,77.5904870,traffic_signals,,,signal
1732873704,node,12.9065044,77.5782584,traffic_signals,,,signal
1775972263,node,12.9206601,77.6651968,traffic_signals,,,signal
1780288371,node,12.9543756,77.5441920,traffic_signals,,,signal
1791989697,node,12.9551460,77.5686730,mini_roundabout,,,
1792720897,node,12.9472694,77.5642312,mini_roundabout,,,
1794666983,node,13.0258942,77.5207969,traffic_signals,,,
1820411778,node,12.9750949,77.5525654,traffic_signals,,,
1820423092,node,12.9758813,77.5645262,traffic_signals,,,
1820431143,node,12.9739005,77.5496116,traffic_signals,,,
1820431145,node,12.9749654,77.5481412,traffic_signals,,,
1827247442,node,12.9205434,77.6652441,traffic_signals,,,
1827480124,node,12.9021347,77.6011014,traffic_signals,,,
1834315102,node,13.0188431,77.6557007,traffic_signals,,,signal
1835344749,node,12.9126629,77.4850997,traffic_signals,,,
1835344809,node,12.9155170,77.5695788,traffic_signals,,,signal
1835344829,node,12.9157077,77.5694782,stop,,,
1836940343,node,12.9605367,77.5716748,traffic_signals,,,
1836982983,node,12.9281720,77.5462074,traffic_signals,,,signal
1837005138,node,12.9240947,77.6286029,traffic_signals,,,
1837285175,node,12.9475444,77.6409106,,,rumble_strip,
1837297484,node,13.0083280,77.6958894,traffic_signals,,,
1837297533,node,13.0170337,77.7045159,traffic_signals,,,signal
1837297537,node,13.0171458,77.7044679,traffic_signals,,,
1837297544,node,13.0192879,77.7085908,traffic_signals,,,signal
1837297545,node,13.0193822,77.7085208,traffic_signals,,,
1837297546,node,13.0194832,77.7084540,traffic_signals,,,signal
1837297547,node,13.0195557,77.7084042,traffic_signals,,,signal
1837339325,node,12.9640749,77.5854135,crossing,traffic_signals,,
1837378093,node,12.9306069,77.5472159,traffic_signals,,,
1837378508,node,12.9747529,77.5486041,traffic_signals,,,
1837445421,node,12.9752790,77.6081191,traffic_signals,,,
1837445449,node,12.9773072,77.6086104,crossing,traffic_signals,,
1837445468,node,12.9808752,77.6100132,traffic_signals,,,
1837595259,node,12.9779902,77.6067138,traffic_signals,traffic_signals,,
1837595425,node,13.0542607,77.6019844,,,hump,
1837634342,node,12.9943823,77.6102329,mini_roundabout,,,
1837693718,node,13.0286750,77.6637949,traffic_signals,,,signal
1837716605,node,12.9532824,77.5737777,traffic_signals,,,
1837716641,node,12.9575946,77.5738004,traffic_signals,,,signal
1837757402,node,12.9483195,77.5768487,traffic_signals,,,signal
1837783512,node,12.9751952,77.6143221,traffic_signals,,,
1837783514,node,12.9754298,77.6142809,traffic_signals,,,
1837783520,node,12.9762632,77.6148407,traffic_signals,,,
1837823400,node,13.0010386,77.6118464,traffic_signals,,,
1839764547,node,13.0003982,77.6763894,traffic_signals,,,signal
1843585356,node,12.9873773,77.6193612,traffic_signals,,,
1843612311,node,12.9955715,77.6164532,traffic_signals,,,
1843612344,node,12.9956109,77.6168699,traffic_signals,,,
1866240329,node,12.9063429,77.5917887,crossing,uncontrolled,table,
1908194764,node,12.9602913,77.6015941,traffic_signals,,,
1925410536,node,12.9611046,77.5880318,traffic_signals,,,
1931853240,node,12.9675272,77.5450151,traffic_signals,,,signal
1931866158,node,12.9758072,77.5644657,traffic_signals,,,
1942843921,node,12.8537546,77.5412385,,,rumble_strip,
1942844069,node,12.9323413,77.5314488,,,rumble_strip,
1942844089,node,12.9167935,77.5316012,,,rumble_strip,
1952787489,node,13.0455588,77.5563917,traffic_signals,,,signal
1989699952,node,12.9938571,77.5852249,traffic_signals,,,
1989699958,node,12.9931813,77.5850708,traffic_signals,,,
1989700046,node,12.9938447,77.5849259,traffic_signals,,,signal
2014710885,node,12.9844575,77.5719189,traffic_signals,,,signal
2014710915,node,12.9844920,77.5723829,traffic_signals,,,signal
2014710929,node,12.9852023,77.5720997,traffic_signals,,,signal
2014710951,node,12.9849073,77.5721485,traffic_signals,,,signal
2014710968,node,12.9845988,77.5722347,traffic_signals,,,signal
2014870742,node,12.9307629,77.5860545,traffic_signals,,,signal
2099691583,node,12.9170649,77.6731985,crossing,uncontrolled,table,
2099691617,node,12.9073447,77.6953056,crossing,uncontrolled,table,
2099691618,node,12.9080283,77.6926567,crossing,uncontrolled,table,
2123555481,node,12.9295234,77.6155636,traffic_signals,,,
2124745502,node,13.1223335,77.6305338,traffic_signals,,,signal
2124745542,node,13.1222587,77.6303079,traffic_signals,,,signal
2125916065,node,13.0368318,77.6407645,traffic_signals,,,signal
2125916087,node,13.0395254,77.6416555,traffic_signals,,,
2192113046,node,13.0790236,77.6102973,,,hump,
2221301505,node,12.9573790,77.5521321,traffic_signals,,,signal
2224183005,node,12.9382696,77.5333355,traffic_signals,,,
2268179269,node,12.9662057,77.6250413,traffic_signals,,,
2273437040,node,12.9092587,77.6445603,,,hump,
2300032317,node,13.1147070,77.5789749,traffic_signals,,,signal
2332855818,node,12.9885645,77.6892827,,,bump,
2334208112,node,12.9530285,77.5416056,traffic_signals,,,signal
2382016055,node,12.9831374,77.5956513,traffic_signals,,,
2385429699,node,12.8523672,77.5456051,,,rumble_strip,
2386067856,node,12.9833185,77.5960121,traffic_signals,,,
2386191333,node,12.8945600,77.4774271,,,rumble_strip,
2386277567,node,12.8570890,77.5295542,,,rumble_strip,
2386581254,node,12.9084816,77.4683420,,,rumble_strip,
2387065991,node,12.8604087,77.6527907,,,rumble_strip,
2387065997,node,12.8609116,77.6516930,,,rumble_strip,
2387127870,node,12.9240075,77.6517361,traffic_signals,,,signal
2387313615,node,12.9150376,77.6853725,,,bump,
2387313629,node,12.9140157,77.6850020,,,bump,
2387385680,node,12.9246483,77.6499056,traffic_signals,,,
2387522070,node,12.9169780,77.6731526,crossing,uncontrolled,table,
2387579006,node,12.9134290,77.6770597,,,hump,
2402241110,node,12.9451458,77.5277866,traffic_signals,,,signal
2406863577,node,12.9210860,77.6655558,crossing,traffic_signals,,
2406980229,node,12.9566750,77.7009299,traffic_signals,,,signal
2407671512,node,12.9118814,77.6477532,crossing,uncontrolled,,
2407671514,node,12.9121257,77.6441956,crossing,uncontrolled,table,
2408586316,node,13.0433929,77.5907819,traffic_signals,,,signal
2414635982,node,12.9157649,77.6447978,,,hump,
2414635988,node,12.9155480,77.6447897,,,hump,
2414635989,node,12.9194524,77.6449892,,,hump,
2414635990,node,12.9122910,77.6446563,crossing,uncontrolled,,
2416186869,node,12.8950657,77.5549680,traffic_signals,,,
2437697355,node,13.0217031,77.6997508,,,bump,
2441146992,node,12.9882449,77.6893446,,,bump,
2446005983,node,13.0436084,77.5614265,traffic_signals,,,
2447233119,node,13.0815132,77.5483393,traffic_signals,,,signal
2447233120,node,13.0815752,77.5482279,traffic_signals,,,signal
2447233122,node,13.0816800,77.5482495,traffic_signals,,,signal
2447233127,node,13.0816898,77.5483847,traffic_signals,,,signal
2447233128,node,13.0816038,77.5484245,traffic_signals,,,signal
2447233134,node,13.0817040,77.5482869,traffic_signals,,,signal
2450076422,node,13.0458006,77.5566184,traffic_signals,,,
2451336631,node,13.0953061,77.5942859,traffic_signals,,,signal
2451336634,node,13.1037498,77.6000901,traffic_signals,,,
2455311260,node,13.1149996,77.5789662,traffic_signals,,,signal
2459534989,node,13.0790359,77.6105855,,,hump,
2460236929,node,13.0675577,77.6337558,traffic_signals,,,
2462936984,node,12.9845660,77.5972588,traffic_signals,,,signal
2473230014,node,13.0091599,77.6433951,traffic_signals,,,
2473493600,node,12.9677115,77.6064357,crossing,unmarked,,
2475118074,node,12.9417104,77.5976450,mini_roundabout,,,
2483705215,node,12.9571009,77.7014554,crossing,unmarked,,
2496920275,node,12.9809235,77.6102152,crossing,marked,,
2512608783,node,12.9129909,77.6000576,,,hump,
2513553543,node,12.9064718,77.5950891,traffic_signals,,,
2518359880,node,13.0183860,77.5317367,,,rumble_strip,
2534907269,node,12.9844108,77.7185128,,,bump,
2534907270,node,12.9863927,77.7183746,,,bump,
2534907271,node,12.9867474,77.7183977,,,bump,
2534910505,node,12.9894122,77.7181590,,,bump,
2534910506,node,12.9898901,77.7180052,,,bump,
2534910507,node,12.9906420,77.7177453,,,bump,
2534910508,node,12.9921851,77.7180661,,,hump,
2534910509,node,12.9922563,77.7177376,,,hump,
2571055921,node,12.9782204,77.5901068,crossing,uncontrolled,,
2572573442,node,13.0434164,77.5612012,traffic_signals,,,
2578344267,node,13.0435207,77.5569382,traffic_signals,,,
2653690148,node,12.9712574,77.7457356,,,bump,
2694706128,node,12.9738793,77.6139898,traffic_signals,,,signal
2703669937,node,13.0139992,77.5656194,traffic_signals,,,
2703669945,node,13.0148328,77.5728327,traffic_signals,,,signal
2758421758,node,12.9713233,77.7452530,,,bump,
2758421759,node,12.9701316,77.7451162,,,bump,
2758421760,node,12.9697150,77.7425767,,,bump,
2758421761,node,12.9708586,77.7451655,,,bump,
2758421763,node,12.9697765,77.7427219,,,bump,
2758421764,node,12.9713147,77.7447269,,,bump,
2890442001,node,12.9644020,77.6067124,traffic_signals,,,
2938998575,node,12.8981667,77.6180413,,,hump,
2971089260,node,12.9174509,77.6227954,traffic_signals,,,
2999494951,node,12.9716577,77.6195948,traffic_signals,,,
2999530964,node,12.9713821,77.6195285,traffic_signals,,,signal
2999530965,node,12.9685126,77.6140539,traffic_signals,,,signal
2999607461,node,12.9669099,77.6205972,traffic_signals,,,signal
3149178085,node,12.9035940,77.5925010,crossing,zebra,,
3170035580,node,12.9726436,77.6203289,traffic_signals,,,signal
3170035581,node,12.9725667,77.6196368,traffic_signals,,,signal
3170035583,node,12.9727701,77.6199926,traffic_signals,,,
3191039329,node,13.0041187,77.6197260,traffic_signals,,,signal
3242486429,node,12.9233296,77.5760183,traffic_signals,,,signal
3268824710,node,12.9650689,77.6099455,traffic_signals,,,
3304182906,node,12.9817340,77.6231005,crossing,marked,,
3304182907,node,12.9817425,77.6286922,traffic_signals,,,signal
3304182912,node,12.9817896,77.6284605,traffic_signals,traffic_signals,,
3305119472,node,12.9570981,77.7015502,crossing,unmarked,,
3305876069,node,12.9765063,77.6020105,traffic_signals,,,signal
3305876071,node,12.9767233,77.6019024,crossing,traffic_signals,,
3305876073,node,12.9791434,77.6025839,traffic_signals,,,
3311165099,node,12.9298628,77.6842918,traffic_signals,,,
3314362622,node,12.9615791,77.7477258,traffic_signals,,,
3328206530,node,12.9587679,77.6045791,crossing,unmarked,,
3342156305,node,13.0020647,77.6121555,traffic_signals,,,
3343241170,node,12.9746081,77.6065420,crossing,uncontrolled,,
3352035441,node,12.9828791,77.6374502,traffic_signals,,,
3356003439,node,12.9480638,77.5736714,traffic_signals,,,
3356003440,node,12.9483685,77.5735362,traffic_signals,,,
3370456514,node,12.9688680,77.6478925,traffic_signals,,,
3370456522,node,12.9787067,77.6466325,traffic_signals,,,
3370456523,node,12.9786193,77.6464966,traffic_signals,,,
3370456524,node,12.9793487,77.6464929,traffic_signals,,,signal
3370456531,node,12.9855854,77.6451649,crossing,traffic_signals,,
3370456532,node,12.9855643,77.6450923,crossing,traffic_signals,,
3370456536,node,12.9857557,77.6452204,traffic_signals,,,
3399083525,node,12.9357750,77.6153649,traffic_signals,,,signal
3424837423,node,12.9539667,77.5852501,crossing,traffic_signals,,
3425233784,node,12.9483593,77.5797721,crossing,traffic_signals,,
3425236879,node,12.9480116,77.5800772,crossing,traffic_signals,,
3425236882,node,12.9480681,77.5798040,crossing,traffic_signals,,
3425238998,node,12.9484998,77.5801494,crossing,traffic_signals,,
3425239021,node,12.9485655,77.5800497,crossing,traffic_signals,,
3491596840,node,12.9720418,77.7213980,crossing,unmarked,,
3510679093,node,12.9582775,77.7488308,,,hump,
3530630455,node,12.9633712,77.6418156,traffic_signals,,,
3541170998,node,13.0350984,77.5276260,crossing,uncontrolled,,
3541170999,node,13.0352688,77.5277513,crossing,zebra,,
3541171000,node,13.0353062,77.5277587,crossing,zebra,,
3549420612,node,12.9868787,77.5886647,crossing,uncontrolled,,
3553904147,node,12.9920113,77.6885301,,,hump,
3553904148,node,12.9919284,77.6883541,,,hump,
3553910593,node,12.9916069,77.6906605,,,hump,
3553973493,node,12.9915182,77.6879618,,,hump,
3554018511,node,12.9521804,77.6999703,,,hump,
3554105061,node,12.9211689,77.6627792,,,hump,
3554105062,node,12.9214429,77.6622734,crossing,marked,,
3592140789,node,12.9564040,77.7148702,crossing,uncontrolled,,
3592142895,node,12.9577765,77.7154003,crossing,uncontrolled,,
3592142911,node,12.9606422,77.7165931,crossing,unmarked,,
3592142914,node,12.9609307,77.7164394,crossing,unmarked,,
3592142915,node,12.9613286,77.7165161,crossing,unmarked,,
3592142917,node,12.9616910,77.7165770,crossing,unmarked,,
3592142970,node,12.9668936,77.7174702,crossing,uncontrolled,,
3592142972,node,12.9670485,77.7171625,crossing,uncontrolled,,
3632570058,node,12.9841912,77.5876650,crossing,marked,,
3641923615,node,12.9649674,77.5966431,crossing,traffic_signals,,
3659483616,node,13.0192615,77.6558113,traffic_signals,,,signal
3664134386,node,12.9674905,77.5451089,traffic_signals,,,signal
3672954242,node,12.9120136,77.6324383,,,hump,
3676182371,node,13.0097920,77.5907195,traffic_signals,,,
3676182395,node,13.0144958,77.5843342,traffic_signals,,,
3676198961,node,12.9843485,77.5823624,traffic_signals,,,signal
3677919903,node,12.9319484,77.6137122,traffic_signals,,,signal
3691984718,node,12.9815132,77.5962610,crossing,unmarked,,
3699307377,node,13.0206359,77.5665712,,,bump,
3699307388,node,13.0254175,77.5688108,,,bump,
3715556376,node,13.0063085,77.5748761,,,bump,
3730964461,node,12.9749592,77.6253885,traffic_signals,,,
3740957808,node,12.9398042,77.6253216,traffic_signals,,,signal
3740957817,node,12.9423591,77.6228777,traffic_signals,,,
3740957818,node,12.9424494,77.6225928,traffic_signals,,,
3740962156,node,12.9524384,77.6201616,traffic_signals,,,
3751677693,node,12.9861498,77.5897370,traffic_signals,,,signal
3755575734,node,12.9808191,77.5745797,crossing,uncontrolled,,
3755576616,node,12.9803996,77.5709223,traffic_signals,,,signal
3770161990,node,12.9606132,77.5716719,traffic_signals,,,signal
3780895950,node,12.9594525,77.6540357,traffic_signals,,,
3780895951,node,12.9593266,77.6543745,traffic_signals,,,
3800767373,node,12.9963559,77.6836193,,,table,
3800767374,node,12.9964118,77.6837111,,,table,
3801688125,node,12.9342983,77.6297442,traffic_signals,,,
3801688126,node,12.9345563,77.6295950,traffic_signals,,,
3801692788,node,12.9371207,77.6270122,traffic_signals,,,signal
3801692790,node,12.9372333,77.6268138,traffic_signals,,,signal
3803149236,node,12.9613474,77.6359899,traffic_signals,,,signal
3803149238,node,12.9614881,77.6357898,traffic_signals,,,
3804900298,node,12.9199598,77.6432167,,,bump,
3805003789,node,12.9169462,77.6228375,traffic_signals,,,signal
3806218133,node,12.9610338,77.6385681,traffic_signals,,,
3833983041,node,13.0451875,77.5073485,traffic_signals,,,
3856885384,node,13.0455631,77.5074436,traffic_signals,,,signal
3870439504,node,13.0022259,77.6012260,crossing,uncontrolled,,
3919859765,node,12.9967511,77.5695670,traffic_signals,,,
3919859801,node,12.9982560,77.5529207,traffic_signals,,,signal
3919864571,node,12.9976388,77.5500293,traffic_signals,,,
3919864572,node,12.9978642,77.5503836,traffic_signals,,,
3943325834,node,12.9673910,77.5888121,crossing,marked,,
3943325837,node,12.9674469,77.5886393,crossing,marked,,
3980460302,node,12.9747301,77.6199524,traffic_signals,,,
3982070777,node,12.9881200,77.5121299,traffic_signals,,,
4005080506,node,13.0132455,77.5694311,crossing,unmarked,,
4017366992,node,12.9823079,77.7176665,,,bump,
4017403929,node,12.9750670,77.5931584,crossing,uncontrolled,,
4030004338,node,12.9934328,77.5956053,crossing,traffic_signals,,
4030004341,node,12.9937568,77.5955811,traffic_signals,,,
4030020701,node,13.0144297,77.5836440,crossing,marked,,
4030020746,node,13.0147462,77.5836424,crossing,uncontrolled,,
4030321893,node,12.9907310,77.5994505,traffic_signals,,,signal
4044071347,node,12.9665797,77.6088123,crossing,traffic_signals,,
4044110261,node,12.9650370,77.6099001,traffic_signals,,,
4044110267,node,12.9651727,77.6176955,traffic_signals,,,
4044263595,node,12.9743038,77.6112188,crossing,uncontrolled,,
4044263598,node,12.9744669,77.6110102,traffic_signals,,,
4044263599,node,12.9742918,77.6112676,traffic_signals,,,signal
4058219853,node,12.9933787,77.5955640,traffic_signals,,,
4058219855,node,12.9933190,77.5959281,traffic_signals,,,
4058224571,node,12.9869098,77.5886234,traffic_signals,,,signal
4058224812,node,12.9719671,77.5941343,traffic_signals,,,signal
4058224830,node,12.9720628,77.5941604,traffic_signals,,,
4058224850,node,12.9722106,77.5941322,crossing,traffic_signals,,
4058224855,node,12.9722594,77.5940701,crossing,traffic_signals,,
4127931099,node,12.9482396,77.5767750,traffic_signals,,,signal
4127931100,node,12.9482396,77.5768488,traffic_signals,,,signal
4127931105,node,12.9480131,77.5799433,crossing,traffic_signals,,
4159727916,node,12.9676640,77.7141563,crossing,uncontrolled,,
4159737484,node,12.9745386,77.7036585,crossing,unmarked,,
4159754018,node,12.9734903,77.7030184,,,rumble_strip,
4161839915,node,12.9276546,77.6207680,traffic_signals,,,
4219267230,node,12.9321489,77.5416326,crossing,unmarked,,
4282467250,node,12.9490254,77.6203384,crossing,unmarked,,
4318640432,node,12.9752163,77.6078317,crossing,traffic_signals,,
4326443943,node,12.9729751,77.6169283,crossing,uncontrolled,,
4326443944,node,12.9730798,77.6169552,crossing,uncontrolled,,
4326444331,node,12.9733747,77.6151679,crossing,uncontrolled,,
4326444332,node,12.9734870,77.6151930,crossing,uncontrolled,,
4345450911,node,12.9814962,77.6230445,crossing,marked,,
4345450912,node,12.9815767,77.6231855,crossing,uncontrolled,,
4345450913,node,12.9815772,77.6229016,crossing,marked,,
4345450915,node,12.9818137,77.6230486,crossing,marked,,
4393134092,node,13.0039059,77.5494412,traffic_signals,,,signal
4406882464,node,12.9168000,77.6101285,traffic_signals,,,
4445274988,node,12.9186953,77.6855476,traffic_signals,,,signal
4465530917,node,12.9569136,77.7009594,traffic_signals,,,signal
4490333425,node,12.9297056,77.6331099,traffic_signals,,,signal
4520257250,node,13.0622330,77.6274943,,,bump,
4540554214,node,13.0619468,77.6277355,,,bump,
4540554216,node,13.0624035,77.6274459,,,bump,
4562270099,node,12.9765205,77.6016742,crossing,traffic_signals,,
4562270100,node,12.9766320,77.6016783,crossing,traffic_signals,,
4562270103,node,12.9762878,77.6025241,crossing,marked,,
4562270105,node,12.9765136,77.6019565,crossing,traffic_signals,,
4562270106,node,12.9766328,77.6019835,crossing,traffic_signals,,
4562270112,node,12.9767656,77.6003046,crossing,uncontrolled,,
4562270114,node,12.9767363,77.6017845,crossing,traffic_signals,,
4567865866,node,12.9101233,77.6459681,crossing,zebra,,
4582284826,node,12.9177361,77.5735900,traffic_signals,,,
4614143317,node,12.9063126,77.5732216,traffic_signals,,,signal
4692270064,node,12.9166275,77.6099779,traffic_signals,,,
4692270065,node,12.9164100,77.6100478,traffic_signals,,,
4692270067,node,12.9140086,77.6100370,traffic_signals,,,
4692323186,node,12.9878098,77.5122099,traffic_signals,,,
4692323187,node,12.9879026,77.5125873,traffic_signals,,,
4692331556,node,12.9870776,77.5191772,traffic_signals,,,
4696742622,node,12.9784564,77.5426989,traffic_signals,,,signal
4703140386,node,12.9209276,77.6202958,traffic_signals,,,
4703663956,node,12.9949102,77.5551716,traffic_signals,,,signal
4703663964,node,12.9982024,77.5531939,traffic_signals,,,signal
4703697696,node,12.9758723,77.5643949,traffic_signals,,,
4703745959,node,12.9710690,77.6588487,traffic_signals,,,signal
4703745962,node,12.9666992,77.6616405,traffic_signals,,,
4720411944,node,12.9542115,77.5854540,crossing,traffic_signals,,
4730100130,node,12.9210361,77.5618326,,,rumble_strip,
4792982257,node,12.9520291,77.4995737,traffic_signals,,,
4798470947,node,12.9608478,77.5124806,traffic_signals,,,
4798470955,node,12.9604572,77.5042836,traffic_signals,,,
4798470956,node,12.9604312,77.5043336,traffic_signals,,,
4813269388,node,12.9246881,77.4852147,traffic_signals,,,signal
4814847103,node,12.9610932,77.5131021,traffic_signals,,,
4824686444,node,12.9553619,77.6896081,traffic_signals,,,
4824730263,node,13.0040949,77.5493184,traffic_signals,,,signal
4829061654,node,12.9367182,77.5753738,traffic_signals,,,
4829124449,node,12.9435458,77.5799890,traffic_signals,,,signal
4829190603,node,12.9364660,77.5803092,traffic_signals,,,
4830093913,node,12.9391503,77.5715098,traffic_signals,,,
4839770850,node,12.9162611,77.6151746,traffic_signals,,,
4843481807,node,13.0376885,77.5222791,traffic_signals,,,signal
4843481808,node,13.0378545,77.5223884,traffic_signals,,,signal
4843481809,node,13.0379108,77.5224241,traffic_signals,,,signal
4843481817,node,13.0377403,77.5221843,traffic_signals,,,signal
4843481818,node,13.0379095,77.5222885,traffic_signals,,,signal
4843631313,node,12.9519705,77.4998542,traffic_signals,,,signal
4845178133,node,12.9441815,77.6076040,traffic_signals,,,signal
4867634826,node,12.9294146,77.5736748,traffic_signals,,,signal
4867634836,node,12.9235159,77.5737275,traffic_signals,,,
4867634840,node,12.9211576,77.5735941,traffic_signals,,,
4867659906,node,12.9209710,77.5736610,traffic_signals,,,
4867659916,node,12.9236898,77.5736159,traffic_signals,,,
4867659917,node,12.9236008,77.5734793,traffic_signals,,,
4872113219,node,12.9264594,77.5612493,traffic_signals,,,signal
4872132537,node,12.9155276,77.5696524,traffic_signals,,,signal
4903183638,node,12.9674833,77.6113958,traffic_signals,,,
4912560032,node,13.0045175,77.5538815,traffic_signals,,,signal
4912560047,node,12.9983441,77.5530431,traffic_signals,,,signal
4940362585,node,13.1148356,77.5762010,,,yes,
4950714215,node,13.0839963,77.6258629,,,bump,
4952632586,node,13.0488450,77.6119908,,,hump,
4960830659,node,12.9806130,77.5976457,crossing,traffic_signals,,signal
4979669565,node,12.9806411,77.5973943,crossing,traffic_signals,,
4979669566,node,12.9806945,77.5975229,crossing,traffic_signals,,
4979669584,node,12.9811431,77.5969137,crossing,uncontrolled,,
5067333241,node,12.9190668,77.6220452,,,rumble_strip,
5253825145,node,12.9688426,77.6475887,stop,,,
5279022344,node,13.0483275,77.6133866,crossing,marked,,
5281839993,node,12.9824943,77.7581178,traffic_signals,,,
5346743612,node,12.9445573,77.6028191,traffic_signals,,,
5346843765,node,12.9283230,77.6004956,traffic_signals,traffic_signals,,
5346843768,node,12.9283750,77.5972149,traffic_signals,,,signal
5346843769,node,12.9283763,77.5971385,traffic_signals,,,signal
5346843788,node,12.9171610,77.5894331,traffic_signals,,,
5354039276,node,12.9170985,77.5856338,stop,,,
5354313548,node,12.9101641,77.5932548,traffic_signals,,,
5354313587,node,12.9101695,77.5951611,traffic_signals,,,
5354313589,node,12.9103882,77.5952150,traffic_signals,,,
5354313590,node,12.9102827,77.5950777,traffic_signals,,,
5354313604,node,12.9167021,77.5950388,traffic_signals,,,
5372295313,node,12.9846845,77.5823365,traffic_signals,,,
5372340500,node,12.9209797,77.6659262,traffic_signals,,,
5389437924,node,12.9299326,77.6331716,traffic_signals,,,signal
5389468693,node,12.9352847,77.6286021,stop,,,
5392852814,node,13.0369592,77.5659323,traffic_signals,traffic_signals,,signal
5392857430,node,13.0257927,77.5810018,stop,,,
5503164665,node,12.9693902,77.6942682,crossing,zebra,,
5503456922,node,12.9833300,77.6937611,crossing,uncontrolled,,
5535975497,node,12.9712743,77.7144694,,,bump,
5535975508,node,12.9703800,77.7143958,,,bump,
5535975510,node,12.9711073,77.7144729,,,bump,
5535975511,node,12.9713185,77.7147044,,,bump,
5535975512,node,12.9713028,77.7153984,,,bump,
5535975516,node,12.9709006,77.7144585,,,bump,
5535975520,node,12.9706116,77.7144349,,,bump,
5558663806,node,12.9862701,77.5887585,traffic_signals,,,signal
5558684026,node,12.9105073,77.4840551,,,hump,
5558684112,node,12.9979266,77.5510346,traffic_signals,,,
5558684129,node,12.9786698,77.5731925,traffic_signals,,,signal
5630066091,node,12.9547117,77.6414567,crossing,uncontrolled,,
5772248544,node,12.9119297,77.6445296,crossing,uncontrolled,,
5774329558,node,12.9123377,77.6381902,crossing,traffic_signals,,
5774329559,node,12.9123413,77.6380062,crossing,traffic_signals,,
5774329561,node,12.9122096,77.6381248,crossing,uncontrolled,,
5776814984,node,12.9064267,77.6821679,crossing,uncontrolled,,
5777107434,node,12.9088227,77.6826384,,,bump,
5778431791,node,12.9244217,77.6503668,traffic_signals,,,
5778604782,node,12.9143630,77.6760781,,,table,
5778833764,node,12.9172106,77.6405214,,,bump,
5778833770,node,12.9163155,77.6390023,,,table,
5797562525,node,12.9086540,77.6835723,,,bump,
5797562526,node,12.9087849,77.6828452,,,hump,
5797562527,node,12.9082088,77.6824865,,,bump,
5797562528,node,12.9059090,77.6821318,,,bump,
5797562529,node,12.9067947,77.6821973,,,bump,
5841552614,node,12.9144818,77.6382521,crossing,uncontrolled,,
5942550424,node,12.9248418,77.6334583,traffic_signals,,,junction
5942550425,node,12.9251326,77.6336178,traffic_signals,,,junction
5961493002,node,12.9156429,77.6448749,,,hump,
5961493016,node,12.9173320,77.6516287,crossing,uncontrolled,,
5961715637,node,12.9158531,77.6518913,,,table,
5961715638,node,12.9158447,77.6515676,,,table,
5961715640,node,12.9156752,77.6517140,,,table,
5961754420,node,12.9136028,77.6446065,,,hump,
5961754435,node,12.9121196,77.6460990,,informal,,
5961754438,node,12.9119961,77.6490322,crossing,unmarked,,
5961799924,node,12.9139786,77.6380983,,,rumble_strip,
5966255495,node,13.0675878,77.6335278,traffic_signals,,,
5984858251,node,12.9144566,77.6760796,,,table,
6033543910,node,13.0379385,77.5218220,traffic_signals,,,signal
6033543943,node,13.0422722,77.5146345,traffic_signals,,,signal
6081898591,node,12.9719743,77.7115229,crossing,unmarked,,
6088214822,node,12.9675206,77.7164756,crossing,unmarked,,
6095353667,node,12.9561817,77.7094316,crossing,uncontrolled,,
6130218355,node,12.9729743,77.7015173,crossing,unmarked,,
6130580752,node,13.0529557,77.6461605,traffic_signals,,,
6131746732,node,13.1036285,77.6006481,traffic_signals,,,
6142618373,node,13.0443433,77.6263080,traffic_signals,,,signal
6142618374,node,13.0442829,77.6263794,traffic_signals,,,signal
6144112170,node,12.9355069,77.5129960,traffic_signals,,,
6182547078,node,13.0002725,77.6789239,,,rumble_strip,
6197117882,node,13.0345791,77.6228196,traffic_signals,,,signal
6341774847,node,12.9760152,77.6201782,traffic_signals,,,signal
6341774848,node,12.9763510,77.6203084,traffic_signals,,,signal
6341774849,node,12.9756683,77.6202451,traffic_signals,,,signal
6342124093,node,12.9682077,77.7016515,crossing,unmarked,,
6342124096,node,12.9750546,77.6973993,,,hump,
6390283386,node,13.0326702,77.6011783,,,hump,
6390283389,node,13.0325582,77.6020854,,,hump,
6390283395,node,13.0271759,77.6042152,,,hump,
6390283396,node,13.0266080,77.6040565,,,hump,
6390283397,node,13.0264039,77.6039927,,,hump,
6390283398,node,13.0261992,77.6039239,,,hump,
6390283399,node,13.0238920,77.6030846,,,hump,
6390283401,node,13.0202557,77.5998618,,,hump,
6390283402,node,13.0163238,77.5976792,,,hump,
6390283403,node,13.0139342,77.5966216,,,hump,
6390283404,node,13.0121048,77.5956016,,,hump,
6390283405,node,13.0117511,77.5954937,,,hump,
6390283406,node,13.0020532,77.5987341,,,hump,
6390283408,node,13.0013260,77.5994139,,,hump,
6390283410,node,12.9997404,77.5996914,,,hump,
6390283411,node,12.9997524,77.5961814,,,hump,
6390283412,node,12.9998407,77.5957002,,,hump,
6390283413,node,12.9999387,77.5951356,,,hump,
6390283414,node,12.9689393,77.6026502,,,hump,
6390283415,node,12.9682677,77.6029077,,,hump,
6390283416,node,12.9674841,77.6032469,,,hump,
6390283417,node,12.9659583,77.6038564,,,hump,
6390283418,node,12.9580705,77.6058793,crossing,marked,,
6390283419,node,12.9578673,77.6060812,crossing,marked,,
6390283421,node,12.9446644,77.6027885,crossing,marked,,
6390283422,node,12.9188904,77.6001019,,,hump,
6390283423,node,12.9130248,77.5999729,crossing,traffic_signals,,
6390283424,node,12.9126666,77.5999765,,,hump,
6390283425,node,12.9086117,77.6003391,,,hump,
6393744353,node,12.9757854,77.6017250,crossing,unmarked,,
6421128489,node,12.9704925,77.6041237,crossing,marked,,
6421128490,node,12.9705890,77.6043238,crossing,marked,,
6421171389,node,12.9662487,77.6068671,traffic_signals,,,signal
6449177110,node,12.9339584,77.5313210,,,rumble_strip,
6457537021,node,12.9417615,77.6964400,crossing,marked,,
6457608221,node,13.0014697,77.5943951,traffic_signals,,,signal
6457628261,node,12.9414614,77.6960049,crossing,marked,,
6457628264,node,12.9418560,77.6962845,crossing,marked,,
6460998310,node,12.9635851,77.5849613,traffic_signals,,,signal
6478194285,node,13.0438281,77.5609399,traffic_signals,,,
6484944160,node,12.9350774,77.5359883,crossing,marked,,
6494970758,node,12.9218815,77.6683083,crossing,uncontrolled,table,
6508995404,node,12.9998242,77.6993723,crossing,unmarked,,
6508995405,node,12.9997735,77.6993820,crossing,unmarked,,
6528476365,node,12.9398742,77.6255411,traffic_signals,,,signal
6536640226,node,12.9396995,77.6254463,traffic_signals,,,signal
6584009908,node,12.9708459,77.6046777,crossing,traffic_signals,,
6584009909,node,12.9708001,77.6048529,crossing,traffic_signals,,
6584009910,node,12.9709466,77.6048987,crossing,traffic_signals,,
6584009911,node,12.9709852,77.6047732,crossing,traffic_signals,,
6631848645,node,13.0165801,77.5663115,,,bump,
6654828288,node,13.0168473,77.5639114,,,bump,
6654828347,node,13.0001860,77.5496650,,,bump,
6654828348,node,13.0002112,77.5497896,,,bump,
6657262758,node,13.0028734,77.5471639,,,bump,
6657262759,node,13.0027424,77.5472276,,,bump,
6681215535,node,12.9645614,77.6141573,,,bump,
6681243367,node,12.9287775,77.5662730,traffic_signals,,,signal
6720274147,node,13.0048312,77.5535062,,,bump,
6748918871,node,12.8595973,77.6546082,,,hump,
6834406254,node,12.9767041,77.5994990,crossing,traffic_signals,,
6834406257,node,12.9766159,77.5994948,crossing,traffic_signals,,
6834406260,node,12.9764466,77.5993603,crossing,traffic_signals,,
6834406263,node,12.9764894,77.5991167,crossing,traffic_signals,,
6834406264,node,12.9765605,77.5990331,crossing,traffic_signals,,
6834406270,node,12.9768207,77.5993063,crossing,traffic_signals,,
6834406271,node,12.9767765,77.5991642,crossing,traffic_signals,,
6834406272,node,12.9766707,77.5989327,crossing,traffic_signals,,
6852266946,node,12.9216826,77.5601313,traffic_signals,,,
6857394481,node,13.0635399,77.6420748,,,bump,
6857394482,node,13.0640874,77.6411269,,,bump,
6885082495,node,12.9163150,77.6322941,traffic_signals,,,signal
6888022549,node,12.9730924,77.7094065,,,bump,
6901338036,node,12.9061811,77.5951682,traffic_signals,,,
6901551440,node,12.9829593,77.6374258,traffic_signals,,,
6904207706,node,12.9302875,77.5433580,traffic_signals,,,signal
6904207726,node,12.9302806,77.5435386,traffic_signals,,,signal
6904892124,node,12.9850983,77.5720638,traffic_signals,,,signal
6906325826,node,12.9724173,77.7115818,crossing,traffic_signals,,
6906325836,node,12.9722849,77.7116320,crossing,traffic_signals,,
6906325837,node,12.9715503,77.7119077,crossing,unmarked,,
6906325838,node,12.9712948,77.7120045,crossing,unmarked,,
6906325839,node,12.9710122,77.7121116,crossing,unmarked,,
6906325840,node,12.9707620,77.7122146,crossing,unmarked,,
6906325844,node,12.9694467,77.7127654,crossing,unmarked,,
6932109139,node,12.9364416,77.5185469,traffic_signals,,,signal
6949633168,node,13.0014174,77.5944124,traffic_signals,,,signal
6949633169,node,13.0014563,77.5945315,traffic_signals,,,signal
7007305744,node,12.9313016,77.5065826,,,bump,
7100612878,node,12.9584109,77.5187540,traffic_signals,,,signal
7132495604,node,12.9649462,77.5972439,traffic_signals,,,
7144469421,node,12.9563753,77.7321043,crossing,unmarked,,
7164445939,node,12.9611819,77.5592119,traffic_signals,,,signal
7172895621,node,13.0396028,77.6415245,traffic_signals,,,
7172895628,node,13.0395366,77.6413177,traffic_signals,,,
7172909400,node,13.0350688,77.5926667,,,bump,
7180450199,node,12.9294684,77.5736757,traffic_signals,,,signal
7215550016,node,13.0149890,77.5541934,,,bump,
7215550062,node,13.0080642,77.5488746,,,bump,
7215593393,node,13.0241792,77.5627243,,,bump,
7227496216,node,13.0595465,77.5455424,,,bump,
7227496217,node,13.0608941,77.5449534,,,bump,
7227496223,node,13.0636152,77.5440536,,,bump,
7227496230,node,13.0640539,77.5441742,,,bump,
7227496237,node,13.0686516,77.5446587,,,bump,
7227496240,node,13.0735492,77.5464579,,,bump,
7228151804,node,13.0436301,77.5571499,traffic_signals,,,signal
7228151805,node,13.0440493,77.5570506,traffic_signals,,,signal
7228151821,node,13.0495200,77.5538390,,,bump,
7228151823,node,13.0497442,77.5536818,,,bump,
7228151836,node,13.0527743,77.5512969,,,bump,
7228151837,node,13.0542502,77.5496782,,,bump,
7232207790,node,13.0144670,77.5832648,crossing,unmarked,,
7235029649,node,13.0250670,77.5930392,traffic_signals,,,
7257695672,node,13.0146854,77.5725927,traffic_signals,,,signal
7262830516,node,12.9294811,77.6692188,,,bump,
7262972958,node,12.9472429,77.6407094,,,rumble_strip,
7263327796,node,12.8648967,77.5433816,,,bump,
7265495336,node,12.9298394,77.6329605,traffic_signals,,,signal
7276500322,node,12.9843822,77.5822694,traffic_signals,,,signal
7280461398,node,13.0054785,77.5933823,traffic_signals,,,
7287467677,node,12.9236128,77.5763821,traffic_signals,,,
7287518216,node,12.9170948,77.5857481,crossing,traffic_signals,,
7287532348,node,12.9485639,77.5799222,crossing,traffic_signals,,
7287532350,node,12.9483971,77.5797739,crossing,traffic_signals,,
7287571767,node,12.9166344,77.5968525,traffic_signals,,,
7287571768,node,12.9169701,77.5950759,traffic_signals,,,
7287984425,node,12.9308255,77.5761330,traffic_signals,,,signal
7287984426,node,12.9308245,77.5762084,traffic_signals,,,signal
7287984441,node,12.9309086,77.5761017,traffic_signals,,,signal
7287984471,node,12.9235589,77.5761169,traffic_signals,,,signal
7287984479,node,12.9209145,77.5743412,traffic_signals,,,
7289130033,node,12.9246736,77.4852728,traffic_signals,,,signal
7290547276,node,12.9308190,77.5837206,traffic_signals,,,signal
7290547278,node,12.9328967,77.5840598,traffic_signals,,,
7290764570,node,12.9284540,77.5971407,traffic_signals,,,signal
7291335557,node,12.9283223,77.6005903,traffic_signals,,,signal
7291394852,node,12.8885606,77.5626583,crossing,uncontrolled,table,
7291578193,node,12.8895987,77.5633357,traffic_signals,,,
7328099136,node,12.9064637,77.6979773,crossing,uncontrolled,hump,
7358777736,node,12.9071443,77.4990509,traffic_signals,,,
7371069477,node,13.0853177,77.6315218,,,bump,
7371583692,node,13.0824581,77.6179904,,,bump,
7374276349,node,12.8795037,77.5457458,traffic_signals,,,signal
7374276363,node,12.8834486,77.5487601,traffic_signals,,,signal
7377945824,node,12.8586010,77.5403402,,,bump,
7384187432,node,13.0188998,77.6554248,traffic_signals,,,signal
7384187433,node,13.0192621,77.6555810,traffic_signals,,,signal
7404474556,node,13.0287432,77.6637365,traffic_signals,,,signal
7404483640,node,12.8741817,77.5423339,,,bump,
7432359265,node,12.9122108,77.6380533,crossing,traffic_signals,,
7432359266,node,12.9124397,77.6380588,crossing,traffic_signals,,
7432359267,node,12.9122651,77.6381878,crossing,traffic_signals,,
7432359268,node,12.9122741,77.6380070,crossing,traffic_signals,,
7448812128,node,12.9718422,77.6068998,crossing,traffic_signals,,
7452201883,node,12.9747151,77.6201630,crossing,unmarked,,
7465536822,node,12.9844376,77.6918874,,,rumble_strip,
7466248765,node,12.8928284,77.6104465,traffic_signals,,,signal
7466375646,node,12.9801955,77.7275274,crossing,unmarked,,
7479989152,node,12.9186620,77.5857687,crossing,uncontrolled,,
7483782049,node,12.9436536,77.5740111,crossing,uncontrolled,,
7484168009,node,12.9294738,77.5736204,traffic_signals,,,signal
7485457399,node,13.0129337,77.6621283,traffic_signals,,,signal
7485457400,node,13.0131296,77.6625191,traffic_signals,,,signal
7528762229,node,12.9628830,77.7202390,mini_roundabout,,,
7579298930,node,12.9801580,77.6401416,,,bump,
7617898604,node,12.9925512,77.6092989,mini_roundabout,,,
7617898611,node,12.9928543,77.6097703,traffic_signals,,,signal
7686283259,node,12.9736464,77.6139762,traffic_signals,,,
7777467121,node,13.0185097,77.5579553,crossing,marked,,
8239896808,node,12.9163764,77.6195336,,,rumble_strip,
8239896811,node,12.9163339,77.6189793,,,rumble_strip,
8240257755,node,12.9489271,77.5101991,,,bump,
8240257756,node,12.9495189,77.5039313,,,bump,
8240257757,node,12.9489085,77.5015647,,,bump,
8240257760,node,12.9489112,77.5013607,,,bump,
8240257761,node,12.9484594,77.5014512,,,bump,
8240257762,node,12.9443764,77.5041934,,,bump,
8240257763,node,12.9432438,77.5049668,,,bump,
8240257764,node,12.9418580,77.5060405,,,bump,
8240810703,node,12.9935188,77.6074909,crossing,uncontrolled,,
8240810704,node,12.9935739,77.6074962,crossing,traffic_signals,,
8240810706,node,12.9936598,77.6074291,crossing,traffic_signals,,
8240881805,node,12.9999717,77.5321452,,,bump,
8364947165,node,12.9614580,77.6815364,,,bump,
8364980045,node,12.9717425,77.6817328,,,bump,
8364980046,node,12.9732254,77.6820564,,,bump,
8365191974,node,12.9640552,77.6821089,,,bump,
8403844104,node,12.9213196,77.6622600,crossing,marked,,
8442228923,node,13.0052140,77.5505195,,,bump,
8504197414,node,12.9846024,77.5886256,traffic_signals,,,
8516084205,node,12.9121712,77.6448017,crossing,uncontrolled,,
8516084206,node,12.9121847,77.6445240,crossing,uncontrolled,,
8524954783,node,12.9992985,77.6405274,crossing,unmarked,,
8557320708,node,12.9096930,77.6873420,crossing,marked,table,
8926177166,node,13.1150292,77.5692645,,,yes,
8950210379,node,13.1146192,77.5761979,,,yes,
8989622938,node,12.9852258,77.5563690,,,bump,
8989627062,node,12.9858928,77.5894852,crossing,marked,,
9140200248,node,12.9729291,77.5817190,traffic_signals,,,
9161008273,node,12.9826833,77.5373142,,,rumble_strip,
9161059596,node,12.9776216,77.5909182,crossing,traffic_signals,,
9214185034,node,12.9872210,77.5784728,,,rumble_strip,
9339539331,node,12.9305792,77.5435419,traffic_signals,,,
9506746892,node,12.9292918,77.6152112,traffic_signals,,,signal
9507354636,node,13.0400826,77.6244008,traffic_signals,,,signal
9603588754,node,12.9878295,77.5374297,traffic_signals,,,
9629025771,node,12.9794664,77.5819718,traffic_signals,,,
9633893516,node,12.9703397,77.5918913,crossing,uncontrolled,table,
9662664613,node,12.9095771,77.4795807,,,rumble_strip,
9691908031,node,13.0454607,77.5072484,traffic_signals,,,signal
9691908032,node,13.0454997,77.5072670,traffic_signals,,,signal
9691908049,node,13.0566128,77.5072593,traffic_signals,,,signal
9695761624,node,13.1022736,77.5862862,traffic_signals,,,
9713504810,node,13.0282756,77.5713221,traffic_signals,,,
9763369179,node,13.1150115,77.5693026,,,yes,
9764718496,node,12.9337979,77.6908455,,,rumble_strip,
9773097057,node,12.9597600,77.6483681,crossing,unmarked,,
9773097058,node,12.9598404,77.6477047,crossing,unmarked,,
9773097059,node,12.9598686,77.6475017,crossing,unmarked,,
9773097060,node,12.9599235,77.6469782,crossing,unmarked,,
9773097084,node,12.9592056,77.6564686,,informal,,
9773097089,node,12.9591164,77.6576419,,informal,,
9773097093,node,12.9589729,77.6592892,,informal,,
9773097094,node,12.9589608,77.6595581,,informal,,
9773097095,node,12.9589725,77.6597771,,informal,,
9773097098,node,12.9592080,77.6611535,,informal,,
9773097100,node,12.9590950,77.6622463,,informal,,
9786123497,node,13.0037571,77.6166700,,,bump,
9792241978,node,12.9613744,77.7167261,crossing,unmarked,,
9796561537,node,12.9801528,77.6032942,crossing,uncontrolled,,
9796605856,node,12.9339735,77.6907629,,,rumble_strip,
9797797931,node,12.9921544,77.6593334,crossing,unmarked,,
9797797932,node,12.9923312,77.6596838,crossing,unmarked,,
9800971695,node,13.0706540,77.6205710,,,bump,
9817001114,node,13.0393364,77.5640809,traffic_signals,,,signal
9820351002,node,12.8700468,77.6533235,traffic_signals,,,signal
9820351003,node,12.8700093,77.6535236,traffic_signals,,,signal
9828511705,node,12.9221258,77.6678408,crossing,uncontrolled,,
9828511711,node,12.9206993,77.6657051,crossing,unmarked,,
9828511712,node,12.9207372,77.6653729,crossing,marked,,
9828511715,node,12.9220643,77.6686996,crossing,uncontrolled,table,
9828540937,node,12.9295306,77.6846658,crossing,uncontrolled,,
9828540938,node,12.9296894,77.6849490,crossing,uncontrolled,,
9828540939,node,12.9298737,77.6852254,crossing,uncontrolled,,
9828540963,node,12.9230318,77.6652550,crossing,uncontrolled,,
9828541035,node,12.9230115,77.6653963,crossing,uncontrolled,,
9832350648,node,12.9151208,77.6382762,crossing,uncontrolled,,
9832364240,node,12.9123528,77.6399369,crossing,unmarked,,
9835980890,node,12.9758464,77.6015899,crossing,uncontrolled,,
9835980891,node,12.9754872,77.6015348,crossing,uncontrolled,,
9835980893,node,12.9731852,77.6012028,crossing,uncontrolled,,
9835980909,node,12.9752377,77.6041357,crossing,uncontrolled,,
9841504941,node,12.9878417,77.7337704,crossing,marked,table,
9843291185,node,12.9557708,77.7150315,traffic_signals,,,signal
9844475372,node,12.9393719,77.6954445,traffic_signals,,,signal
9844475373,node,12.9394618,77.6949651,traffic_signals,,,signal
9846326411,node,12.9613865,77.6317226,,,rumble_strip,
9846344721,node,12.9597159,77.6492467,traffic_signals,,,
9846394218,node,12.9337781,77.6909498,,,rumble_strip,
9846596737,node,12.9676751,77.7140817,,,rumble_strip,
9854961747,node,12.9378274,77.7002136,,,rumble_strip,
9857069396,node,12.9664862,77.6829595,,,hump,
9857144280,node,12.9393518,77.6954936,crossing,marked,,
9857144282,node,12.9242242,77.6518465,traffic_signals,,,signal
9857144283,node,12.9242955,77.6516743,traffic_signals,,,signal
9862492315,node,12.9525037,77.7001422,crossing,unmarked,,
9862571093,node,12.9491006,77.7180633,,,hump,
9862573390,node,12.9569905,77.7388240,,,hump,
9864119142,node,12.9557319,77.7170386,crossing,uncontrolled,,
9865864899,node,12.9377571,77.7205892,crossing,marked,,
9866195529,node,12.9377125,77.7205872,,,bump,
9866195530,node,12.9381443,77.7201291,,,bump,
9876725420,node,12.9558597,77.7208829,crossing,uncontrolled,,
9876725421,node,12.9557807,77.7208875,crossing,uncontrolled,,
9880815311,node,13.0952044,77.5943934,traffic_signals,,,signal
9884967521,node,12.9557885,77.7211451,crossing,uncontrolled,,
9884967522,node,12.9558616,77.7211440,crossing,uncontrolled,,
9901365204,node,12.9728929,77.6013782,crossing,uncontrolled,,
9909999113,node,12.9841003,77.5575128,,,bump,
9920825242,node,12.9557259,77.7209317,crossing,uncontrolled,,
9920825244,node,12.9557417,77.7147761,crossing,uncontrolled,,
9925149501,node,12.9559181,77.7218466,crossing,unmarked,,
9928557447,node,12.9804416,77.7274709,,,rumble_strip,
9930000954,node,12.9904853,77.5996658,traffic_signals,,,signal
9930001009,node,12.9794981,77.5817433,traffic_signals,,,signal
9932318844,node,12.9727556,77.7116295,traffic_signals,,,signal
9933265932,node,12.9682673,77.6063014,traffic_signals,,,signal
9935424308,node,13.0055678,77.5651616,traffic_signals,,,
9937521032,node,12.9880098,77.7316662,crossing,marked,table,
9937521036,node,12.9882522,77.7315951,crossing,marked,,
9937521037,node,12.9881731,77.7315836,crossing,marked,,
9938657075,node,12.9956077,77.5895917,traffic_signals,,,signal
9938662032,node,12.9999530,77.5950529,crossing,marked,,
9938662033,node,13.0014659,77.5945646,,informal,,
9938662034,node,13.0015155,77.5945511,,informal,,
9938662048,node,13.0030497,77.5838834,,informal,,
9939398569,node,12.9641286,77.5698151,traffic_signals,,,signal
9939398599,node,12.9640617,77.5696055,traffic_signals,,,signal
9939407828,node,12.9641751,77.5695538,traffic_signals,,,signal
9951192662,node,12.9722339,77.7118312,crossing,traffic_signals,,
9951192663,node,12.9722022,77.7117292,crossing,traffic_signals,,
9951192668,node,12.9724014,77.7115623,traffic_signals,,,signal
9952687924,node,12.9742147,77.6111759,crossing,traffic_signals,,
9952942386,node,12.9640064,77.5854844,crossing,traffic_signals,,
9952942400,node,12.9639528,77.5839952,crossing,marked,,
9952997318,node,12.9640306,77.5855087,traffic_signals,,,signal
9953019374,node,12.9571137,77.7010113,crossing,unmarked,,
9953019377,node,12.9571174,77.7009887,crossing,unmarked,,
9953100004,node,12.9728104,77.7093270,crossing,uncontrolled,table,
9953892391,node,12.9560443,77.7145709,traffic_signals,,,signal
9953892394,node,12.9561766,77.7149403,traffic_signals,,,signal
9953892395,node,12.9556991,77.7147636,traffic_signals,,,signal
9953892401,node,12.9557434,77.7221117,crossing,unmarked,,
9953892402,node,12.9557451,77.7223208,crossing,unmarked,,
9953892407,node,12.9558247,77.7235193,crossing,uncontrolled,,
9953892408,node,12.9559098,77.7235191,crossing,uncontrolled,,
9953892409,node,12.9559040,77.7233931,,,rumble_strip,
9954832117,node,13.0699588,77.6207554,,,bump,
9964387925,node,12.9605045,77.7171659,,,bump,
9964387926,node,12.9593306,77.7170822,,,bump,
9964387927,node,12.9591264,77.7172010,,,bump,
9964387928,node,12.9590970,77.7178767,,,bump,
9964387929,node,12.9590656,77.7185964,,,bump,
9964387930,node,12.9590208,77.7196234,,,bump,
9964387931,node,12.9589267,77.7217800,,,bump,
9965633913,node,12.9562009,77.7301405,,informal,,
9965633914,node,12.9562105,77.7302470,,informal,,
9968069332,node,12.9723088,77.6078699,crossing,unmarked,,
9968069355,node,12.9742935,77.6077228,crossing,unmarked,,
9981143421,node,12.9766355,77.7272731,crossing,uncontrolled,,
9981143423,node,12.9764528,77.7270330,crossing,uncontrolled,,
9981143424,node,12.9765858,77.7270452,crossing,uncontrolled,,
9981143426,node,12.9763866,77.7265273,crossing,unmarked,,
9981143429,node,12.9763557,77.7270977,crossing,uncontrolled,,
9981143438,node,12.9766807,77.7269893,crossing,uncontrolled,,
9981175217,node,12.9820081,77.6089831,crossing,uncontrolled,,
9981175218,node,12.9822215,77.6083522,crossing,unmarked,,
9981175219,node,12.9826553,77.6071145,crossing,uncontrolled,,
9981175220,node,12.9824543,77.6076970,crossing,uncontrolled,,
9981175221,node,12.9817217,77.6098309,crossing,uncontrolled,,
9981175227,node,12.9829376,77.6062485,crossing,marked,,
9981175228,node,12.9828822,77.6062245,crossing,marked,,
9981175231,node,12.9816725,77.6097501,crossing,uncontrolled,,
9982048435,node,12.9834260,77.7679713,traffic_signals,,,
9983745331,node,12.9718951,77.6105760,crossing,uncontrolled,,
9984551451,node,12.9742152,77.6111042,crossing,traffic_signals,,
9984551452,node,12.9741929,77.6111055,traffic_signals,,,signal
9994689506,node,13.0667578,77.6099233,,,hump,
10001161216,node,12.9679224,77.5871148,traffic_signals,,,signal
10003979594,node,13.0065270,77.5788804,traffic_signals,,,signal
10003979595,node,13.0065399,77.5786862,traffic_signals,,,signal
10003979596,node,13.0063819,77.5786367,traffic_signals,,,signal
10005593343,node,12.9729382,77.5387469,traffic_signals,,,signal
10005593344,node,12.9728978,77.5384684,traffic_signals,,,signal
10005593350,node,13.0745746,77.5139633,crossing,unmarked,,
10009665520,node,13.0522081,77.6041987,,informal,,
10009665523,node,13.0522248,77.6041305,,informal,,
10009665524,node,13.0512722,77.6039600,,informal,,
10010955383,node,12.9613476,77.5591301,traffic_signals,,,signal
10010955384,node,12.9611584,77.5591051,traffic_signals,,,signal
10015684285,node,12.9798845,77.5711031,traffic_signals,,,signal
10016159588,node,12.9753652,77.6026204,crossing,marked,,
10016159593,node,12.9756603,77.6025536,crossing,uncontrolled,,
10016159597,node,12.9756218,77.6023651,crossing,marked,,
10016225524,node,12.9870014,77.5888923,crossing,uncontrolled,,
10016225528,node,12.9860798,77.5896612,crossing,uncontrolled,,
10016225540,node,12.9835078,77.5917323,crossing,uncontrolled,,
10016225575,node,12.9831551,77.5923410,crossing,marked,,
10016225578,node,12.9819981,77.5947323,crossing,traffic_signals,,
10016225579,node,12.9819365,77.5948562,crossing,traffic_signals,,
10016225587,node,12.9808053,77.5938469,crossing,unmarked,,
10016225594,node,12.9818078,77.5945393,crossing,traffic_signals,,
10016225595,node,12.9817361,77.5946626,crossing,traffic_signals,,
10016225612,node,12.9808395,77.5975491,crossing,traffic_signals,,
10016225616,node,12.9811264,77.5972370,crossing,traffic_signals,,
10016225617,node,12.9809221,77.5970329,traffic_signals,traffic_signals,,
10016346057,node,12.9767300,77.6019032,traffic_signals,,,signal
10016346059,node,12.9759128,77.6016864,crossing,uncontrolled,,
10016370962,node,12.9636101,77.5849570,crossing,traffic_signals,,
10020359439,node,12.9675030,77.6110962,traffic_signals,,,signal
10034231489,node,12.9611335,77.6380241,crossing,uncontrolled,,
10035532963,node,12.9787401,77.5732670,traffic_signals,,,signal
10038438810,node,12.9728181,77.5992151,crossing,uncontrolled,table,
10043347908,node,12.9344997,77.6123417,crossing,traffic_signals,,
10043347909,node,12.9344425,77.6122378,crossing,traffic_signals,,
10043357419,node,12.9297520,77.6150337,traffic_signals,,,signal
10043357421,node,12.9526332,77.6050439,traffic_signals,,,signal
10043357423,node,12.9663803,77.6067892,traffic_signals,,,signal
10044013205,node,12.9674483,77.5884199,crossing,traffic_signals,,
10044013208,node,12.9677767,77.5874582,crossing,traffic_signals,,
10044013419,node,12.9679669,77.5870786,crossing,uncontrolled,,
10044013477,node,12.9679909,77.5871031,crossing,uncontrolled,,
10045742299,node,12.9560123,77.7150265,crossing,traffic_signals,,
10045742302,node,12.9557717,77.7150065,crossing,marked,,
10045742304,node,12.9560420,77.7146036,crossing,marked,,
10045742307,node,12.9558036,77.7145855,crossing,marked,,
10049251584,node,12.9189233,77.6516548,,,hump,
10049312956,node,12.9122925,77.6420492,crossing,unmarked,,
10049312964,node,12.9121029,77.6447995,crossing,uncontrolled,,
10049312966,node,12.9120381,77.6445314,crossing,uncontrolled,,
10049313458,node,12.9118376,77.6518311,,,bump,
10049313485,node,12.9092631,77.6520145,,,bump,
10049386156,node,12.9119093,77.6488798,,,bump,
10049386161,node,12.9118437,77.6490535,crossing,unmarked,,
10049386164,node,12.9118587,77.6518300,crossing,uncontrolled,,
10049386165,node,12.9118601,77.6518949,crossing,uncontrolled,,
10049434078,node,12.9171820,77.6447510,,,bump,
10049434079,node,12.9171771,77.6449876,,,bump,
10049434084,node,12.9128790,77.6447311,crossing,unmarked,,
10049434085,node,12.9133532,77.6447518,crossing,unmarked,,
10049437541,node,12.9083546,77.6518214,,,table,
10051271538,node,12.9569816,77.7360346,crossing,uncontrolled,table,
10051271539,node,12.9569069,77.7360469,crossing,uncontrolled,table,
10051271559,node,12.9569440,77.7387441,,informal,,
10051271568,node,12.9562024,77.7309308,crossing,,table,
10051271569,node,12.9561277,77.7309295,crossing,,table,
10051271597,node,12.9558425,77.7247520,,,rumble_strip,
10059214635,node,12.9595388,77.7158407,,,bump,
10060517301,node,12.9693145,77.5871123,crossing,uncontrolled,,
10060658439,node,12.9679707,77.6000541,crossing,traffic_signals,,
10060658454,node,12.9660780,77.5982021,crossing,marked,,
10060658497,node,12.9648782,77.5962240,crossing,marked,,
10066902918,node,12.9121371,77.6417133,crossing,unmarked,,
10066902922,node,12.9121232,77.6426883,crossing,unmarked,,
10066902924,node,12.9122368,77.6399980,crossing,uncontrolled,,
10067233799,node,12.9337975,77.6905222,crossing,marked,,
10067234342,node,12.9681628,77.7015420,crossing,unmarked,,
10068631836,node,12.9551505,77.6877992,crossing,uncontrolled,hump,
10068631837,node,12.9550716,77.6878136,crossing,uncontrolled,hump,
10068631838,node,12.9570933,77.6744147,,,table,
10068631839,node,12.9578695,77.6717341,crossing,uncontrolled,table,
10068657831,node,12.9561540,77.7148350,crossing,marked,,
10068657832,node,12.9561378,77.7149247,crossing,marked,,
10068662144,node,12.9383568,77.6328208,traffic_signals,,,signal
10068662145,node,12.9386664,77.6326356,traffic_signals,,,signal
10068956724,node,12.9373785,77.6269885,crossing,uncontrolled,,
10068956725,node,12.9372886,77.6270563,crossing,traffic_signals,,
10068956732,node,12.9425201,77.6228892,crossing,traffic_signals,,
10068956753,node,12.9424392,77.6226933,crossing,traffic_signals,,
10068956754,node,12.9424860,77.6226414,crossing,traffic_signals,,
10068956757,node,12.9427312,77.6225530,crossing,traffic_signals,,
10068956785,node,12.9342159,77.6123554,traffic_signals,,,signal
10068956786,node,12.9343269,77.6124336,crossing,traffic_signals,,
10068956787,node,12.9342679,77.6123276,crossing,traffic_signals,,
10068956791,node,12.9357870,77.6153565,crossing,unmarked,,
10068956821,node,12.9358762,77.6152156,traffic_signals,,,signal
10068956855,node,12.9426848,77.6225100,crossing,uncontrolled,,
10072942642,node,12.9139590,77.6100369,traffic_signals,,,signal
10072942645,node,12.9140121,77.6101028,traffic_signals,,,signal
10079035457,node,12.9953741,77.6962825,crossing,traffic_signals,table,
10079035488,node,12.9879490,77.7337851,crossing,marked,table,
10079828873,node,12.9926566,77.6597840,crossing,unmarked,,
10079828915,node,12.9933598,77.6612221,crossing,unmarked,,
10080442509,node,12.9780107,77.6066483,crossing,uncontrolled,,
10080463634,node,12.9819367,77.6043929,crossing,marked,table,
10080463644,node,12.9825759,77.5971519,crossing,traffic_signals,,
10080463646,node,12.9818240,77.5968061,crossing,marked,,
10080463647,node,12.9817823,77.5968362,crossing,marked,,
10080463659,node,12.9814242,77.5971266,crossing,uncontrolled,,
10080463673,node,12.9827992,77.5969723,crossing,traffic_signals,,
10082185830,node,12.9766967,77.5886288,crossing,unmarked,,
10082185866,node,12.9796538,77.5855069,crossing,unmarked,,
10082185869,node,12.9805573,77.5860812,crossing,unmarked,,
10083741123,node,12.9765536,77.5994918,crossing,traffic_signals,,
10084788480,node,12.9764792,77.7273312,crossing,traffic_signals,,
10086459885,node,12.9843652,77.5883965,crossing,uncontrolled,,
10086459886,node,12.9842182,77.5878916,crossing,marked,,
10086459887,node,12.9842983,77.5878655,crossing,marked,,
10086459889,node,12.9844096,77.5878534,crossing,traffic_signals,,
10086459890,node,12.9841920,77.5879861,crossing,marked,,
10091335270,node,13.0265086,77.6137296,crossing,traffic_signals,,
10094600887,node,13.0086075,77.5715796,,,table,
10094854256,node,12.9837503,77.6942262,crossing,uncontrolled,,
10099892029,node,12.9757299,77.5875879,crossing,uncontrolled,,
10111815186,node,12.9626063,77.7188459,,,bump,
10111815187,node,12.9626457,77.7183835,,,bump,
10120791895,node,12.9674614,77.6113780,crossing,traffic_signals,,
10120791900,node,12.9671140,77.6114224,crossing,traffic_signals,,
10120791905,node,12.9668971,77.6095197,crossing,uncontrolled,,
10120791916,node,12.9664807,77.6075267,crossing,uncontrolled,,
10120806017,node,12.9667181,77.6087231,crossing,traffic_signals,,
10120806018,node,12.9666797,77.6088459,crossing,traffic_signals,,
10120806023,node,12.9666242,77.6085805,crossing,traffic_signals,,
10120806024,node,12.9665727,77.6087653,crossing,traffic_signals,,
10120806031,node,12.9663045,77.6067176,crossing,traffic_signals,,
10120806032,node,12.9663248,77.6068040,crossing,traffic_signals,,
10120806042,node,12.9655036,77.6022810,crossing,unmarked,,
10120806043,node,12.9655544,77.6026272,crossing,unmarked,table,
10120806044,node,12.9656816,77.6037478,crossing,unmarked,table,
10120806045,node,12.9658020,77.6046768,crossing,uncontrolled,,
10120806047,node,12.9660531,77.6062080,crossing,unmarked,,
10120806049,node,12.9654999,77.6014270,crossing,unmarked,,
10120806056,node,12.9661196,77.6067400,crossing,traffic_signals,,
10120806057,node,12.9661332,77.6068436,crossing,traffic_signals,,
10120806064,node,12.9671403,77.6110315,crossing,marked,,
10120806065,node,12.9671052,77.6110386,crossing,marked,,
10120806067,node,12.9662904,77.6074046,crossing,marked,,
10120941852,node,12.9682804,77.6062724,crossing,traffic_signals,,
10120941856,node,12.9680656,77.6061958,traffic_signals,,,signal
10120941859,node,12.9680991,77.6061795,crossing,traffic_signals,,
10120941860,node,12.9681205,77.6062845,crossing,traffic_signals,,
10120941876,node,12.9729540,77.6032537,crossing,marked,,
10120941886,node,12.9755231,77.6028006,crossing,marked,,
10121033906,node,12.9832786,77.5956555,crossing,traffic_signals,,
10121050218,node,12.9832923,77.5956143,traffic_signals,,,signal
10121050219,node,12.9833528,77.5958823,crossing,traffic_signals,,
10121050220,node,12.9832854,77.5959700,crossing,traffic_signals,,
10121050221,node,12.9831882,77.5956924,crossing,traffic_signals,,
10121050222,node,12.9831375,77.5958144,crossing,traffic_signals,,
10121158753,node,12.9903768,77.5905504,crossing,unmarked,,
10121158762,node,12.9904619,77.5916249,crossing,unmarked,,
10121158765,node,12.9904159,77.5900041,crossing,unmarked,,
10121158766,node,12.9904462,77.5904232,crossing,unmarked,,
10121158767,node,12.9904548,77.5905467,crossing,unmarked,,
10121158776,node,12.9903282,77.5886327,crossing,traffic_signals,,
10121158778,node,12.9897374,77.5927267,crossing,traffic_signals,,
10121158782,node,12.9895576,77.5927696,crossing,uncontrolled,,
10121158785,node,12.9858229,77.5897213,crossing,marked,,
10121158786,node,12.9805134,77.5770430,traffic_signals,,,signal
10121158806,node,12.9760168,77.5869368,crossing,traffic_signals,,
10121158807,node,12.9761372,77.5870499,crossing,traffic_signals,,
10121296059,node,12.9779522,77.5908205,crossing,traffic_signals,,
10121296060,node,12.9778582,77.5909282,crossing,traffic_signals,,
10123614598,node,12.9743608,77.6141999,crossing,unmarked,,
10123614610,node,12.9736992,77.6137622,crossing,traffic_signals,,
10123614614,node,12.9737573,77.6139891,crossing,traffic_signals,,
10123663817,node,12.9752034,77.6144150,crossing,uncontrolled,,
10123663821,node,12.9773837,77.6087590,crossing,traffic_signals,,
10123663825,node,12.9771956,77.6089254,crossing,traffic_signals,,
10123663828,node,12.9771877,77.6085662,crossing,traffic_signals,,
10123663837,node,12.9770901,77.6086499,crossing,marked,,
10123663838,node,12.9770548,77.6087550,crossing,marked,,
10123663858,node,12.9826348,77.6070656,crossing,marked,,
10123663862,node,12.9824127,77.6077146,crossing,marked,,
10123663865,node,12.9824316,77.6076598,crossing,uncontrolled,,
10123663868,node,12.9821929,77.6083134,crossing,marked,,
10123663871,node,12.9821729,77.6083756,crossing,marked,,
10123663874,node,12.9819804,77.6089509,crossing,uncontrolled,,
10123663877,node,12.9819652,77.6089962,crossing,uncontrolled,,
10123663880,node,12.9817019,77.6097827,crossing,marked,,
10123663883,node,12.9816826,77.6098421,crossing,marked,,
10123663891,node,12.9829051,77.6062768,crossing,uncontrolled,,
10123663905,node,12.9816189,77.6054408,crossing,marked,,
10123663908,node,12.9808792,77.6075748,crossing,marked,,
10123663916,node,12.9809724,77.6099872,crossing,marked,,
10123663920,node,12.9809149,77.6102419,traffic_signals,,,
10123663922,node,12.9811601,77.6101421,crossing,traffic_signals,,
10123663932,node,12.9752981,77.6142862,crossing,traffic_signals,,
10123752360,node,12.9796161,77.6009316,crossing,uncontrolled,,
10123752377,node,12.9746744,77.6093729,crossing,uncontrolled,,
10123752379,node,12.9749558,77.6079254,crossing,traffic_signals,,
10123752380,node,12.9751124,77.6078044,crossing,marked,,
10123752401,node,12.9826708,77.5972842,crossing,traffic_signals,,
10123752402,node,12.9828292,77.5971451,crossing,traffic_signals,,
10123826914,node,12.9775599,77.5909308,traffic_signals,,,signal
10123826916,node,12.9779141,77.5906573,crossing,traffic_signals,,
10156396908,node,13.0381750,77.5219426,traffic_signals,,,signal
10168918040,node,12.9679127,77.6003960,crossing,traffic_signals,,
10174066543,node,12.9109424,77.6838900,crossing,uncontrolled,table,
10174066572,node,12.9180153,77.6711209,crossing,marked,table,
10174066573,node,12.9180964,77.6711590,crossing,marked,table,
10177662901,node,12.9140580,77.6421684,,,bump,
10177662902,node,12.9138656,77.6421546,,,bump,
10182012602,node,12.9852407,77.6441847,crossing,unmarked,,
10182021676,node,12.9559920,77.7158972,crossing,unmarked,,
10185026943,node,12.9096103,77.6871021,crossing,unmarked,,
10187842628,node,13.0319200,77.6218381,traffic_signals,,,signal
10196255907,node,12.9095901,77.6873037,crossing,marked,table,
10196262521,node,12.9111422,77.6836675,traffic_signals,,,signal
10196262522,node,12.9110381,77.6839292,crossing,uncontrolled,table,
10199603001,node,12.9138257,77.6778758,crossing,uncontrolled,table,
10199603002,node,12.9139235,77.6779101,crossing,uncontrolled,table,
10199603005,node,12.9138750,77.6777570,crossing,unmarked,,
10199603006,node,12.9139667,77.6777841,crossing,unmarked,,
10213384354,node,12.9777276,77.7161887,crossing,unmarked,,
10213384366,node,12.9771762,77.7189598,crossing,uncontrolled,,
10213384367,node,12.9772958,77.7189720,crossing,uncontrolled,,
10213384370,node,12.9771336,77.7192501,crossing,uncontrolled,,
10213384371,node,12.9772893,77.7192664,crossing,uncontrolled,,
10213384375,node,12.9769239,77.7215590,crossing,marked,,
10213384376,node,12.9770602,77.7215724,crossing,marked,,
10213384379,node,12.9764963,77.7262949,crossing,uncontrolled,,
10213384380,node,12.9766163,77.7263032,crossing,marked,,
10213384383,node,12.9764698,77.7266272,crossing,uncontrolled,,
10213384384,node,12.9766172,77.7266312,crossing,uncontrolled,,
10213564145,node,12.9173309,77.6448675,crossing,uncontrolled,hump,
10222738372,node,12.9801208,77.7515800,crossing,uncontrolled,,
10222738373,node,12.9816767,77.7518674,crossing,unmarked,,
10224099530,node,12.9587830,77.7219930,crossing,marked,,
10224099531,node,12.9595017,77.7210712,,,bump,
10231033892,node,12.9744196,77.5783155,traffic_signals,,,
10274836884,node,13.0451542,77.5073415,traffic_signals,,,signal
10274940012,node,13.0666816,77.5033502,traffic_signals,,,signal
10274960896,node,12.9714683,77.6588689,traffic_signals,,,signal
10282769898,node,12.9213128,77.6202306,traffic_signals,,,
10282769901,node,12.9212213,77.6201362,crossing,marked,,
10282769902,node,12.9212751,77.6202544,crossing,uncontrolled,,
10284348022,node,12.9298091,77.6332856,traffic_signals,,,signal
10284348034,node,12.9359344,77.6152534,crossing,unmarked,,
10284348038,node,12.9440489,77.6073719,traffic_signals,,,signal
10284348039,node,12.9439944,77.6074022,crossing,uncontrolled,,
10284845774,node,12.9563626,77.7310659,crossing,uncontrolled,,
10284858511,node,12.9569273,77.7357388,,,rumble_strip,
10284858564,node,12.9569733,77.7397673,crossing,uncontrolled,,
10284858565,node,12.9570380,77.7397659,crossing,uncontrolled,,
10284858568,node,12.9569701,77.7399276,crossing,uncontrolled,table,
10284858569,node,12.9570389,77.7399268,crossing,uncontrolled,table,
10284858580,node,12.9570320,77.7404339,,,table,
10284903185,node,12.9952762,77.6962698,crossing,traffic_signals,table,
10284903188,node,12.9952555,77.6963872,,,hump,
10284903189,node,12.9953966,77.6961443,,,hump,
10286321810,node,12.9649950,77.5959845,crossing,marked,,
10288727086,node,12.9907063,77.5996130,crossing,traffic_signals,,
10289145716,node,12.9560373,77.5923908,crossing,unmarked,,
10289145756,node,12.9558168,77.5922039,traffic_signals,,,
10290917893,node,12.9918957,77.7298803,crossing,uncontrolled,,
10291078965,node,12.9855192,77.6450999,traffic_signals,,,
10291085442,node,12.9913112,77.7309662,crossing,uncontrolled,,
10291085443,node,12.9912388,77.7308844,crossing,uncontrolled,,
10291085445,node,12.9907044,77.7312431,crossing,uncontrolled,,
10291085446,node,12.9907590,77.7313434,crossing,uncontrolled,,
10291085447,node,12.9917750,77.7298578,crossing,uncontrolled,,
10307994438,node,12.9762206,77.7509291,crossing,uncontrolled,table,
10307994439,node,12.9762331,77.7508488,crossing,uncontrolled,table,
10314921370,node,13.0496586,77.6108792,,,hump,
10314921371,node,13.0495436,77.6113124,,,hump,
10540073654,node,12.9558047,77.7170400,crossing,uncontrolled,,
10540162246,node,12.9654872,77.7185231,crossing,uncontrolled,,
10547634362,node,13.0427630,77.5900804,crossing,uncontrolled,,
10547634384,node,13.0431540,77.5900814,crossing,traffic_signals,,
10560858053,node,12.9726391,77.6193087,traffic_signals,,,
10574674456,node,12.9867693,77.7320638,crossing,uncontrolled,table,
10574674463,node,12.9764598,77.7254555,crossing,unmarked,,
10574674480,node,12.9667295,77.7177065,crossing,uncontrolled,,
10578212630,node,12.9868268,77.7320112,crossing,uncontrolled,table,
10578212632,node,12.9800776,77.7273017,crossing,uncontrolled,table,
10585575510,node,13.0393549,77.6414418,traffic_signals,,,
10588579721,node,12.9547168,77.6799720,,,bump,
10599228374,node,12.9868305,77.5791134,,,rumble_strip,
10651101681,node,12.9603914,77.7203220,,,bump,
10651190568,node,12.9780428,77.7116490,crossing,uncontrolled,,
10651190569,node,12.9781234,77.7116588,crossing,uncontrolled,,
10651190588,node,12.9772379,77.7183007,crossing,uncontrolled,,
10651190589,node,12.9773218,77.7183043,crossing,uncontrolled,,
10651299047,node,12.9767819,77.7230886,crossing,uncontrolled,,
10651299048,node,12.9768983,77.7230936,crossing,uncontrolled,,
10651299061,node,12.9748904,77.7269828,crossing,unmarked,,
10676221183,node,12.9675818,77.7142181,,,rumble_strip,
10676221184,node,12.9701784,77.7125041,,,rumble_strip,
10676221185,node,12.9703508,77.7125284,,,rumble_strip,
10676255293,node,12.9544984,77.6822910,crossing,uncontrolled,table,
10676255294,node,12.9545788,77.6822831,crossing,uncontrolled,table,
10676255302,node,12.9545691,77.6797640,crossing,traffic_signals,table,
10676255303,node,12.9546335,77.6797891,crossing,traffic_signals,table,
10676255304,node,12.9579391,77.6717391,crossing,uncontrolled,table,
10676264311,node,12.9623407,77.6282467,crossing,uncontrolled,,
10676264312,node,12.9624091,77.6282631,crossing,uncontrolled,,
10676264317,node,12.9660293,77.6250737,crossing,uncontrolled,,
10676264318,node,12.9657846,77.6251826,crossing,uncontrolled,,
10676264319,node,12.9660858,77.6251516,crossing,uncontrolled,,
10676264320,node,12.9658343,77.6252741,crossing,uncontrolled,,
10676264321,node,12.9660117,77.6252984,crossing,uncontrolled,,
10676264322,node,12.9660934,77.6252605,crossing,uncontrolled,,
10678689565,node,12.9826497,77.7279827,crossing,uncontrolled,table,
10678689566,node,12.9825993,77.7281162,crossing,uncontrolled,table,
10678693502,node,12.9924741,77.7162864,traffic_signals,,,signal
10684982315,node,13.0370702,77.5659484,traffic_signals,traffic_signals,,signal
10684982316,node,13.0370192,77.5658846,traffic_signals,traffic_signals,,signal
10685321384,node,12.9571651,77.5739450,traffic_signals,,,signal
10685321385,node,12.9570089,77.5734926,traffic_signals,,,signal
10685559253,node,12.9879978,77.7317583,crossing,marked,table,
10685860710,node,12.9614543,77.5842713,traffic_signals,,,signal
10685860711,node,12.9611395,77.5884055,traffic_signals,,,signal
10687622732,node,13.0393950,77.5641214,traffic_signals,,,signal
10691250304,node,12.9777158,77.7142095,crossing,uncontrolled,,
10691255505,node,12.9778173,77.7142250,crossing,uncontrolled,,
10691255506,node,12.9778390,77.7140648,,,rumble_strip,
10691285605,node,13.0284000,77.5714577,traffic_signals,,,
10691285606,node,13.0283097,77.5713673,crossing,traffic_signals,,
10691288482,node,12.9585992,77.7188974,,,bump,
10693266726,node,12.9691978,77.6153179,crossing,uncontrolled,,
10693266731,node,12.9707356,77.6180040,crossing,unmarked,,
10695052518,node,12.9765887,77.7270215,traffic_signals,,,signal
10695073028,node,12.9875626,77.7393859,crossing,uncontrolled,table,
10695073029,node,12.9876753,77.7393831,crossing,uncontrolled,table,
10697561503,node,12.9666193,77.5877592,crossing,uncontrolled,table,
10697564813,node,12.9518778,77.5945546,,,hump,
10698644147,node,13.0404914,77.6242997,traffic_signals,,,signal
10698644148,node,13.0399780,77.6241945,traffic_signals,,,signal
10701069565,node,12.9127074,77.7114646,,,bump,
10715811695,node,12.9802138,77.7248276,crossing,unmarked,,
10715811696,node,12.9802570,77.7233711,crossing,unmarked,,
10715838788,node,12.9768973,77.7246902,crossing,unmarked,,
10715883633,node,12.9804798,77.7218101,crossing,unmarked,,
10715883647,node,12.9803160,77.7218597,crossing,uncontrolled,,
10715883648,node,12.9803072,77.7219232,crossing,uncontrolled,,
10715883661,node,12.9803574,77.7219704,crossing,uncontrolled,,
10715883662,node,12.9804266,77.7219717,crossing,uncontrolled,,
10715883664,node,12.9804418,77.7217445,crossing,uncontrolled,,
10715883665,node,12.9803822,77.7217395,crossing,uncontrolled,,
10721861003,node,12.9846241,77.7011365,crossing,marked,,
10721861004,node,12.9846090,77.7012254,crossing,marked,,
10721887717,node,12.9832046,77.7009468,crossing,marked,,
10721887718,node,12.9832227,77.7008561,crossing,marked,,
10721887720,node,12.9827162,77.7006469,crossing,uncontrolled,,
10721887721,node,12.9827787,77.7006598,crossing,uncontrolled,,
10731023449,node,12.9764721,77.7273767,traffic_signals,,,signal
10731023464,node,12.9803757,77.7274629,,,rumble_strip,
10731190991,node,13.0226094,77.6396638,,,table,
10731191043,node,13.0250259,77.6409035,crossing,unmarked,,
10738523746,node,12.9692450,77.7355976,crossing,uncontrolled,,
10744702187,node,12.9796084,77.7293467,crossing,marked,,
10760918370,node,12.9576369,77.7219359,,,bump,
10760918382,node,12.9572800,77.7219230,,,bump,
10761023361,node,12.9564833,77.7050862,,,bump,
10765889014,node,12.8510643,77.5923841,,,hump,
10783592397,node,12.9721174,77.5941694,crossing,traffic_signals,,
10783592398,node,12.9723212,77.5939182,traffic_signals,,,
10783592399,node,12.9720666,77.5938669,crossing,traffic_signals,,
10783657574,node,13.0302539,77.6210978,traffic_signals,,,signal
10783997175,node,12.9266231,77.5613573,traffic_signals,,,signal
10784097306,node,12.9482874,77.5797687,crossing,traffic_signals,,
10784133389,node,13.0496305,77.5928584,traffic_signals,,,signal
10784133390,node,13.0496668,77.5927471,traffic_signals,,,signal
10786947292,node,13.0345607,77.6228731,traffic_signals,,,signal
10814598053,node,12.9707132,77.5841734,sidewalk,marked,,
10814598054,node,12.9705266,77.5843760,sidewalk,marked,,
10814598056,node,12.9698344,77.5851925,sidewalk,marked,,
10814598058,node,12.9709660,77.5837086,crossing,unmarked,,
10814598081,node,12.9677317,77.5904601,crossing,unmarked,,
10814598084,node,12.9680778,77.5927457,crossing,unmarked,,
10814598090,node,12.9679441,77.5929661,,,rumble_strip,
10814598091,node,12.9679609,77.5928933,,,hump,
10814598092,node,12.9667775,77.5948358,,,rumble_strip,
10814735744,node,12.9566260,77.7218924,,,bump,
10820700301,node,12.9648012,77.7180986,crossing,unmarked,,
10820700302,node,12.9648430,77.7181242,crossing,unmarked,,
10839591755,node,13.0347143,77.5573607,traffic_signals,,,signal
10839591756,node,13.0347635,77.5574245,traffic_signals,,,signal
10839591759,node,13.0348589,77.5574180,traffic_signals,,,signal
10841380663,node,12.9880197,77.5125769,crossing,traffic_signals,,
10860559944,node,12.9118855,77.6476694,,,hump,
10860559945,node,12.9118855,77.6478689,,,hump,
10860559946,node,12.9120996,77.6448611,traffic_signals,,,signal
10860559948,node,12.9123909,77.6446606,traffic_signals,,,signal
10860559949,node,12.9121874,77.6444776,traffic_signals,,,signal
10861673594,node,12.9563431,77.5772315,crossing,traffic_signals,,
10861673599,node,12.9561767,77.5774688,traffic_signals,,,signal
10889076899,node,12.9675866,77.7141544,crossing,uncontrolled,,
10917911154,node,12.9927643,77.6096146,crossing,uncontrolled,,
10917911155,node,12.9926308,77.6097806,crossing,uncontrolled,,
10917911156,node,12.9926164,77.6097050,crossing,uncontrolled,,
10917911157,node,12.9927980,77.6097567,crossing,uncontrolled,,
10917911158,node,12.9928237,77.6096526,crossing,uncontrolled,,
10917911164,node,12.9916590,77.6114739,crossing,uncontrolled,,
10917911174,node,12.9906250,77.6138137,crossing,traffic_signals,,
10917911175,node,12.9906723,77.6138409,crossing,traffic_signals,,
10917911176,node,12.9905046,77.6138653,crossing,traffic_signals,,
10917911177,node,12.9906661,77.6139359,crossing,traffic_signals,,
10917911178,node,12.9905159,77.6139962,crossing,traffic_signals,,
10917911179,node,12.9905675,77.6140238,crossing,traffic_signals,,
10917911195,node,12.9934805,77.6080374,crossing,marked,,
10917913805,node,12.9884834,77.6171323,crossing,uncontrolled,,
10917913806,node,12.9886662,77.6171567,crossing,uncontrolled,,
10917913807,node,12.9884516,77.6171781,crossing,uncontrolled,,
10917913808,node,12.9887136,77.6171867,crossing,uncontrolled,,
10917913809,node,12.9886591,77.6173351,crossing,uncontrolled,,
10917913810,node,12.9886949,77.6172871,crossing,uncontrolled,,
10917913838,node,12.9871818,77.6191705,crossing,traffic_signals,,
10917913839,node,12.9872736,77.6192069,crossing,traffic_signals,,
10917913843,node,12.9873435,77.6192856,crossing,traffic_signals,,
10917913844,node,12.9873367,77.6193609,crossing,traffic_signals,,
10917913846,node,12.9873382,77.6198931,crossing,uncontrolled,,
10917913847,node,12.9871541,77.6199524,crossing,uncontrolled,,
10926751811,node,12.9939103,77.7016952,crossing,traffic_signals,,
10926751812,node,12.9940098,77.7017201,crossing,traffic_signals,,
10948126481,node,12.9187593,77.6853693,traffic_signals,,,signal
10967319035,node,12.9727272,77.7095507,,,bump,
10975890137,node,13.1035090,77.6006196,traffic_signals,,,
10978687898,node,12.9757279,77.5867625,traffic_signals,,,signal
10978687899,node,12.9756888,77.5876014,traffic_signals,,,signal
10978687900,node,12.9761583,77.5870202,traffic_signals,,,signal
10978687901,node,12.9759154,77.5876321,traffic_signals,,,signal
10991477214,node,13.0301845,77.5370565,traffic_signals,,,
10996990882,node,12.9254567,77.6813485,crossing,uncontrolled,,
11003327959,node,12.9716235,77.6358156,traffic_signals,,,traffic_lights
11003327960,node,12.9717147,77.6360294,traffic_signals,,,traffic_lights
11003344431,node,12.9247103,77.6670223,,,bump,
11011660280,node,12.9775541,77.5905856,crossing,traffic_signals,,
11011660281,node,12.9776128,77.5905328,crossing,traffic_signals,,
11011803529,node,13.0326304,77.6015212,,,hump,
11033955646,node,12.9426196,77.7485650,crossing,uncontrolled,,
11040169644,node,12.9036525,77.6501033,crossing,uncontrolled,,
11061527350,node,12.9118121,77.6446589,crossing,uncontrolled,hump,
11061527351,node,12.9118138,77.6445858,crossing,uncontrolled,hump,
11064374053,node,12.9748575,77.5710376,crossing,uncontrolled,,
11064558560,node,12.9318488,77.6159254,,,bump,
11064558561,node,12.9317356,77.6164448,,,bump,
11064558562,node,12.9317630,77.6160090,,,bump,
11064558563,node,12.9316830,77.6164023,,,bump,
11064558564,node,12.9320364,77.6149380,,,bump,
11064558565,node,12.9319356,77.6154423,,,bump,
11064558566,node,12.9319655,77.6150035,,,bump,
11064558567,node,12.9318905,77.6153875,,,bump,
11064985028,node,12.9555582,77.5856008,crossing,traffic_signals,,
11064985029,node,12.9554281,77.5856930,crossing,traffic_signals,,
11064985030,node,12.9554918,77.5858166,crossing,uncontrolled,,
11064985031,node,12.9556045,77.5857391,crossing,traffic_signals,,
11064985036,node,12.9537760,77.5913069,crossing,uncontrolled,,
11064985037,node,12.9538787,77.5912625,crossing,uncontrolled,,
11064985038,node,12.9537447,77.5913927,crossing,uncontrolled,,
11064985039,node,12.9539278,77.5913639,crossing,uncontrolled,,
11064985040,node,12.9538962,77.5914506,crossing,uncontrolled,,
11064985041,node,12.9537934,77.5915174,crossing,uncontrolled,,
11065716854,node,12.9810264,77.5746400,crossing,traffic_signals,,
11065720738,node,12.9830562,77.5603916,traffic_signals,,,
11065720756,node,12.9834174,77.5603109,traffic_signals,,,
11067514217,node,12.9551782,77.5195166,,,rumble_strip,
11067514223,node,12.9522325,77.5206943,,,table,
11070992410,node,13.0955710,77.5888679,crossing,uncontrolled,,
11071026806,node,12.9755332,77.5759111,traffic_signals,,,
11072189568,node,12.9662622,77.6069289,crossing,traffic_signals,,
11107550466,node,12.9645294,77.7142433,,,hump,
11107550474,node,12.9643181,77.7137336,crossing,unmarked,,
11107550475,node,12.9644941,77.7142501,crossing,uncontrolled,,
11107556768,node,12.9627742,77.7133166,,,hump,
11124781066,node,12.8479887,77.5882359,,,table,
11134241691,node,12.9012399,77.4677850,,,rumble_strip,
11134241692,node,12.9010576,77.4675074,,,rumble_strip,
11150087489,node,12.9614394,77.6359898,crossing,traffic_signals,,
11150090936,node,12.9696200,77.7498862,traffic_signals,,,
11150090939,node,12.9699275,77.7500068,traffic_signals,,,
11155345131,node,12.9572176,77.5673965,crossing,uncontrolled,,
11155345132,node,12.9571350,77.5675059,crossing,uncontrolled,,
11155345133,node,12.9571114,77.5672843,crossing,uncontrolled,,
11155345134,node,12.9569711,77.5673751,crossing,uncontrolled,,
11155354017,node,12.9570874,77.5675073,crossing,uncontrolled,,
11155354078,node,12.9570724,77.5685449,crossing,uncontrolled,,
11155354082,node,12.9569729,77.5674365,crossing,uncontrolled,,
11156382804,node,12.9571627,77.5697442,traffic_signals,,,signal
11156420305,node,12.9572087,77.5695432,traffic_signals,traffic_signals,,signal
11156420306,node,12.9570600,77.5696260,traffic_signals,traffic_signals,,
11158336536,node,12.9639264,77.7114894,crossing,unmarked,,
11158336537,node,12.9637423,77.7105645,crossing,uncontrolled,,
11158944948,node,13.0853234,77.6318365,,,bump,
11167087598,node,13.0045978,77.6264811,,,bump,
11167088308,node,13.0047543,77.6261072,,,bump,
11178491750,node,12.9571615,77.5696924,crossing,traffic_signals,,
11178491751,node,12.9572133,77.5696912,crossing,traffic_signals,,
11178491761,node,12.9570947,77.5696234,crossing,traffic_signals,,
11178491762,node,12.9555028,77.5696858,,,bump,
11178491784,node,12.9547032,77.5697245,,,bump,
11178491817,node,12.9575528,77.5736915,crossing,uncontrolled,,
11178595157,node,12.9572729,77.5696117,crossing,traffic_signals,,
11178603457,node,12.9580839,77.5685035,,,bump,
11178643861,node,12.9479060,77.5680842,crossing,unmarked,,
11178643865,node,12.9481853,77.5702423,traffic_signals,traffic_signals,,
11178643868,node,12.9481848,77.5701968,crossing,uncontrolled,,
11178643869,node,12.9482720,77.5701932,crossing,uncontrolled,,
11178809194,node,12.9628395,77.7133724,crossing,unmarked,,
11178809195,node,12.9635971,77.7132333,crossing,unmarked,,
11178809196,node,12.9631901,77.7133080,crossing,unmarked,,
11178931804,node,12.9122947,77.6445906,crossing,uncontrolled,,
11195846190,node,13.0054511,77.5681663,,,bump,
11195846211,node,13.0055716,77.5692352,crossing,traffic_signals,,
11195846244,node,13.0054404,77.5692385,crossing,uncontrolled,,
11197323422,node,12.9855503,77.7479433,crossing,unmarked,,
11197491848,node,12.9639918,77.7218434,crossing,uncontrolled,,
11200424514,node,12.9599793,77.7322854,,,rumble_strip,
11200429867,node,12.9597106,77.5746991,crossing,traffic_signals,,
11200429879,node,12.9575332,77.5738017,crossing,uncontrolled,,
11200429880,node,12.9571773,77.5739041,crossing,uncontrolled,,
11200429881,node,12.9572528,77.5739229,crossing,uncontrolled,,
11200483517,node,12.9803208,77.7274565,crossing,uncontrolled,,
11200483518,node,12.9803400,77.7273434,crossing,uncontrolled,,
11201582978,node,12.9064480,77.5802293,traffic_signals,,,signal
11201582981,node,12.9063624,77.5805102,traffic_signals,,,signal
11212228043,node,13.0738288,77.5927832,traffic_signals,,,signal
11215933563,node,12.9481001,77.5737803,crossing,traffic_signals,,
11215933564,node,12.9480998,77.5736714,crossing,traffic_signals,,
11217069711,node,12.9391915,77.7175011,,,rumble_strip,
11220149744,node,13.0636913,77.5897011,,informal,,
11220766887,node,12.9820421,77.7275699,crossing,unmarked,,
11228965356,node,12.9592558,77.6548876,,informal,,
11228965357,node,12.9592456,77.6551637,,informal,,
11228965358,node,12.9592337,77.6553336,,informal,,
11228965366,node,12.9592362,77.6542040,traffic_signals,,,traffic_lights
11231044636,node,12.9171045,77.5737710,crossing,marked,,
11231089037,node,12.9171009,77.5736312,crossing,marked,,
11231089038,node,12.9170971,77.5734848,crossing,marked,,
11231092486,node,13.0187737,77.5579378,crossing,marked,,
11231092487,node,13.0183487,77.5578664,crossing,marked,,
11231092488,node,13.0183107,77.5578023,crossing,marked,,
11231092489,node,13.0183926,77.5576514,crossing,marked,,
11231092490,node,13.0186212,77.5574430,crossing,marked,,
11232367121,node,12.9230610,77.6673756,crossing,uncontrolled,,
11233009345,node,12.9232522,77.6701795,crossing,uncontrolled,,
11233009346,node,12.9231321,77.6699290,crossing,unmarked,,
11233009352,node,12.9229702,77.6695997,crossing,uncontrolled,,
11233009355,node,12.9229311,77.6695210,crossing,uncontrolled,,
11234065329,node,12.9289118,77.6692142,crossing,unmarked,,
11245328371,node,12.9783328,77.6407243,crossing,traffic_signals,,
11245328374,node,12.9785009,77.6408118,crossing,traffic_signals,,
11245328402,node,12.9807229,77.6392005,,,bump,
11245328416,node,12.9807008,77.6401210,,,bump,
11245328417,node,12.9787926,77.6401935,,,bump,
11245356866,node,12.9784613,77.6402060,crossing,informal,,
11245600231,node,12.8601517,77.5482990,,,bump,
11245600232,node,12.8601534,77.5479978,,,bump,
11245600233,node,12.8598499,77.5482532,,,bump,
11245625007,node,12.8642973,77.5543423,,,bump,
11245625008,node,12.8639326,77.5541511,,,bump,
11245714057,node,12.9119852,77.6517626,crossing,uncontrolled,,
11245714063,node,12.9125371,77.6517591,crossing,unmarked,,
11245714105,node,12.9163446,77.6516451,crossing,uncontrolled,,
11245714141,node,12.9163473,77.6518125,crossing,uncontrolled,,
11245714152,node,12.9210369,77.6514826,crossing,unmarked,,
11245714178,node,12.9211931,77.6516637,crossing,unmarked,,
11245714182,node,12.9226732,77.6514366,crossing,unmarked,,
11259448955,node,12.9125421,77.6324587,crossing,traffic_signals,,
11259448956,node,12.9125422,77.6324136,crossing,traffic_signals,,
11259448959,node,12.9124882,77.6325126,crossing,traffic_signals,,
11259448964,node,12.9126746,77.6324553,,,bump,
11259448965,node,12.9126746,77.6324126,,,bump,
11259448996,node,12.9125792,77.6323320,,informal,,
11259898777,node,12.9125779,77.6303286,,,bump,
11259898901,node,12.9124502,77.6361900,,informal,,
11259898904,node,12.9124596,77.6357816,,informal,,
11259898906,node,12.9125280,77.6352332,,,bump,
11259898911,node,12.9123568,77.6329416,,informal,,
11260020617,node,12.9279576,77.6811494,crossing,unmarked,,
11260122967,node,12.9157991,77.6383683,traffic_signals,,,
11260122969,node,12.9161178,77.6380625,traffic_signals,,,signal
11263815428,node,12.9247821,77.6670989,,,bump,
11263828778,node,12.9558399,77.7246188,crossing,,table,
11263828779,node,12.9559195,77.7246185,crossing,marked,table,
11265002206,node,12.9307704,77.5802834,traffic_signals,,,
11265002207,node,12.9309350,77.5801967,traffic_signals,,,
11265002208,node,12.9308674,77.5799708,traffic_signals,,,
11265002209,node,12.9307055,77.5800835,traffic_signals,,,
11265019808,node,12.9218103,77.5859363,crossing,,table,
11265019809,node,12.9218116,77.5858697,crossing,,table,
11268445211,node,12.9863590,77.5797840,traffic_signals,,,
11268445212,node,12.9863639,77.5795805,traffic_signals,,,
11268445213,node,12.9866319,77.5798307,traffic_signals,,,
11268445214,node,12.9866349,77.5796238,traffic_signals,,,
11268507380,node,12.8904969,77.5981993,traffic_signals,,,
11268507381,node,12.8906106,77.5979714,traffic_signals,,,
11268507393,node,12.8906096,77.5981839,traffic_signals,,,
11268507394,node,12.8904998,77.5980462,traffic_signals,,,
11271693400,node,12.8767020,77.5952084,traffic_signals,,,
11271693401,node,12.8764408,77.5950290,traffic_signals,,,
11271693402,node,12.8764668,77.5952739,traffic_signals,,,
11271727590,node,12.9562543,77.7310258,crossing,unmarked,,
11274969780,node,12.9842798,77.7063889,,,bump,
11274969784,node,12.9842146,77.7063271,,,bump,
11280734120,node,13.0680467,77.6104160,,,bump,
11282630700,node,12.9951985,77.5898575,crossing,uncontrolled,,
11283487985,node,12.9734712,77.6102613,crossing,uncontrolled,,
11283487998,node,12.9743556,77.6110136,crossing,traffic_signals,,
11283488131,node,12.9766324,77.6016069,traffic_signals,,,
11283488139,node,12.9763882,77.6017656,traffic_signals,,,signal
11286303319,node,12.9842989,77.5883039,traffic_signals,,,signal
11286303320,node,12.9843935,77.5878025,traffic_signals,,,
11286303321,node,12.9841482,77.5878688,traffic_signals,,,
11286303324,node,12.9849136,77.5882435,crossing,marked,,
11286303325,node,12.9848298,77.5884376,crossing,marked,,
11286303328,node,12.9848597,77.5884580,traffic_signals,,,
11286303331,node,12.9846041,77.5885501,crossing,uncontrolled,,
11286303352,node,12.9806364,77.5972632,crossing,marked,,
11286314186,node,12.9806143,77.5974086,traffic_signals,,,
11286314192,node,12.9813136,77.5964113,crossing,uncontrolled,,
11286314214,node,12.9814802,77.5963291,crossing,unmarked,,
11286429140,node,12.9744611,77.6110365,crossing,traffic_signals,,
11286429145,node,12.9744132,77.6112453,crossing,uncontrolled,,
11286429150,node,12.9733386,77.6151029,crossing,unmarked,,
11286429152,node,12.9731624,77.6158481,crossing,uncontrolled,,
11286429157,node,12.9727991,77.6174732,,informal,,
11286429159,node,12.9725982,77.6183908,crossing,unmarked,,
11286580549,node,12.9718329,77.6068763,traffic_signals,,,
11289218774,node,12.9751547,77.6184023,crossing,uncontrolled,,
11293201581,node,12.9043906,77.5939447,,,bump,
11293333406,node,12.9064260,77.5897872,,,hump,
11293333407,node,12.9062796,77.5900689,crossing,uncontrolled,,
11293333415,node,12.9063513,77.5900683,crossing,uncontrolled,,
11293333422,node,12.9064273,77.5876568,crossing,uncontrolled,table,
11293484192,node,12.9062695,77.5917890,crossing,uncontrolled,table,
11293484202,node,12.9063496,77.5903234,crossing,uncontrolled,,
11293484236,node,12.9062775,77.5903232,crossing,uncontrolled,,
11294646345,node,12.9169032,77.5949745,crossing,traffic_signals,,
11294646347,node,12.9167961,77.5949752,crossing,traffic_signals,,
11294646352,node,12.9168994,77.5951987,crossing,traffic_signals,,
11294646355,node,12.9167901,77.5951966,crossing,traffic_signals,,
11295145445,node,12.9397576,77.5959315,,,hump,
11295241324,node,12.9397915,77.5956856,,,table,
11295765838,node,12.9346027,77.6096758,traffic_signals,,,
11295765843,node,12.9346389,77.6098041,traffic_signals,,,
11295765844,node,12.9348223,77.6097044,traffic_signals,,,
11295836839,node,12.9976144,77.5694653,crossing,unmarked,,
11295836840,node,12.9983285,77.5694548,crossing,unmarked,,
11295836868,node,12.9992413,77.5694457,crossing,unmarked,,
11297929245,node,12.9711533,77.5975875,crossing,uncontrolled,,
11298101333,node,12.9844091,77.7080252,crossing,marked,,
11298111275,node,12.9802538,77.7092088,crossing,uncontrolled,,
11298111281,node,12.9781560,77.7096526,crossing,uncontrolled,,
11298111282,node,12.9781299,77.7095584,crossing,uncontrolled,,
11302937520,node,12.9456126,77.5959618,crossing,unmarked,,
11302937532,node,12.9458795,77.5955164,crossing,uncontrolled,,
11302937538,node,12.9448681,77.5968655,crossing,unmarked,,
11302971558,node,12.9082244,77.5856279,crossing,unmarked,,
11302971564,node,12.9062392,77.5860071,traffic_signals,,,
11302971565,node,12.9061693,77.5856769,traffic_signals,,,
11302971566,node,12.9064405,77.5854734,traffic_signals,,,
11302971567,node,12.9066386,77.5857630,traffic_signals,,,
11302992870,node,12.9105581,77.5868483,crossing,unmarked,,
11302992907,node,12.9105419,77.5855423,traffic_signals,,,signal
11302992908,node,12.9104702,77.5858488,traffic_signals,,,signal
11302992909,node,12.9106720,77.5857461,traffic_signals,,,signal
11302992910,node,12.9103720,77.5856725,traffic_signals,,,signal
11303526456,node,12.9173020,77.5803332,traffic_signals,,,signal
11303526457,node,12.9170715,77.5804456,traffic_signals,,,signal
11303526458,node,12.9171963,77.5800680,traffic_signals,,,signal
11304329710,node,12.9062682,77.5920073,traffic_signals,,,
11304329711,node,12.9063429,77.5917598,traffic_signals,,,
11304329732,node,12.9064064,77.5916719,crossing,,table,
11306430810,node,12.9314859,77.6138616,traffic_signals,,,signal
11306430812,node,12.9344741,77.6126186,traffic_signals,,,signal
11306430818,node,12.9345449,77.6125539,crossing,uncontrolled,,
11306430819,node,12.9344635,77.6125972,crossing,marked,,
11307884034,node,12.9275576,77.6207545,crossing,uncontrolled,,
11307884035,node,12.9277510,77.6211100,traffic_signals,,,
11308901222,node,12.9064249,77.5733981,crossing,uncontrolled,,
11308901223,node,12.9065279,77.5733935,crossing,uncontrolled,,
11308911769,node,12.9063530,77.5755161,crossing,unmarked,,
11308911772,node,12.9063055,77.5783643,traffic_signals,,,signal
11308911773,node,12.9065953,77.5783648,traffic_signals,,,signal
11308911782,node,12.9065741,77.5759400,crossing,unmarked,,
11308911787,node,12.9064151,77.5782753,crossing,uncontrolled,,
11308911788,node,12.9065043,77.5782739,crossing,uncontrolled,,
11308911801,node,12.9063206,77.5783641,crossing,unmarked,,
11308911803,node,12.9065655,77.5783645,crossing,unmarked,,
11308911805,node,12.9062942,77.5804010,crossing,unmarked,,
11308911807,node,12.9065269,77.5804010,crossing,unmarked,,
11308911813,node,12.9064987,77.5830267,crossing,unmarked,,
11308911818,node,12.9064127,77.5784370,crossing,uncontrolled,,
11308911819,node,12.9065014,77.5784370,crossing,uncontrolled,,
11310250871,node,12.9589973,77.7215340,crossing,unmarked,,
11310250874,node,12.9590179,77.7210547,crossing,unmarked,,
11310250882,node,12.9588727,77.7215300,crossing,unmarked,,
11310250901,node,12.9588897,77.7210509,crossing,unmarked,,
11311079559,node,12.9591287,77.7185301,crossing,unmarked,,
11311079561,node,12.9590647,77.7198200,crossing,unmarked,,
11311079562,node,12.9590592,77.7200531,crossing,unmarked,,
11311079564,node,12.9589462,77.7197302,crossing,unmarked,,
11311079565,node,12.9589333,77.7199590,crossing,unmarked,,
11311079568,node,12.9589702,77.7191934,crossing,unmarked,,
11311105870,node,12.9590421,77.7177324,crossing,unmarked,,
11337845988,node,12.9612766,77.6370628,crossing,uncontrolled,,
11337846010,node,12.9612389,77.6358582,traffic_signals,,,signal
11337846017,node,12.9611398,77.6386563,traffic_signals,,,
11337846018,node,12.9608779,77.6386225,crossing,uncontrolled,,
11337846020,node,12.9608367,77.6386174,traffic_signals,,,signal
11337846022,node,12.9609416,77.6385798,crossing,uncontrolled,,
11337846023,node,12.9610322,77.6385893,crossing,uncontrolled,,
11337846026,node,12.9611294,77.6386646,crossing,uncontrolled,,
11338190940,node,12.9118851,77.6426895,crossing,unmarked,,
11338710999,node,12.9911615,77.6569161,crossing,uncontrolled,,
11338711000,node,12.9910723,77.6569628,crossing,uncontrolled,,
11338711006,node,12.9911105,77.6573770,traffic_signals,,,signal
11338711012,node,12.9913084,77.6572110,crossing,uncontrolled,,
11338711013,node,12.9912215,77.6572637,crossing,uncontrolled,,
11342881114,node,12.9487765,77.5933239,traffic_signals,,,signal
11342881131,node,12.9486833,77.5934434,traffic_signals,,,signal
11342881132,node,12.9489551,77.5934376,traffic_signals,,,signal
11342900898,node,12.9766153,77.5995169,traffic_signals,,,signal
11342970526,node,12.9815829,77.5971024,crossing,uncontrolled,,
11342970532,node,12.9828680,77.5971442,traffic_signals,,,
11342970546,node,12.9837606,77.5972025,crossing,uncontrolled,,
11342970553,node,12.9840974,77.5970037,crossing,traffic_signals,,
11342970554,node,12.9842183,77.5969641,crossing,traffic_signals,,
11342970567,node,12.9841643,77.5973905,crossing,traffic_signals,,
11342970568,node,12.9842356,77.5974381,crossing,traffic_signals,,
11342975173,node,12.9722484,77.5939666,crossing,traffic_signals,,
11342975174,node,12.9722141,77.5939335,crossing,traffic_signals,,
11342975178,node,12.9722221,77.5941421,traffic_signals,,,
11343348877,node,12.9731760,77.7092536,crossing,unmarked,,
11343348878,node,12.9731527,77.7092850,crossing,unmarked,,
11343663857,node,12.9730172,77.7213739,crossing,unmarked,,
11348434978,node,13.0540609,77.6021419,,,hump,
11348723663,node,13.0664579,77.6097514,,,bump,
11348723664,node,13.0677617,77.6138122,,,bump,
11348723665,node,13.0680086,77.6170430,,,hump,
11348723666,node,13.0705359,77.6205757,,,bump,
11348723667,node,13.0797765,77.6171953,,,bump,
11348723668,node,13.0812731,77.6176813,,,bump,
11348750069,node,13.0847715,77.6273789,,,bump,
11348750072,node,13.1097730,77.6376101,,,bump,
11348815671,node,12.9243786,77.6181099,traffic_signals,,,signal
11348863325,node,12.9286539,77.5796983,crossing,uncontrolled,,
11348863352,node,12.9286397,77.5806663,crossing,uncontrolled,,
11348863363,node,12.9285755,77.5802331,crossing,uncontrolled,,
11348863365,node,12.9285755,77.5801115,crossing,uncontrolled,,
11348890032,node,12.9198315,77.5807698,crossing,uncontrolled,,
11361606142,node,12.9810600,77.7089824,crossing,uncontrolled,,
11365559681,node,12.9569180,77.7032653,crossing,unmarked,,
11365559765,node,12.9564723,77.7052484,crossing,uncontrolled,,
11375015390,node,12.9479266,77.6988965,crossing,uncontrolled,,
11375015407,node,12.9567714,77.7013253,crossing,uncontrolled,,
11375015408,node,12.9567720,77.7012957,crossing,uncontrolled,,
11375015411,node,12.9567876,77.7009683,crossing,uncontrolled,,
11375015412,node,12.9567890,77.7009381,crossing,uncontrolled,,
11375015416,node,12.9513977,77.6999369,crossing,unmarked,,
11375015427,node,12.9513626,77.6995335,crossing,uncontrolled,,
11375015462,node,12.9509582,77.6994641,crossing,uncontrolled,,
11375015465,node,12.9511226,77.6994844,crossing,uncontrolled,,
11375078750,node,12.9211350,77.6655496,traffic_signals,,,signal
11375081166,node,12.9229227,77.6704067,crossing,uncontrolled,,
11375081173,node,12.9232396,77.6702665,crossing,uncontrolled,hump,
11375356736,node,12.9800563,77.7517539,crossing,uncontrolled,,
11375356738,node,12.9811313,77.7519550,,informal,,
11375385102,node,12.9640272,77.7130832,crossing,uncontrolled,,
11375385107,node,12.9641190,77.7129362,crossing,uncontrolled,,
11375385112,node,12.9636435,77.7107904,crossing,uncontrolled,,
11375385115,node,12.9635706,77.7131044,crossing,unmarked,,
11375385116,node,12.9631658,77.7131775,crossing,unmarked,,
11375385117,node,12.9628139,77.7132410,crossing,unmarked,,
11385066517,node,13.0303934,77.6210916,traffic_signals,,,signal
11387897024,node,12.9645723,77.7158308,crossing,uncontrolled,table,
11389951530,node,12.9773207,77.7157990,crossing,uncontrolled,,
11390013874,node,12.9593238,77.6573626,crossing,uncontrolled,,
11390080340,node,12.9742351,77.5782223,crossing,traffic_signals,,
11390080341,node,12.9742649,77.5781602,crossing,traffic_signals,,
11390080351,node,12.9744017,77.5783052,crossing,traffic_signals,,
11390080363,node,12.9742430,77.5781461,traffic_signals,,,
11390080364,node,12.9742899,77.5783373,traffic_signals,,,
11390091211,node,12.9369867,77.5798857,crossing,traffic_signals,,
11390091212,node,12.9369343,77.5798290,crossing,traffic_signals,,
11390114678,node,12.9366993,77.5798399,crossing,traffic_signals,,
11390114679,node,12.9368001,77.5798149,crossing,traffic_signals,,
11390114683,node,12.9366883,77.5803961,traffic_signals,,,
11390114684,node,12.9368023,77.5797212,traffic_signals,,,
11390114685,node,12.9370334,77.5798500,traffic_signals,,,
11397517943,node,12.9419522,77.6962995,crossing,marked,,
11399488461,node,12.9588206,77.6635197,crossing,unmarked,,
11399488462,node,12.9587913,77.6636215,crossing,unmarked,,
11399572673,node,12.9581911,77.6665548,traffic_signals,,,signal
11399572674,node,12.9585275,77.6660800,traffic_signals,,,signal
11399572675,node,12.9586591,77.6664007,traffic_signals,,,signal
11399572688,node,12.9586362,77.6663007,crossing,uncontrolled,,
11399572689,node,12.9586228,77.6664006,crossing,uncontrolled,,
11399572707,node,12.9582902,77.6658890,,informal,,
11399572708,node,12.9584439,77.6651840,,informal,,
11399572715,node,12.9584192,77.6665503,crossing,unmarked,,
11399572718,node,12.9582009,77.6665082,crossing,unmarked,,
11399572721,node,12.9585195,77.6661179,crossing,unmarked,,
11399572725,node,12.9582962,77.6660683,crossing,unmarked,,
11405428617,node,12.9678933,77.5887621,crossing,uncontrolled,,
11409911729,node,12.9730485,77.5816303,crossing,uncontrolled,,
11420343270,node,12.9729427,77.5815824,crossing,traffic_signals,,
11420343302,node,12.9729405,77.5813058,traffic_signals,,,
11420343306,node,12.9727470,77.5814419,crossing,traffic_signals,,
11425338082,node,12.9670512,77.5946821,traffic_signals,,,signal
11425338084,node,12.9671425,77.5949794,,,rumble_strip,
11425338094,node,12.9679814,77.5928047,crossing,uncontrolled,,
11425338173,node,12.9712751,77.5977321,crossing,uncontrolled,,
11428038791,node,12.9345550,77.6904771,crossing,uncontrolled,,
11428052181,node,12.9559558,77.7163020,crossing,uncontrolled,,
11428096838,node,12.9732230,77.7178906,crossing,uncontrolled,,
11428096839,node,12.9733559,77.7179047,crossing,uncontrolled,,
11428096843,node,12.9751959,77.7180309,crossing,unmarked,table,
11428096845,node,12.9759125,77.7180807,crossing,unmarked,,
11432080350,node,12.9835375,77.7680945,traffic_signals,,,
11432458980,node,12.9770839,77.6088819,crossing,traffic_signals,,
11432459011,node,12.9778559,77.6065127,crossing,uncontrolled,,
11434604018,node,12.9806333,77.5976678,traffic_signals,,,
11434604019,node,12.9808254,77.5975927,traffic_signals,,,
11434604023,node,12.9792291,77.6023172,crossing,traffic_signals,,
11434604026,node,12.9790787,77.6024792,crossing,traffic_signals,,
11443954662,node,12.9941761,77.7012664,crossing,unmarked,,
11445740091,node,13.0935038,77.5825305,traffic_signals,,,
11445988395,node,13.1020685,77.5861556,traffic_signals,,,
11445988396,node,13.1019656,77.5865054,traffic_signals,,,
11445988416,node,13.0997951,77.5788827,crossing,uncontrolled,,
11445988420,node,13.1004098,77.5809422,crossing,uncontrolled,,
11445988423,node,13.1005339,77.5813825,crossing,uncontrolled,,
11445988426,node,13.1009253,77.5827714,crossing,uncontrolled,,
11445988429,node,13.1010491,77.5832029,crossing,uncontrolled,,
11445988450,node,13.0999859,77.5852367,crossing,uncontrolled,,
11445988457,node,13.0979827,77.5843630,crossing,uncontrolled,,
11445988460,node,13.0987334,77.5846962,crossing,uncontrolled,,
11446018687,node,13.0988955,77.5854380,crossing,uncontrolled,,
11446018690,node,13.0999160,77.5853536,crossing,uncontrolled,,
11446018693,node,13.0991159,77.5849833,crossing,uncontrolled,,
11446018697,node,13.0979409,77.5844678,crossing,uncontrolled,,
11446018756,node,13.1012449,77.5830940,crossing,uncontrolled,,
11446054566,node,13.0946241,77.5804906,,,rumble_strip,
11446054567,node,13.0935803,77.5824814,,informal,,
11446054568,node,13.0936169,77.5824975,traffic_signals,,,
11446055369,node,13.0935630,77.5823650,traffic_signals,,,
11446055370,node,13.0934478,77.5824233,traffic_signals,traffic_signals,,
11446055377,node,13.0935839,77.5821830,crossing,uncontrolled,,
11446055381,node,13.0939664,77.5813798,crossing,uncontrolled,,
11446055385,node,13.0941934,77.5810231,crossing,uncontrolled,,
11446055388,node,13.0944535,77.5806376,crossing,uncontrolled,,
11446055392,node,13.0954568,77.5795178,crossing,uncontrolled,,
11446055400,node,13.0954627,77.5794448,crossing,uncontrolled,,
11446055405,node,13.0960860,77.5788576,crossing,uncontrolled,,
11446055406,node,13.0943522,77.5808781,,,rumble_strip,
11446055409,node,13.0937749,77.5819910,crossing,uncontrolled,,
11446055414,node,13.0945468,77.5806929,crossing,uncontrolled,,
11446055418,node,13.0955463,77.5795130,crossing,uncontrolled,,
11446055421,node,13.0961519,77.5789325,crossing,uncontrolled,,
11446055424,node,13.0972875,77.5781177,crossing,uncontrolled,,
11446055430,node,13.0977365,77.5777385,crossing,uncontrolled,,
11446055431,node,13.0974147,77.5779272,crossing,uncontrolled,,
11446055432,node,13.0972390,77.5780290,crossing,uncontrolled,,
11446066139,node,13.0926665,77.5903215,,,rumble_strip,
11446066148,node,13.0955939,77.5889399,crossing,uncontrolled,,
11446066161,node,13.0968826,77.5882696,,informal,,
11446066167,node,13.0935945,77.5897642,crossing,uncontrolled,,
11446066168,node,13.0935659,77.5896841,crossing,uncontrolled,,
11446070485,node,13.0927028,77.5901021,,,bump,
11446092822,node,12.9989605,77.6733556,,,hump,
11446092823,node,12.9981135,77.6715413,,,hump,
11446227326,node,12.9776777,77.7162382,crossing,unmarked,,
11449172415,node,13.0732341,77.5925834,traffic_signals,,,
11449172416,node,13.0732288,77.5925071,traffic_signals,,,
11449172425,node,13.0674552,77.5933370,traffic_signals,,,
11449172444,node,13.0674909,77.5931995,traffic_signals,,,
11449172454,node,13.0672447,77.5934681,traffic_signals,,,
11449172456,node,13.0671271,77.5929388,traffic_signals,,,
11449172458,node,13.0671237,77.5930112,traffic_signals,,,
11449185276,node,13.0574961,77.5935371,traffic_signals,,,
11449185279,node,13.0571783,77.5932346,traffic_signals,,,
11449185283,node,13.0574228,77.5931150,traffic_signals,traffic_signals,,
11449187227,node,13.0738237,77.5929181,traffic_signals,,,signal
11449187234,node,13.0817790,77.5930817,traffic_signals,,,
11451450207,node,12.9616889,77.7135865,crossing,unmarked,,
11451450218,node,12.9641612,77.7131718,crossing,uncontrolled,,
11453087768,node,12.9650589,77.5968980,crossing,uncontrolled,,
11455663690,node,13.0935097,77.5825126,crossing,uncontrolled,,
11459019883,node,12.9636463,77.5851569,crossing,traffic_signals,,
11462973027,node,13.0270943,77.5857837,crossing,uncontrolled,,
11463129259,node,12.9419646,77.6969600,crossing,unmarked,,
11463129266,node,12.9425636,77.6969108,crossing,unmarked,,
11464483508,node,12.9752275,77.6077865,traffic_signals,,,signal
11464483510,node,12.9750149,77.6081798,crossing,traffic_signals,,
11464483511,node,12.9751218,77.6082137,crossing,uncontrolled,,
11476588184,node,12.9117773,77.6445845,traffic_signals,,,
11476594028,node,12.9140331,77.6380993,crossing,uncontrolled,,
11476594032,node,12.9140935,77.6381004,,,rumble_strip,
11484393853,node,12.9124693,77.6381299,traffic_signals,,,signal
11484393854,node,12.9123423,77.6379732,traffic_signals,,,signal
11484393855,node,12.9121928,77.6380532,traffic_signals,,,signal
11484393856,node,12.9122644,77.6382142,traffic_signals,,,signal
11490258152,node,12.9712221,77.7074036,crossing,uncontrolled,,
11493493812,node,12.9345296,77.6297801,traffic_signals,,,signal
11493493813,node,12.9343909,77.6295609,traffic_signals,,,signal
11493493818,node,12.9373803,77.6267916,crossing,uncontrolled,,
11493493819,node,12.9374250,77.6268582,crossing,traffic_signals,,
11493846396,node,12.9399808,77.6255013,traffic_signals,,,signal
11493846439,node,12.9443710,77.6206876,,,rumble_strip,
11493846440,node,12.9442916,77.6207875,,,rumble_strip,
11493846473,node,12.9490811,77.6201862,crossing,uncontrolled,,
11493846474,node,12.9490461,77.6202537,crossing,uncontrolled,,
11494201276,node,12.9247488,77.6334998,crossing,traffic_signals,,
11494201277,node,12.9248485,77.6334868,crossing,traffic_signals,,
11494201334,node,12.9297562,77.6335258,crossing,unmarked,,
11494201338,node,12.9249803,77.6334941,crossing,unmarked,,
11494201342,node,12.9251064,77.6335331,crossing,traffic_signals,,
11494201343,node,12.9251142,77.6336204,crossing,traffic_signals,,
11494201348,node,12.9298896,77.6335526,crossing,unmarked,,
11494201383,node,12.9248432,77.6342055,crossing,traffic_signals,,
11494201384,node,12.9249656,77.6341867,crossing,traffic_signals,,
11494201386,node,12.9250851,77.6341626,crossing,unmarked,,
11494461870,node,12.9668594,77.6613966,traffic_signals,,,
11494461876,node,12.9669504,77.6614588,crossing,traffic_signals,,
11494461881,node,12.9667804,77.6617162,crossing,traffic_signals,,
11494461887,node,12.9667739,77.6614363,crossing,traffic_signals,,
11496183610,node,12.9693639,77.6024581,crossing,uncontrolled,,
11496183622,node,12.9679353,77.6002368,crossing,traffic_signals,,
11496183627,node,12.9680441,77.6004396,crossing,traffic_signals,,
11496183648,node,12.9678779,77.6004227,traffic_signals,,,
11497411770,node,12.9821163,77.6457606,crossing,unmarked,table,
11497411790,node,12.9857713,77.6449495,crossing,traffic_signals,,
11497411791,node,12.9856817,77.6449874,crossing,traffic_signals,,
11497593315,node,12.9782445,77.6408217,crossing,traffic_signals,,
11497593316,node,12.9782469,77.6409224,crossing,traffic_signals,,
11497593322,node,12.9783051,77.6415675,crossing,unmarked,,
11497593328,node,12.9784092,77.6441904,crossing,unmarked,,
11497593329,node,12.9783601,77.6428791,crossing,unmarked,,
11497593338,node,12.9784419,77.6457238,crossing,unmarked,,
11497593345,node,12.9792571,77.6463891,traffic_signals,,,signal
11497593353,node,12.9792578,77.6464032,crossing,unmarked,,
11497593356,node,12.9785341,77.6465410,crossing,unmarked,,
11497593357,node,12.9786198,77.6465319,crossing,unmarked,,
11497593366,node,12.9785433,77.6428710,crossing,unmarked,,
11497593367,node,12.9785784,77.6441745,crossing,unmarked,,
11497593368,node,12.9786365,77.6457061,crossing,unmarked,,
11497616774,node,12.9776941,77.6407938,crossing,unmarked,,
11497616789,node,12.9703181,77.6412337,crossing,traffic_signals,,
11497616790,node,12.9703232,77.6413256,crossing,traffic_signals,,
11497616800,node,12.9792931,77.6456347,crossing,unmarked,,
11497616809,node,12.9793269,77.6464271,crossing,uncontrolled,,
11497616810,node,12.9793353,77.6464957,crossing,uncontrolled,,
11497616812,node,12.9792747,77.6465932,crossing,unmarked,,
11497616821,node,12.9702518,77.6406239,crossing,unmarked,,
11497616822,node,12.9702092,77.6414153,traffic_signals,,,signal
11497616823,node,12.9702377,77.6411361,traffic_signals,,,signal
11497653038,node,12.9783433,77.6410192,crossing,traffic_signals,,
11497653039,node,12.9784262,77.6410162,crossing,traffic_signals,,
11501877809,node,12.9771248,77.7193508,,,rumble_strip,
11501877812,node,12.9771082,77.7210684,,,rumble_strip,
11504857488,node,12.9652605,77.7140596,crossing,unmarked,,
11504857496,node,12.9674039,77.7141316,crossing,uncontrolled,,
11504857502,node,12.9660277,77.7140410,crossing,unmarked,,
11504857503,node,12.9649233,77.7142502,crossing,unmarked,,
11507411862,node,12.9830346,77.6938726,crossing,uncontrolled,,
11507411863,node,12.9833032,77.6943110,crossing,uncontrolled,,
11507411864,node,12.9833568,77.6943967,crossing,uncontrolled,,
11507411866,node,12.9828182,77.6933493,crossing,uncontrolled,,
11507411867,node,12.9829304,77.6932782,crossing,uncontrolled,,
11507601997,node,12.9822374,77.6976073,crossing,uncontrolled,,
11508687639,node,12.9792442,77.5875639,crossing,uncontrolled,,
11508766190,node,12.9795858,77.5927036,crossing,unmarked,,
11521929654,node,12.9758858,77.5875752,crossing,uncontrolled,,
11521929657,node,12.9760620,77.5874943,crossing,uncontrolled,,
11527430410,node,12.9222046,77.6678499,stop,,,
11533130766,node,12.9159534,77.6490253,,,bump,
11533595485,node,12.9240761,77.6518602,traffic_signals,,,signal
11533648503,node,12.9220824,77.6894189,crossing,uncontrolled,,
11533648504,node,12.9220654,77.6899295,crossing,uncontrolled,,
11533648505,node,12.9220454,77.6904993,crossing,uncontrolled,,
11533648506,node,12.9220241,77.6911054,crossing,uncontrolled,,
11536702370,node,12.9569370,77.7362580,,,rumble_strip,
11554370593,node,13.0340623,77.5685777,traffic_signals,,,
11556966023,node,13.1303833,77.5712607,,,table,
11556966024,node,13.1299233,77.5713768,,,table,
11556966025,node,13.1302590,77.5712085,crossing,uncontrolled,,
11556966026,node,13.1303014,77.5713016,crossing,uncontrolled,,
11556966027,node,13.1301129,77.5715033,crossing,uncontrolled,,
11556966028,node,13.1301457,77.5712001,,,bump,
11556966029,node,13.1232836,77.5752397,,,rumble_strip,
11584397736,node,12.9988381,77.6737740,,,hump,
11584433298,node,13.0123311,77.6621097,crossing,unmarked,,
11584433318,node,13.0135062,77.6620876,crossing,uncontrolled,,
11584433322,node,13.0135109,77.6624244,crossing,uncontrolled,,
11584433325,node,13.0129624,77.6621253,crossing,uncontrolled,,
11584433330,node,13.0130078,77.6624605,crossing,uncontrolled,,
11584464959,node,13.0017998,77.6237572,crossing,uncontrolled,,
11584555915,node,13.0040723,77.6195617,traffic_signals,,,signal
11584555916,node,13.0040287,77.6197520,traffic_signals,,,signal
11584555933,node,13.0041255,77.6196377,crossing,uncontrolled,,
11584555934,node,13.0040957,77.6197150,crossing,uncontrolled,,
11584555937,node,13.0040076,77.6195853,crossing,traffic_signals,,
11584555938,node,13.0039791,77.6196630,crossing,traffic_signals,,
11584555941,node,13.0040336,77.6197385,crossing,traffic_signals,,
11584568777,node,13.0043816,77.6164207,crossing,uncontrolled,,
11584568792,node,13.0037797,77.6174990,crossing,unmarked,,
11584568800,node,13.0044430,77.6185625,crossing,unmarked,,
11584568801,node,13.0037010,77.6181946,crossing,unmarked,,
11612967963,node,13.0273146,77.5776639,crossing,uncontrolled,,
11612967964,node,13.0270735,77.5790000,crossing,uncontrolled,,
11612967965,node,13.0271420,77.5786748,crossing,uncontrolled,,
11612967966,node,13.0271915,77.5783930,crossing,uncontrolled,,
11612967967,node,13.0272385,77.5781249,crossing,uncontrolled,,
11612967968,node,13.0272687,77.5779521,crossing,uncontrolled,,
11612967969,node,13.0272968,77.5777916,crossing,uncontrolled,,
11612967970,node,13.0274302,77.5769565,crossing,uncontrolled,,
11612967971,node,13.0276162,77.5758336,crossing,uncontrolled,,
11612967974,node,13.0279564,77.5740268,crossing,uncontrolled,,
11612967975,node,13.0280639,77.5734596,crossing,uncontrolled,,
11612967977,node,13.0283881,77.5719605,crossing,uncontrolled,,
11612967978,node,13.0272007,77.5776940,crossing,uncontrolled,,
11612967979,node,13.0269144,77.5792665,crossing,uncontrolled,,
11612967980,node,13.0269766,77.5789381,crossing,uncontrolled,,
11612967981,node,13.0270355,77.5786591,crossing,uncontrolled,,
11612967983,node,13.0273223,77.5769569,crossing,uncontrolled,,
11612967984,node,13.0275097,77.5758174,crossing,uncontrolled,,
11612967990,node,13.0282673,77.5719372,crossing,uncontrolled,,
11618263383,node,12.8897220,77.5636469,traffic_signals,,,
11622549652,node,12.8768508,77.5445539,,,bump,
11622549657,node,12.8835323,77.5485357,,,bump,
11622659126,node,12.8841695,77.5508869,,,bump,
11622659127,node,12.8840531,77.5510309,,,bump,
11622659128,node,12.8834112,77.5486116,,,bump,
11629375215,node,12.9072456,77.6822309,crossing,uncontrolled,,
11629375224,node,12.9048694,77.6820537,crossing,uncontrolled,,
11629375225,node,12.9044142,77.6820178,crossing,uncontrolled,,
11629375256,node,12.9086821,77.6834225,crossing,uncontrolled,,
11630611676,node,12.9807039,77.6565361,traffic_signals,,,signal
11630611677,node,12.9805451,77.6563683,traffic_signals,,,signal
11630611678,node,12.9806621,77.6562813,traffic_signals,,,signal
11630611681,node,12.9798295,77.6570347,crossing,uncontrolled,,
11630611682,node,12.9799215,77.6570465,crossing,uncontrolled,,
11630611768,node,12.9794848,77.6604065,crossing,uncontrolled,,
11630611769,node,12.9795679,77.6604171,crossing,uncontrolled,,
11630611785,node,12.9797128,77.6580424,crossing,uncontrolled,,
11630611786,node,12.9797945,77.6580518,crossing,uncontrolled,,
11635024248,node,12.9783307,77.6366750,crossing,uncontrolled,,
11635024249,node,12.9783335,77.6367601,crossing,uncontrolled,,
11635024253,node,12.9782132,77.6367920,crossing,uncontrolled,,
11635024254,node,12.9782928,77.6368085,crossing,uncontrolled,,
11639970982,node,12.9553573,77.6895876,crossing,uncontrolled,,
11639970983,node,12.9554586,77.6895674,crossing,uncontrolled,,
11639970986,node,12.9553106,77.6893789,crossing,uncontrolled,,
11639970987,node,12.9554188,77.6893686,crossing,uncontrolled,,
11639970989,node,12.9552438,77.6894379,crossing,uncontrolled,,
11639970990,node,12.9552548,77.6895311,crossing,uncontrolled,,
11639971012,node,12.9557988,77.6915576,traffic_signals,,,signal
11639971036,node,12.9559057,77.6917877,crossing,traffic_signals,,
11640549707,node,12.9653807,77.7183430,crossing,unmarked,,
11640787718,node,12.9218716,77.6450422,crossing,traffic_signals,,
11640787721,node,12.9220342,77.6448627,crossing,traffic_signals,,
11640787722,node,12.9219742,77.6449199,crossing,traffic_signals,,
11640787724,node,12.9218904,77.6450001,crossing,uncontrolled,,
11659636832,node,12.9865342,77.5915982,crossing,uncontrolled,,
11665582366,node,12.8790700,77.6462049,,,hump,
11665582367,node,12.9032182,77.6313583,,,hump,
11668330743,node,12.9921604,77.5943942,crossing,unmarked,,
11668330765,node,12.9924319,77.5933329,crossing,unmarked,table,
11668330766,node,12.9923747,77.5936565,crossing,unmarked,,
11668335675,node,12.9925264,77.5927597,crossing,unmarked,table,
11668335678,node,12.9926002,77.5923010,crossing,unmarked,table,
11668335681,node,12.9926552,77.5919748,crossing,unmarked,table,
11668335689,node,12.9927776,77.5913457,crossing,unmarked,table,
11668335692,node,12.9928248,77.5910848,crossing,unmarked,table,
11668335695,node,12.9929061,77.5906005,crossing,unmarked,table,
11668335698,node,12.9929675,77.5901996,crossing,unmarked,table,
11668335705,node,12.9930140,77.5894181,crossing,unmarked,,
11668335709,node,12.9929327,77.5898785,crossing,unmarked,table,
11668335713,node,12.9930499,77.5897345,crossing,unmarked,,
11668335732,node,12.9925155,77.5887393,crossing,unmarked,,
11668335747,node,12.9908010,77.5885690,crossing,uncontrolled,,
11668335753,node,12.9928731,77.5902922,crossing,unmarked,,
11668335756,node,12.9928305,77.5905799,crossing,unmarked,,
11668335759,node,12.9927833,77.5908234,crossing,unmarked,,
11668335763,node,12.9925777,77.5919613,crossing,unmarked,,
11668335766,node,12.9924529,77.5927351,crossing,unmarked,,
11668335769,node,12.9923813,77.5931700,crossing,unmarked,table,
11668335772,node,12.9923014,77.5936551,crossing,unmarked,,
11668889332,node,12.9888043,77.5936998,crossing,unmarked,,
11668889347,node,12.9868653,77.5950203,crossing,uncontrolled,,
11668889348,node,12.9877013,77.5944061,crossing,unmarked,,
11668889362,node,12.9888446,77.5934983,crossing,unmarked,,
11669565370,node,12.9895442,77.5929355,crossing,uncontrolled,,
11675348914,node,12.9299208,77.6330940,crossing,uncontrolled,,
11675348915,node,12.9299259,77.6331724,crossing,uncontrolled,,
11675348918,node,12.9298078,77.6332377,crossing,uncontrolled,,
11675348919,node,12.9298744,77.6332318,crossing,uncontrolled,,
11675348925,node,12.9297186,77.6331088,crossing,uncontrolled,,
11675348926,node,12.9297209,77.6331887,crossing,uncontrolled,,
11675348930,node,12.9297810,77.6330152,crossing,uncontrolled,,
11675348931,node,12.9298465,77.6329953,crossing,uncontrolled,,
11675587629,node,12.9870019,77.5904610,crossing,unmarked,,
11675587639,node,12.9833190,77.5915341,crossing,uncontrolled,,
11675587649,node,12.9860593,77.5894970,crossing,uncontrolled,,
11675668188,node,12.9828837,77.5923086,crossing,uncontrolled,,
11683483591,node,12.9727207,77.7094873,,,bump,
11684233293,node,12.9819655,77.5948833,traffic_signals,,,signal
11684233294,node,12.9817732,77.5945060,traffic_signals,,,signal
11684233295,node,12.9817996,77.5949523,traffic_signals,,,signal
11685087334,node,12.9288466,77.6694326,crossing,unmarked,,
11685087336,node,12.9288477,77.6693050,crossing,unmarked,,
11688203993,node,12.9128425,77.4850607,traffic_signals,,,
11688203998,node,12.9128611,77.4852201,crossing,uncontrolled,,
11688203999,node,12.9127710,77.4853564,crossing,uncontrolled,,
11688204000,node,12.9128286,77.4850931,crossing,uncontrolled,,
11688204017,node,12.9142935,77.4868436,crossing,uncontrolled,,
11688204018,node,12.9140176,77.4865924,,,hump,
11688204019,node,12.9176479,77.4905542,,,hump,
11688204020,node,12.9178353,77.4908629,crossing,uncontrolled,,
11688204021,node,12.9178742,77.4908827,,,hump,
11688204025,node,12.9248211,77.4987612,crossing,uncontrolled,table,
11688204033,node,12.9227985,77.4958472,crossing,uncontrolled,,
11688204034,node,12.9226730,77.4959084,crossing,uncontrolled,,
11688204035,node,12.9227604,77.4957759,,,hump,
11688204036,node,12.9227724,77.4961098,,,hump,
11688204037,node,12.9248248,77.4989171,,,hump,
11688204040,node,12.9311670,77.5063339,crossing,uncontrolled,,
11688204050,node,12.9354846,77.5129241,crossing,uncontrolled,,
11688204051,node,12.9355693,77.5128889,crossing,uncontrolled,,
11688204060,node,12.9411640,77.5246352,crossing,uncontrolled,table,
11688204061,node,12.9411146,77.5247338,crossing,uncontrolled,table,
11688204064,node,12.9488289,77.5357495,crossing,uncontrolled,table,
11688204065,node,12.9487288,77.5358091,crossing,uncontrolled,table,
11688206877,node,12.9525247,77.5412415,crossing,uncontrolled,,
11688206890,node,12.9543944,77.5439959,traffic_signals,,,signal
11688206893,node,12.9558770,77.5463219,traffic_signals,,,signal
11688206894,node,12.9560434,77.5461753,traffic_signals,,,signal
11689826368,node,12.9747221,77.5903815,crossing,uncontrolled,,
11689841886,node,12.9749781,77.5902228,crossing,uncontrolled,,
11690829532,node,13.0054990,77.5692916,crossing,uncontrolled,,
11690829533,node,13.0055008,77.5691959,crossing,traffic_signals,,
11690829541,node,13.0019131,77.5693762,crossing,uncontrolled,,
11690829546,node,13.0045429,77.5692993,crossing,uncontrolled,,
11690829552,node,13.0064634,77.5692639,crossing,unmarked,,
11690829554,node,13.0073035,77.5692483,crossing,unmarked,,
11690829557,node,12.9992407,77.5693496,crossing,traffic_signals,,
11690829561,node,13.0019205,77.5692625,crossing,uncontrolled,,
11690829574,node,13.0073079,77.5691600,crossing,unmarked,,
11690829652,node,13.0182871,77.5578156,traffic_signals,,,
11696327677,node,13.0410834,77.6190097,,,rumble_strip,
11703586234,node,12.9345593,77.6970408,crossing,unmarked,,
11703586245,node,12.9364729,77.6974410,crossing,unmarked,,
11703595073,node,12.9312576,77.6949452,crossing,uncontrolled,,
11703595074,node,12.9313349,77.6949640,crossing,uncontrolled,,
11703595081,node,12.9289124,77.6946227,crossing,unmarked,,
11703595082,node,12.9290380,77.6946236,crossing,unmarked,,
11703595145,node,12.9312403,77.6951184,crossing,uncontrolled,,
11707402923,node,12.9671280,77.6228664,,,rumble_strip,
11707402924,node,12.9667334,77.6206642,crossing,uncontrolled,,
11707402925,node,12.9668044,77.6206278,crossing,uncontrolled,,
11707402929,node,12.9668929,77.6206450,crossing,uncontrolled,,
11707402933,node,12.9666291,77.6204730,crossing,uncontrolled,,
11707402934,node,12.9666975,77.6204238,crossing,uncontrolled,,
11707402935,node,12.9667445,77.6203899,crossing,uncontrolled,,
11707402954,node,12.9724400,77.6193214,crossing,uncontrolled,,
11707402955,node,12.9725155,77.6193378,crossing,uncontrolled,,
11707402956,node,12.9726414,77.6193427,crossing,uncontrolled,,
11707402960,node,12.9724870,77.6191687,crossing,uncontrolled,,
11707402961,node,12.9725093,77.6191713,crossing,uncontrolled,,
11707451075,node,12.9658103,77.6198371,crossing,uncontrolled,,
11707451076,node,12.9658718,77.6197555,crossing,uncontrolled,,
11707451093,node,12.9655368,77.6175137,traffic_signals,,,signal
11707451095,node,12.9653456,77.6180030,traffic_signals,,,
11707460670,node,12.9714627,77.6193053,traffic_signals,,,
11707460671,node,12.9715128,77.6193459,crossing,traffic_signals,,
11707460696,node,12.9706884,77.6181222,crossing,unmarked,,
11707460697,node,12.9707362,77.6180955,crossing,unmarked,,
11707460714,node,12.9722786,77.6194773,crossing,uncontrolled,,
11707460715,node,12.9722787,77.6195767,crossing,uncontrolled,,
11725146251,node,12.8747613,77.6488061,crossing,uncontrolled,,
11725146255,node,12.8746967,77.6488193,crossing,uncontrolled,,
11726299982,node,12.9545267,77.7149315,,,rumble_strip,
11726543776,node,12.9188884,77.6222926,,,rumble_strip,
11726543777,node,12.9187445,77.6223980,,,rumble_strip,
11727973845,node,12.9584255,77.5189319,traffic_signals,,,signal
11727973847,node,12.9579113,77.5187262,traffic_signals,,,
11727973850,node,12.9579453,77.5187332,crossing,uncontrolled,,
11727973851,node,12.9579263,77.5187877,crossing,uncontrolled,,
11727973854,node,12.9584142,77.5188585,crossing,uncontrolled,,
11727973855,node,12.9583948,77.5189244,crossing,uncontrolled,,
11727973857,node,12.9583911,77.5187919,crossing,uncontrolled,,
11731358832,node,12.9795174,77.5817508,crossing,uncontrolled,,
11731358833,node,12.9794631,77.5818186,crossing,uncontrolled,,
11732899888,node,12.9720685,77.5941468,crossing,traffic_signals,,
11733188118,node,13.1147541,77.5788928,crossing,uncontrolled,,
11733188119,node,13.1147228,77.5789082,crossing,uncontrolled,,
11733188120,node,13.1147938,77.5788693,crossing,uncontrolled,,
11733188122,node,13.1148959,77.5788911,crossing,uncontrolled,,
11733188124,node,13.1146724,77.5789952,crossing,uncontrolled,,
11733188125,node,13.1149335,77.5789942,crossing,uncontrolled,table,
11733188126,node,13.1146772,77.5791075,crossing,uncontrolled,,
11736162397,node,12.9534164,77.7208724,,,bump,
11736162408,node,12.9537569,77.7209940,,,bump,
11739418589,node,12.9391650,77.6096158,crossing,unmarked,,
11739418590,node,12.9388511,77.6097706,crossing,unmarked,,
11739418591,node,12.9375047,77.6105144,crossing,unmarked,,
11739418592,node,12.9370900,77.6107392,crossing,unmarked,,
11739418593,node,12.9369399,77.6108269,crossing,unmarked,,
11739418594,node,12.9358276,77.6114132,crossing,unmarked,,
11739418597,node,12.9388066,77.6097966,crossing,unmarked,,
11739418598,node,12.9383354,77.6100688,crossing,unmarked,,
11739418599,node,12.9376808,77.6104210,crossing,unmarked,,
11739418600,node,12.9371837,77.6106845,crossing,unmarked,,
11739418601,node,12.9368310,77.6108905,crossing,unmarked,,
11740112683,node,12.9593283,77.6543509,crossing,uncontrolled,,
11740112684,node,12.9594374,77.6543595,crossing,uncontrolled,,
11740112692,node,12.9593481,77.6540722,crossing,traffic_signals,,
11740112693,node,12.9594507,77.6540768,crossing,traffic_signals,,
11758131754,node,12.9157109,77.6517950,,,hump,
11758131755,node,12.9157120,77.6517126,,,hump,
11760270671,node,12.9788467,77.5875189,,,table,
11760270672,node,12.9784344,77.5877316,crossing,uncontrolled,table,
11760270673,node,12.9777337,77.5880908,crossing,uncontrolled,table,
11760270700,node,12.9815490,77.5888469,crossing,uncontrolled,,
11769490826,node,12.9843282,77.5882971,crossing,uncontrolled,,
11769490840,node,12.9822703,77.5886001,crossing,uncontrolled,,
11769490857,node,12.9792246,77.5874548,crossing,uncontrolled,,
11769497902,node,12.9771040,77.5884165,crossing,uncontrolled,,
11769497911,node,12.9772205,77.5883545,crossing,uncontrolled,,
11769497931,node,12.9765592,77.5887276,crossing,uncontrolled,,
11769497932,node,12.9766592,77.5886738,crossing,uncontrolled,,
11780212819,node,12.9370162,77.6198832,,,table,
11780212849,node,12.9369871,77.6204572,crossing,uncontrolled,,
11780212855,node,12.9346355,77.6237192,crossing,uncontrolled,,
11780212865,node,12.9368192,77.6203662,crossing,uncontrolled,,
11780249430,node,12.9594152,77.6416100,crossing,uncontrolled,,
11780249434,node,12.9594263,77.6413915,crossing,uncontrolled,,
11780306780,node,12.9558691,77.6415321,crossing,uncontrolled,table,
11780306785,node,12.9563786,77.6415321,crossing,uncontrolled,table,
11780306804,node,12.9563969,77.6413019,crossing,uncontrolled,table,
11780306811,node,12.9546949,77.6412077,crossing,uncontrolled,,
11780306814,node,12.9543877,77.6411848,crossing,uncontrolled,,
11780306845,node,12.9460574,77.6401530,crossing,traffic_signals,,
11780306846,node,12.9461078,77.6400555,crossing,traffic_signals,,
11780306849,node,12.9459899,77.6399851,crossing,traffic_signals,,
11780306850,node,12.9459361,77.6400807,crossing,traffic_signals,,
11780306855,node,12.9503986,77.6392718,,,rumble_strip,
11780306882,node,12.9460702,77.6401606,traffic_signals,,,
11780306883,node,12.9459778,77.6399778,traffic_signals,,,
11780319174,node,12.9634406,77.6414906,traffic_signals,,,
11780319175,node,12.9632648,77.6415811,traffic_signals,,,
11780319176,node,12.9634624,77.6416710,traffic_signals,,,
11795705085,node,12.8981068,77.5719634,crossing,uncontrolled,,
11795705086,node,12.8981658,77.5718603,crossing,uncontrolled,,
11795705167,node,12.9035665,77.5731856,crossing,traffic_signals,,
11795729954,node,12.9094952,77.5658671,,,hump,
11795729958,node,12.9094826,77.5665025,,,table,
11795735181,node,12.9064508,77.5731406,crossing,traffic_signals,,
11795735182,node,12.9065682,77.5731281,crossing,traffic_signals,,
11795755976,node,12.9094020,77.5656418,,,hump,
11795755980,node,12.9121008,77.5672638,stop,,,
11795755981,node,12.9121758,77.5673692,traffic_signals,,,
11799207974,node,12.9772713,77.7162536,crossing,uncontrolled,,
11799207989,node,12.9773083,77.7167058,crossing,uncontrolled,,
11799208010,node,12.9748249,77.7180692,,,rumble_strip,
11799208011,node,12.9747361,77.7180626,crossing,uncontrolled,,
11799208025,node,12.9745680,77.7180504,,,rumble_strip,
11799208027,node,12.9748795,77.7181417,crossing,unmarked,table,
11799523148,node,12.9749093,77.7180198,crossing,unmarked,table,
11799551856,node,12.9709277,77.7131036,,,bump,
11799551861,node,12.9709382,77.7139579,,,bump,
11801662688,node,12.9870368,77.6483325,traffic_signals,,,
11801662689,node,12.9871282,77.6480870,traffic_signals,,,
11816144441,node,12.9599385,77.6491252,stop,,,
11817877554,node,12.9119112,77.6417157,crossing,unmarked,,
11818213867,node,12.9502712,77.7176409,,,rumble_strip,
11818214352,node,12.9718900,77.7111366,crossing,uncontrolled,,
11818279772,node,12.9718720,77.7111667,,,bump,
11818279777,node,12.9722757,77.7098750,crossing,uncontrolled,table,
11818279778,node,12.9723645,77.7099275,crossing,uncontrolled,table,
11818279788,node,12.9731366,77.7093066,crossing,unmarked,,
11824558258,node,12.8796663,77.5454345,traffic_signals,,,signal
11824558261,node,12.8796108,77.5454768,crossing,uncontrolled,,
11824558264,node,12.8796365,77.5457258,traffic_signals,,,signal
11825075485,node,12.9025419,77.5237017,,,rumble_strip,
11826815329,node,12.9761509,77.7181015,crossing,unmarked,,
11826836749,node,12.9764500,77.7246659,crossing,unmarked,,
11826962873,node,12.9634215,77.7330856,,,rumble_strip,
11826962874,node,12.9637036,77.7331172,,,rumble_strip,
11831388174,node,12.9240497,77.6517439,crossing,uncontrolled,,
11832512731,node,12.9641824,77.7239244,crossing,uncontrolled,,
11832523178,node,12.9652560,77.7193417,crossing,uncontrolled,,
11832523183,node,12.9652131,77.7192951,crossing,uncontrolled,,
11832796717,node,12.9612850,77.7261740,,,bump,
11832800697,node,12.9633089,77.7244845,,,bump,
11832800746,node,12.9641220,77.7229898,crossing,uncontrolled,,
11832800751,node,12.9641072,77.7225647,crossing,uncontrolled,,
11832800752,node,12.9640888,77.7224406,crossing,uncontrolled,,
11832800767,node,12.9640144,77.7218430,crossing,uncontrolled,,
11832800792,node,12.9644920,77.7203029,,,bump,
11833289308,node,12.9999839,77.6254942,crossing,,table,
11833289309,node,12.9999488,77.6255306,crossing,,table,
11833289320,node,12.9995408,77.6249150,crossing,,table,
11833289321,node,12.9994993,77.6249591,crossing,,table,
11835357812,node,12.9242250,77.6653727,crossing,uncontrolled,table,
11841864043,node,13.0019156,77.6119418,traffic_signals,,,
11841950466,node,12.9595722,77.7321594,,,rumble_strip,
11843210612,node,13.0189077,77.5575794,traffic_signals,,,
11846247779,node,12.9040174,77.5106752,traffic_signals,,,
11846423572,node,12.9216649,77.5603294,crossing,uncontrolled,,
11846423573,node,12.9217167,77.5604202,traffic_signals,,,
11853406315,node,12.9970673,77.6144449,traffic_signals,,,
11853518212,node,13.0004980,77.6163841,stop,,,
11853576386,node,12.9958461,77.6133543,traffic_signals,,,
11854291551,node,12.9676170,77.6110086,crossing,uncontrolled,,
11854291560,node,12.9688191,77.6106164,crossing,unmarked,,
11854315996,node,12.9695090,77.6122305,crossing,uncontrolled,,
11854316008,node,12.9733467,77.6109092,crossing,uncontrolled,,
11854316015,node,12.9736246,77.6109659,crossing,traffic_signals,,
11854316025,node,12.9704601,77.6101348,traffic_signals,,,signal
11854384462,node,12.9775918,77.5908934,crossing,traffic_signals,,
11854384465,node,12.9807029,77.5934737,crossing,uncontrolled,,
11854682514,node,12.9744444,77.5912476,,,bump,
11856705103,node,12.9959298,77.6171870,traffic_signals,,,signal
11856705104,node,12.9960154,77.6169707,traffic_signals,,,signal
11856705121,node,12.9915694,77.6146079,traffic_signals,,,
11856705124,node,12.9917762,77.6143978,crossing,traffic_signals,,
11856875807,node,12.9906965,77.6137921,traffic_signals,,,signal
11856875821,node,12.9904893,77.6140447,traffic_signals,,,signal
11856875822,node,12.9904468,77.6138361,traffic_signals,,,signal
11856875842,node,12.9892226,77.6131783,crossing,unmarked,,
11856875846,node,12.9885318,77.6129413,crossing,unmarked,,
11856875866,node,12.9830647,77.6106113,crossing,unmarked,,
11856875868,node,12.9836804,77.6109689,crossing,unmarked,,
11857026773,node,12.9843247,77.6116545,crossing,unmarked,,
11857026786,node,12.9852722,77.6117488,crossing,unmarked,,
11857026800,node,12.9917860,77.6143869,traffic_signals,,,
11857026801,node,12.9917142,77.6143630,crossing,traffic_signals,,
11860340624,node,12.9546805,77.6799598,traffic_signals,,,signal
11860340625,node,12.9544524,77.6800391,traffic_signals,,,signal
11860340626,node,12.9546555,77.6797301,traffic_signals,,,signal
11860350934,node,12.9961257,77.6128017,crossing,unmarked,,
11861765050,node,13.0004136,77.6183086,crossing,unmarked,,
11867946840,node,12.9113612,77.6517921,crossing,unmarked,,
11868405239,node,12.9097419,77.6519623,crossing,unmarked,,
11868405240,node,12.9113635,77.6519511,crossing,unmarked,,
11871703642,node,12.9980084,77.6413771,crossing,uncontrolled,,
11876622411,node,12.8694097,77.5757965,crossing,uncontrolled,,
11882719580,node,12.9274187,77.6210876,crossing,uncontrolled,,
11882719581,node,12.9275183,77.6211292,crossing,uncontrolled,,
11882719587,node,12.9274554,77.6208578,crossing,uncontrolled,,
11882719588,node,12.9274085,77.6209692,crossing,uncontrolled,,
11882719591,node,12.9276451,77.6207932,crossing,uncontrolled,,
11885833152,node,12.9604967,77.6013506,crossing,uncontrolled,,
11888422026,node,12.9730159,77.5812709,crossing,traffic_signals,,
11890611421,node,12.9518999,77.4996639,traffic_signals,,,
11892954151,node,12.9627196,77.7151188,,,bump,
11892954152,node,12.9622841,77.7152020,,,bump,
11892954153,node,12.9632170,77.7155180,,,bump,
11896550031,node,12.9133166,77.6455924,,,bump,
11896550032,node,12.9133146,77.6457102,,,bump,
11896550033,node,12.9133127,77.6458200,,,table,
11896581675,node,12.9151871,77.6381335,stop,,,
11897220041,node,12.9192258,77.6423898,crossing,unmarked,,
11897890035,node,13.0073492,77.5691910,crossing,uncontrolled,hump,
11897890037,node,13.0073021,77.5692769,,,bump,
11897991834,node,13.0037620,77.5692802,,,hump,
11898236318,node,13.0085304,77.5710906,traffic_signals,,,signal
11898236319,node,13.0084702,77.5711978,traffic_signals,,,signal
11898236349,node,13.0086069,77.5716274,crossing,uncontrolled,,
11898236350,node,13.0085909,77.5715948,crossing,uncontrolled,,
11898236352,node,13.0086251,77.5716149,,,table,
11898247170,node,13.0084741,77.5711069,crossing,uncontrolled,,
11898247171,node,13.0085299,77.5711066,crossing,uncontrolled,,
11898247189,node,13.0087160,77.5691574,crossing,traffic_signals,,
11898247193,node,13.0086248,77.5690876,crossing,uncontrolled,,
11898247208,node,13.0085805,77.5692416,traffic_signals,,,signal
11898247210,node,13.0086264,77.5690533,traffic_signals,,,signal
11898860837,node,13.0018305,77.5693281,crossing,uncontrolled,,
11898860856,node,12.9992959,77.5693911,crossing,traffic_signals,,
11898860862,node,12.9970827,77.5694461,traffic_signals,,,
11898868420,node,12.9992748,77.5712984,crossing,uncontrolled,,
11898868422,node,12.9992744,77.5712855,traffic_signals,,,
11898906374,node,12.9970371,77.5694473,crossing,uncontrolled,,
11898958122,node,12.9934160,77.5713693,traffic_signals,,,
11898958126,node,12.9923895,77.5714345,crossing,unmarked,,
11898958152,node,12.9901348,77.5717916,crossing,uncontrolled,,
11898958159,node,12.9898752,77.5719473,crossing,uncontrolled,,
11898960575,node,12.9910192,77.5717002,crossing,uncontrolled,,
11898960588,node,12.9895895,77.5732198,crossing,informal,,
11898963227,node,12.9933138,77.5713918,crossing,traffic_signals,,
11898963229,node,12.9933174,77.5714922,crossing,traffic_signals,,
11898969973,node,12.9934290,77.5715694,crossing,uncontrolled,,
11898969976,node,12.9934828,77.5714884,crossing,uncontrolled,,
11898970004,node,12.9932830,77.5702786,crossing,uncontrolled,,
11898970005,node,12.9933433,77.5702729,crossing,uncontrolled,,
11899021110,node,12.9184468,77.6421876,crossing,unmarked,,
11913650421,node,13.0473893,77.5919040,,,rumble_strip,
11913650425,node,13.0899223,77.5963182,,,rumble_strip,
11913650432,node,13.1247627,77.6119086,,,rumble_strip,
11913650433,node,13.1252139,77.6121210,,,rumble_strip,
11918024909,node,12.9564527,77.7087727,,,rumble_strip,
11918024910,node,12.9561944,77.7100513,,,rumble_strip,
11918065909,node,12.9294404,77.6342251,crossing,unmarked,,
11918128855,node,12.9569188,77.7008825,crossing,traffic_signals,,
11918128856,node,12.9569970,77.7008935,crossing,traffic_signals,,
11920107636,node,12.9673283,77.7166470,,,rumble_strip,
11922826206,node,12.9717797,77.7117500,,,bump,
11922826207,node,12.9717504,77.7115296,,,bump,
11922878282,node,12.9345893,77.6905042,crossing,unmarked,,
11926574586,node,12.9570229,77.7416857,,,rumble_strip,
11927297367,node,12.9123723,77.6258342,crossing,uncontrolled,,
11927315803,node,12.9130768,77.6285687,crossing,unmarked,,
11927462275,node,12.9078976,77.6285309,,,rumble_strip,
11927462276,node,12.9083530,77.6282524,,,rumble_strip,
11927462277,node,12.9092510,77.6274318,,,rumble_strip,
11927462279,node,12.9070089,77.6285800,traffic_signals,,,
11927462282,node,12.9071974,77.6290416,crossing,uncontrolled,,
11927462297,node,12.9010811,77.6327875,crossing,uncontrolled,,
11927462298,node,12.9026857,77.6318029,crossing,uncontrolled,,
11927462321,node,12.9062986,77.6297361,crossing,unmarked,,
11927462404,node,12.8989543,77.6341048,crossing,uncontrolled,,
11927462405,node,12.8985549,77.6343515,crossing,uncontrolled,,
11927462425,node,12.8982943,77.6345131,crossing,uncontrolled,,
11927462449,node,12.8892363,77.6401912,crossing,uncontrolled,,
11927462454,node,12.8893547,77.6404974,,,rumble_strip,
11927462457,node,12.8892898,77.6401592,crossing,uncontrolled,,
11932512956,node,13.0504000,77.5529843,crossing,zebra,,
11932680793,node,12.9843348,77.7288649,crossing,unmarked,,
11932773208,node,12.9607291,77.6422227,crossing,uncontrolled,table,
11932783880,node,12.9608354,77.6409861,crossing,uncontrolled,table,
11932783886,node,12.9626458,77.6417845,crossing,uncontrolled,,
11932783887,node,12.9626069,77.6416141,,,rumble_strip,
11933333316,node,13.0452743,77.5565269,traffic_signals,,,signal
11933395709,node,12.9936729,77.7034526,crossing,unmarked,,
11933395724,node,12.9935854,77.7038967,crossing,unmarked,,
11933395731,node,12.9936070,77.7032230,crossing,uncontrolled,,
11933395736,node,12.9930320,77.7050091,crossing,uncontrolled,,
11933395739,node,12.9931288,77.7050239,crossing,uncontrolled,,
11933395742,node,12.9935116,77.7032025,crossing,uncontrolled,,
11933395755,node,12.9938662,77.7016326,crossing,unmarked,,
11934605640,node,12.9614248,77.7478181,stop,,,
11937539311,node,12.8833440,77.5485572,traffic_signals,,,signal
11937539312,node,12.8835013,77.5484029,traffic_signals,,,signal
11938915961,node,12.9924769,77.4729582,,,rumble_strip,
11938915978,node,12.9913090,77.4725339,,,rumble_strip,
11939349939,node,12.9138135,77.6081231,,,table,
11939401468,node,12.9059368,77.4692903,,,rumble_strip,
11939436669,node,12.9094992,77.4679659,,,rumble_strip,
11939436670,node,12.9098006,77.4678556,,,rumble_strip,
11939436673,node,12.9089569,77.4681663,,,rumble_strip,
11939436674,node,12.9087074,77.4682594,,,rumble_strip,
11939436675,node,12.9079626,77.4685401,,,rumble_strip,
11939436676,node,12.9081156,77.4684832,,,rumble_strip,
11939436677,node,12.9082888,77.4684134,,,rumble_strip,
11939436678,node,12.9078484,77.4685814,,,rumble_strip,
11939436679,node,12.9077605,77.4686131,,,rumble_strip,
11939436738,node,12.9040522,77.4698067,,,rumble_strip,
11939436739,node,12.9047012,77.4695765,,,rumble_strip,
11939436835,node,12.8951438,77.4767295,,,rumble_strip,
11939436836,node,12.8953222,77.4765057,,,rumble_strip,
11939436837,node,12.8947685,77.4771780,,,rumble_strip,
11939436838,node,12.8949695,77.4769378,,,rumble_strip,
11940217953,node,12.9335061,77.5313541,,,rumble_strip,
11940217954,node,12.9337541,77.5313359,,,rumble_strip,
11940217955,node,12.9329588,77.5313977,,,rumble_strip,
11940217956,node,12.9326625,77.5314222,,,rumble_strip,
11940217957,node,12.9332523,77.5313735,,,rumble_strip,
11941516877,node,12.9162519,77.5315381,,,rumble_strip,
11941516878,node,12.9165144,77.5315685,,,rumble_strip,
11941516879,node,12.9170953,77.5316372,,,rumble_strip,
11941516880,node,12.9174069,77.5316745,,,rumble_strip,
11941516907,node,12.9110953,77.5299781,,,rumble_strip,
11941516908,node,12.9112845,77.5300893,,,rumble_strip,
11941516909,node,12.9114480,77.5301854,,,rumble_strip,
11941516910,node,12.9115895,77.5302686,,,rumble_strip,
11941516911,node,12.9116977,77.5303322,,,rumble_strip,
11941516912,node,12.9117698,77.5303746,,,rumble_strip,
11941516928,node,12.9058159,77.5268916,,,rumble_strip,
11941516933,node,12.9055036,77.5266955,,,rumble_strip,
11941516947,node,12.9033319,77.5247017,,,rumble_strip,
11941516948,node,12.9032600,77.5246156,,,rumble_strip,
11941516949,node,12.9031426,77.5244684,,,rumble_strip,
11941516950,node,12.9028696,77.5241218,,,rumble_strip,
11941516951,node,12.9027154,77.5239240,,,rumble_strip,
11941516952,node,12.9034289,77.5248098,,,rumble_strip,
11941516963,node,12.9021625,77.5232243,,,rumble_strip,
11942790635,node,12.8584175,77.6573447,,,hump,
11942790645,node,12.8586896,77.6562029,,,hump,
11942790646,node,12.8589281,77.6555760,,,hump,
11942790647,node,12.8589751,77.6554773,,,hump,
11942790648,node,12.8587244,77.6560925,,,hump,
11942790649,node,12.8602176,77.6532111,,,rumble_strip,
11942790650,node,12.8603083,77.6530130,,,rumble_strip,
11942790651,node,12.8601377,77.6533856,,,rumble_strip,
11942790652,node,12.8600697,77.6535371,,,rumble_strip,
11942790653,node,12.8600164,77.6536496,,,rumble_strip,
11942790654,node,12.8599816,77.6537295,,,rumble_strip,
11942790655,node,12.8594011,77.6557559,,,hump,
11942790656,node,12.8591200,77.6568040,,,hump,
11942790657,node,12.8589242,77.6572075,,,hump,
11942790684,node,12.8607727,77.6519994,,,rumble_strip,
11944146663,node,12.8542657,77.6067800,,,rumble_strip,
11944227905,node,12.8513649,77.5923248,,,rumble_strip,
11944227962,node,12.8504143,77.5839283,,,rumble_strip,
11946807044,node,12.8498131,77.5570747,,,rumble_strip,
11946864871,node,12.8511899,77.5512840,,,rumble_strip,
11946864923,node,12.8536593,77.5415700,,,rumble_strip,
11946864924,node,12.8537019,77.5414159,,,rumble_strip,
11946864925,node,12.8536031,77.5417722,,,rumble_strip,
11946864926,node,12.8538094,77.5410260,,,rumble_strip,
11947387239,node,12.8749047,77.4965548,,,rumble_strip,
11947387265,node,12.8782362,77.4945511,,,rumble_strip,
11947387316,node,12.8793409,77.4953156,,,rumble_strip,
11947760740,node,12.8821327,77.4988125,,,rumble_strip,
11947760741,node,12.8817531,77.4983257,,,rumble_strip,
11947760742,node,12.8819397,77.4985649,,,rumble_strip,
11951350405,node,12.9993342,77.5640794,,,bump,
11951997236,node,12.9091680,77.4788371,,,rumble_strip,
11954211369,node,13.0431453,77.5900332,traffic_signals,,,signal
11954212342,node,13.0148070,77.5790318,,,rumble_strip,
11954212343,node,13.0145801,77.5836796,traffic_signals,,,signal
11955000920,node,12.9063327,77.5935751,,,rumble_strip,
11955000935,node,12.9064085,77.5950154,crossing,uncontrolled,,
11955000936,node,12.9064077,77.5950869,crossing,uncontrolled,,
11955000938,node,12.9061379,77.5949917,traffic_signals,,,
11955000939,node,12.9063876,77.5949246,traffic_signals,,,
11955000963,node,12.9208872,77.6653164,crossing,traffic_signals,,
11962404400,node,12.9187817,77.6696287,crossing,unmarked,,
11962404444,node,12.9205727,77.6652613,crossing,uncontrolled,,
11962432138,node,12.9606250,77.7012763,crossing,uncontrolled,table,
11962432146,node,12.9608472,77.7016529,crossing,unmarked,,
11962432166,node,12.9602686,77.7011792,crossing,unmarked,,
11962538029,node,12.9208670,77.6660549,stop,,,
11964420391,node,12.9580817,77.6687621,crossing,uncontrolled,,
11964420392,node,12.9581535,77.6687657,crossing,uncontrolled,,
11964440714,node,12.9148111,77.6242258,,,rumble_strip,
11964711937,node,13.0291115,77.5401527,traffic_signals,,,
11964711958,node,13.0286435,77.5400736,crossing,uncontrolled,,
11964711959,node,13.0287463,77.5401238,crossing,uncontrolled,,
11964711960,node,13.0288941,77.5402066,crossing,uncontrolled,,
11964711963,node,13.0288673,77.5397790,crossing,uncontrolled,,
11964711965,node,13.0290426,77.5399321,crossing,uncontrolled,,
11982570363,node,12.9122925,77.6399989,crossing,uncontrolled,,
11982570365,node,12.9122042,77.6441984,crossing,uncontrolled,,
11982616078,node,12.9120516,77.6417134,crossing,unmarked,,
11983604786,node,12.9889056,77.7273283,crossing,unmarked,,
11983604804,node,12.9891991,77.7268552,crossing,unmarked,,
12000425037,node,12.9480548,77.5797907,traffic_signals,,,signal
12000425038,node,12.9479750,77.5799438,traffic_signals,,,signal
12000425044,node,12.9485201,77.5801684,traffic_signals,,,signal
12000425045,node,12.9485887,77.5800497,traffic_signals,,,signal
12000439029,node,12.9566660,77.7034127,crossing,unmarked,,
12000439031,node,12.9566689,77.7033126,crossing,unmarked,,
12000439032,node,12.9567250,77.7035057,,,rumble_strip,
12000459724,node,12.9154096,77.6165486,crossing,unmarked,,
12000459756,node,12.9159424,77.6101793,crossing,unmarked,,
12000459758,node,12.9163784,77.6122548,crossing,unmarked,,
12000489659,node,12.9465588,77.5698482,crossing,uncontrolled,,
12000489664,node,12.9454873,77.5713363,crossing,uncontrolled,,
12000505872,node,12.9468550,77.5800803,crossing,unmarked,,
12000505873,node,12.9468525,77.5799598,crossing,unmarked,,
12000523271,node,12.9453355,77.5712280,crossing,uncontrolled,,
12000523279,node,12.9442278,77.5730030,crossing,uncontrolled,,
12000616291,node,12.9484359,77.5736785,crossing,traffic_signals,,
12000616292,node,12.9484305,77.5738278,crossing,traffic_signals,,
12000616293,node,12.9484321,77.5737829,crossing,traffic_signals,,
12000616295,node,12.9481660,77.5735756,crossing,traffic_signals,,
12000616296,node,12.9483679,77.5735710,crossing,traffic_signals,,
12000643114,node,12.9482262,77.5681715,crossing,uncontrolled,,
12000643116,node,12.9481373,77.5684520,crossing,unmarked,,
12000643118,node,12.9481159,77.5701197,crossing,traffic_signals,,
12000643122,node,12.9480734,77.5701207,traffic_signals,,,signal
12000643123,node,12.9483657,77.5701099,traffic_signals,traffic_signals,,
12003363780,node,13.1172864,77.5778919,,,rumble_strip,
12003363781,node,13.1175600,77.5777815,,,table,
12003363782,node,13.1194147,77.5769796,,,rumble_strip,
12006313199,node,13.0064083,77.5790101,crossing,uncontrolled,,
12006313201,node,13.0054527,77.5806570,,informal,,
12006313234,node,13.0062396,77.5788494,crossing,uncontrolled,,
12006313235,node,13.0064172,77.5789012,crossing,uncontrolled,,
12006313236,node,13.0063387,77.5788617,crossing,uncontrolled,,
12006313237,node,13.0064946,77.5788592,crossing,uncontrolled,,
12006313238,node,13.0065529,77.5787570,crossing,uncontrolled,,
12006313257,node,13.0085407,77.5691614,crossing,traffic_signals,,
12006313287,node,13.0090033,77.5631556,traffic_signals,,,
12006381703,node,12.9750927,77.6255063,traffic_signals,,,
12009391985,node,12.9951499,77.5898583,crossing,uncontrolled,,
12020051769,node,12.9845528,77.5972528,crossing,traffic_signals,,
12020051775,node,12.9862105,77.5978769,crossing,uncontrolled,,
12020051776,node,12.9852573,77.5974986,crossing,uncontrolled,,
12022161046,node,13.0041128,77.5517814,crossing,informal,,
12022161047,node,13.0039667,77.5503659,crossing,informal,,
12022161049,node,13.0039976,77.5506658,crossing,informal,,
12022161050,node,13.0040315,77.5509940,crossing,informal,,
12022161051,node,13.0040701,77.5513685,crossing,informal,,
12022161052,node,13.0041615,77.5522536,crossing,informal,,
12022161053,node,13.0042280,77.5528982,crossing,informal,,
12022161054,node,13.0042653,77.5532597,crossing,informal,,
12022161068,node,13.0042707,77.5519291,crossing,informal,,
12022161070,node,13.0041301,77.5506519,crossing,informal,,
12023102590,node,12.9118340,77.6490545,,,bump,
12025797223,node,12.9230209,77.6498416,,,bump,
12031081762,node,12.8770460,77.6472782,,,bump,
12038032742,node,12.9248625,77.6860388,,,bump,
12040922852,node,12.8885500,77.6728596,traffic_signals,,,signal
12040966309,node,12.9181096,77.6214024,,,rumble_strip,
12040966311,node,12.9177134,77.6212072,,,rumble_strip,
12040966319,node,12.9167374,77.6204110,,,rumble_strip,
12040966322,node,12.9170095,77.6206199,,,rumble_strip,
12041127742,node,12.9181190,77.6213258,,,rumble_strip,
12041127744,node,12.9185225,77.6213593,,,rumble_strip,
12049142298,node,12.9514236,77.7003211,,,bump,
12050432132,node,12.9641118,77.7128957,,,rumble_strip,
12050487422,node,12.9643423,77.7141853,crossing,uncontrolled,,
12050487423,node,12.9643724,77.7143552,crossing,uncontrolled,,
12050531242,node,12.9637438,77.7108644,,,rumble_strip,
12050789287,node,12.9134772,77.6040480,,,table,
12051454912,node,12.9743483,77.6076409,crossing,uncontrolled,,
12051474255,node,12.9135908,77.6056522,,,table,
12059785431,node,12.9220441,77.5602909,traffic_signals,,,
12059785432,node,12.9219797,77.5600956,traffic_signals,,,
12059868169,node,12.9908311,77.5205331,,,rumble_strip,
12059868173,node,13.0033144,77.5260873,,,rumble_strip,
12059868183,node,13.0305986,77.5370762,traffic_signals,,,
12059868184,node,13.0302862,77.5373291,traffic_signals,,,
12060569557,node,12.9279735,77.5462087,traffic_signals,,,signal
12060592377,node,12.9254014,77.5498681,crossing,uncontrolled,,
12060592378,node,12.9254717,77.5499038,crossing,uncontrolled,,
12060592381,node,12.9254845,77.5498815,traffic_signals,,,
12060592382,node,12.9252510,77.5498857,traffic_signals,,,
12060592387,node,12.9252965,77.5499111,crossing,uncontrolled,,
12060592466,node,12.9252906,77.5500573,crossing,uncontrolled,,
12060592467,node,12.9253588,77.5501060,crossing,uncontrolled,,
12060592469,node,12.9223026,77.5586405,,,rumble_strip,
12060592470,node,12.9222747,77.5586389,,,rumble_strip,
12060646306,node,12.9126294,77.5671365,traffic_signals,,,
12060646307,node,12.9126932,77.5672857,traffic_signals,,,
12060861674,node,12.9394858,77.6954711,traffic_signals,,,signal
12060861675,node,12.9393289,77.6949241,traffic_signals,,,signal
12062818309,node,12.9548761,77.5800114,traffic_signals,,,signal
12064311431,node,13.0063105,77.5789135,traffic_signals,,,signal
12064311438,node,13.0065864,77.5787122,crossing,uncontrolled,,
12064311439,node,13.0066435,77.5786849,crossing,uncontrolled,,
12067294462,node,12.9296149,77.6331155,,,bump,
12067305540,node,12.9158072,77.6384314,,,bump,
12067305543,node,12.9157758,77.6381586,crossing,traffic_signals,,
12067305544,node,12.9157863,77.6382597,crossing,traffic_signals,,
12067305545,node,12.9191493,77.6383059,,,bump,
12067363848,node,12.9643601,77.6396201,,,bump,
12067363849,node,12.9642480,77.6397256,,,bump,
12067366773,node,12.9461245,77.6401963,,,rumble_strip,
12067463052,node,12.9809833,77.6111365,crossing,uncontrolled,,
12067463160,node,12.9809938,77.6102352,crossing,marked,,
12067464225,node,12.9822350,77.5988785,crossing,uncontrolled,,
12067464259,node,12.9817180,77.5986780,crossing,uncontrolled,,
12067464260,node,12.9810905,77.5984815,crossing,uncontrolled,,
12067464265,node,12.9813207,77.6012441,crossing,marked,,
12067528990,node,12.9814722,77.6006521,crossing,uncontrolled,,
12067528991,node,12.9815537,77.6004134,crossing,uncontrolled,,
12067528992,node,12.9816475,77.6001405,crossing,uncontrolled,,
12067528993,node,12.9817396,77.5998726,crossing,uncontrolled,,
12068481099,node,12.9900793,77.5508390,traffic_signals,,,
12068481101,node,12.9901318,77.5504785,traffic_signals,,,
12068481103,node,12.9877604,77.5497691,traffic_signals,,,
12068481105,node,12.9843867,77.5488549,traffic_signals,,,
12068481118,node,12.9876981,77.5500504,crossing,uncontrolled,,
12068481119,node,12.9878009,77.5500816,crossing,uncontrolled,,
12068481130,node,13.0038943,77.5489101,traffic_signals,,,signal
12069189884,node,12.9591306,77.7171061,crossing,unmarked,,
12069211374,node,12.9492342,77.6202802,crossing,traffic_signals,,
12069211375,node,12.9492000,77.6203404,crossing,traffic_signals,,
12069211377,node,12.9491084,77.6203813,crossing,unmarked,,
12069211431,node,12.9418702,77.6218162,crossing,unmarked,,
12069211432,node,12.9418110,77.6218580,crossing,unmarked,,
12071942622,node,12.9693851,77.6824768,,,bump,
12073853545,node,12.9864004,77.6906788,,,rumble_strip,
12073881079,node,12.9092817,77.6275003,,,rumble_strip,
12073881083,node,12.8892473,77.6402197,traffic_signals,traffic_signals,,
12074449276,node,12.9244195,77.6315500,crossing,uncontrolled,,
12074449277,node,12.9245338,77.6315293,crossing,uncontrolled,,
12074449280,node,12.9245863,77.6283639,traffic_signals,,,
12074449281,node,12.9246574,77.6283474,traffic_signals,,,
12074449284,node,12.9243272,77.6284284,crossing,traffic_signals,,
12074449285,node,12.9244159,77.6284733,crossing,traffic_signals,,
12074449288,node,12.9241103,77.6291239,crossing,traffic_signals,,
12074449289,node,12.9242022,77.6291285,crossing,traffic_signals,,
12074449291,node,12.9244249,77.6284461,traffic_signals,,,
12074449292,node,12.9241089,77.6291454,traffic_signals,,,
12074450333,node,12.9218887,77.6681907,crossing,unmarked,,
12075650280,node,13.0100972,77.5907627,traffic_signals,,,
12077171237,node,12.9553509,77.5801460,crossing,traffic_signals,,
12077171239,node,12.9551212,77.5802666,traffic_signals,,,signal
12077171240,node,12.9552853,77.5797627,traffic_signals,,,signal
12077171241,node,12.9551115,77.5797404,traffic_signals,,,signal
12077171244,node,12.9551948,77.5797656,crossing,traffic_signals,,
12077171245,node,12.9552804,77.5797911,crossing,traffic_signals,,
12077171250,node,12.9551370,77.5802248,crossing,traffic_signals,,
12077213920,node,12.9721161,77.6074419,crossing,traffic_signals,,
12077234773,node,12.9551242,77.5797582,crossing,traffic_signals,,
12077235748,node,12.9878766,77.6182649,crossing,uncontrolled,,
12077806045,node,12.9905820,77.5993990,crossing,uncontrolled,,
12077806052,node,12.9907203,77.5994563,crossing,uncontrolled,,
12077841381,node,12.9906442,77.6139722,crossing,traffic_signals,,
12078411908,node,12.9835958,77.5916468,,,rumble_strip,
12078411920,node,12.9870557,77.5788117,,,rumble_strip,
12078411921,node,12.9872561,77.5785477,,,rumble_strip,
12078411922,node,12.9849250,77.5820735,,,rumble_strip,
12078411923,node,12.9849104,77.5820094,,,rumble_strip,
12078411929,node,12.9884896,77.5765420,crossing,unmarked,,
12078411930,node,12.9886054,77.5761346,crossing,unmarked,,
12078411931,node,12.9887092,77.5757671,crossing,unmarked,,
12078411938,node,12.9894601,77.5742768,crossing,unmarked,,
12078411939,node,12.9898056,77.5743983,crossing,unmarked,,
12078411940,node,12.9901355,77.5745124,crossing,unmarked,,
12078411941,node,12.9905062,77.5746442,crossing,unmarked,,
12080765887,node,12.9895010,77.7255210,crossing,unmarked,,
12080765888,node,12.9894710,77.7255726,crossing,unmarked,,
12080765889,node,12.9891872,77.7261667,crossing,unmarked,,
12080765890,node,12.9891678,77.7262328,crossing,unmarked,,
12084294683,node,12.9752782,77.6079927,crossing,traffic_signals,,
12084317622,node,12.9784184,77.6407226,crossing,traffic_signals,,
12087216601,node,12.9720771,77.6074959,crossing,unmarked,,
12088405374,node,12.9954636,77.6020665,crossing,traffic_signals,,
12088405376,node,12.9954074,77.6020497,crossing,traffic_signals,,
12088405381,node,12.9955290,77.6019428,crossing,traffic_signals,,
12091353048,node,12.9701195,77.6406309,crossing,unmarked,,
12091353056,node,12.9702396,77.6411689,crossing,traffic_signals,,
12091353057,node,12.9701967,77.6411715,crossing,traffic_signals,,
12091353059,node,12.9699848,77.6387771,crossing,unmarked,,
12091353061,node,12.9701266,77.6387670,crossing,unmarked,,
12093139886,node,12.9157239,77.6472247,,,bump,
12093192379,node,12.9122160,77.6407358,crossing,uncontrolled,,
12093192380,node,12.9122717,77.6407360,crossing,uncontrolled,,
12093192389,node,12.9122436,77.6417455,crossing,uncontrolled,,
12093192390,node,12.9121878,77.6417476,crossing,uncontrolled,,
12093192394,node,12.9114301,77.6426814,,,bump,
12093256525,node,12.9615485,77.7154959,,,bump,
12096409161,node,12.9657848,77.6040742,,,rumble_strip,
12096420216,node,12.9645517,77.6010320,,informal,,
12096420233,node,12.9645836,77.6009988,crossing,unmarked,,
12097508848,node,12.9839395,77.7524691,crossing,uncontrolled,,
12097508849,node,12.9839158,77.7525526,crossing,uncontrolled,,
12097508854,node,12.9837304,77.7526060,crossing,uncontrolled,,
12097508855,node,12.9838036,77.7526219,crossing,uncontrolled,,
12097508859,node,12.9836699,77.7523678,crossing,uncontrolled,,
12097508860,node,12.9836491,77.7524428,crossing,uncontrolled,,
12097508863,node,12.9837644,77.7523195,crossing,uncontrolled,,
12097508864,node,12.9838418,77.7523423,crossing,uncontrolled,,
12098151325,node,12.9607711,77.7165662,crossing,unmarked,,
12098151328,node,12.9607863,77.7164723,crossing,unmarked,,
12099921860,node,12.9962845,77.5845829,crossing,unmarked,,
12099921887,node,12.9936938,77.5852285,crossing,uncontrolled,,
12100028680,node,13.0061914,77.5541859,crossing,marked,,
12100028681,node,13.0061687,77.5542953,crossing,marked,,
12101720464,node,12.9653002,77.6007697,traffic_signals,,,traffic_lights
12102791960,node,12.9740568,77.6119696,crossing,uncontrolled,,
12102800809,node,12.9716551,77.6105245,,,rumble_strip,
12102866552,node,12.9657717,77.6039419,crossing,traffic_signals,,
12102866567,node,12.9618737,77.6015350,crossing,unmarked,,
12102871931,node,12.9613294,77.6026826,,,bump,
12102932348,node,12.9631298,77.6013591,crossing,unmarked,,
12102932377,node,12.9602582,77.6015870,crossing,traffic_signals,,
12102932381,node,12.9603607,77.6014401,crossing,traffic_signals,,
12102946030,node,12.9598033,77.6024827,crossing,unmarked,,
12102946033,node,12.9596871,77.6028523,crossing,unmarked,,
12102946055,node,12.9592283,77.6040244,crossing,unmarked,,
12102946061,node,12.9595612,77.6029860,crossing,unmarked,,
12102946065,node,12.9597680,77.6022707,crossing,unmarked,,
12102946086,node,12.9591077,77.6039791,crossing,unmarked,,
12102995418,node,12.9600564,77.6017029,crossing,traffic_signals,,
12102995423,node,12.9609481,77.6003562,crossing,unmarked,,
12102995460,node,12.9622273,77.5959646,crossing,unmarked,,
12102995478,node,12.9608065,77.5941776,crossing,unmarked,,
12102995486,node,12.9584102,77.5932722,crossing,unmarked,,
12102995489,node,12.9580180,77.5931262,crossing,unmarked,,
12103003021,node,12.9619020,77.5980432,crossing,unmarked,,
12103003026,node,12.9621160,77.5971749,crossing,traffic_signals,,
12103003029,node,12.9617902,77.5985413,crossing,unmarked,,
12103003030,node,12.9616857,77.5989118,crossing,unmarked,,
12103003033,node,12.9558039,77.5920851,crossing,uncontrolled,,
12103003034,node,12.9557723,77.5921860,crossing,uncontrolled,,
12103003037,node,12.9555023,77.5919688,crossing,uncontrolled,,
12103003038,node,12.9554687,77.5920534,crossing,uncontrolled,,
12103003491,node,12.9603681,77.6012573,crossing,traffic_signals,,
12103003492,node,12.9604013,77.6012769,crossing,traffic_signals,,
12103718573,node,12.9544597,77.6800135,crossing,traffic_signals,,
12103718574,node,12.9545405,77.6800572,crossing,traffic_signals,,
12103756249,node,12.9501831,77.6056696,crossing,unmarked,,
12103756253,node,12.9548976,77.6053633,crossing,traffic_signals,,
12103968913,node,12.9994257,77.6248787,,,bump,
12107761072,node,12.9688667,77.6479219,,,island,
12107761086,node,12.9731923,77.6469751,traffic_signals,,,
12107776954,node,12.9687724,77.6466111,,,bump,
12107776959,node,12.9690153,77.6477060,traffic_signals,,,signal
12107776963,node,12.9689888,77.6477106,crossing,traffic_signals,,
12107776969,node,12.9688485,77.6476456,crossing,traffic_signals,,
12107776970,node,12.9704392,77.6473135,,,island,
12107777011,node,12.9786853,77.6466370,crossing,uncontrolled,,
12107777012,node,12.9786770,77.6465730,crossing,uncontrolled,,
12107777018,node,12.9784873,77.6465982,crossing,uncontrolled,,
12107777019,node,12.9784921,77.6466654,crossing,uncontrolled,,
12109673651,node,12.9161891,77.6375846,crossing,unmarked,,
12109673670,node,12.9161753,77.6381653,crossing,traffic_signals,,
12110804691,node,12.9540118,77.5852842,traffic_signals,,,signal
12110823214,node,12.9541769,77.5852457,crossing,traffic_signals,,
12110823220,node,12.9540175,77.5852681,crossing,uncontrolled,,
12110823225,node,12.9517241,77.5901998,traffic_signals,,,signal
12110823226,node,12.9513994,77.5908495,traffic_signals,,,signal
12110823227,node,12.9518529,77.5906700,traffic_signals,,,signal
12111878825,node,12.9770973,77.5912535,crossing,unmarked,,
12111889681,node,12.9675463,77.5888676,crossing,traffic_signals,,
12111889683,node,12.9667068,77.5878287,,,rumble_strip,
12111889685,node,12.9659126,77.5865612,traffic_signals,,,signal
12111944872,node,12.9657740,77.6622749,crossing,uncontrolled,,
12111944873,node,12.9658209,77.6623494,crossing,uncontrolled,,
12111944876,node,12.9714749,77.6584665,traffic_signals,,,signal
12111998745,node,12.9929101,77.5861453,,,bump,
12114002201,node,12.9818045,77.5867157,crossing,uncontrolled,,
12114002202,node,12.9817685,77.5867906,crossing,uncontrolled,,
12114002206,node,12.9816616,77.5866233,crossing,uncontrolled,,
12114002207,node,12.9816219,77.5866993,crossing,uncontrolled,,
12118023419,node,12.9745492,77.5994872,stop,,,
12118031590,node,12.9736189,77.5992950,stop,,,
12118031591,node,12.9740412,77.5994037,stop,,,
12118089607,node,12.9707355,77.5942137,,,rumble_strip,
12118965742,node,12.9703601,77.6006599,crossing,uncontrolled,,
12118965761,node,12.9733779,77.6013549,crossing,uncontrolled,,
12118965773,node,12.9729655,77.6015996,crossing,uncontrolled,,
12118965776,node,12.9730895,77.6010264,crossing,uncontrolled,,
12119558730,node,12.9693519,77.5972528,crossing,uncontrolled,,
12119558731,node,12.9692237,77.5972297,crossing,uncontrolled,,
12119558732,node,12.9689964,77.5969458,crossing,uncontrolled,,
12119558733,node,12.9687810,77.5968333,crossing,uncontrolled,,
12119558734,node,12.9687924,77.5967715,crossing,uncontrolled,,
12119558735,node,12.9682989,77.5965168,crossing,uncontrolled,,
12119558737,node,12.9683084,77.5964609,crossing,unmarked,,
12119558743,node,12.9669417,77.5965090,crossing,uncontrolled,,
12119558753,node,12.9697913,77.5975482,crossing,uncontrolled,,
12119558754,node,12.9703907,77.5976346,crossing,uncontrolled,,
12119558758,node,12.9657651,77.5965772,crossing,uncontrolled,,
12119558759,node,12.9664404,77.5965060,crossing,uncontrolled,,
12119558761,node,12.9675131,77.5964033,crossing,uncontrolled,,
12119585221,node,12.9747933,77.6028749,crossing,uncontrolled,,
12119585225,node,12.9746989,77.6029116,crossing,uncontrolled,,
12119649211,node,12.9648523,77.5966460,crossing,traffic_signals,,
12119649215,node,12.9674410,77.5949173,crossing,uncontrolled,,
12119649219,node,12.9687364,77.5946449,,,rumble_strip,
12119649220,node,12.9687080,77.5946506,crossing,uncontrolled,table,
12119649229,node,12.9705161,77.5942591,crossing,uncontrolled,,
12119649239,node,12.9715743,77.5940334,crossing,uncontrolled,,
12119649244,node,12.9719602,77.5941178,crossing,traffic_signals,,
12119649248,node,12.9711636,77.5965637,crossing,uncontrolled,,
12119969659,node,12.9904815,77.5910275,crossing,uncontrolled,,
12120691271,node,12.9707677,77.6048693,traffic_signals,,,
12120691272,node,12.9708359,77.6046571,traffic_signals,,,
12120691273,node,12.9717648,77.6044557,,,rumble_strip,
12120691284,node,12.9725364,77.6038427,crossing,uncontrolled,table,
12121490915,node,12.9717193,77.6070837,crossing,uncontrolled,,
12121490931,node,12.9745036,77.5995887,crossing,unmarked,,
12121490936,node,12.9756732,77.5998132,crossing,unmarked,,
12121490943,node,12.9753758,77.5998571,crossing,unmarked,,
12121490947,node,12.9729131,77.5992218,crossing,unmarked,,
12121490951,node,12.9722829,77.5987076,crossing,unmarked,,
12122658684,node,12.9918875,77.5943582,crossing,unmarked,,
12122664692,node,12.9085480,77.6517033,,,table,
12123536071,node,12.9808110,77.5745237,traffic_signals,traffic_signals,,
12123831581,node,12.9199361,77.5804419,traffic_signals,no,,
12123831582,node,12.9200308,77.5803126,traffic_signals,no,,
12123831583,node,12.9198372,77.5802082,traffic_signals,no,,
12123831584,node,12.9199448,77.5800604,traffic_signals,no,,
12125807043,node,12.9950960,77.5896846,crossing,uncontrolled,,
12125807044,node,12.9950617,77.5897654,crossing,uncontrolled,,
12128921374,node,12.9634942,77.5892656,traffic_signals,traffic_signals,,
12128943114,node,12.9674864,77.5884180,traffic_signals,,,signal
12128943123,node,12.9671540,77.5889177,crossing,uncontrolled,,
12128943159,node,12.9679877,77.5886640,crossing,uncontrolled,,
12128948739,node,13.0927047,77.5866155,,,hump,
12133941720,node,12.9818110,77.5949211,crossing,traffic_signals,,
12133941724,node,12.9822848,77.5951484,crossing,unmarked,,
12133941728,node,12.9823727,77.5950286,crossing,unmarked,,
12133941737,node,12.9814777,77.5958855,crossing,uncontrolled,,
12133941766,node,12.9845939,77.5970549,crossing,traffic_signals,,
12134062465,node,12.9796232,77.5817004,crossing,uncontrolled,,
12134062466,node,12.9796523,77.5817174,crossing,uncontrolled,,
12134062467,node,12.9797465,77.5817723,crossing,uncontrolled,,
12134062473,node,12.9794435,77.5820046,crossing,uncontrolled,,
12134062474,node,12.9795440,77.5820694,crossing,uncontrolled,,
12134062477,node,12.9768596,77.5837224,,,rumble_strip,
12134062478,node,12.9766175,77.5835567,,,rumble_strip,
12134062484,node,12.9728937,77.5816672,crossing,traffic_signals,,
12134062485,node,12.9729616,77.5812420,crossing,traffic_signals,,
12134062487,node,12.9733255,77.5812990,traffic_signals,,,signal
12134062500,node,12.9750624,77.5823645,crossing,uncontrolled,,
12134082401,node,12.9750046,77.5824525,crossing,uncontrolled,,
12134082416,node,12.9733457,77.5811951,crossing,uncontrolled,,
12134082417,node,12.9732945,77.5812775,crossing,uncontrolled,,
12134082421,node,12.9729583,77.5810205,crossing,uncontrolled,,
12134082444,node,12.9781414,77.5843384,crossing,unmarked,,
12134088500,node,12.9788978,77.5814465,crossing,unmarked,,
12134110201,node,12.9789343,77.5813716,crossing,unmarked,,
12134110207,node,12.9775325,77.5805243,crossing,unmarked,,
12134110208,node,12.9775781,77.5804517,crossing,unmarked,,
12134115995,node,12.9659239,77.5866001,crossing,uncontrolled,,
12134185314,node,12.9681256,77.5873456,crossing,traffic_signals,,
12134185349,node,12.9657155,77.5865303,crossing,traffic_signals,,
12134224861,node,12.9558952,77.6917186,crossing,traffic_signals,,
12134224864,node,12.9557817,77.6919012,traffic_signals,,,signal
12134224865,node,12.9559391,77.6917859,traffic_signals,,,signal
12134224869,node,12.9557333,77.6916028,crossing,traffic_signals,,
12134224870,node,12.9558043,77.6915927,crossing,traffic_signals,,
12134224874,node,12.9558481,77.6918759,crossing,traffic_signals,,
12134224875,node,12.9557795,77.6918874,crossing,traffic_signals,,
12135211581,node,12.9886923,77.5936990,crossing,uncontrolled,,
12135211590,node,12.9876818,77.5944939,crossing,unmarked,,
12135211598,node,12.9868482,77.5951187,crossing,unmarked,,
12135211600,node,12.9895265,77.5929540,traffic_signals,,,
12135287612,node,12.9897933,77.5928780,crossing,uncontrolled,,
12135774316,node,13.0149090,77.5841434,crossing,marked,,
12136228098,node,12.9566625,77.7090045,crossing,unmarked,,
12136245704,node,12.9565961,77.7089013,crossing,unmarked,,
12136935032,node,12.9474455,77.6512295,,,bump,
12136935033,node,12.9474317,77.6510850,,,bump,
12136935034,node,12.9469653,77.6617483,,,bump,
12136935051,node,12.9301405,77.6741731,,,bump,
12136935052,node,12.9301337,77.6740922,,,bump,
12136935055,node,12.9288282,77.6681466,,,bump,
12136946770,node,12.9827867,77.6457480,crossing,unmarked,,
12136946771,node,12.9827768,77.6456797,crossing,unmarked,,
12138994485,node,12.9816187,77.5865956,traffic_signals,,,
12138994486,node,12.9818126,77.5868178,traffic_signals,,,
12139050218,node,12.9615044,77.5842592,crossing,traffic_signals,,
12139050219,node,12.9614564,77.5842521,crossing,traffic_signals,,
12139050231,node,12.9637859,77.5850550,crossing,traffic_signals,,
12139050232,node,12.9638877,77.5850464,crossing,traffic_signals,,
12139050240,node,12.9631696,77.5847342,crossing,unmarked,,
12139153727,node,12.9935192,77.6075231,traffic_signals,,,
12139153728,node,12.9934405,77.6071815,traffic_signals,,,
12139153743,node,12.9925606,77.6096885,traffic_signals,,,signal
12139153769,node,12.9956211,77.6083776,crossing,uncontrolled,,
12139153773,node,12.9944739,77.6077965,crossing,unmarked,,
12139153774,node,12.9945520,77.6077020,,,bump,
12139240707,node,12.9804293,77.5769797,traffic_signals,,,
12139259379,node,12.9821105,77.5989486,crossing,uncontrolled,,
12141911064,node,12.9754756,77.5870520,crossing,uncontrolled,,
12143428827,node,12.9768072,77.5800202,crossing,uncontrolled,,
12143428828,node,12.9768423,77.5799706,crossing,uncontrolled,,
12143428833,node,12.9767165,77.5800165,crossing,uncontrolled,,
12144670572,node,12.9815091,77.6228427,traffic_signals,traffic_signals,,
12144670586,node,12.9819296,77.6239736,,,rumble_strip,
12145336072,node,12.9525222,77.5764890,crossing,uncontrolled,,
12145336073,node,12.9524361,77.5764889,,,rumble_strip,
12145336077,node,12.9531307,77.5753393,crossing,unmarked,,
12145336096,node,12.9562687,77.5772064,crossing,traffic_signals,,
12145336099,node,12.9563853,77.5773876,crossing,traffic_signals,,
12145344714,node,12.9560563,77.5772254,traffic_signals,,,
12145344717,node,12.9561895,77.5774312,crossing,traffic_signals,,
12145344718,node,12.9562688,77.5774672,crossing,traffic_signals,,
12145344725,node,12.9590873,77.5776530,crossing,traffic_signals,,
12145344727,node,12.9589000,77.5775076,crossing,traffic_signals,,
12145344730,node,12.9587015,77.5776501,crossing,traffic_signals,,
12145344737,node,12.9564266,77.5773930,traffic_signals,,,
12145344750,node,12.9531695,77.5738575,traffic_signals,,,
12145344751,node,12.9531995,77.5734741,traffic_signals,,,
12147256379,node,12.9879181,77.5959119,,,bump,
12147783388,node,12.9764593,77.7248688,crossing,unmarked,,
12147793599,node,12.9827058,77.5954788,crossing,unmarked,,
12147813601,node,12.9827880,77.5953668,crossing,unmarked,,
12147813610,node,12.9818479,77.5944830,traffic_signals,,,signal
12147816740,node,12.9765511,77.5995117,traffic_signals,,,signal
12147862886,node,12.9818621,77.5944809,crossing,uncontrolled,,
12147862899,node,12.9863768,77.5918271,,,hump,
12147862900,node,12.9856606,77.5932823,,,island,
12147885414,node,12.9882178,77.5916198,crossing,traffic_signals,,
12147885425,node,12.9905336,77.5883897,crossing,uncontrolled,,
12147917850,node,12.9929180,77.5864541,,,bump,
12147929620,node,12.9846592,77.5819139,traffic_signals,,,signal
12147929626,node,12.9853718,77.5815190,crossing,unmarked,,
12147929629,node,12.9852345,77.5814002,crossing,unmarked,,
12150906130,node,12.9748545,77.5906833,crossing,uncontrolled,,
12151117038,node,12.9768015,77.5892601,crossing,unmarked,,
12151303580,node,12.9557463,77.7147441,crossing,uncontrolled,,
12152929799,node,12.9898731,77.5947865,crossing,unmarked,,
12153060537,node,13.0285669,77.5711940,crossing,traffic_signals,,
12153060538,node,13.0285751,77.5712461,crossing,traffic_signals,,
12154049815,node,12.9236005,77.5734994,crossing,uncontrolled,,
12154049826,node,12.9235975,77.5736723,crossing,uncontrolled,,
12157280430,node,12.9137502,77.6352963,crossing,uncontrolled,,
12159312921,node,12.9564002,77.5773271,crossing,traffic_signals,,
12161830071,node,12.9204829,77.6001109,crossing,traffic_signals,,
12161830098,node,12.9206134,77.6001182,crossing,traffic_signals,,
12161877008,node,12.9206114,77.6001883,crossing,traffic_signals,,
12161877009,node,12.9205790,77.6000174,crossing,traffic_signals,,
12161877014,node,12.9204833,77.6001812,crossing,traffic_signals,,
12161877019,node,12.9205359,77.6000164,crossing,traffic_signals,,
12162033651,node,12.9747420,77.6978734,crossing,unmarked,,
12162042874,node,12.9606063,77.7015077,,,table,
12162042875,node,12.9606256,77.7013775,,,table,
12162056546,node,12.9827317,77.6926963,crossing,uncontrolled,,
12162056549,node,12.9827889,77.6928132,crossing,uncontrolled,,
12162056558,node,12.9826839,77.6925985,crossing,uncontrolled,,
12162089756,node,12.9883925,77.6892454,crossing,uncontrolled,,
12162089759,node,12.9884558,77.6893479,crossing,uncontrolled,,
12162089762,node,12.9885103,77.6894361,crossing,unmarked,,
12162089765,node,12.9883179,77.6891244,crossing,unmarked,,
12162094428,node,12.9886631,77.6843178,,,bump,
12162101219,node,12.9909779,77.6873302,crossing,uncontrolled,,
12162101220,node,12.9910526,77.6872728,crossing,uncontrolled,,
12164756018,node,12.9734498,77.7030350,,,rumble_strip,
12164920042,node,12.9728370,77.7015027,crossing,unmarked,,
12164920045,node,12.9742492,77.7071134,crossing,unmarked,,
12164920046,node,12.9743102,77.7070979,crossing,unmarked,,
12164920051,node,12.9741819,77.7071829,crossing,unmarked,,
12165598182,node,13.0934216,77.5849874,,,hump,
12165662222,node,13.0939828,77.5827290,,,hump,
12165688180,node,13.0922519,77.5818955,,,bump,
12168378213,node,12.9317900,77.6134078,traffic_signals,,,signal
12168378241,node,12.9458920,77.5955215,traffic_signals,,,
12169759725,node,12.9311704,77.6953035,traffic_signals,,,
12169759728,node,12.9313721,77.6951192,traffic_signals,,,
12174515973,node,12.9877065,77.6894973,crossing,uncontrolled,,
12174515976,node,12.9877770,77.6896245,crossing,uncontrolled,,
12174515979,node,12.9878304,77.6897207,crossing,uncontrolled,,
12174515982,node,12.9878839,77.6898172,crossing,uncontrolled,,
12174556582,node,13.0002030,77.6787434,,,rumble_strip,
12174567572,node,13.0002897,77.6791347,,,rumble_strip,
12174567573,node,13.0002695,77.6787633,,,rumble_strip,
12174614849,node,12.9968828,77.6920499,crossing,unmarked,,
12174614852,node,12.9967768,77.6926105,crossing,unmarked,,
12174614862,node,12.9962947,77.6937899,crossing,unmarked,,
12174616574,node,12.9962601,77.6937264,crossing,uncontrolled,,
12174616584,node,12.9962866,77.6936571,,,rumble_strip,
12174714947,node,12.9936859,77.7029131,,,rumble_strip,
12175213348,node,12.8567710,77.5410520,,,bump,
12175221605,node,12.8567947,77.5400631,,,bump,
12175353652,node,12.8573886,77.5388864,,,bump,
12177052624,node,13.0932289,77.5891466,,,hump,
12179788956,node,12.8586494,77.5400364,,,bump,
12179788957,node,12.8580093,77.5394784,,,bump,
12179788958,node,12.8582586,77.5396804,,,bump,
12185986550,node,12.9597346,77.7149407,,,bump,
12185986551,node,12.9596148,77.7148223,,,bump,
12189334799,node,12.9740353,77.6467879,crossing,traffic_signals,,
12190248464,node,12.9760016,77.5946564,crossing,unmarked,,
12201093984,node,13.0262125,77.5443654,crossing,uncontrolled,,
12201093985,node,13.0263242,77.5444337,crossing,uncontrolled,,
12201093986,node,13.0264419,77.5445056,crossing,uncontrolled,,
12201097270,node,12.9824434,77.5678595,,,rumble_strip,
12201193305,node,12.9731071,77.7214071,crossing,unmarked,,
12201301978,node,12.9195986,77.6450703,crossing,unmarked,,
12201301987,node,12.9194663,77.6449900,crossing,uncontrolled,,
12205017350,node,13.0975465,77.5887564,,,bump,
12205036300,node,13.0949822,77.5891088,,,bump,
12205038768,node,13.0965520,77.5886064,,,bump,
12205039720,node,13.0975531,77.5887305,,,bump,
12205073533,node,13.0950147,77.5891786,,,bump,
12207097515,node,13.0945683,77.5915847,,,bump,
12207109252,node,13.0930409,77.5909305,,,bump,
12207109682,node,13.0947546,77.5916278,,,rumble_strip,
12207128597,node,12.9732498,77.7022014,crossing,unmarked,,
12209237248,node,12.9750984,77.6976474,crossing,uncontrolled,,
12209237285,node,12.9725620,77.7005780,crossing,unmarked,,
12209237286,node,12.9726100,77.7005562,crossing,unmarked,,
12209237290,node,12.9727695,77.7013114,crossing,unmarked,,
12211278637,node,12.9719147,77.7110954,,,bump,
12222395980,node,13.0950959,77.5878726,,,bump,
12229871103,node,12.9065911,77.5803998,traffic_signals,,,signal
12229871104,node,12.9062056,77.5803985,traffic_signals,,,signal
12232459968,node,12.9863119,77.7448189,crossing,unmarked,,
12232459970,node,12.9858604,77.7461782,crossing,unmarked,,
12232459979,node,12.9859788,77.7467812,crossing,unmarked,,
12232459987,node,12.9852873,77.7476635,crossing,uncontrolled,,
12232476310,node,12.9852605,77.7478788,crossing,uncontrolled,,
12232476311,node,12.9853791,77.7479219,crossing,uncontrolled,,
12232476316,node,12.9863768,77.7447877,crossing,uncontrolled,table,
12232476317,node,12.9864569,77.7448123,crossing,uncontrolled,table,
12234019660,node,12.9731593,77.6989102,crossing,unmarked,,
12250306236,node,13.0937224,77.5825441,stop,,,
12252753739,node,13.0936040,77.5822566,stop,,,
12260983387,node,13.0994596,77.5766341,stop,,,
12260983388,node,13.0993793,77.5772736,crossing,uncontrolled,,
12260991891,node,13.0992684,77.5771733,stop,,,
12261009933,node,13.0993848,77.5772927,stop,,,
12261022728,node,13.0992959,77.5771639,crossing,uncontrolled,,
12261023120,node,13.0989381,77.5772852,,,rumble_strip,
12261029419,node,13.0963896,77.5786713,,,rumble_strip,
12265540820,node,13.1041423,77.5966712,,,bump,
12265540821,node,13.1044011,77.5948355,,,bump,
12265540822,node,13.1043039,77.5947824,,,bump,
12291502365,node,13.0340501,77.5685584,traffic_signals,,,
12298373247,node,13.0221945,77.6479587,crossing,traffic_signals,,
12298373248,node,13.0223544,77.6480236,crossing,traffic_signals,,
12298373255,node,13.0227044,77.6472399,,,rumble_strip,
12298373256,node,13.0221641,77.6480290,,,hump,
12298373257,node,13.0251109,77.6410759,,,rumble_strip,
12301590044,node,13.0316187,77.6358413,traffic_signals,,,signal
12301590045,node,13.0316875,77.6360132,traffic_signals,,,signal
12301590046,node,13.0317379,77.6358464,traffic_signals,,,signal
12301590052,node,13.0528885,77.6459924,traffic_signals,,,
12308893157,node,12.9406332,77.5738621,crossing,traffic_signals,,
12308893379,node,12.9287454,77.5796368,crossing,uncontrolled,,
12308893380,node,12.9288607,77.5780738,crossing,uncontrolled,,
12308893382,node,12.9286810,77.5780726,crossing,uncontrolled,,
12351736608,node,12.9307260,77.5837174,traffic_signals,,,
12353375375,node,13.0345719,77.5296348,traffic_signals,,,
12366493690,node,12.9710233,77.6490339,,,bump,
12366493692,node,12.9706110,77.6490145,,,bump,
12366550423,node,12.9691266,77.6488297,,,bump,
12378773723,node,13.0102501,77.5806145,,,bump,
12378773724,node,13.0102615,77.5803677,,,bump,
12378776040,node,13.0057213,77.5932236,traffic_signals,,,
12378776041,node,13.0054678,77.5932558,traffic_signals,,,
12414213430,node,12.9894857,77.5734489,crossing,informal,,
12415829617,node,12.9819773,77.5943994,crossing,uncontrolled,,
12415838543,node,13.0077812,77.5593266,crossing,unmarked,,
12421807180,node,13.1177929,77.5778521,stop,,,
12421958514,node,12.9755330,77.5760561,traffic_signals,,,signal
12421958517,node,12.9754617,77.5746583,traffic_signals,,,
12421958518,node,12.9755377,77.5748922,traffic_signals,,,
12421958529,node,12.9755044,77.5760632,crossing,traffic_signals,,
12422897675,node,12.9880264,77.7101977,crossing,uncontrolled,,
12425345227,node,12.9992154,77.5714022,traffic_signals,,,
12426224467,node,12.9891328,77.5741223,crossing,traffic_signals,,
12426224587,node,13.0088748,77.5632312,crossing,marked,,
12429035774,node,12.9808742,77.5745326,crossing,uncontrolled,,
12429035790,node,12.9806090,77.5746506,crossing,uncontrolled,,
12429067014,node,12.9772066,77.5756109,crossing,uncontrolled,,
12429457376,node,12.9866077,77.5798160,crossing,traffic_signals,,
12429457377,node,12.9866431,77.5797602,crossing,traffic_signals,,
12429457385,node,12.9864717,77.5795550,crossing,traffic_signals,,
12429457388,node,12.9866251,77.5796412,crossing,traffic_signals,,
12429457395,node,12.9938078,77.5845092,crossing,unmarked,,
12429469406,node,12.9863613,77.5796454,crossing,traffic_signals,,
12429469407,node,12.9863868,77.5795966,crossing,traffic_signals,,
12429469439,node,12.9936286,77.5843474,crossing,uncontrolled,table,
12429469442,node,12.9935902,77.5843729,crossing,uncontrolled,,
12429482552,node,12.9847184,77.5818858,crossing,uncontrolled,,
12429482554,node,12.9846229,77.5820545,crossing,uncontrolled,,
12429482558,node,12.9845899,77.5820487,traffic_signals,,,signal
12429482560,node,12.9844211,77.5823412,crossing,uncontrolled,,
12429482561,node,12.9843895,77.5823847,crossing,uncontrolled,,
12429496731,node,12.9845432,77.5822900,crossing,uncontrolled,,
12429496734,node,12.9846514,77.5823929,crossing,uncontrolled,,
12429523361,node,12.9599337,77.5330143,traffic_signals,,,
12429523363,node,12.9659569,77.5353419,traffic_signals,,,
12429523365,node,12.9659558,77.5356817,traffic_signals,,,
12429523369,node,12.9730026,77.5385023,traffic_signals,,,signal
12430010327,node,12.9757775,77.5708093,crossing,unmarked,,
12430010328,node,12.9759282,77.5708177,crossing,unmarked,,
12432798052,node,12.9237540,77.6956177,,,mini_bumps,
12433045760,node,12.9788765,77.5893944,crossing,uncontrolled,,
12433045761,node,12.9786058,77.5903312,crossing,uncontrolled,,
12433045762,node,12.9791992,77.5896767,crossing,uncontrolled,,
12433045763,node,12.9774935,77.5897081,crossing,uncontrolled,,
12438897270,node,12.9756577,77.5365969,crossing,unmarked,,
12438897271,node,12.9755359,77.5368324,crossing,unmarked,,
12438897272,node,12.9756752,77.5368622,crossing,unmarked,,
12438897273,node,12.9755817,77.5373940,crossing,unmarked,,
12438897274,node,12.9756183,77.5379902,crossing,unmarked,,
12438897277,node,12.9757979,77.5386095,crossing,uncontrolled,,
12438941765,node,12.9878515,77.5375062,crossing,uncontrolled,,
12438941766,node,12.9878609,77.5374341,crossing,uncontrolled,,
12438941769,node,12.9879404,77.5375766,crossing,traffic_signals,,
12438941772,node,12.9879715,77.5374030,crossing,traffic_signals,,
12438941776,node,12.9854787,77.5371073,crossing,uncontrolled,,
12438946216,node,12.9866923,77.5372368,crossing,unmarked,,
12438946219,node,12.9845179,77.5370200,crossing,uncontrolled,,
12438946232,node,12.9824271,77.5373554,crossing,uncontrolled,,
12438946245,node,12.9840473,77.5371687,crossing,uncontrolled,,
12438946249,node,12.9858882,77.5373351,crossing,unmarked,,
12438946251,node,12.9873387,77.5374724,crossing,unmarked,,
12438946256,node,12.9833041,77.5371196,,,rumble_strip,
12438952838,node,12.9756594,77.5354379,crossing,unmarked,,
12438952839,node,12.9756341,77.5359749,crossing,unmarked,,
12438952844,node,12.9755399,77.5355097,crossing,unmarked,,
12441113444,node,12.9915645,77.5384918,crossing,uncontrolled,,
12441113456,node,12.9932666,77.5390250,crossing,uncontrolled,,
12441113457,node,12.9932447,77.5390883,crossing,uncontrolled,,
12441113458,node,12.9933051,77.5391616,crossing,uncontrolled,,
12441113482,node,12.9992668,77.5411078,crossing,uncontrolled,,
12441113491,node,12.9994479,77.5411367,crossing,uncontrolled,,
12441113492,node,12.9993988,77.5410362,crossing,uncontrolled,,
12441118676,node,12.9989258,77.5417677,crossing,unmarked,,
12441126018,node,12.9976740,77.5405376,crossing,unmarked,,
12441126032,node,12.9915837,77.5383373,crossing,uncontrolled,,
12441126037,node,12.9879840,77.5373222,traffic_signals,,,
12441141216,node,12.9992808,77.5412555,crossing,uncontrolled,,
12441141217,node,12.9993394,77.5412759,crossing,uncontrolled,,
12441719344,node,12.9726418,77.5380013,crossing,unmarked,,
12441719359,node,12.9724540,77.5384682,crossing,unmarked,,
12441719362,node,12.9729850,77.5386090,crossing,uncontrolled,,
12441719363,node,12.9728953,77.5386861,crossing,uncontrolled,,
12441719365,node,12.9729820,77.5385582,crossing,uncontrolled,,
12441719367,node,12.9729123,77.5384916,crossing,uncontrolled,,
12441719368,node,12.9728156,77.5385560,crossing,uncontrolled,,
12441719378,node,12.9737147,77.5384199,crossing,unmarked,,
12441719382,node,12.9736567,77.5384671,crossing,unmarked,,
12441745903,node,12.9730940,77.5383936,crossing,unmarked,,
12441745904,node,12.9730762,77.5384319,crossing,unmarked,,
12441745907,node,12.9733164,77.5377822,crossing,unmarked,,
12441745910,node,12.9734924,77.5372621,crossing,unmarked,,
12441745912,node,12.9736458,77.5368316,crossing,unmarked,,
12441745917,node,12.9738219,77.5363376,crossing,unmarked,,
12441745920,node,12.9741986,77.5352710,crossing,unmarked,,
12441745929,node,12.9736602,77.5365877,crossing,unmarked,,
12441745934,node,12.9741276,77.5353508,crossing,unmarked,,
12441745940,node,12.9737717,77.5363720,crossing,unmarked,,
12441745944,node,12.9735896,77.5368705,crossing,unmarked,,
12441745949,node,12.9734344,77.5373038,crossing,unmarked,,
12441745970,node,12.9756767,77.5350313,crossing,unmarked,,
12441745977,node,12.9753607,77.5384420,crossing,unmarked,,
12441745980,node,12.9753672,77.5420529,crossing,uncontrolled,table,
12441745986,node,12.9754707,77.5417202,crossing,unmarked,,
12441745989,node,12.9755252,77.5412820,crossing,unmarked,,
12441745992,node,12.9755722,77.5408570,crossing,unmarked,,
12441745995,node,12.9756216,77.5403976,crossing,unmarked,,
12441745998,node,12.9756659,77.5399616,crossing,unmarked,,
12441746001,node,12.9757123,77.5395430,crossing,unmarked,,
12441746020,node,12.9756227,77.5390640,crossing,unmarked,,
12441746023,node,12.9755836,77.5395284,crossing,unmarked,,
12441746024,node,12.9758188,77.5386174,traffic_signals,,,signal
12441746025,node,12.9757195,77.5384055,traffic_signals,,,signal
12441746026,node,12.9757340,77.5386814,traffic_signals,,,signal
12441746027,node,12.9756009,77.5385336,traffic_signals,,,signal
12441746029,node,12.9756572,77.5385547,crossing,uncontrolled,,
12441746034,node,12.9757214,77.5384316,crossing,uncontrolled,,
12441746039,node,12.9755455,77.5399493,crossing,unmarked,,
12441746040,node,12.9755068,77.5403812,crossing,unmarked,,
12441746042,node,12.9754597,77.5408440,crossing,unmarked,,
12441746051,node,12.9757362,77.5386610,crossing,uncontrolled,,
12441746062,node,12.9743408,77.5345519,crossing,unmarked,,
12441746064,node,12.9732604,77.5376824,crossing,unmarked,,
12441746069,node,12.9733204,77.5376654,crossing,unmarked,,
12441746071,node,12.9743982,77.5380895,crossing,unmarked,,
12441856470,node,12.9808324,77.5368826,traffic_signals,,,
12441856472,node,12.9823029,77.5372135,,,rumble_strip,
12441856480,node,12.9830046,77.5371409,crossing,uncontrolled,,
12441856483,node,12.9830315,77.5372212,crossing,uncontrolled,,
12441856489,node,12.9806160,77.5371500,crossing,uncontrolled,,
12441856492,node,12.9804011,77.5370457,crossing,uncontrolled,,
12441856493,node,12.9803916,77.5370685,traffic_signals,,,signal
12441867921,node,12.9844397,77.5370807,crossing,uncontrolled,,
12441867922,node,12.9844348,77.5371586,crossing,uncontrolled,,
12441867930,node,12.9868688,77.5372975,crossing,uncontrolled,,
12441867931,node,12.9868634,77.5373834,crossing,uncontrolled,,
12441867937,node,12.9864923,77.5373449,,,rumble_strip,
12441867942,node,12.9879315,77.5376292,traffic_signals,,,
12441867949,node,12.9879525,77.5379758,crossing,unmarked,,
12441867955,node,12.9870652,77.5398133,crossing,unmarked,,
12441867959,node,12.9861197,77.5416002,crossing,unmarked,,
12441867966,node,12.9901936,77.5380430,crossing,uncontrolled,,
12441867967,node,12.9902012,77.5379829,crossing,uncontrolled,,
12441867979,node,12.9906536,77.5381462,crossing,uncontrolled,,
12441867980,node,12.9906609,77.5380841,crossing,uncontrolled,,
12441867985,node,12.9947367,77.5395569,crossing,uncontrolled,,
12441867986,node,12.9947231,77.5396118,crossing,uncontrolled,,
12441867995,node,12.9992647,77.5412835,traffic_signals,,,
12441867996,node,12.9992135,77.5410874,traffic_signals,,,
12441867997,node,12.9994211,77.5409984,traffic_signals,,,
12441867998,node,12.9994817,77.5411392,traffic_signals,,,
12441868000,node,12.9801498,77.5375230,crossing,unmarked,,
12442999913,node,12.9800732,77.7274372,crossing,uncontrolled,table,
12442999923,node,12.9842365,77.7288605,crossing,uncontrolled,table,
12442999924,node,12.9841643,77.7289924,crossing,uncontrolled,table,
12448327755,node,12.9688600,77.6480275,crossing,uncontrolled,,
12448373556,node,12.9704123,77.6449726,crossing,unmarked,,
12448373563,node,12.9703297,77.6455592,crossing,unmarked,,
12448373566,node,12.9702899,77.6440994,crossing,unmarked,,
12448373569,node,12.9703787,77.6432956,crossing,unmarked,,
12448373577,node,12.9703610,77.6450151,crossing,unmarked,,
12448373582,node,12.9703404,77.6441379,crossing,unmarked,,
12448373586,node,12.9702741,77.6435158,crossing,unmarked,,
12448373596,node,12.9703230,77.6419316,crossing,unmarked,,
12448380904,node,12.9703170,77.6433641,crossing,unmarked,,
12448380907,node,12.9701942,77.6420000,crossing,unmarked,,
12448400106,node,12.9660773,77.6416193,crossing,unmarked,,
12448400109,node,12.9668087,77.6415763,crossing,unmarked,,
12448400112,node,12.9674714,77.6415456,crossing,unmarked,,
12448400114,node,12.9685885,77.6414860,crossing,uncontrolled,,
12448400116,node,12.9685785,77.6412604,crossing,uncontrolled,,
12450523219,node,12.9778452,77.7151309,crossing,unmarked,,
12451306646,node,12.9358648,77.6153569,traffic_signals,,,signal
12451306648,node,12.9440040,77.6077626,traffic_signals,,,signal
12451306651,node,12.9440030,77.6077353,crossing,uncontrolled,,
12451306652,node,12.9440436,77.6077259,crossing,uncontrolled,,
12451306655,node,12.9439041,77.6075940,crossing,uncontrolled,,
12451306656,node,12.9439214,77.6076783,crossing,uncontrolled,,
12451306659,node,12.9441255,77.6075320,crossing,uncontrolled,,
12451306660,node,12.9441452,77.6076138,crossing,uncontrolled,,
12451306664,node,12.9440500,77.6073994,crossing,uncontrolled,,
12452722465,node,12.9729662,77.6200594,crossing,uncontrolled,,
12452722471,node,12.9746294,77.6200531,crossing,uncontrolled,,
12452723312,node,12.9747272,77.6199789,crossing,uncontrolled,,
12452723318,node,12.9748186,77.6200796,crossing,uncontrolled,,
12452723325,node,12.9725635,77.6196229,crossing,traffic_signals,,
12452723326,node,12.9726679,77.6196047,crossing,traffic_signals,,
12452734618,node,12.9754172,77.6143214,crossing,traffic_signals,,
12452734619,node,12.9752263,77.6143325,crossing,traffic_signals,,
12452734626,node,12.9754844,77.6144174,crossing,traffic_signals,,
12452734627,node,12.9754622,77.6144955,crossing,traffic_signals,,
12452734629,node,12.9762054,77.6146486,traffic_signals,,,signal
12452734630,node,12.9764646,77.6147993,traffic_signals,,,signal
12452734634,node,12.9762324,77.6146572,crossing,traffic_signals,,
12452734635,node,12.9762110,77.6147304,crossing,traffic_signals,,
12452734641,node,12.9762685,77.6148235,crossing,traffic_signals,,
12452734642,node,12.9763200,77.6148386,crossing,traffic_signals,,
12452734648,node,12.9764571,77.6147246,crossing,traffic_signals,,
12452734649,node,12.9764374,77.6147912,crossing,traffic_signals,,
12452763614,node,12.9873400,77.7536733,crossing,unmarked,,
12452763618,node,12.9872006,77.7540733,crossing,unmarked,,
12455449777,node,12.9768479,77.7248524,crossing,unmarked,,
12456255955,node,12.9997550,77.5958584,crossing,uncontrolled,,
12456255960,node,12.9996246,77.5968567,crossing,uncontrolled,,
12459183660,node,12.9271959,77.6691980,crossing,unmarked,,
12459183661,node,12.9272310,77.6692643,crossing,unmarked,,
12459197074,node,12.9163201,77.6151432,crossing,traffic_signals,,
12459197075,node,12.9164633,77.6151569,crossing,traffic_signals,,
12459197078,node,12.9162758,77.6152256,crossing,traffic_signals,,
12459197079,node,12.9162793,77.6151764,crossing,traffic_signals,,
12459197082,node,12.9163059,77.6152528,crossing,traffic_signals,,
12459197083,node,12.9164526,77.6152627,crossing,traffic_signals,,
12459197093,node,12.9163403,77.6144508,crossing,unmarked,,
12459197095,node,12.9163171,77.6147878,crossing,unmarked,,
12459207606,node,12.9165747,77.6142233,crossing,unmarked,,
12459207609,node,12.9164192,77.6100478,crossing,traffic_signals,,
12459207610,node,12.9164175,77.6101165,crossing,traffic_signals,,
12459207613,node,12.9164506,77.6101880,crossing,traffic_signals,,
12459207614,node,12.9166257,77.6101934,crossing,traffic_signals,,
12459207617,node,12.9164557,77.6100005,crossing,traffic_signals,,
12459207618,node,12.9166272,77.6100047,crossing,traffic_signals,,
12459207621,node,12.9162308,77.6156962,crossing,unmarked,,
12459218189,node,12.9168636,77.5967771,traffic_signals,,,
12459218190,node,12.9167473,77.5969502,traffic_signals,,,
12459218196,node,12.9168861,77.5983454,crossing,unmarked,,
12459218199,node,12.9168964,77.5979984,crossing,unmarked,,
12459243302,node,12.9168995,77.5976408,crossing,unmarked,,
12459243305,node,12.9169054,77.5972658,crossing,unmarked,,
12459243308,node,12.9169135,77.5968164,crossing,traffic_signals,,
12459243309,node,12.9169123,77.5969008,crossing,traffic_signals,,
12459243313,node,12.9166415,77.5983962,crossing,unmarked,,
12459243316,node,12.9166503,77.5979842,crossing,unmarked,,
12459243319,node,12.9166637,77.5976503,crossing,unmarked,,
12459243322,node,12.9166702,77.5972703,crossing,unmarked,,
12459243325,node,12.9166774,77.5968416,crossing,traffic_signals,,
12459243326,node,12.9166770,77.5968630,crossing,traffic_signals,,
12459243330,node,12.9167482,77.5969231,crossing,traffic_signals,,
12459243331,node,12.9168625,77.5969249,crossing,traffic_signals,,
12459243338,node,12.9169447,77.5954836,crossing,unmarked,,
12459243341,node,12.9169394,77.5957913,crossing,unmarked,,
12459243344,node,12.9169311,77.5961387,crossing,unmarked,,
12459243347,node,12.9169239,77.5964445,crossing,unmarked,,
12459243351,node,12.9167508,77.5967907,crossing,traffic_signals,,
12459243352,node,12.9168633,77.5967946,crossing,traffic_signals,,
12459243390,node,12.9130220,77.5998601,crossing,traffic_signals,,
12459243396,node,12.9166326,77.5986670,crossing,unmarked,,
12460791294,node,12.9717689,77.6147691,crossing,unmarked,,
12460840904,node,12.9723946,77.6149402,crossing,unmarked,,
12460840911,node,12.9711259,77.6147852,crossing,unmarked,,
12460840923,node,12.9704686,77.6147610,crossing,unmarked,,
12460840926,node,12.9691722,77.6153321,,,island,
12460840931,node,12.9691359,77.6155217,crossing,uncontrolled,,
12460840932,node,12.9691943,77.6154849,crossing,uncontrolled,,
12460840937,node,12.9705105,77.6147948,crossing,unmarked,,
12460840985,node,12.9685625,77.6144118,crossing,uncontrolled,,
12460840986,node,12.9685052,77.6144630,crossing,uncontrolled,,
12460840992,node,12.9683823,77.6143213,crossing,uncontrolled,,
12460840993,node,12.9683899,77.6143560,crossing,uncontrolled,,
12460840997,node,12.9684117,77.6141155,crossing,traffic_signals,,
12460840998,node,12.9685010,77.6141181,crossing,traffic_signals,,
12460854906,node,12.9700926,77.6170367,crossing,uncontrolled,,
12460854907,node,12.9700460,77.6170666,crossing,uncontrolled,,
12460885353,node,12.9697826,77.6119074,crossing,uncontrolled,,
12460885357,node,12.9702599,77.6105493,crossing,traffic_signals,,
12460885364,node,12.9701230,77.6103967,crossing,traffic_signals,,
12460885407,node,12.9704032,77.6101475,crossing,traffic_signals,,
12460885408,node,12.9704546,77.6101570,crossing,traffic_signals,,
12460885414,node,12.9705877,77.6102984,crossing,traffic_signals,,
12460929620,node,12.9684457,77.6060864,crossing,uncontrolled,,
12460929625,node,12.9696703,77.6065725,crossing,unmarked,,
12460929632,node,12.9700029,77.6066808,crossing,unmarked,,
12460929634,node,12.9692094,77.6064235,crossing,unmarked,,
12460929641,node,12.9687368,77.6063107,crossing,unmarked,,
12460929659,node,12.9683460,77.6062257,traffic_signals,,,signal
12460929677,node,12.9681267,77.6067368,crossing,unmarked,,
12460929681,node,12.9677413,77.6076489,crossing,unmarked,,
12460929688,node,12.9676984,77.6063435,crossing,unmarked,,
12460929706,node,12.9662073,77.6066777,crossing,traffic_signals,,
12461082101,node,12.9673093,77.6007904,crossing,unmarked,,
12462400270,node,12.9648264,77.5972315,crossing,traffic_signals,,
12462400271,node,12.9649443,77.5972257,crossing,traffic_signals,,
12462400287,node,12.9641717,77.5966858,crossing,unmarked,,
12462417402,node,12.9646246,77.5968764,crossing,traffic_signals,,
12462417404,node,12.9646905,77.5967346,crossing,traffic_signals,,
12462434285,node,12.9694839,77.6024848,crossing,uncontrolled,,
12462434295,node,12.9680554,77.6028698,stop,,,
12462450427,node,12.9710266,77.5976870,stop,,,
12462450432,node,12.9715852,77.5953784,crossing,uncontrolled,,
12462501279,node,12.9674426,77.6081235,crossing,uncontrolled,,
12462501283,node,12.9675068,77.6080696,crossing,uncontrolled,,
12462501290,node,12.9671635,77.6078452,crossing,uncontrolled,,
12462506245,node,12.9738036,77.6137903,crossing,traffic_signals,,
12462506246,node,12.9736501,77.6139600,crossing,traffic_signals,,
12462507905,node,12.9667589,77.6086806,traffic_signals,,,
12462507906,node,12.9665551,77.6087772,traffic_signals,,,
12462507953,node,12.9670316,77.6112737,crossing,traffic_signals,,
12462507961,node,12.9674719,77.6111043,crossing,traffic_signals,,
12462507962,node,12.9674861,77.6111519,crossing,traffic_signals,,
12462507966,node,12.9670902,77.6115269,traffic_signals,,,signal
12462598544,node,12.9772558,77.7271490,crossing,uncontrolled,,
12462598545,node,12.9772589,77.7272913,crossing,uncontrolled,,
12462598547,node,12.9800383,77.7273006,,,rumble_strip,
12462598549,node,12.9819213,77.7278264,,,rumble_strip,
12462598552,node,12.9773359,77.7181035,,,rumble_strip,
12464229061,node,12.9140768,77.6248164,,,hump,
12464229064,node,12.9071417,77.6287431,crossing,uncontrolled,,
12464229065,node,12.9071161,77.6286954,crossing,uncontrolled,,
12464229066,node,12.9072388,77.6289241,crossing,uncontrolled,,
12464229067,node,12.9072760,77.6289933,crossing,uncontrolled,,
12464229070,node,12.9063361,77.6296856,crossing,uncontrolled,,
12464229071,node,12.9063859,77.6296615,crossing,uncontrolled,,
12466406372,node,12.9610915,77.5883593,crossing,traffic_signals,,
12466406379,node,12.9611448,77.5865600,crossing,unmarked,,
12466406385,node,12.9610342,77.5880321,crossing,traffic_signals,,
12466406386,node,12.9610983,77.5880613,crossing,traffic_signals,,
12466444263,node,12.9634848,77.5839473,crossing,unmarked,,
12466444266,node,12.9634023,77.5833463,crossing,unmarked,,
12466444269,node,12.9632693,77.5823751,crossing,unmarked,,
12466444272,node,12.9632510,77.5819916,crossing,unmarked,,
12466444275,node,12.9633163,77.5811199,crossing,unmarked,,
12466444278,node,12.9634352,77.5797971,crossing,unmarked,,
12466444282,node,12.9634969,77.5788256,crossing,unmarked,,
12466459946,node,12.9622087,77.5760105,traffic_signals,,,signal
12466459952,node,12.9590449,77.5775263,crossing,traffic_signals,,
12466459959,node,12.9591296,77.5776537,traffic_signals,,,signal
12466459966,node,12.9571537,77.5774003,crossing,unmarked,,
12466459969,node,12.9575432,77.5774417,crossing,unmarked,,
12466459972,node,12.9583306,77.5775573,crossing,unmarked,,
12466459975,node,12.9585079,77.5775814,crossing,unmarked,,
12466459977,node,12.9586617,77.5776465,traffic_signals,,,signal
12466459995,node,12.9596981,77.5747418,traffic_signals,,,signal
12466459996,node,12.9598301,77.5743860,traffic_signals,,,signal
12466460005,node,12.9598242,77.5744050,crossing,traffic_signals,,
12466460009,node,12.9596888,77.5744755,crossing,traffic_signals,,
12466460010,node,12.9596626,77.5745545,crossing,traffic_signals,,
12466460042,node,12.9588299,77.5777750,traffic_signals,,,signal
12466460046,node,12.9560720,77.5772307,crossing,traffic_signals,,
12466460047,node,12.9560524,77.5772877,crossing,traffic_signals,,
12466462655,node,12.9197116,77.6429105,,,hump,
12466475407,node,12.9622823,77.5990042,,,table,
12466486190,node,12.9318021,77.6134313,crossing,unmarked,,
12466639117,node,12.9955586,77.6019402,traffic_signals,,,
12480115934,node,12.9992605,77.6404466,crossing,unmarked,,
12483048822,node,12.9751524,77.6042812,crossing,uncontrolled,,
12484262630,node,12.9920738,77.5944295,crossing,traffic_signals,,
12492261637,node,12.9234476,77.5848602,,,bump,
12492261638,node,12.9234443,77.5853998,,,bump,
12492261690,node,12.9234168,77.5848595,crossing,uncontrolled,,
12492261692,node,12.9217031,77.5858117,crossing,uncontrolled,,
12492261694,node,12.9217005,77.5859890,crossing,uncontrolled,,
12492261697,node,12.9211693,77.5859788,crossing,uncontrolled,,
12492261700,node,12.9206698,77.5859693,crossing,uncontrolled,,
12492290539,node,12.9210620,77.5818526,,,bump,
12492290545,node,12.9198934,77.5819349,crossing,uncontrolled,,
12492290550,node,12.9193112,77.5819275,crossing,uncontrolled,,
12492290553,node,12.9188348,77.5819224,crossing,uncontrolled,,
12492290556,node,12.9184152,77.5819180,crossing,uncontrolled,,
12492290559,node,12.9179508,77.5819130,crossing,uncontrolled,,
12492290573,node,12.9171350,77.5835570,crossing,uncontrolled,,
12492290574,node,12.9170361,77.5835550,crossing,uncontrolled,,
12492308003,node,12.9201995,77.5859603,crossing,uncontrolled,,
12492308006,node,12.9199733,77.5859560,crossing,uncontrolled,,
12492308020,node,12.9180576,77.5857609,crossing,uncontrolled,,
12492308029,node,12.9180553,77.5859194,crossing,uncontrolled,,
12492308032,node,12.9169271,77.5858547,crossing,traffic_signals,,
12492308040,node,12.9171441,77.5857950,crossing,traffic_signals,,
12492308041,node,12.9171425,77.5858592,crossing,traffic_signals,,
12492308046,node,12.9168772,77.5857882,traffic_signals,,,
12492308047,node,12.9169731,77.5859401,traffic_signals,,,
12492308048,node,12.9170960,77.5857177,traffic_signals,,,
12492308061,node,12.9169771,77.5857466,crossing,traffic_signals,,
12492308063,node,12.9169738,77.5859046,crossing,traffic_signals,,
12492308064,node,12.9170909,77.5859036,crossing,traffic_signals,,
12492308070,node,12.9169807,77.5871444,,,hump,
12492308074,node,12.9168414,77.5925222,crossing,uncontrolled,,
12492308075,node,12.9169475,77.5925223,crossing,uncontrolled,,
12492308080,node,12.9169441,77.5927029,crossing,uncontrolled,,
12492308081,node,12.9168405,77.5927054,crossing,uncontrolled,,
12492308085,node,12.9169356,77.5933670,crossing,uncontrolled,,
12492308086,node,12.9168359,77.5933667,crossing,uncontrolled,,
12492308091,node,12.9168383,77.5932143,crossing,uncontrolled,,
12492308092,node,12.9169363,77.5932187,crossing,uncontrolled,,
12492308097,node,12.9169890,77.5925917,crossing,uncontrolled,,
12492308110,node,12.9167633,77.5926009,crossing,uncontrolled,,
12492308111,node,12.9167513,77.5932786,crossing,uncontrolled,,
12492308118,node,12.9169735,77.5932862,crossing,uncontrolled,,
12492308119,node,12.9169763,77.5929202,crossing,uncontrolled,,
12492308124,node,12.9169530,77.5946378,crossing,uncontrolled,,
12492308125,node,12.9169629,77.5943612,crossing,uncontrolled,,
12492308126,node,12.9169677,77.5940239,crossing,uncontrolled,,
12492308127,node,12.9169700,77.5936864,crossing,uncontrolled,,
12492308136,node,12.9167268,77.5950810,crossing,traffic_signals,,
12492308137,node,12.9167272,77.5950386,crossing,traffic_signals,,
12492308142,node,12.9169519,77.5950422,crossing,traffic_signals,,
12492308143,node,12.9169521,77.5950767,crossing,traffic_signals,,
12492308147,node,12.9169038,77.5949408,traffic_signals,,,
12492308150,node,12.9167892,77.5952352,traffic_signals,,,
12492427216,node,12.9340119,77.5827699,,,rumble_strip,
12492427217,node,12.9345186,77.5822599,,,rumble_strip,
12492427237,node,12.9331686,77.5839149,traffic_signals,,,
12492427238,node,12.9328235,77.5839070,traffic_signals,,,
12492427239,node,12.9331704,77.5837185,traffic_signals,,,
12492427329,node,12.9285856,77.5862753,traffic_signals,,,
12492427330,node,12.9284358,77.5861041,traffic_signals,,,
12492427331,node,12.9287629,77.5860565,traffic_signals,,,
12492427354,node,12.9262938,77.5858912,crossing,traffic_signals,,
12492427356,node,12.9262944,77.5858301,traffic_signals,,,
12492427357,node,12.9262931,77.5861399,traffic_signals,,,
12492427358,node,12.9263884,77.5860974,traffic_signals,,,
12492427359,node,12.9261937,77.5859531,traffic_signals,,,
12492427376,node,12.9254979,77.5858743,crossing,uncontrolled,,
12492698192,node,12.9756741,77.6168142,crossing,uncontrolled,,
12492698193,node,12.9758070,77.6164110,crossing,uncontrolled,,
12495125008,node,12.9263564,77.5818718,,,rumble_strip,
12495125012,node,12.9258109,77.5818417,crossing,uncontrolled,,
12495125019,node,12.9244537,77.5837903,crossing,uncontrolled,,
12495125020,node,12.9244539,77.5837257,crossing,uncontrolled,,
12495125025,node,12.9261855,77.5838075,crossing,uncontrolled,,
12495125026,node,12.9261873,77.5837331,crossing,uncontrolled,,
12495125032,node,12.9233829,77.5838568,crossing,uncontrolled,,
12495125033,node,12.9233361,77.5838570,crossing,uncontrolled,,
12495125039,node,12.9258719,77.5838832,crossing,uncontrolled,,
12495125042,node,12.9254816,77.5838758,crossing,uncontrolled,,
12495125045,node,12.9250970,77.5838688,crossing,uncontrolled,,
12495125048,node,12.9246832,77.5838657,crossing,uncontrolled,,
12495125051,node,12.9242738,77.5838625,crossing,uncontrolled,,
12495143459,node,12.9453375,77.5713697,crossing,uncontrolled,,
12495143472,node,12.9436875,77.5729428,crossing,uncontrolled,,
12495143476,node,12.9436521,77.5736806,crossing,uncontrolled,,
12495143477,node,12.9436531,77.5739077,crossing,uncontrolled,,
12495143479,node,12.9437030,77.5739828,traffic_signals,,,
12495151234,node,12.9392777,77.5840503,crossing,uncontrolled,,
12495151260,node,12.9369432,77.5801192,crossing,traffic_signals,,
12495151261,node,12.9370379,77.5800124,crossing,traffic_signals,,
12495151270,node,12.9367850,77.5803720,crossing,traffic_signals,,
12495151271,node,12.9366888,77.5803711,crossing,traffic_signals,,
12495362014,node,12.9528147,77.5768333,crossing,uncontrolled,,
12495362018,node,12.9528936,77.5768475,crossing,uncontrolled,,
12495362019,node,12.9528953,77.5767835,crossing,uncontrolled,,
12495362069,node,12.9531036,77.5737718,crossing,traffic_signals,,
12495362070,node,12.9531024,77.5735966,crossing,traffic_signals,,
12507214356,node,12.9845262,77.5539642,traffic_signals,,,
12507214357,node,12.9846280,77.5541702,traffic_signals,,,
12507214358,node,12.9842992,77.5541471,traffic_signals,,,
12507214361,node,12.9844492,77.5539695,crossing,traffic_signals,,
12507214362,node,12.9845020,77.5540056,crossing,traffic_signals,,
12507214369,node,12.9843159,77.5541491,crossing,traffic_signals,,
12507214372,node,12.9845950,77.5541700,crossing,traffic_signals,,
12507214376,node,12.9879895,77.5498479,crossing,uncontrolled,,
12507214377,node,12.9879141,77.5500722,crossing,uncontrolled,,
12507214382,node,12.9879592,77.5497884,crossing,uncontrolled,,
12507214383,node,12.9879047,77.5497718,crossing,uncontrolled,,
12507214389,node,12.9879583,77.5500845,traffic_signals,,,signal
12508500536,node,12.8816062,77.5432393,crossing,unmarked,,
12508500539,node,12.8810000,77.5436661,crossing,unmarked,,
12508500542,node,12.8805592,77.5439780,crossing,unmarked,,
12508589361,node,12.8798905,77.5444999,crossing,unmarked,,
12508589363,node,12.8807411,77.5436753,crossing,unmarked,,
12508589366,node,12.8814898,77.5431480,crossing,unmarked,,
12508589432,node,12.8796483,77.5454874,crossing,uncontrolled,,
12508589534,node,12.8768166,77.5447040,crossing,unmarked,,
12508589553,node,12.8795198,77.5455337,crossing,uncontrolled,,
12508589554,node,12.8794701,77.5456607,crossing,uncontrolled,,
12508633833,node,12.8741663,77.5406608,traffic_signals,,,
12508726686,node,12.8886631,77.5362211,crossing,unmarked,,
12508754916,node,12.8930541,77.5282691,crossing,unmarked,,
12508754923,node,12.8930675,77.5286657,crossing,unmarked,,
12508754925,node,12.8916135,77.5316103,crossing,unmarked,,
12508754926,node,12.8914760,77.5319609,crossing,unmarked,,
12508754927,node,12.8913640,77.5322728,crossing,unmarked,,
12508754928,node,12.8909044,77.5336851,crossing,unmarked,,
12508754929,node,12.8903149,77.5349458,crossing,unmarked,,
12508754930,node,12.8886536,77.5360522,crossing,unmarked,,
12508754942,node,12.8882454,77.5366146,crossing,unmarked,,
12508754943,node,12.8882222,77.5364470,crossing,unmarked,,
12508755002,node,12.8906635,77.5344023,crossing,unmarked,,
12508755101,node,12.8867334,77.5379590,crossing,unmarked,,
12508755109,node,12.8852576,77.5403832,crossing,unmarked,,
12508755110,node,12.8840095,77.5412819,crossing,unmarked,,
12508755152,node,12.8874736,77.5371036,crossing,unmarked,,
12508755153,node,12.8869009,77.5376185,crossing,unmarked,,
12508755154,node,12.8859518,77.5391964,crossing,unmarked,,
12508755161,node,12.8852471,77.5401890,crossing,unmarked,,
12508755162,node,12.8850555,77.5403599,crossing,unmarked,,
12508755163,node,12.8843856,77.5408217,crossing,unmarked,,
12508755164,node,12.8841668,77.5409724,crossing,unmarked,,
12508755165,node,12.8838550,77.5412055,crossing,unmarked,,
12508755179,node,12.8806063,77.5437709,crossing,unmarked,,
12511843172,node,12.9691591,77.7128938,,informal,,
12523178642,node,12.9879100,77.5125525,crossing,traffic_signals,,
12523178663,node,12.9878443,77.5122208,crossing,traffic_signals,,
12523178664,node,12.9878030,77.5123534,crossing,traffic_signals,,
12525432701,node,12.9437981,77.5800905,traffic_signals,,,signal
12526376803,node,12.9704446,77.6007707,crossing,uncontrolled,,
12531357262,node,13.1258885,77.6124564,,,rumble_strip,
12531369249,node,13.0042330,77.5536850,traffic_signals,,,signal
12531369253,node,13.0044046,77.5538909,traffic_signals,,,signal
12531369256,node,13.0043683,77.5536806,crossing,traffic_signals,,
12531369257,node,13.0044211,77.5536921,crossing,traffic_signals,,
12531382305,node,12.9432273,77.5262910,,,rumble_strip,
12531390543,node,12.9749943,77.6252084,traffic_signals,,,
12538092507,node,12.9816840,77.6311703,traffic_signals,traffic_signals,,
12538092508,node,12.9816825,77.6315592,traffic_signals,traffic_signals,,
12538092510,node,12.9784575,77.6285024,traffic_signals,,,
12538710575,node,12.9595040,77.5557787,traffic_signals,,,
12540794474,node,12.9106904,77.6446759,crossing,unmarked,,
12540794479,node,12.9140305,77.6381699,crossing,uncontrolled,,
12543779132,node,12.9764360,77.6267190,crossing,uncontrolled,,
12543779133,node,12.9764744,77.6266590,crossing,uncontrolled,,
12543779156,node,12.9749979,77.6252143,crossing,traffic_signals,,
12543779157,node,12.9749482,77.6252628,crossing,traffic_signals,,
12543779166,node,12.9752202,77.6254541,crossing,unmarked,,
12543779194,node,12.9750898,77.6252374,crossing,traffic_signals,,
12550783780,node,12.9665848,77.6139004,traffic_signals,,,signal
12550783786,node,12.9665672,77.6138990,crossing,uncontrolled,,
12550784915,node,12.9664228,77.6139532,traffic_signals,,,signal
12551629147,node,12.9971273,77.6699698,traffic_signals,,,signal
12557928202,node,12.9931717,77.7037513,crossing,unmarked,,
12557928213,node,12.9930549,77.7043591,crossing,unmarked,,
12558269345,node,12.9716185,77.5953922,crossing,uncontrolled,,
12558269346,node,12.9711957,77.5965678,crossing,uncontrolled,,
12570798549,node,13.0988870,77.5898825,,informal,,
12570798550,node,13.0983058,77.5905665,,informal,,
12570816807,node,13.0995726,77.5772161,crossing,uncontrolled,,
12570816818,node,13.0993257,77.5762552,crossing,uncontrolled,,
12570816819,node,13.0993312,77.5762821,crossing,uncontrolled,,
12570895057,node,13.0220962,77.6481858,,,rumble_strip,
12570895058,node,13.0223556,77.6475871,,,rumble_strip,
12570895059,node,13.0266200,77.6356586,,,rumble_strip,
12570895060,node,13.0278659,77.6323161,,,rumble_strip,
12570895061,node,13.0274186,77.6333540,,,rumble_strip,
12570903559,node,12.9828306,77.6928985,crossing,uncontrolled,,
12578591684,node,12.9372491,77.7515257,,,bump,
12578591685,node,12.9372366,77.7515215,,,bump,
12580905278,node,12.9369585,77.5754260,traffic_signals,,,
12580905279,node,12.9367945,77.5755298,traffic_signals,,,
12580905291,node,12.9405756,77.5740360,traffic_signals,,,
12580905293,node,12.9398731,77.5738100,traffic_signals,,,
12581307708,node,12.9368040,77.5752843,crossing,uncontrolled,,
12581307709,node,12.9368763,77.5752829,crossing,uncontrolled,,
12581307721,node,12.9405287,77.5753185,crossing,uncontrolled,,
12581307722,node,12.9405287,77.5753888,crossing,uncontrolled,,
12604436842,node,13.0301958,77.5370622,crossing,uncontrolled,,
12604436843,node,13.0301572,77.5371376,crossing,uncontrolled,,
12604436848,node,13.0304111,77.5371243,crossing,uncontrolled,,
12604436849,node,13.0305348,77.5372088,crossing,uncontrolled,,
12607355194,node,12.9870648,77.5198981,traffic_signals,,,
12607355197,node,12.9689542,77.5126752,,,rumble_strip,
12607389806,node,12.9522994,77.5206529,,,rumble_strip,
12607389807,node,12.9477256,77.5241496,,,rumble_strip,
12609331096,node,12.9714410,77.5869005,,,rumble_strip,
12609331100,node,12.9698672,77.5871179,crossing,unmarked,,
12609390302,node,12.9667571,77.5873702,traffic_signals,,,signal
12609390306,node,12.9667695,77.5873743,crossing,traffic_signals,,
12611782068,node,12.9119130,77.6491125,traffic_signals,,,signal
12611782069,node,12.9119103,77.6489485,traffic_signals,,,signal
12611782070,node,12.9117901,77.6490604,traffic_signals,,,signal
12611782071,node,12.9120294,77.6490297,traffic_signals,,,signal
12611782072,node,12.9124071,77.6325384,traffic_signals,,,signal
12611782073,node,12.9125652,77.6324581,traffic_signals,,,signal
12611782074,node,12.9123323,77.6324158,traffic_signals,,,signal
12611782078,node,12.9124145,77.6323197,traffic_signals,,,signal
12611782080,node,12.9123548,77.6324155,crossing,traffic_signals,,
12611782081,node,12.9123546,77.6324621,crossing,traffic_signals,,
12612408129,node,12.9101836,77.5952136,crossing,traffic_signals,,
12612408130,node,12.9101834,77.5951613,crossing,traffic_signals,,
12612408133,node,12.9102329,77.5951044,crossing,traffic_signals,,
12612408134,node,12.9102843,77.5951011,crossing,traffic_signals,,
12612408144,node,12.9103654,77.5952153,crossing,traffic_signals,,
12612408145,node,12.9103646,77.5951672,crossing,traffic_signals,,
12612408149,node,12.9102419,77.5952728,crossing,traffic_signals,,
12612408150,node,12.9102957,77.5952699,crossing,traffic_signals,,
12612408153,node,12.9107832,77.5951230,crossing,unmarked,,
12625079623,node,12.9209483,77.5745401,traffic_signals,,,
12625079624,node,12.9206919,77.5744059,traffic_signals,,,
12625079644,node,12.9235213,77.5734998,crossing,uncontrolled,,
12625079647,node,12.9235178,77.5736717,crossing,uncontrolled,,
12625079652,node,12.9236791,77.5735605,crossing,uncontrolled,,
12625079653,node,12.9236783,77.5736158,crossing,uncontrolled,,
12625079658,node,12.9227190,77.5734925,crossing,unmarked,,
12625079660,node,12.9230797,77.5734981,crossing,unmarked,,
12626050471,node,13.0221915,77.6391206,crossing,unmarked,,
12626050475,node,13.0225714,77.6372458,crossing,traffic_signals,,
12626050476,node,13.0225860,77.6371743,crossing,traffic_signals,,
12626050477,node,13.0229400,77.6372630,crossing,traffic_signals,,
12626050478,node,13.0229386,77.6371970,crossing,traffic_signals,,
12626050482,node,13.0227168,77.6373683,crossing,traffic_signals,,
12627848638,node,13.0220214,77.6396008,crossing,uncontrolled,,
12627848639,node,13.0218717,77.6400673,crossing,unmarked,,
12627848640,node,13.0213377,77.6420359,crossing,unmarked,,
12627848660,node,13.0210623,77.6426221,crossing,unmarked,,
12627848661,node,13.0218977,77.6395947,crossing,unmarked,,
12627848664,node,13.0213674,77.6414606,crossing,unmarked,,
12627848665,node,13.0214581,77.6411140,crossing,unmarked,,
12627848668,node,13.0222837,77.6384680,crossing,unmarked,,
12627849056,node,13.0244770,77.6319026,crossing,unmarked,,
12627849057,node,13.0237866,77.6339429,crossing,unmarked,,
12627849058,node,13.0231571,77.6361567,crossing,unmarked,,
12627849059,node,13.0229960,77.6366377,crossing,unmarked,,
12627849070,node,13.0242235,77.6326994,crossing,unmarked,,
12627849077,node,13.0237515,77.6343550,crossing,unmarked,,
12627849079,node,13.0243071,77.6327293,crossing,unmarked,,
12628234678,node,12.9664649,77.5738143,crossing,uncontrolled,,
12632101641,node,13.0186026,77.5574310,traffic_signals,,,
12635606375,node,12.8949704,77.5551561,traffic_signals,,,
12642175908,node,12.9907061,77.5204899,,,rumble_strip,
12642175909,node,12.9932577,77.5215230,,,rumble_strip,
12642175912,node,12.9940644,77.5217451,,,rumble_strip,
12642175913,node,12.9940652,77.5218869,,,rumble_strip,
12642175914,node,12.9976210,77.5234045,,,rumble_strip,
12642175942,node,13.0175496,77.5316252,,,rumble_strip,
12642175943,node,13.0187880,77.5319693,,,rumble_strip,
12642175944,node,13.0179383,77.5315986,,,rumble_strip,
12642207212,node,13.0189842,77.5320033,,,rumble_strip,
12648799088,node,12.9354850,77.5362120,,,speed_table,
12664967615,node,12.9698803,77.6376100,,informal,,
12664967620,node,12.9700189,77.6375347,,informal,,
12666382122,node,12.9970462,77.5732371,traffic_signals,,,signal
12666382123,node,12.9968925,77.5733669,traffic_signals,,,signal
12673415800,node,12.9720342,77.5938314,traffic_signals,,,signal
12688134104,node,13.0503553,77.5530279,crossing,zebra,,
12688134161,node,13.0042804,77.5538145,crossing,traffic_signals,,
12688134162,node,13.0042957,77.5537002,crossing,traffic_signals,,
12690240126,node,12.9589968,77.7201715,,,bump,
12690240131,node,12.9602069,77.7239203,,,bump,
12691255830,node,12.9893209,77.6020663,crossing,uncontrolled,,
12691255855,node,12.9897156,77.6016457,crossing,unmarked,,
12691279971,node,12.9816861,77.6082512,crossing,unmarked,,
12691279980,node,12.9808458,77.6100026,crossing,traffic_signals,,
12691279981,node,12.9808294,77.6100545,crossing,traffic_signals,,
12691279984,node,12.9811828,77.6095418,crossing,unmarked,,
12696023048,node,12.9245316,77.6740585,crossing,unmarked,,
12696589928,node,12.9567861,77.6980708,crossing,unmarked,,
12696624286,node,12.9347187,77.6096970,crossing,uncontrolled,,
12696624287,node,12.9347879,77.6097526,crossing,uncontrolled,,
12696624291,node,12.9346439,77.6097984,crossing,uncontrolled,,
12696624292,node,12.9347148,77.6098504,crossing,uncontrolled,,
12701887538,node,13.0040612,77.7569781,traffic_signals,,,
12704012222,node,13.0166404,77.5564571,,,rumble_strip,
12712268909,node,12.9764824,77.7245649,crossing,unmarked,,
12712338615,node,13.0001853,77.6766873,crossing,uncontrolled,,
12712338616,node,13.0000510,77.6767175,crossing,uncontrolled,,
12712575562,node,13.0045096,77.5935832,crossing,traffic_signals,,
12712575563,node,13.0044994,77.5935373,crossing,traffic_signals,,
12716354551,node,13.0993405,77.5762847,stop,,,
12731646870,node,13.0018819,77.6238404,crossing,uncontrolled,,
12759075011,node,12.9977837,77.5509249,traffic_signals,,,
12759221734,node,12.8577154,77.5566310,,,bump,
12759221735,node,12.8552839,77.5544603,,,bump,
12759221736,node,12.8550837,77.5541080,,,bump,
12765777973,node,12.9158640,77.6522250,,,mini_bumps,
12765777974,node,12.9158795,77.6527049,,,mini_bumps,
12767846125,node,13.0024917,77.6150035,crossing,uncontrolled,,
12767846126,node,13.0024870,77.6150457,crossing,uncontrolled,,
12769552321,node,12.9642083,77.5967035,crossing,unmarked,,
12769598067,node,13.0044725,77.5537431,crossing,traffic_signals,,
12769598069,node,13.0044871,77.5538738,crossing,traffic_signals,,
12778737057,node,12.8752541,77.5594308,,,hump,
12778737058,node,12.8765018,77.5577181,,,hump,
12778737059,node,12.8780376,77.5556262,,,hump,
12778737060,node,12.8804141,77.5523894,,,hump,
12778737061,node,12.8819065,77.5504192,,,hump,
12778737062,node,12.8823262,77.5501409,,,hump,
12778737063,node,12.8807289,77.5523468,,,hump,
12778737064,node,12.8786014,77.5552886,,,hump,
12778737065,node,12.8753718,77.5596611,,,bump,
12778737066,node,12.8639370,77.5546357,,,hump,
12794940224,node,13.0756986,77.5580338,traffic_signals,,,
12794940230,node,13.0757247,77.5580460,crossing,traffic_signals,,
12794940235,node,13.0757924,77.5581928,crossing,traffic_signals,,
12794940240,node,13.0758720,77.5581109,crossing,traffic_signals,,
12794940251,node,13.0758387,77.5579877,crossing,traffic_signals,,
12794940257,node,13.0757905,77.5582026,traffic_signals,,,
12794940258,node,13.0758418,77.5579734,traffic_signals,,,
12794940259,node,13.0759022,77.5581237,traffic_signals,,,
12795275205,node,13.0458307,77.5563058,traffic_signals,,,
12798101878,node,13.0438709,77.5250494,crossing,uncontrolled,,
12798101879,node,13.0439486,77.5251083,crossing,uncontrolled,,
12809422039,node,13.0056459,77.5623630,crossing,uncontrolled,,
12809422080,node,13.0056338,77.5650341,crossing,uncontrolled,table,
12809422081,node,13.0056917,77.5650352,crossing,uncontrolled,table,
12809422086,node,13.0056233,77.5652842,traffic_signals,,,
12809422088,node,13.0057481,77.5651767,traffic_signals,,,
12809847691,node,13.0089494,77.5630379,traffic_signals,,,
12809847692,node,13.0088572,77.5632416,traffic_signals,,,
12809847700,node,13.0096458,77.5626881,,,table,
12809882501,node,13.0098281,77.5625810,,,table,
12809882514,node,13.0056920,77.5650171,traffic_signals,,,
12826078068,node,13.0116817,77.5690932,crossing,uncontrolled,,
12826078072,node,13.0122527,77.5688989,crossing,uncontrolled,,
12826078075,node,13.0121673,77.5688338,crossing,uncontrolled,,
12826078086,node,13.0122894,77.5688249,,,hump,
12827909327,node,12.9396723,77.6951556,crossing,uncontrolled,,
12827961137,node,12.9838303,77.5972035,crossing,uncontrolled,,
12836614945,node,12.9579132,77.6059926,traffic_signals,traffic_signals,,
12846334632,node,12.9701909,77.6007081,crossing,uncontrolled,,
12848171821,node,12.9613401,77.6358557,crossing,traffic_signals,,
12864985110,node,12.9580315,77.6061103,traffic_signals,traffic_signals,,
12880290242,node,12.9597913,77.5743964,crossing,traffic_signals,,
12888145362,node,12.9764676,77.7274249,stop,,,
12895512671,node,12.9894540,77.5060286,,,table,
12896290428,node,12.9739515,77.6411172,traffic_signals,,,signal
12896290429,node,12.9737587,77.6410393,traffic_signals,,,signal
12917084190,node,12.9307886,77.5762079,traffic_signals,,,signal
12917084192,node,12.9307796,77.5762078,traffic_signals,,,signal
12922728350,node,12.9025353,77.5041385,crossing,unmarked,,
12942588187,node,12.9898060,77.5993170,,,table,
12943206947,node,12.9955060,77.6084716,traffic_signals,,,
12943206948,node,12.9956477,77.6083299,traffic_signals,,,
12943206949,node,12.9956866,77.6085073,traffic_signals,,,
12943244668,node,12.9884663,77.6171200,traffic_signals,,,
12943244669,node,12.9884414,77.6173272,traffic_signals,,,
12943244670,node,12.9886807,77.6173512,traffic_signals,,,
12943244671,node,12.9887217,77.6171770,traffic_signals,,,
12943244675,node,12.9895763,77.6157381,,,hump,
12943244676,node,12.9895393,77.6158027,,,table,
12943244677,node,12.9894987,77.6157646,,,table,
12943244681,node,12.9906916,77.6139965,traffic_signals,,,
12943290295,node,13.0225622,77.6371708,traffic_signals,,,
12943290296,node,13.0228247,77.6370180,traffic_signals,,,
12943290297,node,13.0227081,77.6373940,traffic_signals,,,
12943290298,node,13.0229620,77.6372619,traffic_signals,,,
12943307411,node,13.0228198,77.6370331,crossing,traffic_signals,,
12953187466,node,12.9788913,77.5152126,,,rumble_strip,
12953187476,node,12.9593566,77.5163632,,,rumble_strip,
12955539266,node,13.0036405,77.5263869,,,rumble_strip,
12959672447,node,13.0249905,77.5928659,traffic_signals,,,
12959672449,node,13.0249349,77.5929424,traffic_signals,,,
12960790541,node,12.8587318,77.5253925,,,rumble_strip,
12961423913,node,12.9829022,77.7621270,crossing,traffic_signals,,
12961423914,node,12.9829670,77.7621502,crossing,traffic_signals,,
12961466024,node,12.9826875,77.7640137,,,table,
12961466025,node,12.9827548,77.7640058,,,table,
12961466026,node,12.9825764,77.7582637,traffic_signals,,,
12961466027,node,12.9823720,77.7582159,traffic_signals,,,
12961466028,node,12.9834117,77.7683358,traffic_signals,,,
12961466029,node,12.9834692,77.7683803,traffic_signals,,,
12961466043,node,12.9845656,77.7752608,,,rumble_strip,
12961529551,node,12.9774317,77.7511987,traffic_signals,,,
12961529552,node,12.9773138,77.7512790,traffic_signals,,,
12961529553,node,12.9698183,77.7500642,traffic_signals,,,
12961531815,node,13.0041226,77.7571173,traffic_signals,,,
12961531816,node,13.0041769,77.7569111,traffic_signals,,,
12961531817,node,13.0041914,77.7570404,traffic_signals,,,
12985053041,node,13.0253073,77.5811109,crossing,uncontrolled,,
12985320270,node,13.0268072,77.5798971,crossing,traffic_signals,,
12985320278,node,13.0268868,77.5797294,crossing,traffic_signals,,
12985320281,node,13.0269499,77.5797894,crossing,traffic_signals,,
12985320282,node,13.0266294,77.5800939,crossing,uncontrolled,,
12985320289,node,13.0282956,77.5713157,crossing,traffic_signals,,
12985320297,node,13.0283707,77.5712303,crossing,uncontrolled,,
12985320298,node,13.0284649,77.5711873,crossing,uncontrolled,,
12985320300,node,13.0284678,77.5713861,crossing,traffic_signals,,
12985332604,node,13.0283982,77.5714125,crossing,traffic_signals,,
12985332606,node,13.0285860,77.5712426,traffic_signals,,,
12985420289,node,12.9830891,77.5601708,traffic_signals,,,
12985420292,node,12.9836197,77.5601470,crossing,traffic_signals,,
12985420296,node,12.9834060,77.5601945,crossing,traffic_signals,,
12985425671,node,12.9824729,77.5679332,,,table,
12985437604,node,12.9833845,77.5604534,crossing,traffic_signals,,
12985437607,node,12.9833969,77.5603127,crossing,traffic_signals,,
12985437772,node,12.9900841,77.5508187,crossing,traffic_signals,,
12985437775,node,12.9901497,77.5507898,crossing,traffic_signals,,
12985437776,node,12.9902053,77.5505498,crossing,traffic_signals,,
12985439886,node,12.9775107,77.5736837,,,table,
12988102360,node,12.9220142,77.6451290,traffic_signals,,,
12988102361,node,12.9218005,77.6450438,traffic_signals,,,
12988102362,node,12.9221030,77.6450577,traffic_signals,,,
12998568325,node,12.9295055,77.6846660,traffic_signals,,,
12998568326,node,12.9297323,77.6843705,traffic_signals,,,
12999115707,node,12.9415854,77.5852813,crossing,uncontrolled,,
12999115716,node,12.9415861,77.5850823,crossing,uncontrolled,,
13020138381,node,12.9601057,77.7227091,,,bump,
13023127932,node,13.0820478,77.5424452,traffic_signals,,,signal
13043346080,node,13.0724945,77.6040074,traffic_signals,,,
13043346081,node,13.0725581,77.6040974,traffic_signals,,,
13043346082,node,13.0727113,77.6040456,traffic_signals,,,
13043346083,node,13.0726681,77.6039581,traffic_signals,,,
13051926136,node,13.0970703,77.5896990,,,bump,
13058420509,node,12.9256836,77.6251884,traffic_signals,,,
13058454983,node,13.0118381,77.5692989,,,hump,
13072765085,node,12.9169605,77.5897348,,,rumble_strip,
13072765088,node,12.9173431,77.5895117,crossing,traffic_signals,,
13072765092,node,12.9171090,77.5896224,crossing,traffic_signals,,
13072765094,node,12.9169263,77.5896234,crossing,traffic_signals,,
13072808994,node,12.9406397,77.5736647,crossing,traffic_signals,,
13072808995,node,12.9405344,77.5738009,crossing,traffic_signals,,
13072830014,node,12.9364493,77.5800405,crossing,traffic_signals,,
13072830015,node,12.9364493,77.5801332,crossing,traffic_signals,,
13072850185,node,12.9168423,77.6000883,,,table,
13072850187,node,12.9168531,77.5998704,crossing,,table,
13075406629,node,12.9165134,77.6152245,crossing,traffic_signals,,
13075406632,node,12.9183288,77.6226139,,,rumble_strip,
13075406636,node,12.9185249,77.6214203,,,rumble_strip,
13075406641,node,12.9166044,77.6293261,,,hump,
13075406642,node,12.9166887,77.6293197,,,hump,
13075780553,node,13.0000667,77.6768288,traffic_signals,,,
13078310296,node,12.9549036,77.5800951,crossing,traffic_signals,,
13078310297,node,12.9549054,77.5800124,crossing,traffic_signals,,
13078315932,node,12.9483588,77.5797246,traffic_signals,,,
13078315933,node,12.9370022,77.5801190,traffic_signals,,,
13078315934,node,12.9363853,77.5800407,traffic_signals,,,
13078318824,node,12.9791675,77.5851329,crossing,traffic_signals,,
13078318825,node,12.9792040,77.5850644,crossing,traffic_signals,,
13093962673,node,12.9623818,77.6376492,,,hump,
13093974080,node,12.9613528,77.6359710,crossing,traffic_signals,,
13093974084,node,12.9613989,77.6357924,crossing,traffic_signals,,
13093974085,node,12.9614836,77.6358104,crossing,traffic_signals,,
13093974089,node,12.9615613,77.6354273,,,rumble_strip,
13093996117,node,12.9613824,77.6364959,crossing,uncontrolled,,
13094641873,node,12.9928542,77.5854427,crossing,informal,,
13094641880,node,12.9865167,77.5798351,crossing,traffic_signals,,
13094641881,node,12.9863727,77.5797517,crossing,traffic_signals,,
13094641896,node,12.9900716,77.5720687,crossing,uncontrolled,,
13094641899,node,12.9897680,77.5718626,crossing,uncontrolled,,
13096120948,node,12.8842604,77.5964042,traffic_signals,,,
13096120949,node,12.8842964,77.5965700,traffic_signals,,,
13096120950,node,12.8844507,77.5965124,traffic_signals,,,
13108404164,node,12.9166918,77.6099752,traffic_signals,,,
13108404179,node,12.9167666,77.6101277,crossing,traffic_signals,,
13108404181,node,12.9167663,77.6100523,crossing,traffic_signals,,
13108404184,node,12.9166905,77.6100063,crossing,traffic_signals,,
13108404185,node,12.9156142,77.6100029,crossing,uncontrolled,,
13110965265,node,12.8842659,77.5964051,crossing,traffic_signals,,
13110965266,node,12.8842533,77.5964795,crossing,traffic_signals,,
13110965623,node,12.9211407,77.5735399,crossing,traffic_signals,,
13110965624,node,12.9211291,77.5735938,crossing,traffic_signals,,
13111664277,node,12.9783237,77.6375444,crossing,unmarked,,
13111664280,node,12.9782345,77.6375486,crossing,unmarked,,
13111664297,node,12.9783498,77.6383138,crossing,unmarked,,
13111664298,node,12.9782552,77.6383182,crossing,unmarked,,
13111685103,node,12.9783581,77.6388072,crossing,unmarked,,
13111685106,node,12.9782696,77.6388114,crossing,unmarked,,
13112165554,node,12.9741069,77.6468471,crossing,traffic_signals,,
13112165555,node,12.9741094,77.6469223,crossing,traffic_signals,,
13112165556,node,12.9739865,77.6469312,crossing,traffic_signals,,
13112165557,node,12.9739832,77.6468518,crossing,traffic_signals,,
13112165560,node,12.9740353,77.6467738,traffic_signals,,,
13112165561,node,12.9739640,77.6468530,traffic_signals,,,
13112165562,node,12.9741310,77.6469208,traffic_signals,,,
13112165568,node,12.9785214,77.6409104,traffic_signals,,,
13121545986,node,12.9863120,77.7372251,crossing,uncontrolled,,
13121545991,node,12.9856048,77.7372265,crossing,uncontrolled,,
13121578959,node,12.9855443,77.7371508,crossing,uncontrolled,,
13121579011,node,12.9872694,77.7372823,,,bump,
13121579012,node,12.9872694,77.7371805,,,bump,
13121579180,node,12.9856040,77.7348436,crossing,uncontrolled,,
13121579182,node,12.9856743,77.7348993,crossing,uncontrolled,,
13121579188,node,12.9856149,77.7345123,crossing,uncontrolled,,
13121579189,node,12.9856774,77.7344679,crossing,uncontrolled,,
13121579192,node,12.9864840,77.7350125,,,bump,
13121579223,node,12.9864841,77.7343802,,,bump,
13121579235,node,12.9864157,77.7344724,crossing,uncontrolled,,
13121579345,node,12.9864841,77.7349901,crossing,uncontrolled,,
13121579347,node,12.9864839,77.7359688,crossing,uncontrolled,,
13121579353,node,12.9864785,77.7370885,crossing,uncontrolled,,
13121579382,node,12.9864821,77.7364831,crossing,uncontrolled,,
13121579473,node,12.9864108,77.7362362,crossing,uncontrolled,,
13121579505,node,12.9875323,77.7367218,crossing,uncontrolled,,
13127345329,node,12.8414230,77.5883243,traffic_signals,,,
13127345330,node,12.8417392,77.5887029,traffic_signals,,,
13127345331,node,12.8412776,77.5885295,traffic_signals,,,
13127345332,node,12.8418234,77.5885566,traffic_signals,,,
13127415069,node,12.9312085,77.6950202,traffic_signals,,,
13127415070,node,12.9313358,77.6949182,traffic_signals,,,
13127586736,node,12.9311385,77.5152738,crossing,uncontrolled,,
13127586737,node,12.9303740,77.5149924,crossing,uncontrolled,,
13127586785,node,12.9326779,77.5160730,crossing,traffic_signals,,
13131526235,node,12.9072435,77.6952792,crossing,uncontrolled,,
13152414827,node,12.9263982,77.5761119,,,bump,
13153859605,node,12.9526270,77.5833893,,,hump,
13153859618,node,12.9556246,77.5857447,traffic_signals,,,
13153859619,node,12.9555637,77.5855833,traffic_signals,,,
13155117807,node,12.9241520,77.4995477,,,bump,
13156003408,node,12.9162608,77.5899840,,,bump,
13156003411,node,12.9145150,77.5905021,,,bump,
13156003417,node,12.9139448,77.5905490,,,bump,
13156003424,node,12.9134694,77.5905862,,,bump,
13156003429,node,12.9120702,77.5906492,,,bump,
13161545541,node,12.9462368,77.5879167,traffic_signals,,,
13161545542,node,12.9461813,77.5880004,traffic_signals,,,
13164727369,node,12.9162608,77.5899835,,,bump,
13164727372,node,12.9144406,77.5905054,,,bump,
13164727390,node,12.9120704,77.5906541,,,bump,
13164727398,node,12.9050613,77.5988219,,,bump,
13164727400,node,12.9050037,77.5987308,,,bump,
13165790149,node,12.9708155,77.7145970,,,bump,
13165790156,node,12.9712522,77.7152686,,,bump,
13165790173,node,12.9711808,77.7145541,,,bump,
13165790216,node,12.9702294,77.7153809,,,bump,
13167025624,node,12.9441940,77.6027911,traffic_signals,,,
13167025625,node,12.9443282,77.6029976,traffic_signals,,,
13167189680,node,12.9557109,77.7203640,crossing,unmarked,,
13167960726,node,12.9595402,77.7153459,,,bump,
13169514757,node,12.9071499,77.4990496,traffic_signals,,,
13179694431,node,12.9127024,77.6455005,,,bump,
13179694432,node,12.9127713,77.6453343,,,bump,
13179711052,node,12.9377859,77.5840164,,,bump,
13179711088,node,12.9398179,77.5839779,crossing,uncontrolled,,
13179755309,node,12.9390108,77.5851808,crossing,uncontrolled,table,
13179755310,node,12.9390114,77.5850964,crossing,uncontrolled,table,
13179755333,node,12.9393352,77.5850378,crossing,uncontrolled,,
13179755339,node,12.9416409,77.5852186,crossing,uncontrolled,,
13179755340,node,12.9416410,77.5851363,crossing,uncontrolled,,
13179755358,node,12.9368358,77.5850648,crossing,uncontrolled,,
13179755359,node,12.9368333,77.5851496,crossing,uncontrolled,,
13179755376,node,12.9379811,77.5852089,crossing,uncontrolled,,
13179755377,node,12.9374900,77.5852028,crossing,uncontrolled,,
13179755379,node,12.9371577,77.5851992,crossing,uncontrolled,,
13180113879,node,12.8894320,77.5635943,traffic_signals,,,
13180113885,node,12.8889175,77.5630774,crossing,uncontrolled,,
13189062432,node,12.9783378,77.6297448,crossing,uncontrolled,,
13191749643,node,12.8904796,77.5642343,traffic_signals,,,traffic_lights
13191749644,node,12.8904008,77.5642284,traffic_signals,,,traffic_lights
13191749645,node,12.8904726,77.5644797,traffic_signals,,,traffic_lights
13199999853,node,12.9578496,77.7210174,,,hump,
13206211646,node,12.9573099,77.7183863,,,bump,
13240162747,node,12.9280642,77.5164999,,,bump,
13243451769,node,12.9326272,77.5161496,crossing,traffic_signals,,
13243451771,node,12.9326232,77.5162542,traffic_signals,,,
13243451772,node,12.9327688,77.5160243,traffic_signals,,,
13243451773,node,12.9326592,77.5160589,traffic_signals,,,
13243451774,node,12.9327335,77.5162336,traffic_signals,,,
13243451779,node,12.9281492,77.5163472,,,bump,
13245148770,node,12.8740304,77.5409011,traffic_signals,,,
13245148819,node,12.9154491,77.5134319,traffic_signals,,,
13245148821,node,12.9156687,77.5134909,traffic_signals,,,
13245148823,node,12.9155099,77.5135770,traffic_signals,,,
13245148836,node,12.9039625,77.5106774,traffic_signals,,,
13245148837,node,12.9040203,77.5106143,traffic_signals,,,
13245148838,node,12.9040210,77.5108140,traffic_signals,,,
13245148864,node,12.9067994,77.5210806,traffic_signals,,,
13245148865,node,12.9068420,77.5210156,traffic_signals,,,
13245148866,node,12.9068580,77.5211610,traffic_signals,,,
13245148867,node,12.9069092,77.5210802,traffic_signals,,,
13245249367,node,13.0568295,77.5072995,traffic_signals,,,signal
13245249368,node,13.0595771,77.5070158,traffic_signals,,,signal
13245249369,node,13.0593279,77.5069233,traffic_signals,,,signal
13251286935,node,12.8572435,77.5413716,,,bump,
13251286936,node,12.8570852,77.5417764,,,bump,
13251299490,node,12.8584679,77.5406795,,,bump,
13251299491,node,12.8583429,77.5410610,,,bump,
13251299492,node,12.8567737,77.5411338,,,bump,
13251299493,node,12.8560591,77.5404874,,,bump,
13251303765,node,12.8570160,77.5418200,,,bump,
13266174879,node,12.9677250,77.6066435,crossing,uncontrolled,,
13266174884,node,12.9681753,77.6063325,crossing,traffic_signals,,
13266235303,node,12.9686001,77.6059348,crossing,uncontrolled,,
13266242064,node,12.9793967,77.6024922,crossing,uncontrolled,,
13266242070,node,12.9793454,77.6023303,traffic_signals,,,
13266242072,node,12.9790835,77.6023553,traffic_signals,,,
13266242074,node,12.9792596,77.6025876,crossing,traffic_signals,,
13266242075,node,12.9791537,77.6025522,crossing,traffic_signals,,
13282471196,node,13.0378019,77.6258462,crossing,uncontrolled,,
13287617359,node,12.9108635,77.6099840,,,table,
13287658880,node,13.0978370,77.5677141,crossing,uncontrolled,table,
13287658881,node,13.0979299,77.5677012,crossing,uncontrolled,table,
13287658886,node,13.0978300,77.5669976,crossing,uncontrolled,,
13287658887,node,13.0977457,77.5670041,crossing,uncontrolled,,
13287670519,node,13.0979020,77.5670333,crossing,uncontrolled,,
13314611800,node,12.9066321,77.6977687,crossing,uncontrolled,,
13321896551,node,12.9650279,77.5970522,crossing,uncontrolled,,
13340435639,node,12.9594884,77.7196918,,,bump,
13343865503,node,12.9624724,77.5951119,crossing,traffic_signals,,
13343865504,node,12.9622978,77.5943139,traffic_signals,,,
13343865542,node,12.9625613,77.5950260,crossing,traffic_signals,,
13343865543,node,12.9623969,77.5951378,traffic_signals,,,
13343865544,node,12.9624987,77.5951426,traffic_signals,,,
13343865547,node,12.9624566,77.5952410,traffic_signals,,,
13360511829,node,12.9168238,77.5999127,traffic_signals,,,
13360511830,node,12.9166532,77.6000666,traffic_signals,,,
13364006481,node,12.9757109,77.6202456,crossing,traffic_signals,,
13367436009,node,12.9727639,77.5385929,crossing,uncontrolled,,
13368863481,node,12.9127511,77.6802159,traffic_signals,,,
13368863482,node,12.9129024,77.6801651,traffic_signals,,,
13377510554,node,12.9134808,77.6788139,traffic_signals,,,
13377510555,node,12.9136285,77.6787266,traffic_signals,,,
13377587163,node,12.9849334,77.6184291,,,rumble_strip,
13377587172,node,12.9913736,77.6192996,crossing,uncontrolled,,
13377587180,node,12.9944751,77.6179526,crossing,uncontrolled,,
13377587181,node,12.9944476,77.6179066,crossing,uncontrolled,,
13377587193,node,12.9952823,77.6173088,crossing,uncontrolled,,
13377587194,node,12.9950491,77.6175199,crossing,uncontrolled,,
13377587195,node,12.9948030,77.6176653,crossing,uncontrolled,,
13377587196,node,12.9945314,77.6178219,crossing,uncontrolled,,
13377605138,node,12.9730933,77.6168990,,,rumble_strip,
13377611774,node,12.9801177,77.6371432,crossing,uncontrolled,,
13377617211,node,12.9896357,77.6194394,crossing,uncontrolled,,
13377617212,node,12.9888005,77.6194361,crossing,uncontrolled,,
13377617214,node,12.9883188,77.6193755,crossing,uncontrolled,,
13377617218,node,12.9916283,77.6192555,crossing,uncontrolled,,
13377674281,node,12.9872001,77.6200135,traffic_signals,,,
13383740381,node,12.9595484,77.7185069,,,bump,
13385570875,node,12.8765456,77.5751203,,,bump,
13392231535,node,12.9632955,77.6415792,crossing,traffic_signals,,
13392231536,node,12.9632971,77.6416780,crossing,traffic_signals,,
13392231539,node,12.9607525,77.6399868,crossing,uncontrolled,,
13392248373,node,12.9613946,77.6424223,crossing,uncontrolled,,
13392355605,node,12.9963224,77.5640194,,,hump,
13392355626,node,12.9976295,77.5511047,traffic_signals,,,
13392355627,node,12.9977732,77.5512143,traffic_signals,,,
13392355632,node,12.9973035,77.5463642,traffic_signals,,,
13392355633,node,12.9975798,77.5463728,traffic_signals,,,
13392355634,node,12.9974227,77.5465163,traffic_signals,,,
13392355635,node,12.9975015,77.5462555,traffic_signals,,,
13392366403,node,12.9861454,77.5744906,crossing,uncontrolled,,
13392366406,node,12.9849897,77.5747846,crossing,uncontrolled,,
13392366427,node,12.9878112,77.5741697,crossing,traffic_signals,,
13392366430,node,12.9877169,77.5742816,crossing,traffic_signals,,
13392366432,node,12.9878342,77.5743274,crossing,traffic_signals,,
13392366434,node,12.9878695,77.5742561,crossing,traffic_signals,,
13392398153,node,12.9604414,77.6418906,crossing,uncontrolled,,
13392398162,node,12.9605647,77.6414799,crossing,uncontrolled,table,
13392488510,node,12.9608709,77.6386808,crossing,uncontrolled,,
13394452104,node,12.9609253,77.6387598,crossing,uncontrolled,,
13394452105,node,12.9610128,77.6387697,crossing,uncontrolled,,
13395704181,node,12.8760790,77.5741806,,,bump,
13395704182,node,12.8762580,77.5729128,,,bump,
13395704183,node,12.8759341,77.5680492,,,hump,
13395704184,node,12.8753077,77.5693052,,,bump,
13395704185,node,12.8752049,77.5694911,,,bump,
13396845592,node,12.9767729,77.5797583,crossing,uncontrolled,,
13396845599,node,12.9769973,77.5779769,crossing,uncontrolled,,
13396930828,node,12.9768793,77.5794544,crossing,uncontrolled,,
13396930887,node,12.9771702,77.5744934,,,rumble_strip,
13396930889,node,12.9765417,77.5745897,crossing,uncontrolled,,
13396930899,node,12.9742212,77.5749934,traffic_signals,,,
13396930900,node,12.9743479,77.5750736,traffic_signals,,,
13396931018,node,12.9770102,77.5765114,crossing,uncontrolled,,
13396931029,node,12.9770972,77.5757886,crossing,uncontrolled,,
13396931032,node,12.9771196,77.5765020,crossing,uncontrolled,,
13396931071,node,12.9754975,77.5759095,crossing,traffic_signals,,
13397050517,node,12.9807285,77.5769615,traffic_signals,,,
13397050527,node,12.9786019,77.5783061,crossing,uncontrolled,,
13397076839,node,12.9758138,77.5782112,crossing,uncontrolled,,
13397076891,node,12.9798761,77.5769775,crossing,uncontrolled,,
13397076892,node,12.9791426,77.5770522,crossing,uncontrolled,,
13397076893,node,12.9781047,77.5771589,crossing,uncontrolled,,
13397076894,node,12.9776077,77.5772044,crossing,uncontrolled,,
13397076926,node,12.9790844,77.5783002,crossing,uncontrolled,,
13404513607,node,12.9753845,77.6016075,crossing,uncontrolled,,
13404513635,node,12.9727725,77.6012555,crossing,uncontrolled,,
13409937609,node,13.0319335,77.6217622,traffic_signals,,,signal
13409937610,node,13.0320250,77.6217789,traffic_signals,,,signal
13409937611,node,13.0320388,77.6218895,traffic_signals,,,signal
13409937612,node,13.0320115,77.6218910,traffic_signals,,,signal
13420747111,node,12.9727668,77.7137411,,,bump,
13420747112,node,12.9728808,77.7138694,,,bump,
13426544816,node,12.8938462,77.5565045,,,hump,
13426557889,node,12.8857553,77.5667683,,,hump,
13426557890,node,12.8834017,77.5663285,,,hump,
13426557891,node,12.8868215,77.5657626,,,hump,
13426565515,node,12.8762946,77.5672398,,,hump,
13426565516,node,12.8768799,77.5665901,,,hump,
13426590248,node,12.8747457,77.5701533,,,hump,
13426590249,node,12.8750171,77.5717518,,,hump,
13426590251,node,12.8746481,77.5716365,,,hump,
13428002783,node,12.9752046,77.6040731,crossing,uncontrolled,,
13429805093,node,12.9670686,77.6078859,crossing,uncontrolled,,
13429843613,node,12.9671766,77.6079583,crossing,uncontrolled,,
13429861055,node,13.0365882,77.5350605,traffic_signals,,,
13429861056,node,13.0367936,77.5350102,traffic_signals,,,
13429861057,node,13.0366159,77.5351797,traffic_signals,,,
13429861058,node,13.0367267,77.5351693,traffic_signals,,,
13433764400,node,12.9795971,77.5924054,,,rumble_strip,
13433853301,node,12.9797415,77.5927425,,,rumble_strip,
13433853379,node,12.9810177,77.5939651,crossing,uncontrolled,,
13433853380,node,12.9811066,77.5938667,crossing,uncontrolled,,
13433853386,node,12.9806074,77.5935718,crossing,uncontrolled,,
13437004388,node,12.8867248,77.5658775,,,hump,
13447636730,node,12.9702859,77.5918264,,,rumble_strip,
13447636788,node,12.9757545,77.5868254,crossing,traffic_signals,,
13447636789,node,12.9756851,77.5868614,crossing,traffic_signals,,
13447636795,node,12.9735393,77.5826095,crossing,uncontrolled,,
13447636796,node,12.9734924,77.5826422,crossing,uncontrolled,,
13447663013,node,12.9714311,77.6071013,crossing,uncontrolled,,
13451926946,node,12.9738078,77.6137724,traffic_signals,,,
13451926966,node,12.9752511,77.6081100,crossing,traffic_signals,,
13451926992,node,12.9811420,77.5972281,traffic_signals,,,
13459522644,node,12.9654817,77.6187387,crossing,traffic_signals,,
13459522645,node,12.9654082,77.6187405,crossing,traffic_signals,,
13459522647,node,12.9654133,77.6188029,traffic_signals,,,
13459522648,node,12.9654809,77.6187161,traffic_signals,,,
13459544124,node,12.9727440,77.6202401,crossing,traffic_signals,,
13459544125,node,12.9726452,77.6202453,crossing,traffic_signals,,
13462217113,node,12.9863719,77.5918380,crossing,uncontrolled,,
13465379755,node,12.9701373,77.6066431,crossing,uncontrolled,table,
13472655798,node,12.9569564,77.5673755,traffic_signals,,,
13472655799,node,12.9571097,77.5672397,traffic_signals,,,
13472655800,node,12.9572445,77.5673949,traffic_signals,,,
13472659201,node,12.9570889,77.5675514,traffic_signals,,,
13503202473,node,13.0039854,77.5501454,traffic_signals,,,
13503202484,node,13.0040204,77.5498486,crossing,uncontrolled,,
13503202485,node,13.0039535,77.5498553,crossing,uncontrolled,,
13503202497,node,13.0040169,77.5498148,traffic_signals,,,
13503228624,node,12.9294457,77.6344313,,,bump,
13503228625,node,12.9332694,77.6317926,,,bump,
13514710509,node,12.9380999,77.5987863,,,rumble_strip,
13514710551,node,12.9372628,77.6015237,crossing,traffic_signals,,
13514710552,node,12.9370592,77.6014838,crossing,traffic_signals,,
13514710556,node,12.9371984,77.6019625,crossing,traffic_signals,,
13514710558,node,12.9369926,77.6019259,crossing,traffic_signals,,
13514710560,node,12.9369735,77.6015412,traffic_signals,,,
13514710564,node,12.9369910,77.6015448,crossing,traffic_signals,,
13514710565,node,12.9369456,77.6018141,crossing,traffic_signals,,
13514710572,node,12.9372715,77.6018889,crossing,traffic_signals,,
13514710574,node,12.9373207,77.6016277,crossing,traffic_signals,,
13514722967,node,12.9163711,77.6206457,crossing,uncontrolled,,
13518615592,node,12.9346402,77.6237113,traffic_signals,,,
13518615593,node,12.9346329,77.6239554,traffic_signals,,,
13518615594,node,12.9345359,77.6237779,traffic_signals,,,
13581407110,node,12.9943839,77.4733464,,,rumble_strip,
13592101274,node,12.9715366,77.5127197,,,rumble_strip,
13592101275,node,12.9717855,77.5127416,,,rumble_strip,
13598615868,node,12.9786431,77.5426324,traffic_signals,,,signal
13639123952,node,12.9854963,77.7479989,crossing,unmarked,,
13648828663,node,13.0838764,77.6345954,traffic_signals,,,
13648828664,node,13.0839680,77.6347092,traffic_signals,,,
13648828665,node,13.0838933,77.6347385,traffic_signals,,,
13652131853,node,13.0076841,77.5488168,traffic_signals,,,
13652131854,node,13.0076091,77.5486245,traffic_signals,,,
13652131855,node,13.0076958,77.5485493,traffic_signals,,,
13655652424,node,12.9614146,77.7478004,traffic_signals,,,
13655652433,node,12.9614072,77.7477876,crossing,uncontrolled,,
13655652438,node,12.9628108,77.7481326,crossing,uncontrolled,,
13655652439,node,12.9631471,77.7482462,crossing,uncontrolled,,
13655652440,node,12.9633245,77.7483083,crossing,uncontrolled,,
13659423696,node,12.9747468,77.5705077,traffic_signals,,,
13664623425,node,12.9028915,77.5107177,,,bump,
13673493627,node,12.9729815,77.5703701,crossing,uncontrolled,,
13673493634,node,12.9729777,77.5702505,crossing,uncontrolled,,
13680928929,node,12.9717608,77.5703216,crossing,uncontrolled,,
13680928935,node,12.9700970,77.5702728,crossing,uncontrolled,,
13680928993,node,12.9701119,77.5702010,crossing,uncontrolled,,
13680928994,node,12.9703939,77.5702143,crossing,uncontrolled,,
13680928996,node,12.9708046,77.5702313,crossing,uncontrolled,,
13680928999,node,12.9716757,77.5702545,crossing,uncontrolled,,
13680929001,node,12.9722198,77.5702455,crossing,uncontrolled,,
13690329603,node,12.9815520,77.6102270,crossing,uncontrolled,,
13694917925,node,13.0441157,77.5707572,crossing,uncontrolled,,
13694917926,node,13.0437673,77.5706498,crossing,uncontrolled,,
13694917927,node,13.0434479,77.5705502,crossing,uncontrolled,,
13694917928,node,13.0431615,77.5704624,crossing,uncontrolled,,
13694917929,node,13.0427717,77.5703355,crossing,uncontrolled,,
13694917930,node,13.0423909,77.5702083,crossing,uncontrolled,,
13694917931,node,13.0420606,77.5701292,crossing,uncontrolled,,
13694918836,node,13.0420121,77.5700038,crossing,uncontrolled,,
13694918837,node,13.0433778,77.5703986,crossing,uncontrolled,,
13694918838,node,13.0442973,77.5706716,crossing,uncontrolled,,
13694918839,node,13.0447473,77.5708106,crossing,uncontrolled,,
13694918840,node,13.0452986,77.5709779,crossing,uncontrolled,,
13694918841,node,13.0457316,77.5710989,crossing,uncontrolled,,
13699197384,node,13.0390511,77.5662191,crossing,uncontrolled,,
13699207999,node,13.0381047,77.5661618,crossing,uncontrolled,,
13699208000,node,13.0395466,77.5662366,crossing,uncontrolled,,
13699208001,node,13.0398151,77.5662494,crossing,uncontrolled,,
13699208002,node,13.0402952,77.5662774,crossing,uncontrolled,,
13699208031,node,13.0407531,77.5663072,crossing,uncontrolled,,
13700553353,node,13.0383401,77.5662897,crossing,uncontrolled,,
13700553354,node,13.0388391,77.5663205,crossing,uncontrolled,,
13700553355,node,13.0393233,77.5663460,crossing,uncontrolled,,
13700553356,node,13.0397992,77.5663732,crossing,uncontrolled,,
13700553357,node,13.0402753,77.5664004,crossing,uncontrolled,,
13700553358,node,13.0407368,77.5664277,crossing,uncontrolled,,
13700553359,node,13.0412245,77.5664509,crossing,uncontrolled,,
13700553360,node,13.0417252,77.5664822,crossing,uncontrolled,,
13700553361,node,13.0421773,77.5665106,crossing,uncontrolled,,
13701675751,node,13.0420254,77.5695706,crossing,uncontrolled,,
13701675752,node,13.0423294,77.5683764,crossing,uncontrolled,,
13701675753,node,13.0424007,77.5679191,crossing,uncontrolled,,
13701769428,node,13.0421434,77.5695987,crossing,uncontrolled,,
13701769429,node,13.0424493,77.5683812,crossing,uncontrolled,,
13701769430,node,13.0425266,77.5679283,crossing,uncontrolled,,
13701769431,node,13.0425938,77.5674608,crossing,uncontrolled,,
13701806513,node,13.0267846,77.5799122,traffic_signals,,,
13701806514,node,13.0268892,77.5797151,traffic_signals,,,
13701806515,node,13.0269731,77.5797718,traffic_signals,,,
13701933452,node,12.9802529,77.5538229,traffic_signals,,,
13701933464,node,12.9798574,77.5537163,traffic_signals,,,
13701946301,node,12.9798875,77.5539125,traffic_signals,,,
13701946312,node,12.9792819,77.5534889,crossing,uncontrolled,,
13701946393,node,12.9749705,77.5521747,traffic_signals,,,
13701946394,node,12.9759978,77.5524616,crossing,uncontrolled,,
13701946397,node,12.9770651,77.5527903,crossing,uncontrolled,,
13701946419,node,12.9762999,77.5527633,crossing,uncontrolled,,
13701946420,node,12.9770222,77.5529782,crossing,uncontrolled,,
13701946423,node,12.9792325,77.5536758,crossing,uncontrolled,,
13701946510,node,12.9752472,77.5523803,traffic_signals,,,
13711728246,node,12.9592528,77.6613529,,,rumble_strip,
13723578858,node,12.9405916,77.5766801,crossing,uncontrolled,table,
13723578869,node,12.9405982,77.5760732,crossing,uncontrolled,table,
13723591568,node,12.9328074,77.5801712,crossing,uncontrolled,table,
13723591569,node,12.9328084,77.5800557,crossing,uncontrolled,table,
13729643253,node,12.9993431,77.5380699,,,hump,
13729643873,node,12.9982679,77.5377962,,,hump,
13733831955,node,12.9255248,77.6760992,crossing,uncontrolled,,
13737059007,node,12.9543262,77.5917155,crossing,uncontrolled,,
13737491419,node,12.9878811,77.5375653,crossing,traffic_signals,,
13746253980,node,12.8693991,77.5758663,crossing,uncontrolled,,
13747602215,node,12.8708293,77.5831984,crossing,uncontrolled,,
13747602218,node,12.8707069,77.5831775,crossing,uncontrolled,,
13747602505,node,12.8681963,77.5767588,,,rumble_strip,
13747942668,node,12.8710000,77.5783859,crossing,uncontrolled,,
13747942669,node,12.8709700,77.5780163,crossing,uncontrolled,,
13747942778,node,12.8710991,77.5785637,crossing,uncontrolled,,
13747942781,node,12.8709454,77.5765632,crossing,uncontrolled,,
13747942786,node,12.8746452,77.5766057,crossing,uncontrolled,,
13747942789,node,12.8708651,77.5761440,crossing,uncontrolled,,
13748043288,node,12.8740213,77.5763512,crossing,uncontrolled,,
13748043289,node,12.8738111,77.5763264,crossing,uncontrolled,,
13748043295,node,12.8715224,77.5760343,crossing,uncontrolled,,
13748043296,node,12.8716116,77.5760474,crossing,uncontrolled,,
13748548322,node,12.8659406,77.5754329,,,hump,
13748548399,node,12.8668184,77.5755658,,,hump,
13752432054,node,12.8664259,77.5784415,,,rumble_strip,
13752432583,node,12.8687440,77.5805928,,,bump,
13752432720,node,12.8670889,77.5812238,,,rumble_strip,
13757865468,node,12.9168983,77.6277922,,,rumble_strip,
13757986905,node,12.9642235,77.5702848,,,rumble_strip,
13757987309,node,12.9668179,77.5701746,crossing,uncontrolled,,
13757987310,node,12.9664282,77.5701645,crossing,uncontrolled,,
13757987311,node,12.9667549,77.5700792,crossing,uncontrolled,,
13757987313,node,12.9654892,77.5700428,crossing,uncontrolled,,
13757987314,node,12.9648578,77.5699981,crossing,uncontrolled,,
13757987397,node,12.9659749,77.5701469,crossing,uncontrolled,,
13757987399,node,12.9655784,77.5701379,crossing,uncontrolled,,
13757987461,node,12.9651554,77.5701223,crossing,uncontrolled,,
13763631006,node,12.9698273,77.5702601,crossing,uncontrolled,,
13763631009,node,12.9685504,77.5702763,crossing,uncontrolled,,
13763631041,node,12.9679560,77.5702803,crossing,uncontrolled,,
13763631155,node,12.9672375,77.5702004,crossing,uncontrolled,,
13763631300,node,12.9679680,77.5701702,crossing,uncontrolled,,
13763676862,node,12.9463772,77.6069940,,,rumble_strip,
13763676863,node,12.9460923,77.6069567,,,rumble_strip,
13763676886,node,12.9497314,77.6060363,crossing,uncontrolled,,
13769066454,node,12.9663904,77.5739300,crossing,uncontrolled,,
13778884794,node,12.9778277,77.6442232,crossing,uncontrolled,,
13778884795,node,12.9777860,77.6428959,crossing,uncontrolled,,
13778884796,node,12.9777452,77.6415934,crossing,uncontrolled,,
13778893013,node,12.9776648,77.6428999,crossing,uncontrolled,,
13778893017,node,12.9776238,77.6415984,crossing,uncontrolled,,
13778893018,node,12.9777065,77.6442296,crossing,uncontrolled,,
13797762110,node,12.9771380,77.7218066,crossing,uncontrolled,,
13797762111,node,12.9771452,77.7217420,crossing,uncontrolled,,
13797809817,node,12.9602833,77.5644576,crossing,uncontrolled,,
13797809841,node,12.9603584,77.5672651,crossing,uncontrolled,,
13797809842,node,12.9603079,77.5658444,crossing,uncontrolled,,
13800839389,node,12.9529130,77.6052963,traffic_signals,,,signal
13800839390,node,12.9525117,77.6051770,traffic_signals,,,
13802513493,node,12.9846601,77.7499329,crossing,uncontrolled,,
13802513494,node,12.9845611,77.7498983,crossing,uncontrolled,,
13807679748,node,13.0153306,77.6427262,traffic_signals,,,
13807679749,node,13.0152217,77.6429280,traffic_signals,,,
13807679750,node,13.0151837,77.6427356,traffic_signals,,,
13821823673,node,12.9549495,77.6055527,crossing,uncontrolled,,
13821823674,node,12.9549682,77.6054507,crossing,uncontrolled,,
13821856318,node,12.9525254,77.6052678,crossing,uncontrolled,,
13821856319,node,12.9525299,77.6051781,crossing,uncontrolled,,
13821856323,node,12.9545796,77.6053893,,,rumble_strip,
13827309269,node,12.9425118,77.5351051,,,rumble_strip,
13827309270,node,12.9475574,77.5382679,,,rumble_strip,
13827309271,node,12.9489483,77.5377640,,,rumble_strip,
13827309272,node,12.9486885,77.5379439,,,rumble_strip,
13875979439,node,12.9254347,77.6860762,traffic_signals,,,
13875979440,node,12.9252342,77.6858982,traffic_signals,,,
13875979446,node,12.9254902,77.6859802,traffic_signals,,,
13875979481,node,12.9188485,77.6855133,traffic_signals,,,
13875979496,node,12.9203080,77.6855654,traffic_signals,,,
13875979497,node,12.9200925,77.6854730,traffic_signals,,,
13875979498,node,12.9201689,77.6856901,traffic_signals,,,
13875979692,node,12.9299886,77.6852915,traffic_signals,,,
