@id,@type,name,@lat,@lon,railway,station,highway,amenity,public_transport
249235041,node,Dwarka Sector 12,28.5922515,77.0407464,stop,,,,stop_position
249235042,node,Dwarka Sector 13,28.5970250,77.0335556,stop,,,,stop_position
249235048,node,Dwarka (Blue Line),28.6149318,77.0227861,stop,,,,stop_position
249823531,node,Dwarka Sector 14,28.6022340,77.0259935,stop,,,,stop_position
249823552,node,Dwarka Mor,28.6192912,77.0332835,stop,,,,stop_position
249823558,node,Nawada,28.6202562,77.0450835,stop,,,,stop_position
249823566,node,Uttam Nagar West,28.6217367,77.0557191,stop,,,,stop_position
249823630,node,Rajouri Garden (Blue Line),28.6490372,77.1227430,stop,,,,stop_position
249823635,node,Ramesh Nagar,28.6527444,77.1316496,station,subway,,,station
251691532,node,NBCC Bus Stop,28.4948695,77.1515107,,,bus_stop,,platform
252584508,node,Anand Vihar,28.6498106,77.3144992,station,,,,station
266377985,node,Vasant Kunj Sector A,28.5114719,77.1666504,,,bus_stop,,platform
268217229,node,Patel Nagar,28.6450127,77.1692817,station,subway,,,station
268381455,node,Rithala,28.7208064,77.1071813,station,subway,,,station
268381457,node,Pratap Nagar,28.6667177,77.1988974,station,subway,,,station
268381463,node,Pul Bangash,28.6664068,77.2074156,station,subway,,,station
268381477,node,Kashmere Gate,28.6674493,77.2282488,station,subway,,,station
271335712,node,,28.4899689,77.1397693,,,bus_stop,,platform
271335922,node,Chhattarpur Metro Station,28.5078802,77.1757342,,,bus_stop,,platform
271335970,node,Ghitorni,28.4937282,77.1491983,stop,,,,stop_position
271335980,node,Arjan Garh,28.4807159,77.1257838,stop,,,,stop_position
277420405,node,,28.6291636,77.3172214,,,bus_stop,,
277420532,node,Fire Station Dallupura,28.6051030,77.3229238,,,bus_stop,,platform
277792585,node,,28.6201254,77.3209254,,,bus_stop,,
277793689,node,New Manglapuri,28.5013616,77.1665008,,,bus_stop,,platform
278163929,node,Lajpat Nagar,28.5649694,77.2427916,,,,,stop_position
311963955,node,Kohat Enclave,28.6980415,77.1405393,station,subway,,,station
315999030,node,Hyatt Hotel,28.5701755,77.1857192,,,bus_stop,,platform
316376861,node,Moti Bagh (Rao Tula Ram Marg),28.5778787,77.1741797,,,bus_stop,,platform
345195834,node,Narela,28.8464766,77.0856631,station,,,,station
345195839,node,Badli,28.7465404,77.1374615,halt,,,,halt
345195841,node,Holambi Kalan,28.8015786,77.1024832,station,,,,station
345199448,node,Khera Kalan,28.7696903,77.1158609,station,,,,station
345234440,node,Rajendra Place,28.6424765,77.1782794,stop,,,,stop_position
345234441,node,Karol Bagh,28.6440122,77.1885235,station,subway,,,station
345234443,node,Jhandewalan,28.6442998,77.1999053,stop,,,,stop_position
347676531,node,Kirti Nagar (Blue Line),28.6557460,77.1506635,station,subway,,,station
347676595,node,Shadipur,28.6515829,77.1582587,station,subway,,,station
347676947,node,Moti Nagar,28.6578590,77.1424288,station,subway,,,station
347677816,node,Tilak Nagar,28.6365265,77.0964820,stop,,,,stop_position
347685176,node,Uttam Nagar East,28.6248301,77.0652972,stop,,,,stop_position
347685192,node,Janakpuri West,28.6295652,77.0780939,stop,,,,stop_position
347688420,node,Dwarka Sector 11,28.5864620,77.0494551,stop,,,,stop_position
347688434,node,Dwarka Sector 10,28.5810731,77.0575146,stop,,,,stop_position
347688615,node,Dwarka Sector 9,28.5742819,77.0653509,stop,,,,stop_position
347688730,node,Dwarka Sector 8,28.5656075,77.0670615,stop,,,,stop_position
347688731,node,Dwarka Sector 21,28.5519860,77.0584649,stop,,,,stop_position
355435748,node,Sujan Singh Park,28.5992513,77.2284177,,,bus_stop,,platform
367259160,node,Okhla Extension,28.5465774,77.3068494,,,,,stop_position
395135114,node,New Delhi Railway Station Gate Number 2,28.6421531,77.2236285,,,,,stop_position
418813005,node,,28.5998546,77.0715009,,,bus_stop,,
485215790,node,Subash Nagar Crossing,28.6423723,77.1093533,,,,,stop_position
496457107,node,,28.6108671,77.2516076,,,,bus_station,
496457123,node,Indraprastha Depot,28.6201278,77.2488411,,,bus_stop,,platform
496457125,node,,28.6262307,77.2471136,,,bus_stop,,platform
496457144,node,Vijay Ghat,28.6576443,77.2447535,,,bus_stop,,platform
496457148,node,,28.6649507,77.2352542,,,bus_stop,,platform
496712234,node,Budh Pur GT Road,28.7816996,77.1410657,,,bus_stop,,
544371043,node,Khirki Village,28.5302569,77.2183932,,,bus_stop,,platform
554257755,node,Sultanpur,28.4989706,77.1609098,stop,,,,stop_position
554257763,node,Delhi Aerocity,28.5487786,77.1207949,station,subway,,,station
554257781,node,Chhatarpur,28.5067554,77.1749361,stop,,,,stop_position
554257785,node,Malviya Nagar,28.5290666,77.2048545,stop,,,,stop_position
554257787,node,Hauz Khas (Yellow Line),28.5442564,77.2067072,station,subway,,,station
554257789,node,Green Park,28.5580022,77.2068211,stop,,,,stop_position
554257793,node,Dilli Haat - INA,28.5741591,77.2093306,stop,,,,stop_position
554257797,node,Lok Kalyan Marg,28.5973548,77.2111269,stop,,,,stop_position
554257800,node,Seva Teerth,28.6095117,77.2118249,stop,,,,stop_position
554257805,node,Jor Bagh,28.5865942,77.2125637,stop,,,,stop_position
554257818,node,Patel Chowk,28.6229537,77.2140587,stop,,,,stop_position
554257820,node,Ramakrishna Ashram Marg,28.6392249,77.2085684,stop,,,,stop_position
554257824,node,Supreme Court,28.6234593,77.2425121,stop,,,,stop_position
554257827,node,Mandi House,28.6255914,77.2341954,stop,,,,stop_position
554257831,node,Indraprastha,28.6205832,77.2495452,,,,,stop_position
554257833,node,Shivaji Stadium,28.6288963,77.2113218,station,subway,,,station
554257839,node,Barakhambha Road,28.6297527,77.2249956,stop,,,,stop_position
554257841,node,New Delhi,28.6434826,77.2227421,station,subway,,,station
554257842,node,Chawri Bazaar,28.6492513,77.2265435,stop,,,,stop_position
554257844,node,Yamuna Bank,28.6231869,77.2677362,stop,,,,stop_position
554257854,node,Anand Vihar (Blue Line),28.6468919,77.3160530,stop,,,,stop_position
554257862,node,Chandni Chowk,28.6584207,77.2303660,stop,,,,stop_position
561300694,node,Civil Lines,28.6768572,77.2250565,stop,,,,stop_position
561316983,node,Tis Hazari,28.6671626,77.2166306,station,subway,,,station
562620239,node,Jawaharlal Nehru Stadium,28.5882486,77.2338082,,,,,stop_position
562620241,node,Jangpura,28.5830411,77.2393458,stop,,,,stop_position
562620806,node,Lajpat Nagar (Violet Line),28.5705695,77.2364175,stop,,,,stop_position
562620810,node,Moolchand,28.5644043,77.2342783,stop,,,,stop_position
562622101,node,Jasola Apollo,28.5384251,77.2830377,stop,,,,stop_position
562622242,node,Sarita Vihar,28.5285876,77.2883155,stop,,,,stop_position
562622248,node,Tughlakabad,28.5023598,77.2992401,stop,,,,stop_position
562722447,node,Badarpur,28.4931698,77.3030239,,,,,stop_position
566993158,node,Godavari Bus Stop,28.5461287,77.1656102,,,bus_stop,,
566993159,node,Sabarmati Bus Stop,28.5450353,77.1643580,,,bus_stop,,
566993161,node,School of International Studies,28.5376838,77.1667098,,,bus_stop,,
566993162,node,Poorvanchal Hostel,28.5343811,77.1698426,,,bus_stop,,platform
566993164,node,JNU Quarters / Ganga Hostel Bus Stop,28.5493627,77.1682489,,,bus_stop,,platform
600644824,node,,28.6778201,77.1079266,,,bus_stop,,platform
600644828,node,Madipur,28.6764051,77.1193450,,,,,stop_position
600644865,node,Shivaji Park,28.6749602,77.1304571,stop,,,,stop_position
600645512,node,Paschim Vihar East,28.6773285,77.1122776,,,,,stop_position
600646116,node,,28.6687735,77.1027596,,,bus_stop,,
602466566,node,,28.5957731,77.0719220,,,bus_stop,,
610886106,node,Subhash Nagar,28.6404628,77.1052347,stop,,,,stop_position
610889203,node,Paschim Vihar West,28.6785848,77.1022105,stop,,,,stop_position
632050796,node,Delhi Cantonment,28.6117094,77.1156635,station,,,,station
663755930,node,Shastri Park,28.6684339,77.2505301,station,subway,,,station
663758609,node,Seelampur,28.6698165,77.2668137,station,subway,,,station
663758748,node,Welcome (Red Line),28.6717907,77.2778473,station,subway,,,station
663758998,node,Shahdara,28.6734298,77.2898858,station,subway,,,station
663759047,node,Delhi Shahdara Junction,28.6734557,77.2922087,station,,,,station
663759674,node,Mansarovar Park,28.6754151,77.3008694,stop,,,,stop_position
663759851,node,Jhilmil,28.6757197,77.3123949,station,subway,,,station
663760328,node,Vivek Vihar,28.6731908,77.3182947,station,,,,station
663761411,node,Shastri Nagar,28.6700885,77.1818589,station,subway,,,station
663761428,node,Inderlok (Red Line),28.6735891,77.1703467,station,subway,,,station
663761505,node,Kanhaiya Nagar,28.6824082,77.1647754,station,subway,,,station
663762151,node,Keshav Puram,28.6889264,77.1616833,station,subway,,,station
663762964,node,Netaji Subhash Place (Red Line),28.6960485,77.1524856,station,subway,,,station
663765153,node,Madhuban Chowk,28.7032676,77.1322497,station,subway,,,station
663766390,node,Rohini East,28.7075774,77.1259971,station,subway,,,station
663777956,node,Vidhan Sabha,28.6863272,77.2217576,stop,,,,stop_position
663777967,node,Vishwa Vidyalaya,28.6950993,77.2147478,stop,,,,stop_position
663780748,node,Model Town,28.7027391,77.1940059,stop,,,,stop_position
663781034,node,Azadpur (Yellow Line),28.7070686,77.1803831,stop,,,,stop_position
663781793,node,Adarsh Nagar,28.7165981,77.1704471,,,,,stop_position
663790306,node,Karkarduma (Blue Line),28.6484435,77.3055270,stop,,,,stop_position
663793549,node,Preet Vihar,28.6414409,77.2952594,stop,,,,stop_position
663793972,node,Nirman Vihar,28.6365579,77.2867522,stop,,,,stop_position
663794722,node,Laxmi Nagar,28.6306223,77.2775015,stop,,,,stop_position
663798999,node,Tagore Garden,28.6437288,77.1128703,stop,,,,stop_position
724828609,node,DDA Booster Pump Station,28.5716299,77.0528781,,,bus_stop,,
724828739,node,"Sector 19,20 Xing",28.5765298,77.0570594,,,bus_stop,,
724828874,node,Sector 18,28.5845225,77.0465509,,,bus_stop,,
725877998,node,Government Press,28.6344847,77.1275013,,,bus_stop,,platform
762031681,node,,28.7960727,77.0359206,,,bus_stop,,
762031682,node,,28.7976522,77.0352983,,,bus_stop,,
762031684,node,,28.7944273,77.0302075,,,bus_stop,,
762031827,node,Bawana Chowk Bus Stand,28.8000027,77.0355773,,,bus_stop,,platform
838835305,node,Sarai Kale Khan,28.5870750,77.2591740,,,,,stop_position
856302882,node,Harkesh Nagar Okhla,28.5432816,77.2756683,,,,,stop_position
906772268,node,Mayur Vihar - I (Blue Line),28.6040856,77.2896420,stop,,,,stop_position
906780869,node,Mayur Vihar Extension,28.5945081,77.2945485,stop,,,,stop_position
906780885,node,Akshardham,28.6178918,77.2795648,stop,,,,stop_position
910356438,node,Delhi Safdarjang,28.5822036,77.1862115,station,,,,station
910356522,node,Sewa Nagar,28.5789548,77.2276886,station,,,,station
910356583,node,Okhla,28.5594753,77.2656232,station,,,,station
910450587,node,Chanakyapuri,28.5917667,77.1715215,halt,,,,halt
910451189,node,Ashram,28.5715054,77.2588482,,,bus_stop,,platform
910664844,node,,28.5452347,77.2505647,,,,,stop_position
910665119,node,Hauz Khas Metro Station,28.5437217,77.2051059,,,,,stop_position
913081055,node,Subzimandi,28.6685068,77.2004935,station,,,,station
913095905,node,Delhi Junction,28.6609320,77.2276494,station,,,,station
913282201,node,Purani Dilhi Railway Station,28.6602409,77.2318743,,,,,stop_position
913485885,node,GTB Nagar,28.6981333,77.2063998,station,subway,,,station
913486329,node,Delhi Azadpur,28.7035041,77.1770629,station,,,,station
913486465,node,Jahangirpuri,28.7259874,77.1626826,,,,,stop_position
913535795,node,,28.6829783,77.0953062,,,bus_stop,,
913550169,node,Janakpuri East,28.6329889,77.0867273,stop,,,,stop_position
914644353,node,Dayabasti,28.6671217,77.1711900,station,,,,station
914644362,node,Patel Nagar,28.6598088,77.1569570,station,,,,station
915232317,node,Inderlok,28.6726319,77.1691376,stop,,,,stop_position
915246034,node,Naraina Vihar,28.6378263,77.1412410,halt,,,,halt
915407469,node,Delhi Sarai Rohilla,28.6627515,77.1852561,station,,,,station
915408117,node,Sarai Rohilla,28.6630897,77.1855428,,,,,stop_position
915408380,node,Sarai Rohilla,28.6633457,77.1856369,,,,,stop_position
915472696,node,Rajdhani Park,28.6822405,77.0439364,,,,,stop_position
915472875,node,Nangloi,28.6823335,77.0647264,,,,,stop_position
915473442,node,Surajmal Stadium,28.6818280,77.0740040,,,,,stop_position
915473851,node,Mundka,28.6823507,77.0305707,stop,,,,stop_position
915474404,node,Nangloi Railway Station,28.6821301,77.0562372,,,,,stop_position
915578574,node,Mukundpur (Hanuman Chowk),28.7337611,77.1833770,,,,,stop_position
920882336,node,Adarsh Nagar,28.7144008,77.1672884,station,,,,station
922910160,node,Saket,28.5208731,77.2018984,stop,,,,stop_position
927873461,node,Govind Puri,28.5443766,77.2642660,,,,,stop_position
927873481,node,Khan Market,28.6022643,77.2291415,stop,,,,stop_position
927873489,node,Kailash Colony,28.5553442,77.2419840,stop,,,,stop_position
927873494,node,IGI Airport,28.5564626,77.0866995,station,subway,,,station
927873510,node,Kalkaji Mandir,28.5494785,77.2590900,station,subway,,,station
927873513,node,Dhaula Kuan,28.5918719,77.1617158,station,subway,,,station
928565725,node,Long Distance Bus Kullu Manali,28.6241686,77.2190178,,,bus_stop,,
938372433,node,New Delhi,28.6425708,77.2211342,stop,,,,stop_position
938372444,node,New Delhi,28.6424872,77.2203479,stop,,,,stop_position
938372462,node,New Delhi,28.6424665,77.2202063,stop,,,,stop_position
938372468,node,New Delhi,28.6425562,77.2210249,stop,,,,stop_position
938372479,node,New Delhi,28.6425190,77.2206742,stop,,,,stop_position
938372497,node,New Delhi,28.6424462,77.2201074,stop,,,,stop_position
938372516,node,New Delhi,28.6425119,77.2206150,stop,,,,stop_position
938372520,node,New Delhi,28.6425410,77.2208776,stop,,,,stop_position
938372538,node,New Delhi,28.6425995,77.2213817,stop,,,,stop_position
938372549,node,New Delhi,28.6423739,77.2197333,stop,,,,stop_position
938372552,node,New Delhi,28.6424170,77.2199605,stop,,,,stop_position
938372557,node,New Delhi,28.6425394,77.2208372,stop,,,,stop_position
938372570,node,New Delhi,28.6424950,77.2204820,stop,,,,stop_position
938372576,node,New Delhi,28.6425934,77.2213173,stop,,,,stop_position
938372581,node,New Delhi,28.6423596,77.2196366,stop,,,,stop_position
938372585,node,New Delhi,28.6424082,77.2199116,stop,,,,stop_position
938372588,node,New Delhi Railway Station,28.6410131,77.2187650,,,bus_stop,,platform
938409458,node,New Delhi Railway Station Gate Number 2,28.6430709,77.2237077,,,,,stop_position
938409545,node,New Delhi Airport Express Terminal,28.6424786,77.2231116,station,subway,,,station
938547549,node,Kashmiri Gate ISBT,28.6695174,77.2321699,,,bus_stop,,platform
938635417,node,Nizamuddin Railway Station,28.5862689,77.2533241,,,,,stop_position
938635590,node,Nizamuddin Railway Station,28.5860931,77.2532285,,,,,stop_position
939091076,node,Rajiv Chowk,28.6327591,77.2196877,stop,,,,stop_position
939284656,node,Qutab Minar,28.5129302,77.1864723,stop,,,,stop_position
940975616,node,Dwarka Sector 21,28.5518376,77.0586489,stop,,,,stop_position
940975619,node,Palam,28.5853530,77.0924713,station,,,,station
941120352,node,Peeragarhi,28.6797123,77.0926576,stop,,,,stop_position
941132747,node,Bijwasan,28.5369587,77.0512889,station,,,,station
943749501,node,Mori Gate Bus Terminal,28.6683615,77.2251757,,,,bus_station,station
944845341,node,Anand Vihar Terminal,28.6488509,77.3155003,station,,,,station
971653361,node,Baroda House,28.6174949,77.2285430,,,bus_stop,,platform
993723518,node,Sector 10 DTC bus stop,28.5898321,77.0565582,,,bus_stop,,
1014265962,node,DA Block,28.7223939,77.1543091,,,bus_stop,,
1014349372,node,BH Block,28.7147354,77.1572729,,,bus_stop,,
1116431440,node,Sarojini Nagar Depot,28.5749519,77.1897922,,,bus_stop,,platform
1135153141,node,Nehru Place,28.5514411,77.2517393,stop,,,,stop_position
1374470982,node,Hari Nagar Bus Depot,28.6239117,77.1016810,,,,bus_station,
1431206523,node,Majnu Ka Tila,28.6965878,77.2255180,,,bus_stop,,
1480729645,node,Princess Park,28.5877996,77.0666315,,,,bus_station,
1634316638,node,,28.6865619,77.0573016,stop,,,,stop_position
1658772713,node,,28.5398827,77.2484915,,,bus_stop,,
1665772897,node,Central Secretariat,28.6158726,77.2123897,stop,,,,stop_position
1665772918,node,Punjabi Bagh,28.6729266,77.1461152,stop,,,,stop_position
1665799172,node,Safdarjung Terminal,28.5796637,77.2134862,,,,bus_station,station
1667599196,node,Sector- 6,28.5911287,77.0694234,,,bus_stop,,
1669092717,node,Pusa Institute,28.6404960,77.1741764,,,,bus_station,station
1694776065,node,PT College (Kotla),28.5698041,77.2265643,,,bus_stop,,platform
1706019482,node,Mohan Estate,28.5197252,77.2944799,stop,,,,stop_position
1772983135,node,Khaira Moad Bus Stop,28.6110007,76.9748228,,,bus_stop,,
1772985295,node,Dhansa Moad Bus Stop,28.6116506,76.9784711,,,bus_stop,,
1772986163,node,Najafgarh Bahardurgarh Bus Stop,28.6134773,76.9795655,,,bus_stop,,
1772987144,node,Najafgarh Nangloi Bus Stop,28.6174622,76.9839643,,,bus_stop,,
1772987605,node,Delhi Gate Bus Stop,28.6126939,76.9862671,,,bus_stop,,
1772987697,node,Chara Mandi Bus Stop,28.6126066,76.9909217,,,bus_stop,,
1773289236,node,Sai Baba Mandir,28.6138639,77.0005506,,,bus_stop,,platform
1773297182,node,Delhi Jal Board,28.6128122,76.9955956,,,bus_stop,,
1776086919,node,Chawwla Bus Stand,28.6071014,76.9860206,,,bus_stop,,platform
1776125945,node,,28.6142306,76.9852359,,,bus_stop,,
1787431976,node,Udyog Nagar,28.6810385,77.0808421,,,,,stop_position
1800779891,node,Lajpat Nagar Ring Road,28.5657440,77.2485897,,,bus_stop,,platform
1802087483,node,,28.6184960,77.0317346,,,,,stop_position
1809993846,node,Mitraon Bus Stop,28.6086366,76.9455171,,,bus_stop,,
1809993852,node,DESU Mitraon,28.6083305,76.9515352,,,bus_stop,,
1809993858,node,DESU Mitraon,28.6080856,76.9511650,,,bus_stop,,
1809993861,node,Mitraon Bus Stop,28.6081939,76.9449531,,,bus_stop,,
1810006799,node,Surhera Moad Bus Stand,28.6044357,76.9323145,,,bus_stop,,
1810006800,node,Surhera Moad Bus Stop,28.6041248,76.9319980,,,bus_stop,,
1810006802,node,Mitraon School,28.6069365,76.9396047,,,bus_stop,,
1810006804,node,Mitraon School,28.6070401,76.9393472,,,bus_stop,,
1810021531,node,Rawata Mor,28.6000603,76.9158725,,,bus_stop,,
1810021534,node,Jaffar Pur Hospital Bus Stand,28.5951101,76.9154753,,,bus_stop,,
1810021542,node,Jaffar Pur hospital,28.5954356,76.9154171,,,bus_stop,,
1810021549,node,Rawata Mor,28.6000603,76.9155078,,,bus_stop,,
1810021557,node,Rawata Mor,28.6004088,76.9159584,,,bus_stop,,
1810068996,node,Ujwa Bus Stop,28.5707326,76.9072626,,,bus_stop,,
1810069018,node,Darya Pur Moad Bus Stand,28.5524516,76.9076543,,,bus_stop,,
1810069024,node,Ujwa Bus Stop,28.5703321,76.9073860,,,bus_stop,,
1810069038,node,Samash Pur Bus Stop,28.5788214,76.9099341,,,bus_stop,,
1811078881,node,Malik Pur Bus Stand,28.5524819,76.9026482,,,bus_stop,,
1811078882,node,Darya Pur Bus Stand,28.5518979,76.9102654,,,bus_stop,,
1812182211,node,Ujwa School,28.5733705,76.9081919,,,bus_stop,,
1820848738,node,Mayur Vihar Phase III (T) Paper Market,28.6178694,77.3364227,,,,,stop_position
1824659702,node,Kirti Nagar (Green Line),28.6545409,77.1513605,station,subway,,,station
1824659742,node,Satguru Ramsingh Marg,28.6620531,77.1577026,station,subway,,,station
1825425289,node,Mangolpuri,28.6836984,77.0914827,halt,,,,halt
1825425942,node,Shakurbasti,28.6814073,77.1275679,station,,,,station
1835677720,node,Tughlakabad,28.5034421,77.2970508,station,,,,station
1835811101,node,Jaitpur Mor,28.4982909,77.3022912,,,bus_stop,,platform
1848140182,node,"DTC Bus Depot, Dichaon Kalan",28.6293311,76.9979463,,,,bus_station,
1869899247,node,New Ashok Nagar,28.5891580,77.3015991,stop,,,,stop_position
1886793206,node,Ashok Park Main,28.6715367,77.1552808,stop,,,,stop_position
1988513576,node,Brar Square,28.6137142,77.1405102,station,,,,station
1988513578,node,Delhi Inderpuri,28.6270931,77.1436742,halt,,,,halt
1988513579,node,Kirti Nagar,28.6475771,77.1456436,halt,,,,halt
1988513580,node,Delhi Kishanganj,28.6627442,77.1979077,station,,,,station
1988513581,node,Lajpat Nagar,28.5792815,77.2440352,station,,,,station
1988513582,node,Lodhi Colony,28.5797537,77.2168728,station,,,,station
1988513583,node,Pragati Maidan,28.6160392,77.2472109,station,,,,station
1988513584,node,Lodhi Colony,28.5796053,77.2167905,stop,,,,stop_position
1988513597,node,Sarojini Nagar,28.5812101,77.1963127,station,,,,station
1988513598,node,Shivaji Bridge,28.6334521,77.2266682,station,,,,station
1988513599,node,Tilak Bridge,28.6281166,77.2374037,station,,,,station
1988513600,node,Vivekanand Puri,28.6644729,77.1838135,station,,,,station
1988585233,node,Hazrat Nizamuddin Junction,28.5889646,77.2535202,station,,,,station
1988585239,node,Sardar Patel Marg,28.5958292,77.1678452,halt,,,,halt
1988598418,node,Rohini West,28.7149569,77.1153850,station,subway,,,station
1988668271,node,Janpath,28.6240472,77.2192877,stop,,,,stop_position
1988668281,node,Jama Masjid,28.6500446,77.2376857,stop,,,,stop_position
2008755839,node,Chhattarpur Metro Station,28.5079651,77.1757474,,,,,stop_position
2008755843,node,Chhattarpur Metro Station,28.5080474,77.1758798,,,,,stop_position
2036039194,node,Aya Nagar Bus Terminal,28.4768282,77.1304909,,,,bus_station,
2102480281,node,The Mother's International School,28.5400808,77.1994278,,,bus_stop,,platform
2102480808,node,,28.5448584,77.1975542,,,turning_circle,,stop_position
2201262404,node,Veer Apartment,28.7234537,77.1249399,,,bus_stop,,
2445917010,node,Traffic Training Park;East Punjabi Bagh,28.6721319,77.1385714,,,,,platform
2578295201,node,Jawaharlal Nehru Stadium,28.5838300,77.2298566,,,bus_stop,,platform
2578295203,node,Jawaharlal Nehru Stadium,28.5839019,77.2301396,,,bus_stop,,platform
2579042823,node,Dhansa Bus Stand,28.6119086,76.9785264,station,subway,,,station
2579368841,node,Nangli,28.6172778,77.0104516,stop,,,,stop_position
2579368852,node,Dwarka (Grey Line),28.6159127,77.0223656,stop,,,,stop_position
2622338438,node,Mandi House,28.6254928,77.2341910,stop,,,,stop_position
2722924227,node,Lal Quila,28.6574800,77.2367275,stop,,,,stop_position
2832938172,node,Hauz Khas (Magenta Line),28.5433691,77.2050447,station,subway,,,station
2832938174,node,Nehru Enclave,28.5460369,77.2515180,,,,,stop_position
2832938176,node,IIT Delhi,28.5470025,77.1945149,stop,,,,stop_position
2832938180,node,Okhla NSIC,28.5544871,77.2647891,stop,,,,stop_position
2832938185,node,Munirka,28.5568967,77.1750592,station,subway,,,station
2832938187,node,Sukhdev Vihar,28.5597477,77.2749004,station,subway,,,station
2832938196,node,Vasant Vihar,28.5578270,77.1611168,station,subway,,,station
2832938301,node,Shankar Vihar,28.5608462,77.1402814,station,subway,,,station
2832938307,node,Sadar Bazar Cantonment,28.5771145,77.1111279,station,subway,,,station
2832938323,node,Palam,28.5889102,77.0830764,station,subway,,,station
2832938324,node,Dashrath Puri,28.6018500,77.0823751,station,subway,,,station
2832938325,node,Dabri Mor - Janakpuri South,28.6157555,77.0851780,stop,,,,stop_position
2832938329,node,Janakpuri West,28.6289471,77.0779492,station,subway,,,station
2833058716,node,Greater Kailash,28.5419077,77.2384925,station,subway,,,station
2833058718,node,Kalindi Kunj,28.5429160,77.3101107,station,subway,,,station
2833058719,node,Kalkaji Mandir,28.5503522,77.2569441,station,subway,,,station
2833058720,node,Okhla Vihar,28.5612999,77.2918770,station,subway,,,station
2833058721,node,Panchsheel Park,28.5423747,77.2210916,station,subway,,,station
2833058722,node,R. K. Puram,28.5503805,77.1855231,station,subway,,,station
2833058723,node,Jasola Vihar Shaheen Bagh,28.5458279,77.2966578,station,subway,,,station
2833058753,node,Terminal 1 IGI Airport,28.5648350,77.1226566,station,subway,,,station
2833526614,node,Shalimar Bagh,28.7019880,77.1654294,stop,,,,stop_position
2833526616,node,South Extension,28.5685434,77.2205602,stop,,,,stop_position
2833526619,node,Bhikaji Cama Place,28.5702392,77.1878597,stop,,,,stop_position
2833526623,node,Lajpat Nagar (Pink Line),28.5695405,77.2382659,stop,,,,stop_position
2833526634,node,Dilli Haat - INA,28.5736270,77.2075791,stop,,,,stop_position
2833526638,node,Sarojini Nagar,28.5757936,77.1980768,stop,,,,stop_position
2833526642,node,Sir M. Vishweshwaraiah Moti Bagh,28.5785245,77.1757091,stop,,,,stop_position
2833526656,node,Durgabai Deshmukh South Campus,28.5892816,77.1694377,stop,,,,stop_position
2833526696,node,Delhi Cantt,28.6085995,77.1403775,,,,,stop_position
2833531907,node,Trilokpuri Sanjay Lake,28.6134530,77.3088549,station,subway,,,station
2833531915,node,Naraina Vihar,28.6243731,77.1364134,stop,,,,stop_position
2833531922,node,Mayapuri,28.6371662,77.1297013,,,,,stop_position
2833531928,node,Rajouri Garden (Pink Line),28.6511757,77.1242237,,,,,stop_position
2833531935,node,ESI - Basaidarapur,28.6580809,77.1272304,stop,,,,stop_position
2833531944,node,Punjabi Bagh West,28.6727770,77.1391646,stop,,,,stop_position
2833531954,node,Shakurpur,28.6859099,77.1494753,stop,,,,stop_position
2833531964,node,Netaji Subhash Place (Pink Line),28.6947226,77.1542356,stop,,,,stop_position
2833531971,node,Azadpur (Pink Line),28.7058181,77.1819440,stop,,,,stop_position
2833971686,node,Anand Vihar (Blue Line),28.6468336,77.3158749,station,subway,,,station
2833971689,node,Karkarduma (Pink Line),28.6493434,77.3060686,station,subway,,,station
2833971901,node,Krishna Nagar,28.6577953,77.2901630,stop,,,,stop_position
2833971903,node,East Azad Nagar,28.6646856,77.2848598,stop,,,,stop_position
2833971906,node,Welcome (Pink Line),28.6724074,77.2769355,stop,,,,stop_position
2833971914,node,Jaffrabad,28.6827111,77.2748723,stop,,,,stop_position
2833971918,node,Maujpur-Babarpur,28.6920926,77.2796874,stop,,,,stop_position
2833971922,node,Gokulpuri,28.7024220,77.2861306,stop,,,,stop_position
2833971930,node,Shiv Vihar,28.7214306,77.2894569,stop,,,,stop_position
2837147019,node,Samaypur Badli,28.7446411,77.1382701,station,subway,,,station
2837147020,node,"Rohini Sector 18, 19",28.7383795,77.1398526,station,subway,,,station
2837147021,node,Haiderpur Badli Mor,28.7299173,77.1488723,stop,,,,stop_position
2837165876,node,Delhi Gate,28.6392211,77.2408097,stop,,,,stop_position
2921967701,node,C2 Keshav Puram,28.6870911,77.1539140,,,bus_stop,,platform
2969367314,node,Rosewood Apartments,28.5976707,77.2959440,,,bus_stop,,
2995770834,node,Rama Krishna Puram Sector 2,28.5616647,77.1881852,,,bus_stop,,platform
2995771114,node,Rama Krishna Puram Sector 2,28.5616400,77.1884843,,,bus_stop,,platform
2995783609,node,Mohammadpur,28.5648761,77.1888413,,,bus_stop,,platform
2995783610,node,Mohammadpur,28.5649580,77.1891432,,,bus_stop,,platform
2995794883,node,Bhikaji Cama Place,28.5680216,77.1892590,,,bus_stop,,platform
2995794884,node,Bhikaji Cama Place,28.5680136,77.1895808,,,bus_stop,,platform
3004653893,node,,28.6721681,77.2569930,,,bus_stop,,
3004653895,node,,28.6726572,77.2571479,,,bus_stop,,platform
3012220510,node,Siraspur Bus Stand,28.7596174,77.1311827,,,bus_stop,,
3067826441,node,"Shakarpur School Block, S-3",28.6269787,77.2795114,,,bus_stop,,platform
3067830698,node,"Shakarpur School Block, S-3",28.6273966,77.2793076,,,bus_stop,,platform
3144938504,node,German Embassy New Delhi,28.5898166,77.1866958,,,bus_stop,,platform
3144938680,node,German Embassy New Delhi,28.5894491,77.1867307,,,bus_stop,,platform
3179612323,node,Nelson Mandela Marg Crossing,28.5520328,77.1655331,,,bus_stop,,platform
3179612675,node,Nelson Mandela Marg Crossing,28.5523744,77.1651068,,,bus_stop,,platform
3179612688,node,Vasant Vihar CPWD,28.5534512,77.1652380,,,bus_stop,,platform
3258161065,node,,28.6562228,77.2366089,,,bus_stop,,platform
3268564742,node,Old Delhi Railway Station,28.6600738,77.2273592,,,bus_stop,,platform
3268564743,node,Old Delhi Railway Station,28.6604274,77.2258278,,,bus_stop,,platform
3284155408,node,Jamia Millia Islamia,28.5630488,77.2863387,station,subway,,,station
3377844011,node,NSIC,28.5516595,77.2639124,,,bus_stop,,platform
3377844012,node,,28.5513815,77.2638078,,,bus_stop,,platform
3377844013,node,,28.5512543,77.2637622,,,bus_stop,,platform
3394398798,node,Tara Apartment,28.5238928,77.2548782,,,bus_stop,,platform
3424256952,node,Sujan Singh Park,28.6008214,77.2288143,,,bus_stop,,platform
3476229966,node,Godavari Bus Stop,28.5459520,77.1656263,,,bus_stop,,
3476230168,node,Kathuria Public School,28.5305211,77.1466514,,,bus_stop,,platform
3580369626,node,ITO,28.6281909,77.2410728,stop,,,,stop_position
3649457470,node,,28.6246876,77.1108939,,,,,stop_position
3649457480,node,,28.6250604,77.1107113,,,,,stop_position
3661703914,node,Himachal Private Bus Stand,28.7038271,77.2278239,,,bus_stop,,
3689250981,node,Tikri Kalan,28.6868186,76.9772009,stop,,,,stop_position
3689250982,node,Ghevra,28.6852334,76.9961223,,,,,stop_position
3689331533,node,Haiderpur Badli Mor,28.7296724,77.1489146,stop,,,,stop_position
3731270143,node,Anand Lok,28.5584961,77.2183370,,,bus_stop,,platform
3736001861,node,Shahbad Muhammadpur,28.5603258,77.0715537,station,,,,station
3742396111,node,Mehrauli Terminal,28.5216558,77.1834606,,,,,stop_position
3744502768,node,Barakhamba Metro Station,28.6293802,77.2253066,,,bus_stop,,platform
3744502772,node,,28.6304632,77.2238139,,,,,stop_position
3744502773,node,Statesman House,28.6305544,77.2237775,,,bus_stop,,platform
3832323219,node,Chirag Delhi,28.5411108,77.2303164,station,subway,,,station
3947529837,node,Shivaji Stadium Terminal,28.6320191,77.2156013,,,,,stop_position
4123579689,node,Hauz Khas,28.5530725,77.2052770,,,bus_stop,,platform
4123579789,node,"Saket, A-Block",28.5281630,77.2048771,,,bus_stop,,platform
4123579889,node,"Saket, M-Block",28.5288201,77.2150489,,,bus_stop,,platform
4125389689,node,Palika Kendra,28.6285458,77.2168372,,,bus_stop,,platform
4133873655,node,Green Park,28.5574366,77.2068979,,,bus_stop,,platform
4156355793,node,Kendriya Terminal,28.6172131,77.2056480,,,,,stop_position
4167260337,node,,28.5161695,77.2266537,,,,,stop_position
4212600961,node,Kapashera Border,28.5214319,77.0819265,,,bus_stop,,platform
4233041566,node,RK Puram Sector-4,28.5629226,77.1784160,,,bus_stop,,platform
4346910256,node,Mahindra Park,28.6835160,77.1365843,,,bus_stop,,platform
4346910257,node,Mahindra Park,28.6840560,77.1359245,,,bus_stop,,
4346910258,node,Raja Park,28.6836007,77.1338377,,,bus_stop,,platform
4346910259,node,,28.6884479,77.1352807,,,bus_stop,,
4367412192,node,Kali Piyao,28.6280308,76.9674086,,,bus_stop,,
4405678392,node,Okhla,28.5652603,77.2879233,,,,bus_station,
4435647397,node,Vijaylakshmi Apartment,28.6289427,77.3090275,,,bus_stop,,platform
4435663161,node,,28.6341112,77.3047963,,,bus_stop,,platform
4435680706,node,Parivar Apartments,28.6266758,77.3093523,,,bus_stop,,platform
4435680707,node,Ras Vihar,28.6251199,77.3046777,,,bus_stop,,platform
4435711092,node,Saraswati Kunj,28.6237803,77.3014034,,,bus_stop,,platform
4436578088,node,Hasanpur Depot,28.6361344,77.3072682,,,bus_stop,,platform
4439250989,node,Anand Vihar ISBT,28.6467533,77.3180037,,,bus_stop,,platform
4439250990,node,,28.6441369,77.3169952,,,bus_stop,,platform
4439250991,node,,28.6416841,77.3160806,,,bus_stop,,platform
4439725381,node,Ras Vihar,28.6252079,77.3056649,,,bus_stop,,platform
4439725382,node,Parivar Apartments,28.6265192,77.3094871,,,bus_stop,,platform
4440796915,node,Kasturba Gandhi Marg Crossing,28.6234357,77.2266617,,,bus_stop,,platform
4440796916,node,Tilak Bridge,28.6254847,77.2394625,,,bus_stop,,platform
4440796921,node,Rainy Well,28.6282644,77.2606262,,,bus_stop,,platform
4441079169,node,"Shakarpur School Block, S-1",28.6295179,77.2772637,,,bus_stop,,platform
4441079170,node,"Shakarpur School Block, S-1",28.6291956,77.2772809,,,bus_stop,,platform
4441079171,node,Ganesh Nagar,28.6210008,77.2852791,,,bus_stop,,platform
4441079172,node,Mother Dairy,28.6191386,77.2864093,,,bus_stop,,platform
4441079173,node,Mother Dairy,28.6193834,77.2882998,,,bus_stop,,platform
4441079174,node,Mother Dairy Xing,28.6189455,77.2878996,,,bus_stop,,platform
4441079175,node,Dharma Apartments,28.6201629,77.2901302,,,bus_stop,,platform
4441365357,node,Vijaylakshmi Apartment,28.6288447,77.3089093,,,bus_stop,,platform
4441365359,node,Mother Dairy,28.6195351,77.2858900,,,bus_stop,,platform
4441662176,node,Anand Vihar,28.6450310,77.3168118,,,bus_stop,,platform
4444470082,node,Delhi Secretariat,28.6282507,77.2513423,,,bus_stop,,platform
4444470083,node,Laxmi Nagar,28.6308853,77.2778923,,,bus_stop,,platform
4444470084,node,Shakarpur,28.6333607,77.2820067,,,bus_stop,,platform
4444470085,node,Shakarpur Crossing,28.6352655,77.2848910,,,bus_stop,,platform
4444470088,node,Nirman Vihar,28.6369756,77.2872631,,,bus_stop,,platform
4444470489,node,Swasthya Vihar,28.6393439,77.2918944,,,bus_stop,,platform
4444470490,node,Swasthya Vihar,28.6391321,77.2920981,,,bus_stop,,platform
4483464893,node,Malviya Nagar,28.5353996,77.2085318,,,bus_stop,,platform
4483606889,node,Anupam Cinema,28.5250756,77.2058589,,,bus_stop,,platform
4510680878,node,Nehru Place,28.5485465,77.2564465,,,,,stop_position
4510680885,node,Nehru Place,28.5480693,77.2551838,,,,,stop_position
4533766389,node,,28.5954340,77.3100288,,,,bus_station,
4570370477,node,Tughlakabad,28.5092072,77.2652749,,,bus_stop,,platform
4574602992,node,,28.6443349,77.1386099,,,,bus_station,
4574632989,node,,28.6438892,77.1387433,,,bus_stop,hospital,
4595766394,node,Sadar Bazar,28.5955202,77.1226813,,,bus_stop,,platform
4676900918,node,IP Extension,28.6319032,77.3107180,station,subway,,,station
4676900919,node,Karkarduma Court,28.6536001,77.2957877,station,subway,,,station
4676900933,node,East Vinod Nagar - Mayur Vihar - II,28.6200437,77.3054069,station,subway,,,station
4676901224,node,Mandawali - West Vinod Nagar,28.6249790,77.3044525,station,subway,,,station
4676940460,node,Ashram,28.5720033,77.2581218,stop,,,,stop_position
4700705789,node,Bikaner Bus Depot,28.6086972,77.2302094,,,,bus_station,station
4716421017,node,G.T.B Road,28.6810123,77.3132897,,,bus_stop,,platform
4716422482,node,,28.6806759,77.3135847,,,bus_stop,,platform
4716425492,node,G.T.B Hospital,28.6845602,77.3110775,,,bus_stop,,platform
4716426896,node,,28.6811718,77.3136364,,,bus_stop,,platform
4725833989,node,Paharganj bus stand,28.6447747,77.2043367,,,,bus_station,
4776237925,node,Dhaula Kuan,28.5927254,77.1638115,,,bus_stop,,platform
4776237926,node,Dhaula Kuan,28.5926433,77.1636690,,,bus_stop,,platform
4776237927,node,Dhaula Kuan,28.5925475,77.1634839,,,bus_stop,,platform
4776237928,node,Dhaula Kuan,28.5924954,77.1633860,,,bus_stop,,platform
4795457021,node,,28.6083582,77.2303101,,,bus_stop,,platform
4805164134,node,Uttam Nagar Terminal,28.6254532,77.0658383,,,,,stop_position
4814565621,node,South Moti Bagh,28.5818860,77.1742758,,,bus_stop,,platform
4819415322,node,All India Institute of Medical Sciences,28.5688666,77.2136516,,,bus_stop,,platform
4819437421,node,Bikaji Cama Place,28.5697351,77.1861629,,,bus_stop,,platform
4819437821,node,Hyatt Hotel,28.5701546,77.1858959,,,bus_stop,,platform
4819437823,node,Safdarjung Hospital,28.5697575,77.2046091,,,bus_stop,,platform
4823534021,node,Samalkha,28.5345373,77.0903240,,,bus_stop,,platform
4823534421,node,Samalkha,28.5342563,77.0902888,,,bus_stop,,platform
4823534422,node,Samalkha,28.5335023,77.0897876,,,bus_stop,,platform
4823534423,node,Samalkha Crossing,28.5379911,77.0933153,,,bus_stop,,platform
4823534424,node,Samalkha Crossing,28.5374796,77.0922095,,,bus_stop,,platform
4823534821,node,Samalkha Village,28.5335570,77.0896948,,,bus_stop,,platform
4823534823,node,Mahipalpur,28.5467630,77.1247808,,,bus_stop,,platform
4838670426,node,Pragati Maidan (Gate No. 5),28.6179177,77.2404376,,,bus_stop,,platform
4869284225,node,Mehrauli,28.5213105,77.1829087,,,,,stop_position
4917303822,node,Majnu Ka Tila,28.6965737,77.2236325,,,,bus_station,
4999072818,node,Shivalik Zanskar,28.5478234,77.1855319,,,,,platform
5006266345,node,Nalanda,28.5464924,77.1831361,,,bus_stop,,platform
5006266346,node,Hospital,28.5455292,77.1881723,,,bus_stop,,platform
5006266355,node,IRD,28.5444734,77.1927734,,,bus_stop,,platform
5006266356,node,IDDC,28.5441243,77.1922678,,,bus_stop,,platform
5026495352,node,Andrews Ganj,28.5660085,77.2305402,,,bus_stop,,platform
5026495354,node,Uday Park,28.5591980,77.2193637,,,bus_stop,,platform
5026495355,node,Niti Bagh,28.5579007,77.2175785,,,bus_stop,,platform
5026495356,node,Padmini Enclave,28.5491087,77.2033291,,,bus_stop,,platform
5026495358,node,IIT Gate,28.5460849,77.2020479,,,bus_stop,,platform
5026495359,node,IIT Gate,28.5459371,77.1970279,,,bus_stop,,platform
5026495360,node,Jia Sarai,28.5482240,77.1890476,,,bus_stop,,platform
5026495366,node,IIT Hostel,28.5500106,77.1856157,,,bus_stop,,platform
5026495367,node,IIT Hostel,28.5497308,77.1854299,,,bus_stop,,platform
5026495368,node,Sarvapriya Vihar,28.5438464,77.2067428,,,bus_stop,,platform
5040262138,node,IIT Gate Bus Stop Public Transport,28.5460957,77.1956572,,,bus_stop,,platform
5040262152,node,Kailash,28.5440954,77.1959545,,,bus_stop,,platform
5041102105,node,,28.5478343,77.1854847,,,,,stop_position
5041102106,node,IIT,28.5489486,77.1849456,,,,,platform
5041102108,node,Hospital,28.5454194,77.1880942,,,,,platform
5041102109,node,Kailash,28.5441656,77.1960057,,,bus_stop,,platform
5041102110,node,,28.5441185,77.1959838,,,,,stop_position
5057771553,node,Himadri,28.5448637,77.1974324,,,bus_stop,,platform
5057771554,node,East Avenue,28.5443666,77.1997484,,,bus_stop,,platform
5065142664,node,West Enclave,28.6928006,77.0997374,,,,,stop_position
5066137687,node,Tikri Border,28.6878977,76.9640684,stop,,,,stop_position
5068213689,node,Statesman House,28.6301975,77.2238456,,,bus_stop,,platform
5116049265,node,Soami Nagar,28.5421264,77.2247134,,,bus_stop,,platform
5120631337,node,Soami Nagar,28.5423443,77.2247968,,,bus_stop,,platform
5120631342,node,Krishi Vihar,28.5469762,77.2295593,,,bus_stop,,platform
5120631343,node,Siri Fort Road Crossing,28.5531160,77.2279531,,,bus_stop,,platform
5120631344,node,,28.5534848,77.2283894,,,bus_stop,,platform
5120631346,node,Sadiq Nagar,28.5562576,77.2291450,,,bus_stop,,platform
5120631350,node,Central School,28.5628434,77.2328340,,,bus_stop,,platform
5120631351,node,MCKR Hospital,28.5692451,77.2356462,,,bus_stop,,platform
5120631354,node,Moolchand Hospital,28.5655248,77.2358028,,,bus_stop,,platform
5120631359,node,,28.5651899,77.2425900,,,bus_stop,,platform
5121928122,node,Maharani Bagh,28.5767413,77.2645157,,,bus_stop,,platform
5121928123,node,Maharani Bagh,28.5762471,77.2644626,,,bus_stop,,platform
5121928125,node,Gurudwara Bala Sahib,28.5812050,77.2659115,,,bus_stop,,platform
5121928128,node,Sarai Kale Khan,28.5870245,77.2590912,,,bus_stop,,platform
5121928130,node,Sarai Kale Khan ISBT,28.5905995,77.2578836,,,bus_stop,,platform
5122054862,node,,28.6455968,77.3004172,,,bus_stop,,
5122127029,node,National Stadium,28.6105912,77.2401833,,,bus_stop,,platform
5122127030,node,Zoo,28.6084393,77.2402124,,,bus_stop,,platform
5122127034,node,Sunder Nagar,28.6020587,77.2406879,,,bus_stop,,platform
5122127035,node,Delhi Public School,28.5988746,77.2408464,,,bus_stop,,platform
5122127037,node,Amir Khusro Park (Oberoi Hotel),28.5963552,77.2406975,,,bus_stop,,platform
5133195773,node,Panchsheel Enclave,28.5432392,77.2135555,,,bus_stop,,platform
5133195774,node,Sadhna Enclave,28.5429819,77.2163372,,,bus_stop,,platform
5133195776,node,,28.5428754,77.2185870,,,bus_stop,,platform
5133508410,node,Jia Sarai,28.5486172,77.1891606,,,bus_stop,,platform
5133508411,node,Sarvapriya Vihar,28.5439542,77.2053160,,,bus_stop,,platform
5133508412,node,Sarvapriya Vihar,28.5439776,77.2051631,,,bus_stop,,platform
5134453879,node,,28.5678897,77.1649522,,,,,stop_position
5134453880,node,Malai Mandir,28.5678589,77.1648838,,,bus_stop,,platform
5134453881,node,,28.5629501,77.1678737,,,,,stop_position
5134453882,node,Vasant Vihar,28.5629285,77.1677782,,,bus_stop,,platform
5134453884,node,,28.5583591,77.1721380,,,,,stop_position
5134453885,node,Vasant Vihar Depot,28.5582746,77.1721263,,,bus_stop,,platform
5134453886,node,,28.5567401,77.1743398,,,,,stop_position
5134453887,node,Munirka/Family Planning Association of India,28.5566845,77.1742786,,,bus_stop,,platform
5134453888,node,,28.5553434,77.1764966,,,,,stop_position
5134453889,node,DDA Flats Munirka,28.5553188,77.1764549,,,bus_stop,,platform
5134453890,node,,28.5537207,77.1790050,,,,,stop_position
5134453891,node,DDA Flats Munirka,28.5536840,77.1789758,,,bus_stop,,platform
5134453893,node,Institute of Secretariat Training and Management,28.5527422,77.1811185,,,bus_stop,,platform
5134453894,node,Institute of Secretariat Training and Management,28.5521944,77.1811125,,,bus_stop,,platform
5137961055,node,South Moti Bagh,28.5773639,77.1736829,,,bus_stop,,platform
5137961056,node,,28.5774100,77.1736528,,,,,stop_position
5137961057,node,,28.5778493,77.1741945,,,,,stop_position
5137961058,node,,28.5799530,77.1787923,,,,,stop_position
5137961059,node,Moti Bagh - 1,28.5799974,77.1786023,,,bus_stop,,platform
5137961061,node,,28.5804573,77.1802125,,,,,stop_position
5137961062,node,Moti Bagh - I,28.5803496,77.1802870,,,bus_stop,,platform
5137961063,node,Moti Bagh - I,28.5812919,77.1816034,,,bus_stop,,platform
5137961064,node,,28.5812486,77.1816530,,,,,stop_position
5137961066,node,Rail Museum,28.5869295,77.1852281,,,bus_stop,,platform
5137961067,node,ریل عجائب گھر,28.5869111,77.1852901,,,,,stop_position
5137961068,node,ریل عجائب گھر,28.5872226,77.1855039,,,,,stop_position
5137961069,node,Rail Museum,28.5872076,77.1855505,,,bus_stop,,platform
5137961073,node,,28.5894689,77.1866591,,,,,stop_position
5137961074,node,,28.5897968,77.1867433,,,,,stop_position
5137961076,node,USSR Embassy,28.5924685,77.1882855,,,bus_stop,,platform
5137961077,node,USSR Embassy,28.5925382,77.1881082,,,bus_stop,,platform
5137961078,node,,28.5924902,77.1882204,,,,,stop_position
5137961079,node,,28.5925177,77.1881493,,,,,stop_position
5137961080,node,British High Commission,28.5983399,77.1913151,,,bus_stop,,platform
5137961081,node,,28.5983604,77.1912443,,,,,stop_position
5137961082,node,British High Commission,28.5984435,77.1911390,,,bus_stop,,platform
5137961083,node,,28.5984268,77.1911759,,,,,stop_position
5137961084,node,China Embassy,28.6008563,77.1925756,,,bus_stop,,platform
5137961085,node,,28.6008681,77.1925354,,,,,stop_position
5137961086,node,China Embassy,28.6008329,77.1923791,,,bus_stop,,platform
5137961087,node,,28.6008163,77.1924158,,,,,stop_position
5137961088,node,Chanakyapuri Police Station,28.6035845,77.1966475,,,bus_stop,,platform
5137961090,node,Chanakyapuri Police Station,28.6037919,77.1965038,,,bus_stop,,platform
5137961096,node,Bhartiya Sadhu Samaj,28.6039142,77.1846200,,,bus_stop,,platform
5137961097,node,,28.6039446,77.1845920,,,,,stop_position
5139502781,node,,28.5697241,77.1655995,,,,,stop_position
5139502782,node,"Rama Krishna Puram, Sector - 8",28.5697644,77.1655301,,,bus_stop,,platform
5139502783,node,,28.5712804,77.1707636,,,,,stop_position
5139502784,node,"Rama Krishna Puram, Sector - 9",28.5713190,77.1707045,,,bus_stop,,platform
5139502786,node,"Sector - 12, Rama Krishna Puram (Sangam Cinema)",28.5736195,77.1734680,,,bus_stop,,platform
5139502788,node,"Sector - 9, Rama Krishna Puram",28.5757828,77.1724840,,,bus_stop,,platform
5160946741,node,Atma Ram Sanatan Dharma College,28.5903334,77.1684435,,,bus_stop,,platform
5160963962,node,Basant Gaon,28.5750592,77.1600415,,,bus_stop,,platform
5160963963,node,Basant Gaon,28.5754338,77.1589442,,,bus_stop,,platform
5161027736,node,Satya Niketan,28.5878190,77.1707296,,,bus_stop,,platform
5162517336,node,Arjun Path,28.5752914,77.1473315,,,bus_stop,,platform
5162517337,node,Arjun Path,28.5747563,77.1472919,,,bus_stop,,platform
5162517338,node,,28.5742199,77.1417530,,,bus_stop,,platform
5162517339,node,Kendriya Vidyalaya,28.5746225,77.1409308,,,bus_stop,,platform
5162548183,node,Jharera Village,28.5794187,77.1450622,,,bus_stop,,platform
5162604857,node,Shankar Vihar,28.5662798,77.1344777,,,bus_stop,,platform
5162604858,node,Shankar Vihar,28.5664913,77.1339353,,,bus_stop,,platform
5162608561,node,Palam Mode,28.5679272,77.1301094,,,bus_stop,,platform
5162608562,node,Airport,28.5695597,77.1235743,,,bus_stop,,platform
5167333724,node,Satya Niketan,28.5877240,77.1703455,,,bus_stop,,platform
5167370246,node,Moti Bagh Gurudwara Nanakpura,28.5846673,77.1728115,,,bus_stop,,platform
5167370247,node,Moti Bagh Gurudwara Nanakpura,28.5848895,77.1721279,,,bus_stop,,platform
5167426921,node,Arjun Path,28.5740754,77.1518216,,,bus_stop,,platform
5167426926,node,Arjun Path,28.5743847,77.1518349,,,bus_stop,,platform
5168715800,node,Gopinath Bazaar,28.5964396,77.1358177,,,bus_stop,,platform
5168723511,node,Airport,28.5693121,77.1234645,,,bus_stop,,platform
5168723512,node,Palam More/CGDA,28.5682610,77.1299105,,,bus_stop,,platform
5169494389,node,Palam More,28.5814159,77.1241735,,,bus_stop,,platform
5169494390,node,Palam More,28.5806729,77.1236831,,,bus_stop,,platform
5169523766,node,More Lines,28.5831114,77.1166418,,,bus_stop,,platform
5169523768,node,Indian Oil Corporation,28.5775846,77.1087713,,,bus_stop,,platform
5169523769,node,Indian Oil Corporation,28.5773412,77.1086838,,,bus_stop,,platform
5170946821,node,kardampuri,28.6802124,77.2744804,,,,bus_station,
5188613094,node,Prahladpur,28.5797279,77.1017602,,,bus_stop,,platform
5188613095,node,Prahladpur,28.5794417,77.1016572,,,bus_stop,,platform
5188613108,node,Dwarka Flyover,28.5838025,77.0914162,,,bus_stop,,platform
5188613109,node,Dwarka Flyover,28.5839370,77.0915466,,,bus_stop,,platform
5188613110,node,Palam Colony,28.5812731,77.0957702,,,bus_stop,,platform
5188613111,node,Palam Colony,28.5815058,77.0960018,,,bus_stop,,platform
5208924917,node,C-2B Janakpuri,28.6214800,77.0889996,,,bus_stop,,platform
5215706475,node,Deepali Chowk,28.6981000,77.1182795,station,subway,,,station
5215706476,node,Haiderpur Village,28.7248993,77.1424670,station,subway,,,station
5215706515,node,Deepali Chowk,28.6981132,77.1182700,stop,,,,stop_position
5215706520,node,Madhuban Chowk,28.7035674,77.1300725,station,subway,,,station
5215706525,node,North Pitampura - Prashant Vihar,28.7130743,77.1387306,station,subway,,,station
5215706542,node,Bhalaswa,28.7369574,77.1680870,station,subway,,,station
5215706767,node,Burari,28.7298286,77.1995697,station,subway,,,station
5215706768,node,Jagatpur - Wazirabad,28.7211162,77.2239950,station,subway,,,station
5215706769,node,Khajuri Khas,28.7052606,77.2544989,station,subway,,,station
5215706770,node,Yamuna Vihar,28.7023762,77.2773106,station,subway,,,station
5215706782,node,Bhajanpura,28.7035987,77.2626474,station,subway,,,station
5215706793,node,Soorghat,28.7102223,77.2274526,station,subway,,,station
5218661930,node,Potala Ground,28.7048472,77.2293263,,,,bus_station,
5232392799,node,Aga Khan Hall,28.6224821,77.2350663,,,bus_stop,,platform
5232404971,node,Mandi House,28.6248546,77.2329658,,,bus_stop,,platform
5232986685,node,Bhavishya Nidhi Enclave,28.5423336,77.2096053,,,bus_stop,,platform
5244047894,node,Archana Shopping Complex,28.5540267,77.2318335,,,bus_stop,,platform
5245901426,node,Bus Station,28.5912074,77.2962085,,,,bus_station,
5248673897,node,Jawaharlal Nehru Stadium,28.5838126,77.2301463,,,bus_stop,,platform
5253691565,node,Malai Mandir,28.5684924,77.1648534,,,bus_stop,,platform
5253691567,node,Vasant Vihar Depot,28.5589486,77.1719441,,,bus_stop,,platform
5253725578,node,"Sector 5, Rama Krishna Puram",28.5630190,77.1682563,,,bus_stop,,platform
5253725786,node,RK Puram Sector 5,28.5606235,77.1701858,,,bus_stop,,platform
5253725787,node,Munirka/Family Planning Association of India,28.5570195,77.1745306,,,bus_stop,,platform
5258047116,node,Neethi Apartment,28.6313562,77.3020229,,,bus_stop,,platform
5258048135,node,Maharishi Daya Nand Marg (Malviya Nagar),28.5402919,77.2129434,,,bus_stop,,platform
5269021217,node,"Rama Krishna Puram, Sector-8",28.5696659,77.1659882,,,bus_stop,,platform
5269022334,node,Vasant Vihar C Block,28.5675716,77.1596317,,,bus_stop,,platform
5273097489,node,Khel Gaon,28.5508686,77.2109001,,,bus_stop,,platform
5273099668,node,Kamla Nehru College,28.5564674,77.2159535,,,bus_stop,,platform
5273107018,node,Baroda House,28.6159117,77.2301815,,,bus_stop,,platform
5273107081,node,Bhartiya Vidya Bhawan,28.6212087,77.2264111,,,bus_stop,,platform
5273108940,node,Tilak Bridge,28.6236586,77.2393318,,,bus_stop,,platform
5273108995,node,Andrews Ganj,28.5659689,77.2295032,,,bus_stop,,platform
5273109722,node,DPS School (near Neela Gumbad),28.5928864,77.2422544,,,bus_stop,,platform
5273109723,node,National Gallery of Modern Art,28.6104080,77.2335416,,,bus_stop,,platform
5275508790,node,Sadhna Enclave,28.5428724,77.2150338,,,bus_stop,,platform
5277289377,node,Savitri Cinema,28.5417413,77.2383845,,,bus_stop,,platform
5304347315,node,Katwaria Sarai,28.5404136,77.1851702,,,bus_stop,,platform
5304359568,node,,28.5418714,77.1826101,,,bus_stop,,platform
5304359878,node,Qutub Hotel,28.5390979,77.1900541,,,bus_stop,,platform
5304359879,node,Fertilizer Association of India,28.5434529,77.1799873,,,bus_stop,,platform
5305562715,node,National Small Industries Corporation,28.5537391,77.2651613,,,bus_stop,,platform
5305562716,node,Paras Cinema,28.5487565,77.2569888,,,bus_stop,,platform
5305562717,node,Pamposh Enclave,28.5435247,77.2441827,,,bus_stop,,platform
5305563918,node,Sukhdev Vihar,28.5585916,77.2730286,,,bus_stop,,platform
5305564098,node,Nehru Place,28.5473082,77.2540105,,,bus_stop,,platform
5305568809,node,Maidan Garhi Crossing,28.5196315,77.2077936,,,bus_stop,,platform
5305568811,node,Dhaulapeer,28.5224936,77.1931448,,,bus_stop,,platform
5305568812,node,Lado Sarai Crossing,28.5227562,77.1918575,,,bus_stop,,platform
5305575044,node,Lado Sarai Crossing,28.5243300,77.1899181,,,bus_stop,,platform
5305575045,node,P.T.S.,28.5329842,77.1955017,,,bus_stop,,platform
5305575192,node,PTS,28.5329085,77.1959524,,,bus_stop,,platform
5305575193,node,Zammaya пещера бар,28.5346685,77.1968544,,,bus_stop,,platform
5305575194,node,Lado Sarai Crossing,28.5242671,77.1899214,,,bus_stop,,platform
5306194018,node,Rav Tula Ram College,28.5760709,77.1607130,,,bus_stop,,
5306202247,node,Shanti Niketan,28.5730261,77.1634214,,,bus_stop,,platform
5306253665,node,Padmini Enclave,28.5483535,77.2029517,,,bus_stop,,platform
5307711329,node,Jawaharlal Nehru University Campus,28.5516520,77.1693330,,,bus_stop,,platform
5318513004,node,Institute of Pharmacy (DIPSAR),28.5160844,77.2235377,,,bus_stop,,platform
5318514057,node,Saket Crossing,28.5175357,77.2167086,,,bus_stop,,platform
5318514355,node,Asian Market,28.5165374,77.2213136,,,bus_stop,,platform
5322399620,node,,28.5428825,77.2095859,,,bus_stop,,platform
5323165054,node,DDA Flats Lado Sarai,28.5298217,77.1923070,,,bus_stop,,platform
5331312234,node,Asian Market,28.5170058,77.2207457,,,bus_stop,,platform
5331312235,node,,28.5151222,77.2283572,,,bus_stop,,platform
5331316352,node,Said-ul-Ajaib,28.5206804,77.2023871,,,bus_stop,,platform
5331316353,node,Institute of Pharmacy (DIPSAR),28.5161524,77.2248422,,,bus_stop,,platform
5331316354,node,tighri,28.5151368,77.2282936,,,bus_stop,,platform
5331316516,node,Saket Crossing,28.5179491,77.2165322,,,bus_stop,,platform
5331316517,node,Ambedkar Nagar Depot,28.5153540,77.2284585,,,bus_stop,,platform
5331550499,node,,28.5246085,77.2297547,,,bus_stop,,platform
5331550500,node,,28.5279782,77.2312443,,,bus_stop,,platform
5331550888,node,,28.5203619,77.2281215,,,bus_stop,,platform
5331550926,node,,28.5247119,77.2298196,,,bus_stop,,platform
5331550927,node,,28.5281130,77.2312921,,,bus_stop,,platform
5337536801,node,,28.6112169,77.2447636,,,bus_stop,,platform
5338561339,node,Scindia House,28.6291085,77.2216151,,,bus_stop,,platform
5338565943,node,Super Bazar,28.6326895,77.2231153,,,bus_stop,,platform
5338567621,node,Kailash Building,28.6292017,77.2219249,,,bus_stop,,platform
5338584905,node,Doctor Ram Manohar Lohia Hospital,28.6245007,77.2013315,,,bus_stop,,platform
5338584906,node,Doctor Ram Manohar Lohia Hospital,28.6257958,77.2039082,,,bus_stop,,platform
5338584908,node,Hanuman Mandir,28.6304235,77.2140080,,,bus_stop,,platform
5338584991,node,New Delhi Post Office,28.6261381,77.2049492,,,bus_stop,,platform
5338584992,node,Gurudwara Bangla Sahib,28.6285156,77.2095706,,,bus_stop,,platform
5341268644,node,,28.6341687,77.3049948,,,bus_stop,,platform
5341268645,node,Saraswati Kunj,28.6239425,77.3011418,,,bus_stop,,platform
5342174852,node,National Stadium,28.6115356,77.2399261,,,bus_stop,,platform
5342182505,node,,28.6020713,77.2402748,,,bus_stop,,platform
5342182506,node,Lodhi Hotel,28.5911586,77.2396761,,,bus_stop,,platform
5342182749,node,Zoo,28.6084096,77.2399087,,,bus_stop,,platform
5342182750,node,,28.5984508,77.2406143,,,bus_stop,,platform
5342182884,node,National Stadium,28.6118736,77.2399211,,,bus_stop,,platform
5342182885,node,Amir Khusro Park,28.5962282,77.2403952,,,bus_stop,,platform
5342182886,node,Lajpat Nagar subway,28.5732321,77.2374621,,,bus_stop,,platform
5344786347,node,Delhi Development Authority Flats Munirka/Family Planning Association of India,28.5555220,77.1766162,,,bus_stop,,platform
5345530306,node,Western Court,28.6238379,77.2190036,,,bus_stop,,platform
5345531488,node,Eastern Court,28.6221373,77.2191737,,,bus_stop,,platform
5345534677,node,Mandi House,28.6251008,77.2302950,,,bus_stop,,platform
5345534846,node,Mandi House,28.6249761,77.2305747,,,bus_stop,,platform
5345535254,node,Firoz Shah Road,28.6207553,77.2205921,,,bus_stop,,platform
5346174186,node,New Delhi Post Office,28.6255464,77.2063880,,,bus_stop,,platform
5348499922,node,,28.6701741,77.2026807,,,bus_stop,,platform
5348668398,node,Munirka,28.5590604,77.1740306,,,,,stop_position
5350977464,node,Bhartiya Sadhu Samaj,28.6038544,77.1840540,,,bus_stop,,platform
5351633748,node,,28.5711941,77.1708506,,,,,stop_position
5351633757,node,,28.5696991,77.1658648,,,,,stop_position
5351633785,node,"Rama Krishna Puram, Sector - 7",28.5705999,77.1691221,,,bus_stop,,platform
5357614275,node,Siri Fort Crossing,28.5542025,77.2269827,,,bus_stop,,platform
5357614276,node,,28.5459458,77.2297186,,,bus_stop,,platform
5358882587,node,Sangam Cinema,28.5736280,77.1736410,,,bus_stop,,platform
5367813525,node,Krishi Vihar,28.5469029,77.2295999,,,bus_stop,,platform
5367813526,node,Krishi Vihar,28.5469359,77.2295871,,,bus_stop,,platform
5370211763,node,Ring Road (near Gupta Market),28.5647558,77.2414340,,,bus_stop,,platform
5370211764,node,Gupta Market,28.5647511,77.2413280,,,bus_stop,,platform
5370211769,node,Ring Road (near Gupta Market),28.5651195,77.2415350,,,bus_stop,,platform
5371748022,node,Qutub Minar Metro Station,28.5141054,77.1861737,,,bus_stop,,platform
5372972120,node,,28.5615601,77.2317487,,,bus_stop,,platform
5372974921,node,,28.5616087,77.2317778,,,bus_stop,,platform
5372975222,node,Nehru Place,28.5485515,77.2489274,,,bus_stop,,platform
5372981176,node,Central School,28.5596616,77.2333991,,,bus_stop,,platform
5372983763,node,Lady Sriram College,28.5587538,77.2371619,,,bus_stop,,platform
5372984022,node,Central School,28.5596402,77.2335068,,,bus_stop,,platform
5372987675,node,Lady Sriram College,28.5587212,77.2372978,,,bus_stop,,platform
5372987677,node,Kailash Colony,28.5560739,77.2410026,,,bus_stop,,platform
5372987679,node,Sant Nagar,28.5522958,77.2461934,,,bus_stop,,platform
5372989218,node,Central School,28.5598546,77.2336017,,,bus_stop,,platform
5372989282,node,Nehru Place,28.5475803,77.2493343,,,bus_stop,,platform
5372989458,node,Nehru Place,28.5479765,77.2492134,,,bus_stop,,platform
5373002004,node,O.S. Communication,28.5427743,77.2414370,,,bus_stop,,platform
5373002309,node,Masjid Moth,28.5408689,77.2360390,,,bus_stop,,platform
5373003179,node,Pamposh Enclave,28.5437071,77.2439086,,,bus_stop,,platform
5397665618,node,Haiderpur Badli Mor,28.7299398,77.1491044,station,subway,,,station
5401301622,node,Bus Stop Sec-16 Rohini,28.7415613,77.1201005,,,bus_stop,,
5406734894,node,Institute of Pharmacy (DIPSAR),28.5163617,77.2235726,,,bus_stop,,platform
5406734895,node,Dhaulapeer,28.5219518,77.1979232,,,bus_stop,,platform
5406734896,node,Said-ul-Ajaib,28.5211926,77.1999313,,,bus_stop,,platform
5415760167,node,Ansal Plaza,28.5654414,77.2247804,,,bus_stop,,platform
5415761593,node,Shah Pur Jat,28.5482223,77.2099778,,,bus_stop,,platform
5415761594,node,Anand Lok,28.5582653,77.2183802,,,bus_stop,,platform
5418010405,node,Supreme Court Metro Station,28.6239954,77.2409579,,,bus_stop,,platform
5418035756,node,Mandi House,28.6254806,77.2339155,,,bus_stop,,platform
5419776664,node,Khyber Pass,28.6903388,77.2214407,,,bus_stop,,platform
5419777006,node,Delhi Vidhan Sabha,28.6877468,77.2214045,,,bus_stop,,platform
5419777083,node,Khyber Pass,28.6905792,77.2211058,,,bus_stop,,platform
5419789266,node,Majnu Ka Tila,28.6976823,77.2271365,,,bus_stop,,platform
5419789267,node,Majnu Ka Tila,28.6975107,77.2274102,,,bus_stop,,platform
5420478911,node,Scindia House,28.6287093,77.2218844,,,bus_stop,,platform
5420478912,node,Bhartiya Vidya Bhawan,28.6219592,77.2258102,,,bus_stop,,platform
5420478913,node,Kasturba Gandhi Marg,28.6248618,77.2241241,,,bus_stop,,platform
5420478930,node,Max Mueller Bhawan,28.6245111,77.2245942,,,bus_stop,,platform
5420479021,node,Indian Oil Bhawan,28.6286088,77.2193584,,,bus_stop,,platform
5420488029,node,Modern School,28.6280083,77.2277991,,,bus_stop,,platform
5420488030,node,Modern School,28.6278313,77.2285205,,,bus_stop,,platform
5420488032,node,Mandi House,28.6248177,77.2327506,,,bus_stop,,platform
5420488033,node,Aga Khan Hall,28.6224941,77.2353604,,,bus_stop,,platform
5426388555,node,Dayal Singh College,28.5922313,77.2289934,,,bus_stop,,platform
5426388556,node,The Mother's International School,28.5408915,77.1994527,,,bus_stop,,platform
5426388557,node,Pragati Maidan (Gate No.5),28.6175048,77.2401552,,,bus_stop,,platform
5426388558,node,Nehru Nagar,28.5690248,77.2539096,,,bus_stop,,platform
5426388559,node,Lajpat Nagar Crossing,28.5640862,77.2504130,,,bus_stop,,platform
5426388560,node,"B Block, East of Kailash",28.5621143,77.2555218,,,bus_stop,,platform
5426388565,node,Rama Krishna Puram Sector 1 and 2,28.5647550,77.1783289,,,bus_stop,,platform
5426388566,node,South Extension,28.5690314,77.2168359,,,bus_stop,,platform
5426388567,node,Ahinsa Sthal,28.5215705,77.1898516,,,bus_stop,,platform
5426389542,node,Sheikh Sarai,28.5336125,77.2322454,,,bus_stop,,platform
5426389543,node,Nehru Nagar,28.5683040,77.2538862,,,bus_stop,,platform
5426389544,node,Sriniwaspuri Depot,28.5613334,77.2600501,,,bus_stop,,platform
5426389915,node,Lodhi Road Crossing,28.5916086,77.2235060,,,bus_stop,,platform
5426389916,node,Sujan Singh Park,28.6009804,77.2295848,,,bus_stop,,platform
5426390627,node,Lodhi Road Crossing,28.5917991,77.2237229,,,bus_stop,,platform
5426390628,node,National Stadium,28.6136124,77.2347778,,,bus_stop,,platform
5426390776,node,ISPAT Bhawan,28.5923668,77.2370502,,,bus_stop,,platform
5426390921,node,Dayal Singh College,28.5925146,77.2287100,,,bus_stop,,platform
5426390922,node,Nehru Nagar,28.5691617,77.2539782,,,bus_stop,,platform
5426391142,node,Moolchand Khairati Ram Hospital,28.5690231,77.2350610,,,bus_stop,,platform
5426391173,node,Garhi Village,28.5624036,77.2513938,,,bus_stop,,platform
5426391184,node,Okhla Sabzi Mandi,28.5585019,77.2630530,,,bus_stop,,platform
5426391229,node,Moolchand Khairati Ram Hospital,28.5689051,77.2353496,,,bus_stop,,platform
5426391250,node,Lajpat Nagar Crossing,28.5642606,77.2503616,,,bus_stop,,platform
5426391261,node,"C Block, East of Kailash",28.5621351,77.2582072,,,bus_stop,,platform
5426391272,node,National Small Industries Corporation,28.5566254,77.2647381,,,bus_stop,,platform
5426391318,node,South Extension,28.5682975,77.2231935,,,bus_stop,,platform
5426391319,node,Vocational College,28.5321162,77.2277162,,,bus_stop,,platform
5426391723,node,South Extension,28.5690258,77.2169951,,,bus_stop,,platform
5426391724,node,Qutub Minar Metro Station,28.5117865,77.1844919,,,bus_stop,,platform
5426391725,node,South Extension,28.5686747,77.2184651,,,bus_stop,,platform
5426392151,node,"Lodhi Colony, 18-Block",28.5865840,77.2243832,,,bus_stop,,platform
5430716818,node,,28.5160984,77.2234713,,,bus_stop,,platform
5430716819,node,Ber Sarai,28.5494846,77.1806657,,,bus_stop,,platform
5430722260,node,Mohan Singh Market,28.5666370,77.1763611,,,bus_stop,,platform
5430722261,node,Ber Sarai,28.5507016,77.1816752,,,bus_stop,,platform
5430722262,node,National Council of Educational Research and Training,28.5379032,77.1937762,,,bus_stop,,platform
5430722263,node,Rama Krishna Puram Sector 10,28.5701244,77.1731598,,,bus_stop,,platform
5430723111,node,Saket Terminal,28.5228223,77.2166200,,,bus_stop,,platform
5430723244,node,Munirka,28.5585631,77.1738684,,,bus_stop,,platform
5430723253,node,Sri Niwas Puri,28.5666441,77.2530703,,,bus_stop,,platform
5431738835,node,,28.5161051,77.2268410,,,,,stop_position
5431738836,node,Defence Colony (Homeopathic College),28.5719686,77.2277220,,,bus_stop,,platform
5432088592,node,,28.5152390,77.2284590,,,,,stop_position
5432088593,node,,28.5151612,77.2283838,,,,,stop_position
5432714822,node,,28.6261691,77.2215315,,,bus_stop,,platform
5432720712,node,Tolstoy Marg,28.6264441,77.2208496,,,bus_stop,,platform
5432771968,node,Pragati Vihar,28.5871223,77.2296054,,,bus_stop,,platform
5433538142,node,"Saket, G Block",28.5222765,77.2094274,,,bus_stop,,platform
5433538143,node,"Saket, G Block",28.5219927,77.2102387,,,bus_stop,,platform
5433538360,node,Anupam Cinema,28.5253985,77.2058052,,,bus_stop,,platform
5433538362,node,"Saket, J Block",28.5226318,77.2135155,,,bus_stop,,
5433538542,node,"Saket, J Block",28.5225551,77.2133193,,,bus_stop,,
5436500983,node,South Extension,28.5685582,77.2204545,,,bus_stop,,platform
5441522259,node,Central School Lodhi Road,28.5849678,77.2282312,,,bus_stop,,platform
5441523402,node,Central School Lodhi Road,28.5848004,77.2278129,,,bus_stop,,platform
5441523431,node,"Lodhi Colony, 18-Block",28.5871743,77.2240192,,,bus_stop,,platform
5441523433,node,Lodhi Colony Block 12-13,28.5847370,77.2245485,,,bus_stop,,platform
5445739531,node,Panchsheel Club,28.5444826,77.2087316,,,bus_stop,,platform
5449158263,node,Lodhi Colony Block 12-13,28.5847184,77.2242952,,,bus_stop,,platform
5453621429,node,Rajiv Chowk,28.6327423,77.2194242,stop,,,,stop_position
5453646586,node,Central Secretariat,28.6158794,77.2122822,station,subway,,,station
5455134119,node,PNB Gitanjali,28.5291698,77.2015144,,,bus_stop,,platform
5455135429,node,Hauz Rani,28.5294025,77.2157938,,,bus_stop,,platform
5455135430,node,Garhi Village,28.5621454,77.2513302,,,bus_stop,,platform
5455135431,node,Modi Mill,28.5554693,77.2651135,,,bus_stop,,platform
5455135856,node,Lajpat Nagar,28.5652858,77.2485287,,,bus_stop,,platform
5455135882,node,Sheikh Sarai,28.5337958,77.2317736,,,bus_stop,,platform
5455135921,node,"Saket, A-Block",28.5277851,77.2050986,,,bus_stop,,platform
5455135922,node,Khirki Village,28.5299423,77.2180630,,,bus_stop,,platform
5455135924,node,Sriniwaspuri Depot,28.5607607,77.2604580,,,bus_stop,,platform
5455135925,node,,28.5162804,77.2265108,,,bus_stop,,platform
5463095835,node,Dhaula Kuan,28.5907110,77.1681725,,,bus_stop,,platform
5463095836,node,Atma Ram Sanatan Dharma College,28.5905493,77.1682975,,,bus_stop,,platform
5463095927,node,Raj Nagar,28.5700611,77.2011368,,,bus_stop,,platform
5464573101,node,Dhaula Kuan,28.5903590,77.1684845,,,,,stop_position
5464573102,node,South Moti Bagh,28.5815793,77.1740688,,,bus_stop,,platform
5483330230,node,"Saket, J Block",28.5194826,77.2158760,,,bus_stop,,platform
5483330568,node,NCERT,28.5378220,77.1930027,,,bus_stop,,platform
5483330569,node,Qutub Hotel,28.5390537,77.1895509,,,bus_stop,,platform
5483330570,node,Sanskrit Vidyapeeth,28.5420302,77.1823666,,,bus_stop,,platform
5483330573,node,Rama Krishna Puram Sector 7,28.5705890,77.1726858,,,bus_stop,,platform
5483330782,node,"Saket, J Block",28.5197382,77.2157231,,,bus_stop,,platform
5483330993,node,Teen Murti,28.6061096,77.1988825,,,bus_stop,,platform
5483330994,node,Red Cross Road,28.6176833,77.2110578,,,bus_stop,,platform
5483331636,node,,28.5494505,77.1803746,,,bus_stop,,platform
5483331637,node,Mohan Singh Market,28.5655923,77.1770881,,,bus_stop,,platform
5483331671,node,South Avenue,28.6099984,77.1991210,,,bus_stop,,platform
5483331673,node,Gurudwara Bangla Sahib,28.6254210,77.2095761,,,bus_stop,,platform
5483331738,node,Rama Krishna Puram Sector 1,28.5640544,77.1785435,,,bus_stop,,platform
5483331740,node,Ayurvigyan Nagar,28.5604649,77.2213807,,,bus_stop,,platform
5483331744,node,Chirag Dilli,28.5389116,77.2323137,,,bus_stop,,platform
5483331960,node,Akashwani Bhawan,28.6204581,77.2127271,,,bus_stop,,platform
5483331961,node,Police Station Tughlaq Road,28.5999311,77.2113517,,,bus_stop,,platform
5483331962,node,Kidwai Nagar,28.5739311,77.2096539,,,bus_stop,,platform
5483331969,node,,28.5345369,77.2322183,,,bus_stop,,platform
5483332047,node,Sena Bhawan,28.6082750,77.2066389,,,bus_stop,,platform
5483332064,node,Kendriya Terminal Church Road,28.6174908,77.2037963,,,bus_stop,,platform
5483332066,node,,28.5549576,77.2138638,,,bus_stop,,platform
5483332132,node,Safdarjung Airport,28.5841270,77.2126720,,,bus_stop,,platform
5483954442,node,"Saket, M Block",28.5287775,77.2148631,,,bus_stop,,platform
5483954443,node,Krishi Bhawan,28.6148710,77.2124760,,,bus_stop,,platform
5483954444,node,Kendriya Terminal,28.6173486,77.2038762,,,,,stop_position
5483954473,node,Rail Bhawan Metro Station,28.6149393,77.2119885,,,bus_stop,,platform
5483954474,node,Udyog Bhawan,28.6126506,77.2118430,,,bus_stop,,platform
5483954489,node,G Block,28.6094443,77.2098605,,,bus_stop,,platform
5483954490,node,G Block,28.6096447,77.2096689,,,bus_stop,,platform
5484083823,node,Udyog Bhawan,28.6125270,77.2122895,,,bus_stop,,platform
5485189797,node,Aurobindo College,28.5324626,77.2040956,,,bus_stop,,platform
5485189798,node,Aurobindo College,28.5325891,77.2047016,,,bus_stop,,platform
5487021004,node,Malviya Nagar Crossing,28.5384804,77.2139370,,,bus_stop,,platform
5489480588,node,Maidan Garhi Crossing,28.5190460,77.2087497,,,bus_stop,,platform
5490930477,node,,28.5245822,77.2303584,,,bus_stop,,platform
5490930478,node,Qutub Minar,28.5265698,77.1859674,,,bus_stop,,platform
5490930479,node,Lado Sarai Crossing,28.5234185,77.1908012,,,bus_stop,,platform
5490931106,node,,28.5160919,77.2269384,,,bus_stop,,platform
5490931524,node,Pushp Vihar,28.5285738,77.2319627,,,bus_stop,,platform
5490932092,node,Said-ul-Ajaib,28.5203822,77.2027874,,,bus_stop,,platform
5490932094,node,Lado Sarai,28.5226228,77.1936115,,,bus_stop,,platform
5492019886,node,Mehrauli Terminal,28.5214720,77.1832211,,,bus_stop,,platform
5492019887,node,Mehrauli Terminal,28.5215934,77.1832573,,,bus_stop,,platform
5493861634,node,Rama Krishna Puram Sector 1,28.5643506,77.1797990,,,bus_stop,,platform
5493861635,node,Nauroji Nagar,28.5696537,77.1954363,,,bus_stop,,platform
5493861636,node,Safdarjung Hospital,28.5697615,77.2044155,,,bus_stop,,platform
5495470043,node,Rama Krishna Puram Sector 13,28.5713572,77.1817687,,,bus_stop,,platform
5498958699,node,Tughlak Crescent,28.5949927,77.2119663,,,bus_stop,,platform
5498959374,node,South Extension,28.5687213,77.2167545,,,bus_stop,,platform
5511369034,node,Kalkaji Temple,28.5521924,77.2645070,,,bus_stop,,platform
5511370166,node,Okhla Sabzi Mandi,28.5582467,77.2628428,,,bus_stop,,platform
5517950126,node,Chhattarpur Village,28.5004860,77.1836321,,,bus_stop,,platform
5534241883,node,Ramprastha Mandir,28.6627930,77.3201630,,,bus_stop,,platform
5537493892,node,"Mother Dairy, Kishangarh",28.5267881,77.1619165,,,bus_stop,,platform
5537493893,node,"Mother Dairy, Kishangarh",28.5266458,77.1618168,,,bus_stop,,platform
5541681984,node,Gargi College,28.5554685,77.2191432,,,bus_stop,,platform
5541682306,node,Khel Gaon,28.5502342,77.2103861,,,bus_stop,,platform
5541682307,node,Shiv Mandir,28.5654449,77.2245154,,,bus_stop,,platform
5541755268,node,,28.5837986,77.2122896,,,bus_stop,,platform
5541755269,node,Kidwai Nagar,28.5756843,77.2096932,,,bus_stop,,platform
5543580373,node,Siri Fort Crossing,28.5543251,77.2269961,,,bus_stop,,platform
5543583026,node,Gargi College,28.5557258,77.2178432,,,bus_stop,,platform
5545510715,node,Sena Bhawan,28.6080817,77.2066703,,,bus_stop,,platform
5545512461,node,DDA Flats Lado Sarai,28.5300436,77.1920506,,,bus_stop,,platform
5545512462,node,Teen Murti,28.6056148,77.1990695,,,bus_stop,,platform
5545512792,node,Katwaria Sarai,28.5404410,77.1855428,,,bus_stop,,platform
5559196931,node,,28.5065658,77.1751682,,,bus_stop,,platform
5561733887,node,Satya Niketan,28.5878113,77.1702793,,,bus_stop,,platform
5561733888,node,Okhla Tank,28.5480079,77.2765325,,,bus_stop,,platform
5561733908,node,Badarpur Power House,28.5069910,77.3004732,,,bus_stop,,platform
5561733910,node,Rajiv Gandhi Stadium,28.4992140,77.2990768,,,bus_stop,,platform
5561733911,node,M.B. Road,28.5054709,77.2764802,,,bus_stop,,platform
5561733913,node,Khanpur Extension,28.5136487,77.2348944,,,bus_stop,,platform
5561733972,node,Raj Nagar,28.5695607,77.2013924,,,bus_stop,,platform
5561733974,node,Ali Village,28.5160804,77.2966150,,,bus_stop,,platform
5561733976,node,Prahladpur,28.5005973,77.2937648,,,bus_stop,,platform
5561733977,node,Kaya Maya Hospital,28.5078293,77.2692282,,,bus_stop,,platform
5561733978,node,Sangam Vihar,28.5118635,77.2496810,,,bus_stop,,platform
5561734256,node,Maruti Factory,28.5220248,77.2934855,,,bus_stop,,platform
5561734257,node,Onida Factory,28.5132736,77.2977796,,,bus_stop,,platform
5561734258,node,Badarpur,28.5019998,77.3000338,,,bus_stop,,platform
5561734259,node,Badarpur Terminal,28.4914716,77.3037217,,,bus_stop,,platform
5561734261,node,Tuglakabad,28.5089676,77.2652186,,,bus_stop,,platform
5561734262,node,Sangam Vihar,28.5122579,77.2487138,,,bus_stop,,platform
5561734263,node,Batra Hospital,28.5121489,77.2434016,,,bus_stop,,platform
5561806282,node,Badarpur Border,28.4905163,77.3040310,,,,,stop_position
5561975423,node,Kendriya Terminal,28.6174220,77.2038794,,,,,stop_position
5567166100,node,Shahjahan Road UPSC,28.6083251,77.2279781,,,bus_stop,,platform
5567166101,node,,28.5933994,77.2147799,,,bus_stop,,platform
5567166103,node,A.I.I.M.S.,28.5670638,77.2080031,,,bus_stop,,platform
5567166775,node,Tilak Bridge,28.6241247,77.2393748,,,bus_stop,,platform
5567166776,node,Prithviraj Road,28.5964593,77.2177132,,,bus_stop,,platform
5567166785,node,Yusuf Sarai,28.5627430,77.2077152,,,bus_stop,,platform
5567166786,node,IIT Gate,28.5429388,77.2007428,,,bus_stop,,platform
5567166787,node,Qutub Minar,28.5264425,77.1866804,,,bus_stop,,platform
5567166788,node,Mehrauli Terminal,28.5216486,77.1830075,,,bus_stop,,platform
5567166876,node,Patiala House,28.6163362,77.2338873,,,bus_stop,,platform
5567166877,node,Jammu and Kashmir House,28.6012454,77.2222072,,,bus_stop,,platform
5567166878,node,Safdarjung Madarasa,28.5866752,77.2128615,,,bus_stop,,platform
5567166881,node,Green Park Metro Station,28.5585815,77.2067183,,,bus_stop,,platform
5567166882,node,IIT Gate,28.5461885,77.2024247,,,bus_stop,,platform
5567166883,node,,28.5379323,77.1983693,,,bus_stop,,platform
5567166884,node,Mehrauli Terminal,28.5217907,77.1830587,,,bus_stop,,platform
5569030784,node,Airport bus station,28.5564084,77.0855582,,,bus_stop,,platform
5569795451,node,Qutub Minar,28.5265500,77.1869393,,,bus_stop,,platform
5569852610,node,Yusuf Sarai,28.5624092,77.2072685,,,bus_stop,,platform
5575445727,node,"Rama Krishna Puram, Sector-12",28.5751655,77.1777702,,,bus_stop,,platform
5578382619,node,Nehru Place,28.5472660,77.2538952,,,bus_stop,,platform
5584870725,node,Ashram,28.5733398,77.2573944,,,bus_stop,,platform
5584870726,node,Hazrat Nizamuddin Railway Station,28.5864131,77.2529822,,,bus_stop,,platform
5584871833,node,,28.5278478,77.2317032,,,bus_stop,,platform
5584872921,node,Ashram,28.5738117,77.2575022,,,bus_stop,,platform
5585958324,node,ITO,28.6277699,77.2433040,,,bus_stop,,platform
5585958325,node,ITO,28.6278464,77.2444747,,,bus_stop,,platform
5585958326,node,Delhi Secretariat,28.6278888,77.2523778,,,bus_stop,,platform
5585958327,node,Ganesh Nagar,28.6209548,77.2851020,,,bus_stop,,platform
5585958328,node,Nehru Nagar,28.5685647,77.2539456,,,bus_stop,,platform
5586445480,node,Begampur,28.5365179,77.2096901,,,bus_stop,,platform
5586450402,node,Begumpur,28.5369782,77.2099406,,,bus_stop,,platform
5586450403,node,Aurobindo College,28.5327655,77.2047889,,,bus_stop,,platform
5586450515,node,Malviya Nagar,28.5344015,77.2096787,,,bus_stop,,platform
5586450858,node,Malviya Nagar,28.5343863,77.2095701,,,bus_stop,,platform
5586450860,node,,28.5367174,77.2118451,,,bus_stop,,platform
5587022726,node,Firoz Shah Road,28.6205984,77.2206956,,,bus_stop,,platform
5587022727,node,Kasturba Gandhi Marg Crossing,28.6219722,77.2238024,,,bus_stop,,platform
5587022728,node,Tilak Bridge,28.6252652,77.2386517,,,bus_stop,,platform
5587022729,node,Rainy Well,28.6279924,77.2609314,,,bus_stop,,platform
5592111622,node,,28.6184561,77.0313876,,,bus_stop,,platform
5592111623,node,Sai Baba Mandir,28.6136967,76.9993348,,,bus_stop,,platform
5592111624,node,सूरज विहार,28.6130867,77.0334559,,,bus_stop,,platform
5592111929,node,Dwarka Sector 1,28.5942601,77.0738602,,,bus_stop,,platform
5592111931,node,MRV School Sector 13,28.6039183,77.0388150,,,bus_stop,,platform
5592111938,node,,28.6199698,77.0182851,,,bus_stop,,platform
5592111939,node,Arjun Park(State Bank),28.6181808,77.0132162,,,bus_stop,,platform
5592111940,node,,28.6147636,77.0033462,,,bus_stop,,platform
5592111941,node,नगली डेरी बस स्टैंड,28.6200613,77.0179014,,,bus_stop,,platform
5592111942,node,Kakrola Crossing,28.6181217,77.0318053,,,bus_stop,,platform
5592112806,node,Matiala Crossing,28.6049876,77.0517999,,,bus_stop,,platform
5592112807,node,Delhi Public School Matiyala,28.6044932,77.0463825,,,bus_stop,,platform
5592113890,node,Dwarka More,28.5927817,77.0795025,,,bus_stop,,platform
5592114007,node,Jhori Mal International School,28.5953137,77.0703075,,,bus_stop,,platform
5592114008,node,Madhu Vihar,28.5997820,77.0611733,,,bus_stop,,platform
5592114084,node,Arjun Path,28.5747386,77.1474333,,,bus_stop,,platform
5592114100,node,Raja Puri,28.6036878,77.0552404,,,bus_stop,,platform
5592114101,node,Dwarka Sector ?,28.6026840,77.0432335,,,bus_stop,,platform
5592114102,node,Dwarka Sector 13/3 Crossing,28.6024558,77.0409916,,,bus_stop,,platform
5592114103,node,Dwarka Sector 13 MIG Flats,28.6055417,77.0364103,,,bus_stop,,platform
5592114104,node,Arjun Park(State Bank),28.6183884,77.0131540,,,bus_stop,,platform
5592114105,node,,28.6193262,77.0279262,,,bus_stop,,platform
5592114110,node,NSUT,28.6082819,77.0350079,,,bus_stop,,platform
5592114111,node,Dwarka Sector 13/3 Crossing,28.6026251,77.0411234,,,bus_stop,,platform
5592114112,node,Delhi Public School Matiyala,28.6046178,77.0461564,,,bus_stop,,platform
5592114115,node,Dwarka Sector 2 and 6,28.5973005,77.0654148,,,bus_stop,,platform
5592115163,node,,28.6145411,77.0035288,,,bus_stop,,platform
5592115432,node,,28.6202256,77.0240146,,,bus_stop,,platform
5592115433,node,,28.6027377,77.0430028,,,bus_stop,,platform
5592115434,node,Matiyala Crossing,28.6051684,77.0519842,,,bus_stop,,platform
5592115435,node,Dwarka Sector 2 and 6,28.5973447,77.0648046,,,bus_stop,,platform
5592115437,node,Manglapuri Terminal,28.5899670,77.0858039,,,bus_stop,,platform
5592115633,node,Sector 13 Dwarka,28.6058267,77.0363145,,,bus_stop,,platform
5592115634,node,Dwarka Sector 13 MRV School,28.6040391,77.0390183,,,bus_stop,,platform
5592115637,node,Raja Puri,28.6041818,77.0548072,,,bus_stop,,platform
5592115638,node,Madhu Vihar,28.5998994,77.0613928,,,bus_stop,,platform
5592115639,node,Dwarka Sector 1,28.5944933,77.0734408,,,bus_stop,,platform
5592115640,node,Health Centre,28.5918979,77.0812824,,,bus_stop,,platform
5592717074,node,Arjun Path,28.5752651,77.1474673,,,bus_stop,,platform
5592717075,node,Arjun Path,28.5753133,77.1471964,,,bus_stop,,platform
5592717076,node,Arjun Path,28.5747351,77.1475464,,,bus_stop,,platform
5592717077,node,Najafgarh Sai Baba Mandir,28.6134794,76.9994710,,,,,stop_position
5592717078,node,Kakrola More,28.6189473,77.0294964,,,bus_stop,,platform
5592717079,node,Suraj Vihar,28.6134029,77.0331100,,,bus_stop,,platform
5592717080,node,NSUT / Sulahkul Mandir,28.6075397,77.0350116,,,bus_stop,,platform
5592717081,node,Najafgarh Sai Baba Mandir,28.6135268,76.9992098,,,,,stop_position
5598792340,node,Adchini,28.5374663,77.1981531,,,bus_stop,,platform
5598792341,node,,28.5281866,77.2091309,,,bus_stop,,platform
5598795739,node,Adchini,28.5375512,77.1979595,,,bus_stop,,platform
5598795740,node,Geetanjali,28.5306259,77.1995900,,,bus_stop,,platform
5600439310,node,Jharera Village,28.5797517,77.1448049,,,bus_stop,,platform
5604863093,node,,28.5379298,77.1365681,,,bus_stop,,platform
5604863094,node,,28.5464897,77.1248436,,,bus_stop,,platform
5604863095,node,,28.5347913,77.1086513,,,bus_stop,,platform
5604863096,node,Kapashera Village,28.5234692,77.0833239,,,bus_stop,,platform
5604863098,node,Vasant Kunj C8,28.5367804,77.1401449,,,bus_stop,,platform
5604863099,node,Kathuria Public School,28.5310249,77.1465383,,,bus_stop,,platform
5604863100,node,Andheria Crossing,28.5092028,77.1789037,,,bus_stop,,platform
5604863163,node,,28.5168310,77.1615871,,,bus_stop,,platform
5604863763,node,Kapashera Crossing,28.5312381,77.0880379,,,bus_stop,,platform
5604863765,node,Rangpuri,28.5439303,77.1178426,,,bus_stop,,platform
5604863771,node,,28.5251959,77.1549387,,,bus_stop,,platform
5604865248,node,,28.5169346,77.1610503,,,bus_stop,,platform
5604865250,node,,28.5415667,77.1294188,,,bus_stop,,platform
5604865254,node,,28.5450066,77.1280823,,,bus_stop,,platform
5604865255,node,,28.5282754,77.1504548,,,bus_stop,,platform
5604865256,node,Ahinsa Sthal,28.5204785,77.1893901,,,bus_stop,,platform
5604865343,node,,28.5115469,77.1669827,,,bus_stop,,platform
5604865344,node,,28.5251906,77.1546593,,,bus_stop,,platform
5604866738,node,ISIC Hospital,28.5339333,77.1424260,,,bus_stop,,platform
5604866823,node,,28.5292045,77.0867645,,,bus_stop,,platform
5604866831,node,ISIC Hospital,28.5340450,77.1425592,,,bus_stop,,platform
5604866832,node,Vasant Kunj B-1,28.5228067,77.1572322,,,bus_stop,,platform
5604866833,node,,28.5146405,77.1642701,,,bus_stop,,platform
5604866834,node,Andheria Not,28.5085988,77.1771193,,,bus_stop,,platform
5604868039,node,,28.5380735,77.1365351,,,bus_stop,,platform
5604868040,node,Vasant Kunj C8,28.5366945,77.1398974,,,bus_stop,,platform
5605096892,node,Kapashera Border,28.5234741,77.0830356,,,,,stop_position
5605096900,node,Kapashera Border,28.5229846,77.0828363,,,,,stop_position
5606765873,node,Vasant Vihar Depot,28.5580003,77.1696737,,,bus_stop,,platform
5606765874,node,Shopping Center - Nelson Mandela Marg,28.5394317,77.1561571,,,bus_stop,,platform
5606765875,node,Vasant Kunj Police Station,28.5356514,77.1528802,,,bus_stop,,platform
5606765911,node,"Sector B-11, Vasant Kunj",28.5330543,77.1517330,,,bus_stop,,platform
5606765912,node,Bhatnagar Public School,28.5309761,77.1539049,,,bus_stop,,platform
5606766126,node,Vasant Kunj Police Station,28.5354771,77.1531530,,,bus_stop,,platform
5606766127,node,"Sector B-11, Vasant Kunj",28.5330599,77.1519912,,,bus_stop,,platform
5606766128,node,Bhatnagar Public School,28.5312817,77.1534878,,,bus_stop,,platform
5606766133,node,Vasant Kunj B 8 and 9,28.5287985,77.1574057,,,bus_stop,,platform
5606766195,node,,28.5103793,77.1694181,,,bus_stop,,platform
5606766196,node,,28.5094775,77.1787297,,,bus_stop,,platform
5606766664,node,DDA Flats Munirka,28.5562727,77.1678437,,,bus_stop,,platform
5606766670,node,Goenka Public School,28.5281794,77.1560714,,,bus_stop,,platform
5606766679,node,Kishangarh 2,28.5222845,77.1681822,,,bus_stop,,platform
5606766684,node,Goenka Public School,28.5280966,77.1558858,,,bus_stop,,platform
5608721585,node,Badarpur Border,28.4941138,77.3022635,,,,bus_station,station
5616731668,node,GGS Indraprastha University,28.6655419,77.2302068,,,bus_stop,,platform
5616751197,node,GPO,28.6619250,77.2344419,,,bus_stop,,platform
5623614865,node,Fertilizer Association of India,28.5436483,77.1800515,,,bus_stop,,platform
5623615158,node,Sanskrit Vidya Peeth,28.5418879,77.1830120,,,,,platform
5623615663,node,Rama Krishna Puram Sector 1,28.5628737,77.1784010,,,bus_stop,,platform
5630006492,node,,28.5229226,77.2164353,,,bus_stop,,platform
5630006493,node,Press Enclave,28.5278586,77.2078738,,,bus_stop,,platform
5634504209,node,Krishi Kunj,28.6372399,77.1465112,,,bus_stop,,platform
5634522760,node,Police Station Mandir Marg,28.6387823,77.2033940,,,bus_stop,,platform
5634522768,node,Karol Bagh,28.6439183,77.1890699,,,bus_stop,,platform
5634522771,node,Rajendra Place,28.6426023,77.1800983,,,bus_stop,,platform
5634522773,node,East Patel Nagar,28.6405608,77.1744431,,,bus_stop,,platform
5634522779,node,NPL Colony,28.6373672,77.1746579,,,bus_stop,,platform
5634522900,node,Police Station Mandir Marg,28.6374378,77.2030487,,,bus_stop,,platform
5634523002,node,Windsor Place,28.6176172,77.2186520,,,bus_stop,,platform
5634523681,node,Claridges Hotel,28.6020197,77.2176582,,,bus_stop,,platform
5634523682,node,National Museum,28.6114967,77.2182694,,,bus_stop,,platform
5634523683,node,National Archives,28.6145501,77.2184432,,,bus_stop,,platform
5634523684,node,Krishi Kunj,28.6370865,77.1468412,,,bus_stop,,platform
5634523690,node,Todapur Village,28.6241075,77.1563605,,,bus_stop,,platform
5634523693,node,Todapur Village,28.6233262,77.1597748,,,bus_stop,,platform
5634523696,node,"National Agricultural Science Centre, Dasghara",28.6256148,77.1621057,,,bus_stop,,platform
5634524442,node,Shaheed Baghat Singh Marg,28.6334042,77.2091490,,,bus_stop,,platform
5634524445,node,Gole Market,28.6346980,77.2036502,,,bus_stop,,platform
5634524452,node,Meghdoot Bhawan,28.6436271,77.2009959,,,bus_stop,,platform
5634524468,node,"Rajendra Nagar, R Block",28.6328518,77.1731551,,,bus_stop,,platform
5634524471,node,Todapur Village,28.6228314,77.1595881,,,bus_stop,,platform
5634524474,node,Monitoring and Receiving Station (Air Station),28.6263633,77.1532873,,,bus_stop,,platform
5634524479,node,Inderpuri,28.6334844,77.1479246,,,bus_stop,,platform
5634524602,node,Inderpuri,28.6320538,77.1491057,,,bus_stop,,platform
5634524607,node,,28.6289198,77.1512600,,,bus_stop,,platform
5634525195,node,Pusa Quarter,28.6299946,77.1671391,,,bus_stop,,platform
5634525356,node,,28.6302190,77.1670010,,,bus_stop,,platform
5634525357,node,NPL Colony,28.6377300,77.1744058,,,bus_stop,,platform
5634525358,node,East Patel Nagar,28.6404074,77.1741736,,,bus_stop,,platform
5634525359,node,Rajendra Place,28.6424869,77.1772863,,,bus_stop,,platform
5634525360,node,"Panchkuian Road, Banwari Lal Hospital",28.6416607,77.2041435,,,bus_stop,,platform
5634525961,node,"Rajendra Nagar, R Block",28.6344535,77.1739839,,,bus_stop,,platform
5637080733,node,Krishi Bhawan,28.6168315,77.2136914,,,bus_stop,,platform
5637100892,node,South Avenue,28.6099802,77.1993513,,,bus_stop,,platform
5637100894,node,Patel Chowk,28.6244886,77.2107096,,,bus_stop,,platform
5637100895,node,Shivaji Park,28.6387269,77.2239085,,,bus_stop,,platform
5637100897,node,Police Station Kamala Market,28.6430167,77.2259822,,,bus_stop,,platform
5637101391,node,Gurudwara Bangla Sahib,28.6252300,77.2094194,,,bus_stop,,platform
5637101395,node,Windsor Place,28.6180019,77.2188942,,,bus_stop,,platform
5637102539,node,Tyagraj Marg,28.6089101,77.2030314,,,bus_stop,,platform
5637102589,node,School of Physical Science,28.5464991,77.1794205,,,bus_stop,,platform
5637102806,node,"Rama Krishna Puram, NAB",28.5613345,77.1765512,,,bus_stop,,platform
5637103413,node,PNB Gitanjali,28.5294842,77.2013475,,,bus_stop,,platform
5637696019,node,Ayurvigyan Nagar,28.5613611,77.2221055,,,bus_stop,,platform
5638613628,node,Shopping Center,28.5413373,77.1564321,,,bus_stop,,platform
5638613674,node,Karol Bagh Metro Station,28.6441988,77.1889470,,,bus_stop,,platform
5638613708,node,,28.6370838,77.1467504,,,,,stop_position
5638613709,node,,28.6374634,77.1466014,,,,,stop_position
5655291486,node,TB Extension,28.5254880,77.2606198,,,bus_stop,,platform
5655291487,node,DDA Kalkaji Extension,28.5254197,77.2621575,,,bus_stop,,platform
5655292225,node,Tara Apartment,28.5243012,77.2562726,,,bus_stop,,platform
5655292431,node,Sat Narayan Temple,28.5121499,77.2433398,,,bus_stop,,platform
5655292435,node,Central Reserve Police Force,28.5285197,77.2705242,,,bus_stop,,platform
5655292552,node,Hamdard Library,28.5170953,77.2536066,,,bus_stop,,platform
5655292553,node,Guru Ravi Das Mandir,28.5194087,77.2544918,,,bus_stop,,platform
5655292554,node,Kalkaji Extension,28.5267332,77.2668544,,,bus_stop,,platform
5663495758,node,TB Extension,28.5255785,77.2609331,,,bus_stop,,platform
5663495759,node,Okhla Phase 1,28.5203651,77.2776273,,,bus_stop,,platform
5663496119,node,C Lal Chowk,28.5339998,77.2687239,,,bus_stop,,platform
5663496279,node,Guru Ravidas Mandir,28.5195392,77.2542766,,,bus_stop,,platform
5663496324,node,C Lal Chowk,28.5344940,77.2682466,,,bus_stop,,platform
5663496325,node,Lal Kuan,28.5026215,77.2845419,,,bus_stop,,platform
5663496525,node,Central Reserve Police Force,28.5285509,77.2701089,,,bus_stop,,platform
5663496878,node,Surajkund Crossing,28.5018867,77.2895949,,,bus_stop,,platform
5663496882,node,Surajkund Crossing,28.5014976,77.2897179,,,bus_stop,,platform
5663496902,node,Air Force Station,28.5112959,77.2565515,,,bus_stop,,platform
5663497230,node,ESI Hospital,28.5143175,77.2813362,,,bus_stop,,platform
5663497232,node,Prem Nagar,28.5044284,77.2791678,,,bus_stop,,platform
5663497343,node,Prahladpur,28.5000722,77.2946090,,,bus_stop,,platform
5663497344,node,Rajeev Gandhi Stadium,28.4993972,77.2987798,,,bus_stop,,platform
5690505425,node,Western Court Bus Terminus,28.6233298,77.2184168,,,,bus_station,station
5695691745,node,"A-1, Janakpuri",28.6247046,77.0677821,,,bus_stop,,platform
5695691749,node,C-1 Janakpuri,28.6171925,77.0786064,,,bus_stop,,platform
5695691750,node,Rajasthan Rifles Centre,28.5956356,77.1511400,,,bus_stop,,platform
5695692628,node,"A-1, Janakpuri",28.6248660,77.0676817,,,bus_stop,,platform
5695692630,node,A-1 Janakpuri,28.6239341,77.0679343,,,bus_stop,,platform
5695692634,node,Hauz Rani,28.5283115,77.2120729,,,bus_stop,,platform
5695695463,node,,28.6254210,77.0656387,,,bus_stop,,platform
5695695464,node,Jeevan Park,28.6195633,77.0735919,,,bus_stop,,platform
5695695465,node,Janak Setu,28.6104869,77.1137648,,,bus_stop,,platform
5701997798,node,Sukhdev Vihar,28.5743182,77.2287394,,,bus_stop,,platform
5701997801,node,Panchsheel Club,28.5462085,77.2092944,,,bus_stop,,platform
5714671373,node,Vocational College,28.5323134,77.2268866,,,bus_stop,,platform
5714671374,node,PSRI Hospital,28.5313367,77.2242050,,,bus_stop,,platform
5714671376,node,Hauz Rani,28.5296954,77.2158453,,,bus_stop,,platform
5715371718,node,"Greater Kailash II, M-Block Market",28.5344622,77.2438618,,,bus_stop,,platform
5715382910,node,"Greater Kailash II, M Block Market",28.5344091,77.2437842,,,bus_stop,,platform
5715382911,node,Narmada Apartment,28.5278823,77.2483841,,,bus_stop,,platform
5715382912,node,Tara Apartment,28.5226506,77.2554200,,,bus_stop,,platform
5715382918,node,Safdarjung Airport,28.5840133,77.2126580,,,bus_stop,,platform
5715387039,node,,28.5402176,77.2400527,,,bus_stop,,platform
5715387116,node,,28.5310249,77.2456878,,,bus_stop,,platform
5715387117,node,Narmada Apartment,28.5279858,77.2482354,,,bus_stop,,platform
5715387118,node,Tara Apartment,28.5237923,77.2550454,,,bus_stop,,platform
5715389190,node,Tara Apartment,28.5239041,77.2551091,,,,,stop_position
5715389197,node,,28.5310524,77.2457633,,,bus_stop,,platform
5715389198,node,,28.5379488,77.2398457,,,bus_stop,,platform
5715389199,node,,28.5400311,77.2402111,,,bus_stop,,platform
5715390754,node,Alaknanda Apartment,28.5268636,77.2520432,,,bus_stop,,platform
5715392714,node,Lodhi Colony,28.5859327,77.2213705,,,bus_stop,,platform
5715393721,node,Lodhi Colony,28.5860316,77.2209580,,,bus_stop,,platform
5716106713,node,,28.6242375,77.0678057,,,,,stop_position
5716106718,node,Munirka,28.5588319,77.1736658,,,bus_stop,,platform
5716127699,node,Tara Apartment,28.5239147,77.2551271,,,bus_stop,,platform
5716127700,node,Tara Apartment,28.5238699,77.2550983,,,,,stop_position
5716610652,node,Safdarjung Tomb,28.5892861,77.2131643,,,bus_stop,,platform
5719817431,node,Mundka Industrial Area,28.6833525,77.0171141,,,,,stop_position
5721278704,node,Kamala Market,28.6438424,77.2243409,,,bus_stop,,platform
5721283954,node,,28.6430511,77.2264308,,,bus_stop,,
5725122123,node,New Delhi Metro Express Line Station,28.6433841,77.2233067,,,bus_stop,,
5732540806,node,Vayusenabad,28.5127292,77.2390456,,,bus_stop,,platform
5732540807,node,"G Block, Dakshinpuri",28.5139713,77.2345768,,,bus_stop,,platform
5732540809,node,Patiala House,28.6165335,77.2337529,,,bus_stop,,platform
5732542138,node,Safdarjung Airport,28.5842799,77.2122744,,,bus_stop,,platform
5732542139,node,Dilli Gate,28.6374898,77.2413470,,,bus_stop,,platform
5732543211,node,A.I.I.M.S.,28.5670775,77.2076532,,,bus_stop,,platform
5732543212,node,Jammu and Kashmir House,28.6018823,77.2225291,,,bus_stop,,platform
5732543214,node,Express Building,28.6337909,77.2407952,,,bus_stop,,platform
5732543215,node,Golcha Cinema,28.6434906,77.2403050,,,bus_stop,,platform
5732543216,node,Subhash Park,28.6491260,77.2393165,,,bus_stop,,platform
5732543217,node,Lal Quila,28.6540486,77.2363196,,,bus_stop,,platform
5732543218,node,BMD Chowk,28.6585584,77.2314106,,,bus_stop,,platform
5732543219,node,Jama Masjid,28.6509769,77.2384237,,,bus_stop,,platform
5732543997,node,Safdarjung Madrasa,28.5885630,77.2126717,,,bus_stop,,platform
5732543999,node,Lala Ram Chandra Aggarwal Chowk,28.6290153,77.2411467,,,bus_stop,,platform
5732544000,node,Ambedkar Stadium,28.6387849,77.2410326,,,bus_stop,,platform
5732544103,node,Shahjahan Road UPSC,28.6071651,77.2268196,,,bus_stop,,platform
5732544104,node,Supreme Court,28.6218060,77.2376334,,,bus_stop,,platform
5732544105,node,Dilli Gate,28.6371994,77.2408944,,,bus_stop,,platform
5732544107,node,Jama Masjid,28.6512237,77.2378285,,,bus_stop,,platform
5732544109,node,Lal Quila,28.6579928,77.2371561,,,bus_stop,,platform
5732544110,node,Daryaganj,28.6480005,77.2402824,,,bus_stop,,platform
5732544111,node,Golcha Cinema,28.6446646,77.2404982,,,bus_stop,,platform
5732544224,node,,28.5457319,77.2501613,,,bus_stop,,platform
5732544225,node,,28.5441197,77.2460707,,,bus_stop,,platform
5732544226,node,Deshbandhu Colony,28.5391000,77.2536842,,,bus_stop,,platform
5732544227,node,,28.5302386,77.2585522,,,bus_stop,,platform
5732544229,node,Majeedia Hospital,28.5149950,77.2528691,,,bus_stop,,platform
5732544230,node,Vayusenabad,28.5129300,77.2389743,,,bus_stop,,platform
5732544322,node,Lala Rama Chandra Aggarwal Chowk,28.6291247,77.2414332,,,bus_stop,,platform
5732544323,node,Lady Shriram College,28.5589726,77.2373164,,,bus_stop,,platform
5732544324,node,Sant Nagar,28.5526493,77.2461739,,,bus_stop,,platform
5732544325,node,Nehru Place,28.5486684,77.2491334,,,bus_stop,,platform
5732544448,node,Kailash Colony,28.5568376,77.2407381,,,bus_stop,,platform
5732544449,node,Nehru Place,28.5484332,77.2492335,,,bus_stop,,platform
5732544450,node,Hauz Khas,28.5529000,77.2047179,,,bus_stop,,platform
5732609883,node,Purani Dilhi Railway Station,28.6597807,77.2314477,,,,,stop_position
5733236886,node,Hamdard Nagar,28.5119294,77.2497012,,,,,stop_position
5737166721,node,Mundka,28.6890782,77.0291160,halt,,,,halt
5737166729,node,Ghevra,28.6913435,76.9977711,station,,,,
5737166756,node,Nangloi,28.6862813,77.0573608,station,,,,station
5737166761,node,Shivaji Stadium,28.6288795,77.2113310,stop,,,,stop_position
5737167158,node,IGI Airport,28.5564242,77.0867100,stop,,,,stop_position
5737167168,node,Dwarka Sector 21,28.5518151,77.0586847,stop,,,,stop_position
5737167170,node,New Delhi Airport Express Terminal,28.6424706,77.2231333,stop,,,,stop_position
5737167172,node,Dhaula Kuan,28.5918789,77.1617020,stop,,,,stop_position
5737167174,node,Delhi Aerocity,28.5487597,77.1208039,stop,,,,stop_position
5737167185,node,Indraprastha,28.6206234,77.2495560,,,,,stop_position
5737167195,node,Supreme Court,28.6234876,77.2425464,stop,,,,stop_position
5737167202,node,Dwarka Sector 21,28.5520104,77.0584269,stop,,,,stop_position
5737167205,node,Mandi House,28.6256326,77.2341984,stop,,,,stop_position
5737167209,node,Barakhambha Road,28.6297873,77.2250214,stop,,,,stop_position
5737167211,node,Ramakrishna Ashram Marg,28.6392594,77.2085944,stop,,,,stop_position
5737167621,node,Jhandewalan,28.6443363,77.1999274,stop,,,,stop_position
5737167627,node,Karol Bagh,28.6440313,77.1885202,stop,,,,stop_position
5737167628,node,Rajendra Place,28.6425172,77.1782713,stop,,,,stop_position
5737167640,node,Patel Nagar,28.6450294,77.1692924,stop,,,,stop_position
5737167642,node,Shadipur,28.6516006,77.1582691,stop,,,,stop_position
5737167649,node,Kirti Nagar (Blue Line),28.6557635,77.1506769,stop,,,,stop_position
5737167663,node,Moti Nagar,28.6578775,77.1424185,stop,,,,stop_position
5737167671,node,Ramesh Nagar,28.6527646,77.1316436,stop,,,,stop_position
5737167679,node,Rajouri Garden (Blue Line),28.6490742,77.1227219,stop,,,,stop_position
5737167688,node,Tagore Garden,28.6437639,77.1128454,stop,,,,stop_position
5737167695,node,Subhash Nagar,28.6405006,77.1052156,stop,,,,stop_position
5737167703,node,Tilak Nagar,28.6365640,77.0964621,,,,,stop_position
5737167711,node,Janakpuri East,28.6330270,77.0867090,stop,,,,stop_position
5737167717,node,Janakpuri West,28.6296028,77.0780743,stop,,,,stop_position
5737167932,node,Uttam Nagar East,28.6248679,77.0652782,stop,,,,stop_position
5737167941,node,Uttam Nagar West,28.6217769,77.0557081,stop,,,,stop_position
5737167949,node,Nawada,28.6202972,77.0450777,stop,,,,stop_position
5737167960,node,Dwarka Mor,28.6193320,77.0332758,stop,,,,stop_position
5737167978,node,Dwarka (Blue Line),28.6149427,77.0227407,stop,,,,stop_position
5737167992,node,Dwarka Sector 14,28.6022038,77.0259614,stop,,,,stop_position
5737167995,node,Dwarka Sector 13,28.5969921,77.0335271,stop,,,,stop_position
5737168005,node,Dwarka Sector 8,28.5656128,77.0670148,stop,,,,stop_position
5737168016,node,Dwarka Sector 9,28.5742630,77.0653090,stop,,,,stop_position
5737168024,node,Dwarka Sector 10,28.5810402,77.0574861,stop,,,,stop_position
5737168025,node,Dwarka Sector 11,28.5864430,77.0494433,station,subway,,,station
5737168028,node,Yamuna Bank,28.6233069,77.2679515,stop,,,,stop_position
5737168034,node,Dwarka Sector 12,28.5922186,77.0407179,stop,,,,stop_position
5738746850,node,Vasant Kunj B1,28.5221490,77.1575138,,,bus_stop,,platform
5738751504,node,,28.5428016,77.1178933,,,bus_stop,,platform
5738751505,node,,28.5524070,77.1064207,,,bus_stop,,platform
5738752138,node,TB Hospital,28.5285042,77.1902160,,,bus_stop,,platform
5738752190,node,Maharana Pratap Chowk,28.5878092,77.1504559,,,bus_stop,,platform
5738752499,node,PTS,28.5311879,77.1967096,,,bus_stop,,platform
5738752544,node,TB Hospital,28.5284849,77.1897605,,,bus_stop,,platform
5738752546,node,Vasant Kunj B1,28.5222205,77.1576950,,,bus_stop,,platform
5738752549,node,,28.5550366,77.1001098,,,bus_stop,,platform
5738752550,node,Subroto Park,28.5840232,77.1459088,,,bus_stop,,platform
5738752551,node,RR Hospital,28.5900911,77.1568138,,,bus_stop,,platform
5738752624,node,,28.5442942,77.1282217,,,bus_stop,,platform
5738752625,node,,28.5541610,77.1021102,,,bus_stop,,platform
5738752628,node,Subroto Park,28.5830919,77.1459608,,,bus_stop,,platform
5738752629,node,RR Hospital,28.5901873,77.1557220,,,bus_stop,,platform
5740988541,node,,28.5571898,77.0916036,,,bus_stop,,platform
5740988550,node,Indira Gandhi International Airport,28.5572199,77.0911915,,,,,stop_position
5741894535,node,Dharma Apartments,28.6197990,77.2900712,,,bus_stop,,platform
5741894536,node,Pandav Nagar Samaspur Jagir Village,28.6154847,77.2843515,,,bus_stop,,platform
5741894537,node,Khichdipur Village,28.6248964,77.3093051,,,bus_stop,,platform
5741967072,node,Ambedkar Park,28.6217451,77.2945663,,,bus_stop,,platform
5741967073,node,Government Model School,28.6215873,77.2948613,,,bus_stop,,platform
5743504774,node,Nityanand Marg,28.6683666,77.2249622,,,bus_stop,,platform
5743504779,node,,28.6670915,77.2549643,,,bus_stop,,platform
5743504780,node,Shamshan Ghat Pushta,28.6555752,77.2640104,,,bus_stop,,platform
5743505684,node,Shastri Park DMRC Depot,28.6737765,77.2413953,,,bus_stop,,platform
5743505685,node,Shalimar Garden Mor,28.6880801,77.3301176,,,bus_stop,,platform
5743506128,node,,28.6208616,77.3205572,,,bus_stop,,platform
5743508115,node,Nityanand Marg,28.6680526,77.2250835,,,bus_stop,,platform
5743508116,node,Shastri Park,28.6730596,77.2538388,,,bus_stop,,platform
5743508499,node,Shastri Park,28.6727534,77.2538104,,,bus_stop,,platform
5743508500,node,Kailash Nagar,28.6626081,77.2582142,,,bus_stop,,platform
5743508507,node,Trilokpuri Block 13,28.6127926,77.3061928,,,bus_stop,,platform
5743508841,node,Patparganj Mor,28.6164975,77.2881356,,,bus_stop,,platform
5743508842,node,Mayur Vihar,28.6133497,77.2955378,,,bus_stop,,platform
5743508843,node,Gazipur Crossing,28.6305068,77.3162825,,,bus_stop,,platform
5743508845,node,Ramprastha Crossing,28.6606821,77.3198878,,,bus_stop,,platform
5743508965,node,Tis Hazari,28.6668329,77.2189356,,,bus_stop,,platform
5743509248,node,Geeta Colony,28.6482103,77.2688562,,,bus_stop,,platform
5743509249,node,,28.6434076,77.2704804,,,bus_stop,,platform
5743509250,node,Bank Enclave,28.6387059,77.2696681,,,bus_stop,,platform
5743509251,node,Lalita Park,28.6321606,77.2710164,,,bus_stop,,platform
5743509348,node,Gandhi Nagar,28.6583041,77.2619768,,,bus_stop,,platform
5743509384,node,Ramesh Park,28.6356772,77.2700229,,,bus_stop,,platform
5743509389,node,Pandav Nagar Police Station,28.6147409,77.2902467,,,bus_stop,,platform
5743509390,node,Kotla Village,28.6132902,77.3015765,,,bus_stop,,platform
5743509401,node,Chand Cinema,28.6129392,77.3125670,,,bus_stop,,platform
5743509402,node,Super Bazar,28.6135106,77.3163035,,,bus_stop,,platform
5743509403,node,Kalyanpuri,28.6148949,77.3191538,,,bus_stop,,platform
5743509409,node,,28.6227959,77.3198113,,,bus_stop,,platform
5743509574,node,Shahdara Border,28.6777276,77.3232072,,,bus_stop,,platform
5743509575,node,Seemapuri (Old),28.6810951,77.3278275,,,bus_stop,,platform
5743509576,node,Seemapuri (Old),28.6807082,77.3277509,,,bus_stop,,platform
5743509577,node,seemapuri bus stop,28.6928617,77.3276023,,,bus_stop,,platform
5743509578,node,DLF Mor,28.6926621,77.3273718,,,bus_stop,,platform
5743510121,node,,28.6145640,77.3212173,,,bus_stop,,platform
5743510166,node,,28.6914107,77.3250592,,,bus_stop,,platform
5743510167,node,Anand Gram Ashram,28.6885226,77.3190612,,,bus_stop,,platform
5743510401,node,Gazipur Depot,28.6418869,77.3158056,,,bus_stop,,platform
5743510626,node,Gazipur Village,28.6321175,77.3157087,,,bus_stop,,platform
5743510628,node,Surya Nagar,28.6669621,77.3214851,,,bus_stop,,platform
5743510632,node,Seemapuri Depot,28.6854590,77.3311074,,,bus_stop,,platform
5743512331,node,Anand Gram,28.6888237,77.3220459,,,bus_stop,,platform
5743512394,node,Kartar Nagar,28.6895771,77.2541673,,,bus_stop,,platform
5743512654,node,"MIG Flats, Loni Road",28.7003371,77.2957373,,,bus_stop,,platform
5743512665,node,Doctor Bhim Rao Ambedkar College,28.7012239,77.2884784,,,bus_stop,,platform
5743512697,node,"B Block, Yamuna Vihar",28.7031385,77.2699509,,,bus_stop,,platform
5743512698,node,"B Block, Yamuna Vihar",28.7029237,77.2695064,,,bus_stop,,platform
5743512969,node,Nand Nagari Depot,28.6988502,77.3063045,,,bus_stop,,platform
5743512980,node,Ashok Nagar,28.7000934,77.2969507,,,bus_stop,,platform
5743513027,node,Sunder Nagari,28.6927166,77.3162604,,,bus_stop,,platform
5743513028,node,,28.6954641,77.3150162,,,bus_stop,,platform
5743513039,node,Bank Colony,28.6979574,77.3115314,,,bus_stop,,platform
5743513089,node,Yamuna Vihar (Brij Puri),28.7025095,77.2737771,,,bus_stop,,platform
5743513721,node,Sunder Nagari,28.6927747,77.3158010,,,bus_stop,,platform
5743514045,node,C Block Yamuna Vihar,28.7021527,77.2783595,,,bus_stop,,platform
5743514106,node,Bhajanpura,28.7033620,77.2640382,,,bus_stop,,platform
5743514229,node,Khajuri,28.7042333,77.2568632,,,bus_stop,,platform
5743514270,node,,28.6933949,77.2547185,,,bus_stop,,platform
5743514301,node,,28.6737732,77.2480170,,,bus_stop,,platform
5743514559,node,Shastri Park DMRC Depot,28.6740923,77.2434449,,,bus_stop,,platform
5743514560,node,Nityanand Marg,28.6681690,77.2254571,,,bus_stop,,platform
5745227186,node,Mori Gate Terminal,28.6676608,77.2244427,,,,,stop_position
5745227190,node,Bank Colony,28.6981026,77.3124137,,,bus_stop,,platform
5745228092,node,Mori Gate Terminal,28.6682764,77.2249714,,,,,stop_position
5745228116,node,Nityanand Marg,28.6680786,77.2252285,,,bus_stop,,platform
5746144321,node,Mori Gate Terminal,28.6661644,77.2217512,,,,,stop_position
5755441011,node,Govindpuri Metro Station,28.5452631,77.2640838,,,bus_stop,,platform
5755441124,node,Kalkaji Temple,28.5481963,77.2630223,,,bus_stop,,platform
5758563810,node,"National Agricultural Science Centre, Dasghara",28.6254570,77.1622651,,,bus_stop,,platform
5758572044,node,Azad Market,28.6631328,77.2076461,,,bus_stop,,platform
5758572045,node,Model Basti,28.6573100,77.2037473,,,bus_stop,,platform
5758573197,node,Ice Factory,28.6665132,77.2090332,,,bus_stop,,platform
5758573198,node,Bara Hindu Rao,28.6609482,77.2043713,,,bus_stop,,platform
5758573201,node,Prithviraj Road Crossing,28.5974906,77.2199887,,,bus_stop,,platform
5758573202,node,Andrews Ganj,28.5659656,77.2307287,,,bus_stop,,platform
5758573254,node,Faiz Road,28.6484724,77.1992947,,,bus_stop,,platform
5758573255,node,"Indrapuri, A Block",28.6286043,77.1511026,,,bus_stop,,platform
5758573256,node,Karol Bagh (Telephone Exchange),28.6431314,77.1815371,,,bus_stop,,platform
5758573257,node,Sadhu Vaswani Marg,28.6444635,77.1927881,,,bus_stop,,platform
5758573258,node,Meghdoot Bhawan,28.6439903,77.2009424,,,bus_stop,,platform
5758573268,node,National Museum,28.6111328,77.2184143,,,bus_stop,,platform
5758573269,node,Max Mueller Marg,28.5961741,77.2232970,,,bus_stop,,platform
5758573270,node,Panchsheel Enclave,28.5430982,77.2313527,,,bus_stop,,platform
5758573654,node,Guru Govind Singh Marg More,28.6530098,77.2023877,,,bus_stop,,platform
5758573710,node,Sadhu Vaswani Marg,28.6447705,77.1932092,,,bus_stop,,platform
5758573711,node,"Panchkuian Road, Banwari Lal Hospital",28.6416656,77.2046798,,,bus_stop,,platform
5758573713,node,Claridges Hotel,28.6027708,77.2178592,,,bus_stop,,platform
5758573714,node,Max Mueller Marg,28.5954759,77.2234802,,,bus_stop,,platform
5758573715,node,,28.5247480,77.2304438,,,bus_stop,,platform
5761966320,node,Rajghat Depot,28.6408893,77.2576586,,,bus_stop,,platform
5767823779,node,Manglapuri Terminal,28.5898392,77.0864157,,,bus_stop,,platform
5767823780,node,,28.5872985,77.0864475,,,bus_stop,,platform
5768476014,node,,28.6446776,77.1973019,,,bus_stop,,platform
5768476015,node,,28.5214076,77.0984784,,,bus_stop,,platform
5777600303,node,Inderlok,28.6726752,77.1690916,,,,,stop_position
5777600321,node,Ashok Park Main,28.6716164,77.1552964,stop,,,,stop_position
5777600327,node,Punjabi Bagh,28.6729851,77.1461259,stop,,,,stop_position
5777600341,node,Shivaji Park,28.6750188,77.1304664,stop,,,,stop_position
5777600344,node,Madipur,28.6764636,77.1193553,,,,,stop_position
5777600345,node,Paschim Vihar East,28.6773871,77.1122873,,,,,stop_position
5777600347,node,Paschim Vihar West,28.6786274,77.1022176,stop,,,,stop_position
5777600349,node,Peeragarhi,28.6797476,77.0926593,stop,,,,stop_position
5777600351,node,Udyog Nagar,28.6810972,77.0808507,,,,,stop_position
5777600352,node,Surajmal Stadium,28.6818691,77.0739991,,,,,stop_position
5777601259,node,Nangloi,28.6823927,77.0647269,,,,,stop_position
5777601286,node,Nangloi Railway Station,28.6821893,77.0562366,,,,,stop_position
5777601289,node,Rajdhani Park,28.6822997,77.0439371,,,,,stop_position
5777601291,node,Mundka,28.6823913,77.0305726,stop,,,,stop_position
5777601298,node,Mundka Industrial Area,28.6833855,77.0171165,stop,,,,stop_position
5777601303,node,Ghevra,28.6852923,76.9961290,,,,,stop_position
5777601308,node,Tikri Kalan,28.6868600,76.9772015,stop,,,,stop_position
5777601311,node,Tikri Border,28.6879565,76.9640756,,,,,stop_position
5777601843,node,Qutab Minar,28.5129724,77.1864348,stop,,,,stop_position
5777601856,node,Chhatarpur,28.5067735,77.1749020,stop,,,,stop_position
5777601871,node,Ghitorni,28.4937759,77.1491706,stop,,,,stop_position
5777601886,node,Green Park,28.5580108,77.2067610,stop,,,,stop_position
5777601896,node,Hauz Khas (Yellow Line),28.5442626,77.2066794,stop,,,,stop_position
5777601903,node,Malviya Nagar,28.5290570,77.2047957,stop,,,,stop_position
5777601936,node,Adarsh Nagar,28.7165652,77.1703991,,,,,stop_position
5777601942,node,Azadpur (Yellow Line),28.7070189,77.1803608,stop,,,,stop_position
5777601951,node,Model Town,28.7026901,77.1939816,stop,,,,stop_position
5777601952,node,GTB Nagar,28.6981065,77.2063990,stop,,,,stop_position
5777601954,node,Vishwa Vidyalaya,28.6950543,77.2147333,stop,,,,stop_position
5777601967,node,Vidhan Sabha,28.6863183,77.2216975,stop,,,,stop_position
5777601978,node,Civil Lines,28.6768422,77.2249980,stop,,,,stop_position
5777601989,node,Kashmere Gate,28.6675033,77.2281620,stop,,,,stop_position
5777601993,node,Chandni Chowk,28.6584232,77.2303051,stop,,,,stop_position
5777601996,node,Chawri Bazaar,28.6492758,77.2264893,stop,,,,stop_position
5777602002,node,Patel Chowk,28.6229815,77.2140067,stop,,,,stop_position
5777602007,node,Central Secretariat,28.6158820,77.2122520,stop,,,,stop_position
5777602008,node,Seva Teerth,28.6095152,77.2117641,stop,,,,stop_position
5777602010,node,Lok Kalyan Marg,28.5973456,77.2110668,stop,,,,stop_position
5777602013,node,Jor Bagh,28.5865988,77.2125030,stop,,,,stop_position
5777602018,node,Dilli Haat - INA,28.5741693,77.2092708,stop,,,,stop_position
5777602023,node,Arjan Garh,28.4807575,77.1257454,stop,,,,stop_position
5777602026,node,Jahangirpuri,28.7259582,77.1626316,,,,,stop_position
5777602033,node,New Delhi,28.6434908,77.2227137,stop,,,,stop_position
5777602034,node,A.I.I.M.S.,28.5668673,77.2077737,stop,,,,stop_position
5777613898,node,New Ashok Nagar,28.5891047,77.3015826,stop,,,,stop_position
5777613909,node,Mayur Vihar Extension,28.5944669,77.2944279,stop,,,,stop_position
5777613919,node,Mayur Vihar - I (Blue Line),28.6040558,77.2895211,stop,,,,stop_position
5777613940,node,Akshardham,28.6178791,77.2795258,stop,,,,stop_position
5777613981,node,Preet Vihar,28.6413880,77.2953132,stop,,,,stop_position
5777613985,node,Nirman Vihar,28.6365129,77.2867760,stop,,,,stop_position
5777613988,node,Laxmi Nagar,28.6305657,77.2775503,stop,,,,stop_position
5777614015,node,Anand Vihar (Blue Line),28.6468410,77.3160332,stop,,,,stop_position
5777614023,node,Karkarduma (Blue Line),28.6483741,77.3055440,stop,,,,stop_position
5777614174,node,Dilshad Garden,28.6758851,77.3215135,stop,,,,stop_position
5777614183,node,Jhilmil,28.6757505,77.3123939,stop,,,,stop_position
5777614202,node,Shahdara,28.6734598,77.2898815,,,,,stop_position
5777614209,node,Rithala,28.7207878,77.1071611,stop,,,,stop_position
5777614216,node,Rohini East,28.7075969,77.1260218,stop,,,,stop_position
5777614219,node,Madhuban Chowk,28.7032809,77.1322608,stop,,,,stop_position
5777614220,node,Welcome,28.6718621,77.2778151,,,,,stop_position
5777614225,node,Seelampur,28.6699174,77.2667628,,,,,stop_position
5777614244,node,Shastri Park,28.6684554,77.2505385,,,,,stop_position
5777614260,node,Kashmere Gate,28.6674784,77.2282467,stop,,,,stop_position
5777614297,node,Netaji Subhash Place,28.6960757,77.1524671,,,,,stop_position
5777629158,node,Jawaharlal Nehru Stadium,28.5882285,77.2337552,stop,,,,stop_position
5777629164,node,Khan Market,28.6022239,77.2291083,stop,,,,stop_position
5777629169,node,Central Secretariat,28.6158758,77.2123449,stop,,,,stop_position
5777629177,node,Janpath,28.6240499,77.2192311,stop,,,,stop_position
5777629183,node,Mandi House,28.6255425,77.2341948,stop,,,,stop_position
5777629192,node,ITO,28.6281945,77.2410162,stop,,,,stop_position
5777629197,node,Delhi Gate,28.6392084,77.2407549,stop,,,,stop_position
5777629203,node,Jama Masjid,28.6500172,77.2376384,stop,,,,stop_position
5777629211,node,Lal Quila,28.6574739,77.2365223,stop,,,,stop_position
5777629220,node,Kashmere Gate,28.6686596,77.2280269,stop,,,,stop_position
5777629235,node,Kailash Colony,28.5553091,77.2419438,stop,,,,stop_position
5777629559,node,Lajpat Nagar (Violet Line),28.5705921,77.2363670,stop,,,,stop_position
5777629619,node,Badarpur,28.4931601,77.3029683,,,,,stop_position
5777629635,node,Tughlakabad,28.5023763,77.2991866,stop,,,,stop_position
5777629650,node,Mohan Estate,28.5197076,77.2944340,stop,,,,stop_position
5777629785,node,Harkesh Nagar Okhla,28.5432385,77.2756968,,,,,stop_position
5777629803,node,Govind Puri,28.5443601,77.2642125,,,,,stop_position
5777629811,node,Kalkaji Mandir,28.5494666,77.2590658,stop,,,,stop_position
5777629829,node,Jangpura,28.5830369,77.2392883,stop,,,,stop_position
5777629832,node,Sarita Vihar,28.5285679,77.2882774,stop,,,,stop_position
5777629833,node,Nehru Place,28.5513913,77.2517397,stop,,,,stop_position
5777629837,node,Netaji Subhash Place (Pink Line),28.6947028,77.1543015,stop,,,,stop_position
5777629845,node,Shalimar Bagh,28.7019313,77.1654554,stop,,,,stop_position
5777630054,node,Azadpur (Pink Line),28.7057756,77.1819941,stop,,,,stop_position
5777630074,node,Mayapuri,28.6371810,77.1297689,,,,,stop_position
5777630083,node,Rajouri Garden (Pink Line),28.6512003,77.1242874,,,,,stop_position
5777630094,node,ESI - Basaidarapur,28.6580491,77.1272899,stop,,,,stop_position
5777630109,node,Punjabi Bagh West,28.6727635,77.1392217,stop,,,,stop_position
5777630123,node,Shakurpur,28.6856756,77.1496639,stop,,,,stop_position
5777630144,node,Naraina Vihar,28.6243968,77.1364778,stop,,,,stop_position
5777630275,node,Delhi Cantt,28.6086427,77.1404465,,,,,stop_position
5777630288,node,Sir M. Vishweshwaraiah Moti Bagh,28.5785426,77.1757520,stop,,,,stop_position
5777630298,node,Sarai Kale Khan - Nizamuddin,28.5898274,77.2570468,stop,,,,stop_position
5777630323,node,South Extension,28.5685857,77.2205719,stop,,,,stop_position
5777630330,node,Dilli Haat - INA,28.5736686,77.2075986,stop,,,,stop_position
5777630338,node,Sarojini Nagar,28.5758359,77.1980823,stop,,,,stop_position
5777630345,node,Bhikaji Cama Place,28.5702814,77.1878724,stop,,,,stop_position
5777630350,node,Shiv Vihar,28.7214275,77.2894139,stop,,,,stop_position
5777630566,node,Gokulpuri,28.7024535,77.2860709,stop,,,,stop_position
5777630574,node,Maujpur-Babarpur,28.6921128,77.2796440,stop,,,,stop_position
5777630582,node,Jaffrabad,28.6827286,77.2748056,stop,,,,stop_position
5777630601,node,Welcome (Pink Line),28.6723475,77.2769489,stop,,,,stop_position
5777630622,node,East Azad Nagar,28.6646669,77.2848234,stop,,,,stop_position
5777630624,node,Krishna Nagar,28.6577750,77.2901280,stop,,,,stop_position
5777630635,node,Karkarduma Court,28.6535862,77.2958023,,,,,stop_position
5777630855,node,Karkarduma (Pink Line),28.6492685,77.3060798,,,,,stop_position
5777630878,node,Anand Vihar (Pink Line),28.6466595,77.3153748,stop,,,,stop_position
5777630916,node,IP Extension,28.6318836,77.3106994,,,,,stop_position
5777630934,node,Mandawali - West Vinod Nagar,28.6250185,77.3044546,,,,,stop_position
5777630956,node,East Vinod Nagar - Mayur Vihar - II,28.6200696,77.3054159,,,,,stop_position
5777630970,node,Trilokpuri Sanjay Lake,28.6134488,77.3088121,,,,,stop_position
5777631037,node,Durgabai Deshmukh South Campus,28.5893006,77.1694772,stop,,,,stop_position
5777631046,node,Palam,28.5889337,77.0830928,stop,,,,stop_position
5777631052,node,Dashrath Puri,28.6018663,77.0824068,stop,,,,stop_position
5777631155,node,Dabri Mor - Janakpuri South,28.6157407,77.0852269,stop,,,,stop_position
5777631164,node,Janakpuri West,28.6289685,77.0779709,stop,,,,stop_position
5777631170,node,Sadar Bazar Cantonment,28.5771467,77.1111419,stop,,,,stop_position
5777631192,node,Terminal 1 IGI Airport,28.5648680,77.1226721,stop,,,,stop_position
5777631205,node,Shankar Vihar,28.5608721,77.1402639,stop,,,,stop_position
5777631212,node,Nehru Enclave,28.5460775,77.2514948,,,,,stop_position
5777631214,node,Greater Kailash,28.5419199,77.2384358,stop,,,,stop_position
5777631218,node,Chirag Delhi,28.5411365,77.2302972,stop,,,,stop_position
5777631222,node,Panchsheel Park,28.5423980,77.2210953,stop,,,,stop_position
5777631224,node,Hauz Khas (Magenta Line),28.5433957,77.2050267,stop,,,,stop_position
5777631229,node,IIT Delhi,28.5470456,77.1945314,stop,,,,stop_position
5777631234,node,R. K. Puram,28.5504037,77.1855286,stop,,,,stop_position
5777631236,node,Munirka,28.5569151,77.1750753,stop,,,,stop_position
5777631244,node,Vasant Vihar,28.5578532,77.1610950,stop,,,,stop_position
5777631557,node,Kalkaji Mandir,28.5503589,77.2569177,stop,,,,stop_position
5777631561,node,Sukhdev Vihar,28.5598162,77.2749520,stop,,,,stop_position
5777631562,node,Jamia Millia Islamia,28.5630670,77.2863188,stop,,,,stop_position
5777631563,node,Okhla Vihar,28.5613007,77.2918997,stop,,,,stop_position
5777631564,node,Jasola Vihar Shaheen Bagh,28.5458386,77.2966817,stop,,,,stop_position
5777631565,node,Kalindi Kunj,28.5429304,77.3100941,stop,,,,stop_position
5777631610,node,Dwarka (Grey Line),28.6159100,77.0224264,stop,,,,stop_position
5777631612,node,Nangli,28.6173229,77.0104313,stop,,,,stop_position
5777854549,node,Saint Stephen's Hospital,28.6670219,77.2154425,,,bus_stop,,platform
5778514128,node,Govindpuri Metro Station,28.5451060,77.2638852,,,bus_stop,,platform
5781445033,node,Rajendra Place,28.6424955,77.1782756,station,subway,,,station
5792048834,node,Akashwani Bhawan,28.6207084,77.2105871,,,bus_stop,,platform
5792049362,node,Tyagraj Marg,28.6090937,77.2030378,,,bus_stop,,platform
5795235047,node,Nehru Enclave,28.5460584,77.2515057,station,subway,,,station
5799050649,node,Hauz Rani,28.5284793,77.2120102,,,bus_stop,,platform
5799663729,node,Palika Kendra,28.6287399,77.2164738,,,bus_stop,,platform
5807089608,node,Patparganj Mor,28.6174630,77.2872034,,,bus_stop,,platform
5810595110,node,Ayurvigyan Nagar,28.5614190,77.2221576,,,bus_stop,,platform
5810962662,node,Press Apartment,28.6229829,77.2982356,,,bus_stop,,platform
5810962663,node,Press Apartment,28.6227292,77.2982571,,,bus_stop,,platform
5812151723,node,Maharani Bagh,28.5749652,77.2624255,,,bus_stop,,platform
5812151730,node,Kalkaji Depot,28.5373172,77.2674707,,,bus_stop,,platform
5812151733,node,Samaspur Jagir Village,28.6154266,77.2855959,,,bus_stop,,platform
5818160625,node,Ramakrishna Puram Sector 9,28.5741142,77.1688732,,,bus_stop,,platform
5818160628,node,Srinagesh Garden,28.5965173,77.1405300,,,bus_stop,,platform
5818160630,node,Cantonment General Hospital,28.5999556,77.1249350,,,bus_stop,,platform
5818160632,node,Janakpuri D Block,28.6077149,77.1040283,,,bus_stop,,platform
5818160993,node,Moti Bagh Gurudwara Nanakpura,28.5836865,77.1728825,,,bus_stop,,platform
5818160995,node,"C-2, Janakpuri",28.6156835,77.0817561,,,bus_stop,,platform
5818160997,node,C-1 Janakpuri,28.6171189,77.0787538,,,bus_stop,,platform
5818161002,node,Keshavpur Depot,28.6530495,77.0875558,,,bus_stop,,platform
5818161003,node,Major Bhupinder Singh Nagar,28.6472045,77.0845150,,,bus_stop,,platform
5818161004,node,Meera Bagh,28.6587271,77.0909150,,,bus_stop,,platform
5818161005,node,Sunder Apartment,28.6654199,77.0921355,,,bus_stop,,platform
5818161007,node,Peeragarhi Crossing,28.6790777,77.0942683,,,bus_stop,,platform
5818161008,node,Peeragarhi Crossing,28.6800481,77.0944560,,,bus_stop,,platform
5818161009,node,B Block Mangolpuri,28.6900027,77.0964440,,,bus_stop,,platform
5818161010,node,,28.6921286,77.0983220,,,bus_stop,,platform
5818161023,node,Police Lines,28.6948343,77.1064864,,,bus_stop,,platform
5818161048,node,Bhajanpura,28.7036953,77.2634015,,,bus_stop,,platform
5818161049,node,Yamuna Vihar (Brijpuri),28.7027607,77.2753190,,,bus_stop,,platform
5818161050,node,C Block Yamuna Vihar,28.7024240,77.2784855,,,bus_stop,,platform
5818161052,node,"MIG Flats, Loni Road",28.7005852,77.2956814,,,bus_stop,,platform
5818161118,node,Kirby Place,28.6052510,77.1263346,,,bus_stop,,platform
5818161119,node,Supply Depot,28.6066057,77.1231758,,,bus_stop,,platform
5818161120,node,Janakpuri D Block,28.6078702,77.1036598,,,bus_stop,,platform
5818161121,node,Sagarpur,28.6091456,77.0995916,,,bus_stop,,platform
5818161123,node,Janak Cinema,28.6110155,77.0919578,,,bus_stop,,platform
5818161144,node,Tilak Pul,28.6212817,77.0700732,,,bus_stop,,platform
5818161145,node,A-1 Janakpuri,28.6242310,77.0677606,,,bus_stop,,platform
5818161146,node,Uttam Nagar Terminal,28.6261254,77.0683100,,,bus_stop,,platform
5818161147,node,Vikaspuri Crossing,28.6270083,77.0707038,,,bus_stop,,platform
5818161148,node,Dholi Piao,28.6288802,77.0754843,,,bus_stop,,platform
5818161149,node,District Centre,28.6302460,77.0782068,,,bus_stop,,platform
5818161150,node,District Centre Janakpuri,28.6326959,77.0809844,,,bus_stop,,platform
5818161151,node,Krishna Park,28.6392420,77.0815724,,,bus_stop,,platform
5818161336,node,West Enclave,28.6936273,77.1023867,,,bus_stop,,platform
5818161517,node,Rohini Depot 3,28.6954886,77.1089999,,,bus_stop,,platform
5818161518,node,Deepali Chowk,28.6982200,77.1190973,,,bus_stop,,platform
5818161519,node,Saraswati Vihar,28.7002238,77.1249359,,,bus_stop,,platform
5818161520,node,Pitampura (RU Block),28.7075667,77.1340957,,,bus_stop,,platform
5818161521,node,,28.7106191,77.1366511,,,bus_stop,,
5818161522,node,Uttari Pitampura,28.7150779,77.1389885,,,bus_stop,,platform
5818161523,node,Metcalf House,28.6835551,77.2293096,,,bus_stop,,platform
5818161524,node,Khajuri,28.7047302,77.2570139,,,bus_stop,,platform
5818161529,node,Shahdara Border,28.6777054,77.3235253,,,bus_stop,,platform
5818161555,node,Haiderpur (Waterworks),28.7213775,77.1403451,,,bus_stop,,platform
5818161556,node,,28.7287570,77.1460895,,,bus_stop,,platform
5818161557,node,Mukarba Chowk,28.7323054,77.1520709,,,bus_stop,,platform
5818161558,node,Mukarba Chowk,28.7348678,77.1554035,,,bus_stop,,platform
5818161560,node,,28.7337736,77.1838322,,,bus_stop,,platform
5818161561,node,Burari Crossing,28.7285944,77.1993251,,,bus_stop,,platform
5818161562,node,,28.7223662,77.2164579,,,bus_stop,,platform
5818161563,node,,28.7196350,77.2234395,,,bus_stop,,platform
5818161564,node,Shyam Giri Mata Mandir,28.6741453,77.2475597,,,bus_stop,,platform
5818161565,node,,28.7033627,77.2558292,,,bus_stop,,platform
5818161572,node,Bhalswa Crossing,28.7376117,77.1682167,,,bus_stop,,platform
5818161653,node,Nand Nagari Depot,28.6991007,77.3061771,,,bus_stop,,platform
5818161654,node,Bank Colony,28.6983823,77.3109737,,,bus_stop,,platform
5818161655,node,Gagan Cinema,28.6957346,77.3153785,,,bus_stop,,platform
5818161656,node,Anand Gram Ashram,28.6886264,77.3193923,,,bus_stop,,platform
5818161657,node,Anand Gram,28.6887790,77.3215819,,,bus_stop,,platform
5818161659,node,Dilshad Garden J & K Block,28.6792515,77.3245013,,,bus_stop,,platform
5819987423,node,,28.6763258,77.3224486,,,bus_stop,,platform
5819987432,node,"Cantonment General Hospital, Kotwali Road",28.5991788,77.1257226,,,bus_stop,,platform
5819987433,node,Uttam Nagar Terminal,28.6260795,77.0683224,,,,,stop_position
5819987434,node,Nirman Vihar,28.6367112,77.2874960,,,bus_stop,,platform
5819987435,node,Shahadra Border,28.6775777,77.3234859,,,bus_stop,,platform
5819988027,node,Mukarba Chowk,28.7349081,77.1554817,,,bus_stop,,platform
5819988038,node,Mukarba Chowk,28.7322234,77.1519452,,,bus_stop,,platform
5822184061,node,Supreme Court‌ Metro Station,28.6240594,77.2406647,,,bus_stop,,platform
5822184062,node,Hasanpur Village,28.6362818,77.3103314,,,bus_stop,,platform
5822184063,node,Hasanpur Village,28.6359908,77.3108178,,,bus_stop,,platform
5822184064,node,Laxmi Nagar,28.6312818,77.2788040,,,bus_stop,,platform
5848631983,node,RR Lines,28.6039435,77.1574134,,,bus_stop,,platform
5848633050,node,ESI Hospital,28.6591092,77.1287595,,,bus_stop,,platform
5848633382,node,Rajouri Garden,28.6453229,77.1268499,,,bus_stop,,platform
5848634709,node,Dhaula Kuan,28.5990016,77.1626558,,,bus_stop,,platform
5848634710,node,Garrison Engineering,28.6051072,77.1468848,,,bus_stop,,platform
5848634711,node,Brar Square,28.6100178,77.1389981,,,bus_stop,,platform
5848635021,node,Naraina Village,28.6186074,77.1361678,,,bus_stop,,platform
5848635122,node,,28.6256596,77.1342096,,,bus_stop,,platform
5848635213,node,Mayapuri Crossing,28.6383776,77.1294343,,,bus_stop,,platform
5848635570,node,Rajdhani College,28.6559436,77.1257337,,,bus_stop,,platform
5848636593,node,Punjabi Bagh (Terminal),28.6677871,77.1373898,,,bus_stop,,platform
5848636594,node,Punjabi Bagh (Terminal),28.6679900,77.1372421,,,bus_stop,,platform
5848636595,node,Punjabi Bagh (Terminal),28.6673005,77.1373216,,,bus_stop,,platform
5848636929,node,Punjabi Bagh Crossing,28.6673924,77.1357885,,,bus_stop,,platform
5848636930,node,ESI Hospital,28.6583462,77.1286421,,,bus_stop,,platform
5848637037,node,Punjabi Bagh Club,28.6634396,77.1312672,,,bus_stop,,platform
5848637196,node,Rajdhani College,28.6547824,77.1255196,,,bus_stop,,platform
5848637197,node,Rajouri Garden Market,28.6456437,77.1270066,,,bus_stop,,platform
5848637384,node,Naraina Village,28.6184894,77.1365918,,,bus_stop,,platform
5848637631,node,Mayapuri Crossing (Ring Road),28.6385935,77.1297775,,,bus_stop,,platform
5848637798,node,Naraina Vihar,28.6242681,77.1353225,,,bus_stop,,platform
5848637799,node,Rajasthan Rifles Lines,28.6041922,77.1551315,,,bus_stop,,platform
5848637933,node,COD (Ring Road),28.6131217,77.1371586,,,bus_stop,,platform
5848637934,node,Garrison Engineering,28.6054334,77.1473854,,,bus_stop,,platform
5848637935,node,Defence Officers Mess (Dhaula Kuan),28.5994987,77.1625665,,,bus_stop,,platform
5848637985,node,Barar Square,28.6073975,77.1417894,,,bus_stop,,platform
5848637986,node,Dhaula Kuan,28.5995883,77.1624365,,,bus_stop,,platform
5848638007,node,Satya Niketan,28.5851469,77.1724683,,,bus_stop,,platform
5848638158,node,Batra Hospital,28.5123659,77.2438350,,,bus_stop,,platform
5848638309,node,PSRI Hospital,28.5314836,77.2238198,,,bus_stop,,platform
5848638310,node,Madangir DDA Flats,28.5203153,77.2283811,,,bus_stop,,platform
5850971832,node,Punjabi Bagh Terminal,28.6674347,77.1357477,,,,,stop_position
5850971833,node,Punjabi Bagh (Terminal),28.6677477,77.1356859,,,,,stop_position
5850971834,node,Hamdard Nagar,28.5120717,77.2484457,,,,,stop_position
5854161857,node,Sadar Bazar,28.6580870,77.2170087,station,,,,station
5880870401,node,Akshardham Pushta X-ing,28.6122003,77.2824952,,,bus_stop,,platform
5961114535,node,Majlis Park,28.7240864,77.1821095,stop,,,,stop_position
5975248745,node,,28.5236272,77.1912557,,,,,platform
5975248746,node,,28.5236767,77.1910921,,,,,platform
5975248747,node,,28.5236767,77.1913844,,,,,platform
5975248748,node,,28.5237332,77.1911994,,,,,platform
5975248749,node,,28.5237827,77.1910331,,,,,platform
5975248750,node,,28.5237804,77.1913791,,,,,platform
5975248751,node,,28.5238298,77.1912101,,,,,platform
5978068723,node,Thana Deshbandhu Gupta Road,28.6526290,77.1928147,,,bus_stop,,platform
5978091788,node,Deshbandhu Gupta Market,28.6526762,77.1932693,,,bus_stop,,platform
6005139388,node,Shuttle bus to Terminal 3,28.5645266,77.1209496,,,bus_stop,,platform
6049373291,node,Shiv Vihar,28.7213810,77.2894599,station,subway,,,station
6049373293,node,Gokulpuri,28.7024752,77.2861253,station,subway,,,station
6049373294,node,Maujpur-Babarpur,28.6920781,77.2796973,station,subway,,,station
6049373295,node,Jaffrabad,28.6826822,77.2748055,station,subway,,,station
6049373296,node,Welcome (Pink Line),28.6724018,77.2770239,station,subway,,,station
6049373297,node,East Azad Nagar,28.6646764,77.2848431,station,subway,,,station
6049373298,node,Krishna Nagar,28.6578127,77.2901199,station,subway,,,station
6049373299,node,Karkarduma Court,28.6536459,77.2957875,,,,,stop_position
6049373300,node,Karkarduma (Pink Line),28.6493001,77.3061394,,,,,stop_position
6049373301,node,Anand Vihar (Pink Line),28.6467137,77.3154068,stop,,,,stop_position
6049373302,node,IP Extension,28.6318977,77.3107603,,,,,stop_position
6049373345,node,Mandawali - West Vinod Nagar,28.6249613,77.3044792,,,,,stop_position
6049373346,node,East Vinod Nagar - Mayur Vihar - II,28.6200969,77.3054199,,,,,stop_position
6049373347,node,Trilokpuri Sanjay Lake,28.6134349,77.3088799,stop,,,,stop_position
6053797350,node,Lodhi Hotel/Shiv Mandir,28.5917847,77.2401881,,,bus_stop,,platform
6071158914,node,NBCC Ghitorni,28.4952978,77.1529776,,,bus_stop,,platform
6071161048,node,Aya Nagar Crossing,28.4812559,77.1262193,,,bus_stop,,platform
6077096067,node,Golf Club,28.6013564,77.2378345,,,bus_stop,,platform
6077096069,node,Bal Bhawan,28.6291497,77.2380081,,,bus_stop,,platform
6077096258,node,Bal Bhawan,28.6289742,77.2378304,,,bus_stop,,platform
6077096430,node,Jaipur House,28.6094757,77.2331860,,,bus_stop,,platform
6077096433,node,Kali Mandir,28.6361915,77.2252945,,,bus_stop,,platform
6086075001,node,Supreme Court,28.6229111,77.2404617,,,bus_stop,,platform
6093120976,node,,28.5479142,77.1208475,,,bus_stop,,platform
6112155497,node,Andrews Ganj,28.5661760,77.2299551,,,bus_stop,,platform
6115749033,node,Deshbandhu College,28.5412448,77.2556979,,,bus_stop,,platform
6115749034,node,"B Block, Kalkaji",28.5435229,77.2515285,,,bus_stop,,platform
6122143946,node,Jal Vihar Terminal,28.5783437,77.2458619,,,,,stop_position
6131069513,node,New Delhi,28.6419258,77.2217499,station,,,,station
6147128567,node,,28.5204068,77.2018196,,,,,platform
6147128568,node,,28.5203785,77.2018585,,,,,stop_position
6176083280,node,DESU Colony,28.6099666,77.0949416,,,bus_stop,,platform
6177727059,node,,28.5208576,77.2023194,,,,,stop_position
6177727060,node,,28.5208757,77.2023565,,,,,platform
6179179025,node,Saket,28.5211680,77.2022237,station,subway,,,station
6179179026,node,Saket,28.5215434,77.2026333,stop,,,,stop_position
6195211392,node,101 Ka Stand,28.7526308,77.1604240,,,,,stop_position
6195740840,node,Hazrat Nizamuddin Junction,28.5888600,77.2537660,stop,,,,stop_position
6196100465,node,Lajpat Nagar (Pink Line),28.5694844,77.2388793,stop,,,,stop_position
6196100466,node,Shree Ram Mandir Mayur Vihar,28.6060634,77.2992533,stop,,,,stop_position
6196100467,node,Mayur Vihar - I (Pink Line),28.6038135,77.2912864,,,,,stop_position
6196100468,node,Ashram,28.5726209,77.2588244,stop,,,,stop_position
6196100469,node,Vinobapuri,28.5659354,77.2498114,stop,,,,stop_position
6196100470,node,Vinobapuri,28.5657942,77.2487352,stop,,,,stop_position
6196100471,node,Sarai Kale Khan - Nizamuddin,28.5883001,77.2573864,stop,,,,stop_position
6196100472,node,Mayur Vihar - I (Pink Line),28.6034970,77.2906550,,,,,stop_position
6196100473,node,Shree Ram Mandir Mayur Vihar,28.6056313,77.2980420,stop,,,,stop_position
6196100474,node,Majlis Park,28.7246050,77.1818165,stop,,,,stop_position
6196100475,node,Majlis Park,28.7244030,77.1818406,station,subway,,,station
6196100477,node,Vinobapuri,28.5658710,77.2492973,station,subway,,,station
6196100478,node,Mayur Vihar - I (Pink Line),28.6036425,77.2909319,station,subway,,,station
6196100479,node,Shree Ram Mandir Mayur Vihar,28.6058619,77.2987023,station,subway,,,station
6196100480,node,Sarai Kale Khan - Nizamuddin,28.5887494,77.2572494,station,subway,,,station
6196100481,node,Ashram,28.5724231,77.2585979,station,subway,,,station
6198752458,node,New Friends Colony,28.5666551,77.2623609,,,bus_stop,,platform
6198752461,node,Ishwar Nagar,28.5615372,77.2661563,,,bus_stop,,platform
6198752463,node,Ishwar Nagar,28.5617030,77.2665041,,,bus_stop,,platform
6200524173,node,Mandawli Chandra Vihar,28.6294332,77.2884872,halt,,,,halt
6203987725,node,Mausam Bhawan,28.5901557,77.2207504,,,bus_stop,,platform
6203988021,node,Lajpat Nagar (DJB),28.5707329,77.2467639,,,bus_stop,,platform
6213742113,node,Patel Chowk,28.6227577,77.2142270,,,bus_stop,,platform
6213742114,node,Patel Chowk,28.6221385,77.2147533,,,bus_stop,,platform
6218489400,node,Institute of Pharmacy (DIPSAR),28.5163347,77.2237333,,,bus_stop,,platform
6221553127,node,,28.5104442,77.1703286,,,bus_stop,,platform
6221553469,node,Chhattarpur Crossing,28.5040851,77.1760209,,,bus_stop,,platform
6221553470,node,Aya Nagar Crossing,28.4797782,77.1247200,,,bus_stop,,platform
6221553768,node,Chhattarpur Mandir,28.5023546,77.1820388,,,bus_stop,,platform
6221553769,node,Ghitorni Village,28.4934906,77.1489316,,,bus_stop,,platform
6221554147,node,Chhattarpur Crossing,28.5049514,77.1740393,,,bus_stop,,platform
6223283998,node,IP College,28.6819459,77.2235660,,,bus_stop,,platform
6223284347,node,Vishwa Vidyalaya Metro Station,28.6950541,77.2154249,,,bus_stop,,platform
6225470849,node,"Sanatan Dharm Mandir, Shankar Road",28.6366544,77.1830423,,,bus_stop,,platform
6225470850,node,Shankar Road Market,28.6386524,77.1793744,,,bus_stop,,platform
6225470851,node,Payal Cinema,28.6308237,77.1383099,,,bus_stop,,platform
6225470852,node,LIG Flats,28.6307637,77.1195468,,,bus_stop,,platform
6225478357,node,Shadipur Colony,28.6516613,77.1565319,,,bus_stop,,platform
6225478361,node,Hari Nagar Shaheed Pawan Sahni Chowk,28.6246993,77.1104224,,,,,platform
6225478959,node,New Delhi Post Office,28.6255360,77.2066437,,,bus_stop,,platform
6225479360,node,Gurudwara Bangla Sahib,28.6280479,77.2093211,,,bus_stop,,platform
6225479426,node,NDPO,28.6234372,77.2065070,,,bus_stop,,platform
6225479440,node,West Patel Nagar,28.6474846,77.1648807,,,bus_stop,,platform
6225479464,node,Pandav Nagar,28.6500237,77.1536755,,,bus_stop,,platform
6225479657,node,,28.6211647,77.2053434,,,bus_stop,,platform
6225479669,node,Doctor Ram Manohar Lohia Hospital,28.6246556,77.1979690,,,bus_stop,,platform
6225479670,node,Talkatora Stadium,28.6261156,77.1963845,,,bus_stop,,platform
6225479821,node,Gurudwara Rakab Ganj,28.6209936,77.2052757,,,bus_stop,,platform
6225479822,node,Talkatora Road,28.6231411,77.2015890,,,bus_stop,,platform
6225480084,node,East Patel Nagar,28.6423776,77.1734884,,,bus_stop,,platform
6225480085,node,Patel Nagar Metro Station,28.6452596,77.1685119,,,bus_stop,,platform
6225480086,node,West Patel Nagar,28.6473207,77.1651487,,,bus_stop,,platform
6225480137,node,Loha Mandi,28.6394355,77.1438843,,,bus_stop,,platform
6225480215,node,Naraina Depot,28.6487450,77.1512675,,,bus_stop,,platform
6225480472,node,,28.6368544,77.1832117,,,bus_stop,,platform
6225480474,node,Talkatora Road,28.6232960,77.2017242,,,bus_stop,,platform
6225480505,node,Mayapuri Crossing,28.6367797,77.1290412,,,bus_stop,,platform
6225480506,node,Government Press,28.6343416,77.1277400,,,bus_stop,,platform
6225480567,node,Deen Dayal Upadhyay Hospital,28.6281608,77.1111000,,,bus_stop,,platform
6225480912,node,LIG Flats,28.6309146,77.1196370,,,bus_stop,,platform
6225481113,node,Beriwala Bagh (Sai Vatika),28.6311145,77.1121864,,,bus_stop,,platform
6225481115,node,Hari Nagar Shaheed Pawan Sahni Chowk,28.6246735,77.1104615,,,bus_stop,,platform
6225481121,node,,28.6413670,77.1450607,,,bus_stop,,platform
6225481228,node,Mayapuri Crossing,28.6367106,77.1283901,,,bus_stop,,platform
6225481229,node,Indira Market,28.6268698,77.1353076,,,bus_stop,,platform
6225481230,node,,28.6447674,77.1477666,,,bus_stop,,platform
6225481390,node,Hari Nagar (Mohan Mandir) Mayapuri,28.6307216,77.1242288,,,bus_stop,,platform
6225481432,node,Payal Cinema,28.6313498,77.1383163,,,bus_stop,,platform
6225481433,node,Naraina Depot,28.6489666,77.1511255,,,bus_stop,,platform
6225481434,node,Pandav Nagar,28.6501272,77.1532783,,,bus_stop,,platform
6225481463,node,"Fire Station, Shankar Road",28.6410137,77.1760738,,,bus_stop,,platform
6225482595,node,Gurudwara Rakab Ganj,28.6211440,77.2053927,,,bus_stop,,platform
6225482764,node,Talkatora Stadium,28.6263276,77.1965272,,,bus_stop,,platform
6225482786,node,Doctor Ram Manohar Lohia Hospital,28.6250194,77.1988472,,,bus_stop,,platform
6225482787,node,Barakhamba Metro Station,28.6298089,77.2252547,,,bus_stop,,platform
6225764788,node,Hari Nagar (Mohan Mandir) Mayapuri,28.6305256,77.1244808,,,bus_stop,,platform
6225764789,node,Beriwala Bagh (Sai Vatika),28.6312707,77.1123210,,,bus_stop,,platform
6225764790,node,Balco Apartment,28.6298443,77.3068587,,,bus_stop,,platform
6225764791,node,Balco Apartment,28.6298084,77.3066970,,,bus_stop,,platform
6225764792,node,Kendriya Terminal,28.6214783,77.2061268,,,bus_stop,,platform
6231590042,node,Maidan Garhi,28.5003337,77.1968799,,,,,stop_position
6255913361,node,Sukhdev Bus Depot,28.5544873,77.2714816,,,bus_stop,,platform
6257738478,node,International Student Hostel,28.6960975,77.2116430,,,bus_stop,,platform
6257738481,node,International Student Hostel,28.6961578,77.2115057,,,bus_stop,,platform
6257869679,node,Social Work School,28.6934578,77.2174090,,,bus_stop,,platform
6258175364,node,Dhaula Kuan,28.5992985,77.1628506,,,bus_stop,,platform
6258192680,node,Telephone Exchange,28.6862375,77.1511262,,,bus_stop,,platform
6258192681,node,New Police Lines,28.6991269,77.2031937,,,bus_stop,,platform
6258192683,node,Azadpur,28.7074434,77.1802053,,,bus_stop,,platform
6258194006,node,Vishwa Vidyalaya Metro Station,28.6951306,77.2139464,,,bus_stop,,platform
6258194788,node,Lajpat Nagar,28.5652036,77.2428237,,,bus_stop,,platform
6258194790,node,Prem Bari Pul,28.7000051,77.1585444,,,bus_stop,,platform
6258194797,node,Moti Bagh Gurudwara Nanakpura,28.5844851,77.1729158,,,bus_stop,,platform
6258194798,node,Alpana Cinema,28.7026685,77.1937449,,,bus_stop,,platform
6258194799,node,South Extension,28.5688342,77.2207288,,,bus_stop,,platform
6258194804,node,Shakurpur Village,28.6808891,77.1431829,,,bus_stop,,platform
6258194805,node,Britannia,28.6849333,77.1492125,,,bus_stop,,platform
6258194807,node,Shalimar Bagh Richi Rich,28.7014255,77.1638061,,,bus_stop,,platform
6258194809,node,South Extension,28.5688434,77.2206017,,,bus_stop,,platform
6258194811,node,Punjab Kesari,28.6959047,77.1557144,,,bus_stop,,platform
6258194812,node,Aradhna Enclave,28.5745204,77.1786273,,,bus_stop,,platform
6258194814,node,Nauroji Nagar,28.5696612,77.1955939,,,bus_stop,,platform
6258194816,node,Shalimar Bagh Crossing,28.7030105,77.1685947,,,bus_stop,,platform
6258194817,node,Guru Tegh Bahadur Nagar,28.6982890,77.2065886,,,bus_stop,,platform
6258194818,node,Ashok Vihar Crossing,28.7019197,77.1653293,,,bus_stop,,platform
6258194819,node,Guru Tegh Bahadur Nagar,28.6982997,77.2056279,,,bus_stop,,platform
6258194824,node,Richi Rich,28.7008761,77.1621162,,,bus_stop,,platform
6258194825,node,Guru Tegh Bahadur Nagar,28.6979458,77.2065461,,,bus_stop,,platform
6258194826,node,,28.7041777,77.1901346,,,bus_stop,,platform
6258443993,node,Lajpat Nagar,28.5650535,77.2426083,,,,,stop_position
6258918659,node,,28.6980440,77.2075736,,,,,stop_position
6258918660,node,,28.6980854,77.2074674,,,,,stop_position
6264851923,node,Mori Gate Terminal,28.6661586,77.2216985,,,,,stop_position
6264851924,node,Mori Gate Terminal,28.6660803,77.2216048,,,bus_stop,,platform
6265702967,node,Saidulajab Bus Stop,28.5207609,77.2020308,,,,,platform
6274317077,node,,28.5148818,77.2966416,,,bus_stop,,platform
6274317079,node,Satya Narayan Temple,28.5123833,77.2433444,,,bus_stop,,platform
6274317080,node,Madanpur Khadar,28.5294564,77.2879787,,,bus_stop,,platform
6274317083,node,,28.5130770,77.2973685,,,bus_stop,,platform
6274317084,node,Shahin Bagh,28.5430684,77.3028852,,,bus_stop,,platform
6274319088,node,Kalindi Kunj,28.5452187,77.3059891,,,bus_stop,,platform
6274319089,node,"K-Block, Sarita Vihar",28.5387286,77.2922202,,,bus_stop,,platform
6274319090,node,Jasola Vihar,28.5408030,77.2971979,,,bus_stop,,platform
6274736838,node,Shahin Bagh,28.5427896,77.3030970,,,bus_stop,,platform
6274736839,node,Madanpur Khadar,28.5293253,77.2884631,,,bus_stop,,platform
6274736843,node,Sarita Vihar,28.5322583,77.2862631,,,,,platform
6274736847,node,Jasola Vihar,28.5403159,77.2968071,,,bus_stop,,platform
6274736848,node,,28.5433787,77.3104561,,,bus_stop,,platform
6274736849,node,MB Road,28.5057529,77.2763879,,,bus_stop,,platform
6274736851,node,"K-Block, Sarita Vihar",28.5382341,77.2918294,,,bus_stop,,platform
6274736855,node,Kalindi Kunj,28.5450463,77.3062484,,,bus_stop,,platform
6274736860,node,Prem Nagar,28.5035766,77.2801171,,,,,platform
6274736861,node,Haldiram,28.5193241,77.2951943,,,bus_stop,,platform
6274736865,node,Air Force Station,28.5117048,77.2554190,,,bus_stop,,platform
6274848295,node,Lado Sarai Crossing,28.5238746,77.1899226,,,bus_stop,,platform
6274848296,node,Kaya Maya Hospital,28.5080415,77.2693562,,,bus_stop,,platform
6274848297,node,Prem Nagar,28.5041406,77.2790042,,,bus_stop,,platform
6274848298,node,Lal Kuan,28.5022526,77.2845630,,,bus_stop,,platform
6287897760,node,Lajpat Nagar,28.5791482,77.2439717,stop,,,,stop_position
6287897762,node,Lodhi Colony,28.5796490,77.2167953,stop,,,,stop_position
6287897763,node,Sarojini Nagar,28.5812355,77.1963156,stop,,,,stop_position
6287897766,node,Sardar Patel Marg,28.5961909,77.1676074,stop,,,,stop_position
6290617303,node,,28.6865129,77.0572960,stop,,,,stop_position
6291553787,node,,28.5190807,77.2087565,,,,,stop_position
6291591424,node,,28.5453313,77.2508764,,,,,stop_position
6324833176,node,Sadiq Nagar,28.5562486,77.2294367,,,bus_stop,,platform
6335221842,node,Safdarjung Terminal,28.5797388,77.2135669,,,bus_stop,,platform
6335221844,node,,28.5652633,77.1828926,,,bus_stop,,platform
6335221845,node,Rama Krishna Puram NAB,28.5610492,77.1757307,,,bus_stop,,platform
6335221849,node,Safdarjung Terminal,28.5798197,77.2127348,,,bus_stop,,platform
6335221851,node,Africa Avenue,28.5696037,77.1912752,,,bus_stop,,platform
6335221852,node,Safdarjung Terminal,28.5798004,77.2128564,,,bus_stop,,platform
6335221853,node,Safdarjung Terminal,28.5797484,77.2134553,,,bus_stop,,platform
6336918971,node,Safdarjung Terminal,28.5795432,77.2141916,,,,,stop_position
6336918972,node,Safdarjung Terminal,28.5796320,77.2142591,,,bus_stop,,platform
6336918973,node,Safdarjung Terminal,28.5796416,77.2141475,,,bus_stop,,platform
6341209903,node,DDA Flats Kalkaji,28.5284717,77.2578939,,,bus_stop,,platform
6341209907,node,,28.5330890,77.2596576,,,bus_stop,,platform
6341801996,node,Lajpat Nagar,28.5653209,77.2446267,,,,,stop_position
6341801997,node,Lajpat Nagar,28.5654623,77.2456272,,,bus_stop,,platform
6349285028,node,,28.5277875,77.2724123,,,,,platform
6349285033,node,,28.5277048,77.2721847,,,,,platform
6349285037,node,,28.5426109,77.2184133,,,bus_stop,,platform
6349423441,node,,28.5235105,77.2751265,,,bus_stop,,platform
6349423443,node,ESI Hospital,28.5158488,77.2804196,,,bus_stop,,platform
6349423447,node,"C Block, East of Kailash",28.5618247,77.2581752,,,bus_stop,,platform
6349423449,node,Kalkaji Temple,28.5476527,77.2628734,,,bus_stop,,platform
6349423450,node,,28.5648085,77.2426191,,,bus_stop,,platform
6349423451,node,Okhla Phase 1,28.5205138,77.2772245,,,bus_stop,,platform
6349423453,node,Kalkaji Depot,28.5393446,77.2662362,,,bus_stop,,platform
6349423455,node,NSIC,28.5555763,77.2650684,,,bus_stop,,platform
6349423461,node,South Extension,28.5687149,77.2168955,,,bus_stop,,platform
6349423473,node,,28.5648178,77.2427974,,,bus_stop,,platform
6349688640,node,,28.5236132,77.2753695,,,bus_stop,,platform
6358659745,node,Gokulpur Saboli,28.7036208,77.3018128,halt,,,,halt
6361672122,node,Anand Vihar Terminal,28.6490426,77.3152618,stop,,,,stop_position
6362074950,node,Sarai Kale Khan,28.5871429,77.2590455,,,bus_stop,,platform
6362085189,node,Nizamuddin Road Bridge,28.6038715,77.2535815,,,bus_stop,,platform
6362085190,node,Indraprastha Park,28.6013839,77.2544226,,,bus_stop,,platform
6362085191,node,Railway Road Bridge,28.6096798,77.2517266,,,bus_stop,,platform
6362085192,node,Indraprastha Park,28.6014657,77.2548476,,,bus_stop,,platform
6362085193,node,Railway Road Bridge,28.6098126,77.2516813,,,bus_stop,,platform
6362098882,node,Indraprastha Depot,28.6201272,77.2484623,,,bus_stop,,platform
6362098883,node,IP Power Station,28.6244315,77.2470505,,,bus_stop,,platform
6362099786,node,IP Power Station,28.6243165,77.2470987,,,bus_stop,,platform
6362111126,node,Shanti Van,28.6496936,77.2458704,,,bus_stop,,platform
6362111127,node,Raj Ghat,28.6414512,77.2466814,,,bus_stop,,platform
6362111128,node,Raj Ghat,28.6413268,77.2466842,,,bus_stop,,platform
6362124016,node,India Gandhi Delhi Technical University for Women,28.6648132,77.2344593,,,bus_stop,,platform
6362124017,node,India Gandhi Delhi Technical University for Women,28.6648970,77.2343735,,,bus_stop,,platform
6362124019,node,ISBT,28.6712443,77.2311014,,,bus_stop,,platform
6362124020,node,Jamana Bazar,28.6629096,77.2367039,,,bus_stop,,platform
6362177871,node,Mall Road,28.6935097,77.2183661,,,bus_stop,,platform
6362177875,node,Postal Account Office,28.6837461,77.2221177,,,bus_stop,,platform
6362177876,node,Indraprastha College,28.6818697,77.2244688,,,bus_stop,,platform
6362177877,node,Metcalfe House,28.6807977,77.2276779,,,bus_stop,,platform
6362341626,node,University of Delhi,28.6881517,77.2148081,,,bus_stop,,platform
6362341629,node,University of Delhi,28.6883446,77.2147882,,,bus_stop,,platform
6362341636,node,Saint Stephen's College,28.6857799,77.2093816,,,bus_stop,,platform
6362341637,node,Hindu College,28.6855933,77.2095525,,,bus_stop,,platform
6362401187,node,Mall Road,28.6937590,77.2186765,,,bus_stop,,platform
6362401194,node,Metcalfe House,28.6805077,77.2283957,,,bus_stop,,platform
6362401201,node,Postal Account Office,28.6837278,77.2223013,,,bus_stop,,platform
6362607168,node,Railway Road Bridge,28.6109628,77.2518525,,,bus_stop,,platform
6362607172,node,Geeta Colony Pul,28.6508290,77.2520798,,,,,platform
6362607175,node,Nizamuddin Road Bridge,28.6033545,77.2543364,,,bus_stop,,platform
6362607181,node,Raj Ghat,28.6416462,77.2471341,,,bus_stop,,platform
6362607183,node,Safdarjung Hospital,28.5694730,77.2036422,,,bus_stop,,platform
6362609786,node,Pragati Power Station,28.6159829,77.2501890,,,bus_stop,,platform
6362609787,node,Indira Gandhi Stadium,28.6329310,77.2471895,,,bus_stop,,platform
6362609793,node,Safdarjung Hospital,28.5694697,77.2035074,,,bus_stop,,platform
6362609795,node,Vijay Ghat Bypass,28.6604190,77.2456603,,,,,platform
6362609799,node,IP Power Station,28.6241202,77.2477472,,,bus_stop,,platform
6362609800,node,Vardhman Mahavir Medical College,28.5694594,77.2032978,,,bus_stop,,platform
6362609801,node,All India Institute of Medical Sciences,28.5688593,77.2133067,,,bus_stop,,platform
6362609803,node,Gurudwara Bala Sahib,28.5820503,77.2656215,,,bus_stop,,platform
6371764317,node,Hazarat Nizamuddin,28.5912957,77.2448653,,,bus_stop,,platform
6371772374,node,Udyog Bhawan,28.6103927,77.2131070,,,bus_stop,,platform
6371772375,node,Jaipur House,28.6090173,77.2331909,,,bus_stop,,platform
6371772376,node,Akbar Road,28.6114743,77.2345644,,,bus_stop,,platform
6371772377,node,Nirman Bhavan,28.6101775,77.2171485,,,bus_stop,,platform
6372277576,node,Lajpat Nagar (DJB),28.5706400,77.2465736,,,bus_stop,,platform
6372277578,node,Dargah Hazarat Nizamuddin,28.5914324,77.2450795,,,bus_stop,,platform
6372277579,node,Golf Club,28.6014489,77.2380348,,,bus_stop,,platform
6372277580,node,Akbar Road,28.6107030,77.2260823,,,bus_stop,,platform
6372277581,node,Nirman Bhavan,28.6103772,77.2171417,,,bus_stop,,platform
6372277582,node,Udyog Bhawan,28.6105302,77.2131076,,,bus_stop,,platform
6376908204,node,Maya Enclave,28.6168004,77.1099559,,,bus_stop,,platform
6378786248,node,Saket,28.5199223,77.2058523,,,,,stop_position
6380433746,node,Govindpuri,28.5394340,77.2621608,,,bus_stop,,platform
6380433748,node,,28.5417042,77.2630065,,,bus_stop,,platform
6380447545,node,Majeedia Hospital,28.5153692,77.2527041,,,bus_stop,,platform
6380514302,node,,28.5151294,77.2285585,,,,,stop_position
6385492244,node,Hazarat Nizamuddin,28.5896162,77.2463837,,,bus_stop,,platform
6385537594,node,Bapa Nagar,28.6057245,77.2350784,,,bus_stop,,platform
6385537600,node,Bapa Nagar,28.6057921,77.2352546,,,bus_stop,,platform
6385537605,node,Patel Chowk,28.6245052,77.2112244,,,bus_stop,,platform
6385598109,node,Rajouri Garden,28.6477288,77.1198703,,,bus_stop,,platform
6385598112,node,,28.6519208,77.1290672,,,,,platform
6385598117,node,Moti Nagar Industrial Area,28.6573054,77.1485480,,,bus_stop,,platform
6385598121,node,Raja Garden,28.6506712,77.1261685,,,bus_stop,,platform
6385598122,node,Ramesh Nagar,28.6527642,77.1323989,,,bus_stop,,platform
6385598137,node,Moti Nagar,28.6589336,77.1441893,,,bus_stop,,platform
6385598145,node,Moti Nagar,28.6588044,77.1446329,,,bus_stop,,platform
6385598148,node,Shadipur Depot,28.6529113,77.1557035,,,bus_stop,,platform
6385672549,node,Subhash Nagar,28.6419076,77.1089733,,,bus_stop,,platform
6385672552,node,Khyala Mod,28.6430476,77.1070686,,,bus_stop,,platform
6385672554,node,Subhash Nagar,28.6424288,77.1092966,,,bus_stop,,platform
6385672555,node,Titarpur,28.6440457,77.1136679,,,bus_stop,,platform
6385672561,node,,28.6522130,77.0958280,,,bus_stop,,platform
6385672567,node,Subhash Nagar,28.6418074,77.1087611,,,bus_stop,,platform
6385672575,node,,28.6446665,77.1007467,,,bus_stop,,platform
6386259486,node,,28.6447325,77.1007647,,,bus_stop,,platform
6386259487,node,Khyala Mod,28.6431519,77.1074420,,,bus_stop,,platform
6386259488,node,East Patel Nagar,28.6425916,77.1736711,,,bus_stop,,platform
6386259489,node,Patel Nagar Metro Station,28.6455858,77.1686983,,,bus_stop,,platform
6386259490,node,Shankar Road Market,28.6388534,77.1795291,,,bus_stop,,platform
6386259491,node,West Patel Nagar,28.6476055,77.1653134,,,bus_stop,,platform
6386259492,node,Shadipur Depot,28.6531934,77.1560276,,,bus_stop,,platform
6386259493,node,Moti Nagar Industrial Area,28.6575273,77.1487932,,,bus_stop,,platform
6386259494,node,Ramesh Nagar,28.6530310,77.1323262,,,bus_stop,,platform
6386259495,node,,28.6522236,77.1289346,,,,,platform
6386259496,node,Raja Garden,28.6510562,77.1260995,,,bus_stop,,platform
6386259497,node,Rajouri Garden,28.6479797,77.1196514,,,bus_stop,,platform
6386259498,node,Titarpur,28.6443100,77.1134180,,,bus_stop,,platform
6386259531,node,Khyala JJ Colony,28.6520770,77.0958277,,,,,stop_position
6386259698,node,Khyala JJ Colony,28.6521496,77.0958326,,,,,stop_position
6386259699,node,Subash Nagar Crossing,28.6419569,77.1089341,,,,,stop_position
6386259703,node,"Fire Station, Shankar Road",28.6408496,77.1759259,,,bus_stop,,platform
6388555278,node,Nasirpur,28.6028727,77.1076284,station,,,,station
6395633514,node,,28.5658695,77.1941604,,,bus_stop,,platform
6395633515,node,,28.5660401,77.1941895,,,bus_stop,,platform
6395633516,node,Kamal Cinema,28.5652549,77.1989445,,,bus_stop,,platform
6395693840,node,,28.5657707,77.2492549,,,bus_stop,,platform
6395693841,node,,28.5657619,77.2491720,,,bus_stop,,platform
6395693844,node,Maharani Bagh,28.5765800,77.2642853,,,bus_stop,,platform
6395753659,node,Bharti Public School,28.6061264,77.3339490,,,bus_stop,,platform
6395753661,node,Mayur Vihar Phase 3,28.6018747,77.3259814,,,bus_stop,,platform
6395753662,node,Pushta X-ing,28.6130976,77.2820443,,,bus_stop,,platform
6395753667,node,Fire Station Dallupura,28.6051307,77.3225738,,,bus_stop,,platform
6395753668,node,Dallupura,28.6087447,77.3200259,,,bus_stop,,platform
6395753672,node,,28.6131998,77.2963442,,,,,platform
6395753673,node,Mayur Vihar Phase 3 A-1 Block,28.6087298,77.3372115,,,bus_stop,,platform
6395753675,node,CRPF Camp Mayur Vihar Phase 3,28.6117963,77.3398531,,,bus_stop,,platform
6395753682,node,Old Kondli,28.6131193,77.3229073,,,bus_stop,,platform
6395754692,node,Shashi Garden Mor,28.6135931,77.2941183,,,bus_stop,,platform
6395754693,node,New Kondli A1,28.6029549,77.3291546,,,bus_stop,,platform
6395824641,node,New Kondli A1,28.6029201,77.3294806,,,bus_stop,,platform
6395824642,node,,28.6150890,77.3198415,,,bus_stop,,platform
6395824643,node,Dallupura,28.6086266,77.3199705,,,bus_stop,,platform
6395824645,node,Super Bazar,28.6133251,77.3163461,,,bus_stop,,platform
6395824646,node,Mayur Vihar Phase 3 Crossing,28.6015681,77.3274635,,,bus_stop,,platform
6395824647,node,Mayur Vihar Phase III X-ing,28.6015655,77.3259972,,,bus_stop,,platform
6395824648,node,Mayur Vihar Phase 3 A-1 Block,28.6084630,77.3373236,,,bus_stop,,platform
6395824651,node,Sri Sankatahara Ganapathy Temple,28.6031684,77.3245951,,,bus_stop,,platform
6395824652,node,CRPF Camp Mayur Vihar Phase 3,28.6114671,77.3398765,,,bus_stop,,platform
6395824653,node,Shashi Garden Mor,28.6134875,77.2936752,,,bus_stop,,platform
6395824656,node,Bharti Public School (New Kondli - C Block),28.6052972,77.3331155,,,bus_stop,,platform
6395824657,node,Chand Cinema,28.6128241,77.3127259,,,bus_stop,,platform
6395824658,node,Old Kondli,28.6130675,77.3227934,,,bus_stop,,platform
6395824659,node,Kotla Village,28.6131526,77.3014585,,,bus_stop,,platform
6395824660,node,ITI Khichripur,28.6127335,77.2975620,,,bus_stop,,platform
6395856433,node,Khel Gaon,28.6059774,77.2748841,,,bus_stop,,platform
6395856441,node,Sarai Kale Khan,28.5965002,77.2565077,,,bus_stop,,platform
6396989716,node,,28.6151889,77.3199159,,,bus_stop,,platform
6396989720,node,Trilokpuri Block 13,28.6126165,77.3061776,,,bus_stop,,platform
6396989721,node,Mayur Vihar Phase 3,28.6114887,77.3398298,,,,,stop_position
6396989722,node,Mayur Vihar Phase 3,28.6117548,77.3399165,,,,,stop_position
6396989742,node,Khel Gaon,28.6066413,77.2742754,,,bus_stop,,platform
6396990715,node,Kamal Cinema,28.5651230,77.1989684,,,bus_stop,,platform
6403596408,node,Jyoti Nagar Bus Stop,28.6894050,77.2910661,,,bus_stop,,platform
6404197725,node,Police Station Parliament Street,28.6254207,77.2144132,,,bus_stop,,platform
6404294341,node,A.I.I.M.S.,28.5668754,77.2079771,,,bus_stop,,platform
6404370458,node,Geetanjali,28.5312474,77.2003092,,,bus_stop,,platform
6405278616,node,Dilshad Garden,28.6758240,77.3215147,stop,,,,stop_position
6405278617,node,Jhilmil,28.6756895,77.3123961,stop,,,,stop_position
6405278618,node,Mansarovar Park,28.6753541,77.3008693,stop,,,,stop_position
6405278619,node,Shahdara,28.6733994,77.2898912,,,,,stop_position
6405278620,node,Welcome,28.6717207,77.2778625,,,,,stop_position
6405278621,node,Seelampur,28.6697863,77.2668215,,,,,stop_position
6405278622,node,Shastri Park,28.6684103,77.2505192,,,,,stop_position
6405278623,node,Kashmere Gate,28.6674173,77.2282496,stop,,,,stop_position
6405278631,node,Netaji Subhash Place,28.6960228,77.1525018,,,,,stop_position
6405278633,node,Madhuban Chowk,28.7032450,77.1322265,stop,,,,stop_position
6405278634,node,Rohini East,28.7075492,77.1259785,stop,,,,stop_position
6405278635,node,Rithala,28.7207504,77.1071112,stop,,,,stop_position
6406978376,node,Devli Crossing,28.5138992,77.2349329,,,bus_stop,,platform
6411418995,node,Chhattarpur Crossing,28.5053288,77.1751520,,,bus_stop,,platform
6411418997,node,,28.5062344,77.1753302,,,bus_stop,,platform
6411418999,node,,28.5000624,77.1843084,,,bus_stop,,platform
6411489550,node,Rajpur Extension,28.4890339,77.1861972,,,bus_stop,,platform
6411489551,node,Chandan Hola,28.4719176,77.1868107,,,bus_stop,,platform
6411489553,node,Nanda Hospital,28.4938628,77.1846785,,,bus_stop,,platform
6411489555,node,,28.4957337,77.1848160,,,bus_stop,,platform
6411489557,node,Fatehpur Beri,28.4596757,77.1847216,,,bus_stop,,platform
6411489558,node,Mallu Farm,28.4757029,77.1872904,,,bus_stop,,platform
6411489559,node,Bhati Mines,28.4299890,77.2259913,,,bus_stop,,platform
6411489561,node,,28.4571300,77.1841351,,,bus_stop,,platform
6411489562,node,Harswaroop Colony,28.4546608,77.1837917,,,bus_stop,,platform
6411489563,node,Radha Swami Satsang,28.4423432,77.1916568,,,bus_stop,,platform
6411489566,node,,28.4672612,77.1869523,,,bus_stop,,platform
6411489567,node,Radha Swami Satsang,28.4421253,77.1916580,,,bus_stop,,platform
6411489568,node,Sawan Public School,28.4386843,77.1983250,,,bus_stop,,platform
6411489569,node,,28.4267215,77.2239025,,,bus_stop,,platform
6411489571,node,,28.4983128,77.1851125,,,bus_stop,,platform
6411489572,node,,28.4818245,77.1878329,,,bus_stop,,platform
6411489573,node,,28.4364859,77.2051300,,,bus_stop,,platform
6411489574,node,Shani Dham Mandir,28.4635798,77.1865264,,,bus_stop,,platform
6411489575,node,,28.4497951,77.1843914,,,bus_stop,,platform
6411571291,node,Nanda Hospital,28.4931852,77.1846319,,,bus_stop,,platform
6411571293,node,,28.4571662,77.1839036,,,bus_stop,,platform
6411571296,node,Rajpur Extension,28.4877950,77.1862989,,,bus_stop,,platform
6411571297,node,,28.4703361,77.1869843,,,bus_stop,,platform
6411571301,node,Shani Dham Mandir,28.4634459,77.1861501,,,bus_stop,,platform
6411571303,node,Satbari Village,28.4814985,77.1873412,,,bus_stop,,platform
6411571306,node,Indira Nagar,28.4384025,77.1984491,,,bus_stop,,platform
6411571308,node,Harswaroop Colony,28.4548905,77.1834855,,,bus_stop,,platform
6411571313,node,Chhattarpur Mandir,28.5022863,77.1813843,,,bus_stop,,platform
6411693512,node,Jyoti Nagar,28.6892729,77.2913487,,,bus_stop,,platform
6412437959,node,Fatehpur Beri,28.4596367,77.1848747,,,bus_stop,,platform
6412437960,node,Dhaula Kuan,28.5908246,77.1683731,,,,,stop_position
6412437961,node,Ber Sarai,28.5508217,77.1814549,,,bus_stop,,platform
6412437962,node,School of Physical Science,28.5465525,77.1792394,,,bus_stop,,platform
6412437963,node,,28.4983161,77.1849042,,,bus_stop,,platform
6412437964,node,,28.4957468,77.1845931,,,bus_stop,,platform
6412437965,node,,28.4673143,77.1867523,,,bus_stop,,platform
6412437966,node,,28.4266209,77.2238673,,,bus_stop,,platform
6412437967,node,,28.4493798,77.1843705,,,bus_stop,,platform
6412437968,node,,28.4362633,77.2049886,,,bus_stop,,platform
6412446085,node,Bhati Mines,28.4300085,77.2259476,,,,,stop_position
6412759702,node,Gazipur Village,28.6321582,77.3161152,,,bus_stop,,platform
6413372973,node,Khichdipur Village,28.6244562,77.3095867,,,bus_stop,,platform
6413546385,node,Dhaula Kuan,28.5907972,77.1683456,,,bus_stop,,platform
6419226648,node,Metro Station GTB Nagar,28.6982148,77.2046888,,,bus_stop,,platform
6433801026,node,Saket Court,28.5312427,77.2225193,,,,,platform
6433801027,node,Saket Court,28.5309458,77.2226271,,,,,platform
6449436641,node,Seva Nagar Flyover,28.5788245,77.2292896,,,,,platform
6452412229,node,Saket,28.5288021,77.2149901,,,,,stop_position
6453544485,node,Sir M. Vishweshwaraiah Moti Bagh,28.5785326,77.1757410,station,subway,,,station
6453544486,node,Bhikaji Cama Place,28.5702618,77.1878709,station,subway,,,station
6453544487,node,Dilli Haat - INA (Pink Line),28.5736524,77.2075857,station,subway,,,station
6453544488,node,Lajpat Nagar (Pink Line),28.5695800,77.2385055,station,subway,,,station
6453544489,node,South Extension,28.5685664,77.2205677,station,subway,,,station
6453544492,node,Mayapuri,28.6371795,77.1297333,station,subway,,,station
6453673198,node,Saket,28.5287945,77.2149195,,,,,stop_position
6453992648,node,Rajouri Garden (Pink Line),28.6511896,77.1242597,station,subway,,,station
6453992649,node,Rajouri Garden (Blue Line),28.6490563,77.1227198,station,subway,,,station
6453992650,node,Netaji Subhash Place (Pink Line),28.6947146,77.1542607,station,subway,,,station
6453992651,node,Azadpur (Pink Line),28.7057821,77.1819488,station,subway,,,station
6453992652,node,Azadpur (Yellow Line),28.7070448,77.1803722,station,subway,,,station
6453992653,node,Dilli Haat - INA (Yellow Line),28.5741769,77.2093017,station,subway,,,station
6453992654,node,Lajpat Nagar (Violet Line),28.5705968,77.2364011,station,subway,,,station
6454015469,node,Anand Vihar (Pink Line),28.6466157,77.3155317,station,subway,,,station
6458130120,node,Karkarduma (Blue Line),28.6483176,77.3055178,station,subway,,,station
6458165644,node,Delhi Cantt,28.6086201,77.1404187,station,subway,,,station
6458202840,node,Shalimar Bagh,28.7019574,77.1654317,station,subway,,,station
6458202841,node,Shakurpur,28.6857668,77.1496094,station,subway,,,station
6458202842,node,Sarojini Nagar,28.5758170,77.1980786,station,subway,,,station
6458202843,node,Punjabi Bagh West,28.6727671,77.1391976,station,subway,,,station
6458202844,node,Naraina Vihar,28.6243852,77.1364438,station,subway,,,station
6458202845,node,ESI - Basaidarapur,28.6580737,77.1272678,station,subway,,,station
6458625085,node,B Block Kalkaji,28.5437102,77.2515207,,,bus_stop,,platform
6459196234,node,"G Block, Kalkaji",28.5401431,77.2583874,,,bus_stop,,platform
6459196239,node,Deshbandhu College,28.5412452,77.2559240,,,bus_stop,,platform
6459239174,node,DDA Flats Kalkaji,28.5285768,77.2577065,,,bus_stop,,platform
6461024945,node,Virat Cinema,28.5133487,77.2367803,,,,,stop_position
6464796820,node,Badarpur,28.5020132,77.3002755,,,bus_stop,,platform
6465361866,node,Guru Tegh Bahadur Nagar,28.6985033,77.2057482,,,,,stop_position
6465991434,node,Inderlok (Green Line),28.6727066,77.1691872,station,subway,,,station
6465991435,node,Ashok Park Main,28.6716045,77.1552910,station,subway,,,station
6465991436,node,Punjabi Bagh,28.6729950,77.1461239,station,subway,,,station
6465991437,node,Shivaji Park,28.6750317,77.1304722,station,subway,,,station
6465991438,node,Madipur,28.6764752,77.1193599,station,subway,,,station
6465991439,node,Paschim Vihar East,28.6773563,77.1122823,station,subway,,,station
6465991441,node,Peera Garhi,28.6798074,77.0926793,station,subway,,,station
6465991442,node,Udyog Nagar,28.6811030,77.0808492,station,subway,,,station
6465991443,node,Surajmal Stadium,28.6818775,77.0740000,station,subway,,,station
6465991444,node,Nangloi,28.6824007,77.0647319,station,subway,,,station
6465991445,node,Nangloi Railway Station,28.6822009,77.0562463,station,subway,,,station
6465991446,node,Rajdhani Park,28.6823085,77.0439437,station,subway,,,station
6465991447,node,Mundka,28.6824341,77.0305741,station,subway,,,station
6465991448,node,Mundka Industrial Area,28.6833701,77.0171485,station,subway,,,station
6465991449,node,Ghevra,28.6852384,76.9961591,station,subway,,,station
6465991450,node,Tikri Kalan,28.6868849,76.9772082,station,subway,,,station
6465991451,node,Tikri Border,28.6880254,76.9640828,station,subway,,,station
6466146294,node,Sarvapriya Vihar,28.5436158,77.2050708,,,bus_stop,,platform
6466294295,node,Kabul Lines,28.5977529,77.1287408,,,bus_stop,,platform
6466294308,node,Lajwanti Garden,28.6119311,77.1093549,,,bus_stop,,platform
6466294316,node,Dabri Crossing,28.6137145,77.0855820,,,bus_stop,,platform
6466308408,node,Tilak Pul,28.6216058,77.0700105,,,bus_stop,,platform
6466308409,node,Vashisht Park,28.6092125,77.1009964,,,bus_stop,,platform
6466308410,node,Dabri Crossing,28.6129863,77.0885223,,,bus_stop,,platform
6466308411,node,"C-1, Janakpuri",28.6174335,77.0785095,,,bus_stop,,platform
6466308412,node,Janak Cinema,28.6110422,77.0930511,,,bus_stop,,platform
6466308413,node,"C-1, Janakpuri",28.6181798,77.0769923,,,bus_stop,,platform
6466308414,node,Jeevan Park,28.6199828,77.0732138,,,bus_stop,,platform
6466308415,node,"C-2, Janakpuri",28.6160175,77.0809458,,,bus_stop,,platform
6466308416,node,DESU Colony,28.6099928,77.0953275,,,bus_stop,,platform
6466354695,node,Tigris Road Junction,28.5896100,77.1283216,,,bus_stop,,platform
6466354696,node,Janak Setu,28.6106913,77.1139028,,,bus_stop,,platform
6466354698,node,Geeta Ashram Sadar Bazar,28.5918183,77.1210586,,,bus_stop,,platform
6466354699,node,Base Hospital,28.5895047,77.1198339,,,bus_stop,,platform
6466354700,node,Lajwanti Garden,28.6140066,77.1061626,,,bus_stop,,platform
6466354702,node,Supply Depot,28.6067847,77.1232190,,,bus_stop,,platform
6466354703,node,Gopinath Bazar,28.5967322,77.1349593,,,bus_stop,,platform
6466354705,node,Rajasthan Rifles Centre,28.5961804,77.1503686,,,bus_stop,,platform
6466354707,node,Sadar Bazar,28.5948871,77.1225551,,,bus_stop,,platform
6466354708,node,Kendriya Vidyalaya Number 1,28.5894571,77.1196096,,,bus_stop,,platform
6466354709,node,Kirby Place,28.6043673,77.1273810,,,bus_stop,,platform
6466354710,node,Cantonment General Hospital,28.5984798,77.1243844,,,bus_stop,,platform
6466425260,node,Ramakrishna Puram Sector 9,28.5743716,77.1688861,,,bus_stop,,platform
6466670293,node,Uttam Nagar Terminal,28.6255321,77.0658624,,,bus_stop,,platform
6467719941,node,Dhaula Kuan,28.5904454,77.1689065,,,bus_stop,,platform
6468011472,node,Jyoti Colony Bus Stop,28.6895252,77.2918895,,,,,stop_position
6468339976,node,Hauz Khas,28.5436549,77.2061508,,,,,stop_position
6469652558,node,Hauz Khas,28.5435377,77.2061456,,,,,stop_position
6470520703,node,Police Station Parliament Street,28.6258453,77.2144015,,,bus_stop,,platform
6470520704,node,Hauz Khas Metro Station,28.5438618,77.2051986,,,,,stop_position
6475016779,node,,28.5619638,77.2725190,,,bus_stop,,platform
6475031485,node,Ashram,28.5716098,77.2592074,,,bus_stop,,platform
6475063266,node,,28.5555543,77.2979229,,,bus_stop,,platform
6475118802,node,Okhla Extension,28.5466391,77.3069627,,,bus_stop,,platform
6475194127,node,,28.5621142,77.2858181,,,bus_stop,,platform
6475194128,node,Taimoor Nagar,28.5724371,77.2660248,,,bus_stop,,platform
6475194130,node,Bharat Nagar,28.5668811,77.2693740,,,bus_stop,,platform
6475194135,node,Jamia College,28.5609380,77.2800808,,,bus_stop,,platform
6475194139,node,,28.5618474,77.2725669,,,bus_stop,,platform
6475194142,node,,28.5614575,77.2724739,,,bus_stop,,platform
6475194143,node,Okhla Terminal,28.5632161,77.2912618,,,bus_stop,,platform
6475194145,node,,28.5646119,77.2882626,,,bus_stop,,platform
6475194159,node,Bharat Nagar,28.5669513,77.2695631,,,bus_stop,,platform
6475194160,node,,28.5489989,77.3040496,,,bus_stop,,platform
6475194164,node,Maharani Bagh,28.5748673,77.2622818,,,bus_stop,,platform
6475259568,node,South Extension,28.5685435,77.2203628,,,bus_stop,,platform
6475259569,node,Andrews Ganj,28.5660896,77.2291999,,,bus_stop,,platform
6475810264,node,,28.5554983,77.2978333,,,bus_stop,,platform
6475810265,node,,28.5647308,77.2881585,,,bus_stop,,platform
6475810266,node,Jamia College,28.5611029,77.2800904,,,bus_stop,,platform
6475810267,node,New Friends Colony,28.5666931,77.2627419,,,bus_stop,,platform
6475810268,node,Okhla Terminal,28.5632255,77.2914000,,,bus_stop,,platform
6475812093,node,Okhla Extension,28.5466029,77.3069314,,,,,stop_position
6482225168,node,Maujpur Bus Stand,28.6903152,77.2792837,,,bus_stop,,platform
6482312759,node,Chajjupur Bus Stop,28.6895299,77.2869094,,,bus_stop,,platform
6482312761,node,Badarpur Border,28.4940858,77.3031757,,,,,stop_position
6482325730,node,Shyam Lal College,28.6729865,77.2827090,,,bus_stop,,platform
6482325731,node,Shyam Lal College,28.6737060,77.2835458,,,bus_stop,,platform
6482325732,node,Bihari Colony,28.6707749,77.2807958,,,bus_stop,,platform
6482325733,node,Kanti Nagar Extension,28.6706081,77.2805909,,,bus_stop,,platform
6482325734,node,Jharkhand,28.6679259,77.2821827,,,bus_stop,,platform
6482325735,node,Jharkhand,28.6678926,77.2818191,,,bus_stop,,platform
6482325736,node,East Azad Nagar,28.6661727,77.2838867,,,bus_stop,,platform
6482325737,node,East Azad Nagar,28.6665857,77.2829903,,,bus_stop,,platform
6482325748,node,Swarn Cinema,28.6636078,77.2859089,,,bus_stop,,platform
6482325749,node,Swarn Cinema,28.6626675,77.2862452,,,bus_stop,,platform
6482482019,node,Krishna Nagar A Block,28.6611224,77.2878045,,,bus_stop,,platform
6482482020,node,Krishna Nagar A Block,28.6598379,77.2883737,,,bus_stop,,platform
6485904396,node,IIT Delhi,28.5470121,77.1945546,station,subway,,,station
6490310059,node,Madangir DDA Flats,28.5202191,77.2283403,,,bus_stop,,platform
6491633189,node,Ambedkar Nagar Sector 4,28.5243035,77.2373816,,,bus_stop,,platform
6491633190,node,Ambedkar Nagar Sector 4,28.5243296,77.2374113,,,,,stop_position
6491633191,node,Ambedkar Nagar Sector 4,28.5243907,77.2374929,,,bus_stop,,platform
6491633192,node,Ambedkar Nagar Sector 4,28.5243606,77.2374638,,,,,stop_position
6494105885,node,ITPO,28.6152927,77.2403725,,,bus_stop,,platform
6497625779,node,PGDAV College,28.5673053,77.2528017,,,bus_stop,,platform
6497625780,node,PGDAV College,28.5674410,77.2528632,,,bus_stop,,platform
6497707579,node,Hindon Regulator,28.5848880,77.3006210,,,bus_stop,,platform
6497707580,node,Samachar Apartments,28.5977909,77.2920858,,,bus_stop,,platform
6497707582,node,Delhi Police Apartment,28.6039580,77.2890575,,,bus_stop,,platform
6499076102,node,Sanjay Gandhi Transport Nagar,28.7391292,77.1538831,,,bus_stop,,platform
6499076104,node,Sanjay Gandhi Transport Nagar,28.7392763,77.1538754,,,bus_stop,,platform
6501871247,node,Tikri Khurd,28.8359752,77.1282719,,,bus_stop,,platform
6507308682,node,Sarai Rohilla,28.6635337,77.1851155,,,,,platform
6507350885,node,"Rani Jhansi Road, Jhandewalan",28.6455706,77.2049624,,,,,platform
6507350889,node,Sarai Rohilla,28.6630287,77.1849376,,,,,platform
6507350892,node,Sarai Rohilla,28.6633112,77.1850400,,,,,platform
6513538620,node,Jyoti Colony Bus Stop,28.6895212,77.2920137,,,,,stop_position
6513538621,node,Durgapuri Crossing Bus Stop,28.6892754,77.2922334,,,,,stop_position
6513538622,node,Durgapuri Bus Stop,28.6893716,77.2957313,,,,,stop_position
6513538623,node,Durgapuri Crossing Bus Stop,28.6894625,77.2955056,,,,,stop_position
6514899685,node,Chajjupur Bus Stop,28.6893959,77.2868952,,,,,stop_position
6518840166,node,Nehru Place,28.5480826,77.2551553,,,bus_stop,,platform
6524281778,node,D.D.A M.I.G Flats,28.6992342,77.2917520,,,bus_stop,,platform
6537193575,node,Indraprastha,28.6206019,77.2495510,station,subway,,,station
6537193576,node,Yamuna Bank,28.6233124,77.2680130,station,subway,,,station
6537196022,node,New Ashok Nagar,28.5890885,77.3015085,station,subway,,,station
6537317881,node,Yamuna Bank,28.6233628,77.2676620,stop,,,,stop_position
6537317882,node,Yamuna Bank,28.6231406,77.2680442,stop,,,,stop_position
6539195579,node,D.D.A. Flat L.I.G.,28.6960493,77.2918544,,,bus_stop,,platform
6539195580,node,D.D.A. Flat L.I.G.,28.6959826,77.2916389,,,bus_stop,,platform
6539745133,node,Mayur Vihar - I (Blue Line),28.6040640,77.2895398,station,subway,,,station
6539894848,node,Dwarka Sector 12,28.5922362,77.0407315,station,subway,,,station
6539894849,node,Jhandewalan,28.6443188,77.1999165,station,subway,,,station
6539894850,node,Ramakrishna Ashram Marg,28.6392436,77.2085787,station,subway,,,station
6539894851,node,Rajiv Chowk,28.6327062,77.2193123,station,subway,,,station
6539894852,node,Rajiv Chowk,28.6327955,77.2192419,stop,,,,stop_position
6539894853,node,Rajiv Chowk,28.6327972,77.2197106,stop,,,,stop_position
6539894855,node,Barakhambha Road,28.6297676,77.2250046,station,subway,,,station
6539894856,node,Mandi House,28.6256122,77.2341966,station,subway,,,station
6539894857,node,Supreme Court,28.6234752,77.2425278,station,subway,,,station
6539894859,node,Dwarka Sector 10,28.5810577,77.0574996,station,subway,,,station
6539894860,node,Dwarka Sector 9,28.5742720,77.0653316,station,subway,,,station
6539894861,node,Dwarka Sector 8,28.5656109,77.0670366,station,subway,,,station
6539894862,node,Dwarka Sector 21,28.5519218,77.0585605,station,subway,,,station
6541854249,node,Janakpuri West,28.6295839,77.0780850,station,subway,,,station
6541854250,node,Uttam Nagar East,28.6248465,77.0652861,station,subway,,,station
6541854251,node,Uttam Nagar West,28.6217570,77.0557122,station,subway,,,station
6541854252,node,Nawada,28.6202758,77.0450787,station,subway,,,station
6541854253,node,Dwarka Mor,28.6193100,77.0332792,station,subway,,,station
6541854254,node,Dwarka (Grey Line),28.6158874,77.0224342,station,subway,,,station
6541854255,node,Dwarka (Blue Line),28.6149362,77.0227628,station,subway,,,station
6541854256,node,Dwarka Sector 14,28.6022218,77.0259765,station,subway,,,station
6541854257,node,Dwarka Sector 13,28.5970090,77.0335407,station,subway,,,station
6544975573,node,Sarita Vihar,28.5323110,77.2871256,,,bus_stop,,platform
6544975574,node,Sarita Vihar,28.5321790,77.2867581,,,bus_stop,,platform
6546766984,node,Mansarovar Park Metro Station,28.6755821,77.3001074,,,bus_stop,,platform
6546811485,node,Mansarovar Park Metro Station,28.6757386,77.3001020,,,bus_stop,,platform
6546811488,node,Telephone Exchange,28.6760238,77.3090512,,,bus_stop,,platform
6546811489,node,Mansarovar Park,28.6757791,77.3090297,,,bus_stop,,platform
6546811517,node,Dilshad Garden GT Road,28.6760775,77.3115068,,,bus_stop,,platform
6546811518,node,Dilshad Garden GT Road,28.6758798,77.3116919,,,bus_stop,,platform
6546825207,node,Welcome,28.6720127,77.2733829,,,bus_stop,,platform
6546825208,node,Welcome Colony Seelampur,28.6719045,77.2751156,,,bus_stop,,platform
6547772096,node,New Delhi Airport Express Terminal,28.6424900,77.2230952,stop,,,,stop_position
6547772097,node,New Delhi,28.6434707,77.2227708,stop,,,,stop_position
6547772098,node,Kirti Nagar,28.6545554,77.1513362,stop,,,,stop_position
6547772099,node,Kashmere Gate,28.6675256,77.2282174,stop,,,,stop_position
6547772100,node,Kashmere Gate,28.6686860,77.2280750,stop,,,,stop_position
6547772101,node,Kalkaji Mandir,28.5494963,77.2591115,stop,,,,stop_position
6547772102,node,Kalkaji Mandir,28.5500770,77.2566811,stop,,,,stop_position
6547772103,node,Munirka,28.5568808,77.1750411,stop,,,,stop_position
6547772104,node,R. K. Puram,28.5503632,77.1855052,stop,,,,stop_position
6547772105,node,Panchsheel Park,28.5423526,77.2210921,stop,,,,stop_position
6547772106,node,Hauz Khas (Magenta Line),28.5433508,77.2050189,stop,,,,stop_position
6547772107,node,Hauz Khas (Yellow Line),28.5442580,77.2067402,stop,,,,stop_position
6547772108,node,Central Secretariat,28.6158780,77.2123128,stop,,,,stop_position
6547772109,node,Adarsh Nagar,28.7165805,77.1704223,station,subway,,,station
6547772110,node,Jahangirpuri,28.7259717,77.1626580,station,subway,,,station
6547772111,node,Ramesh Nagar,28.6527250,77.1316569,stop,,,,stop_position
6547772112,node,Moti Nagar,28.6578419,77.1424425,stop,,,,stop_position
6547772113,node,Kirti Nagar (Blue Line),28.6557294,77.1506502,stop,,,,stop_position
6547772114,node,Shadipur,28.6515664,77.1582426,stop,,,,stop_position
6547772115,node,Patel Nagar,28.6449953,77.1692658,stop,,,,stop_position
6547772116,node,Sukhdev Vihar,28.5597843,77.2749693,stop,,,,stop_position
6547772117,node,Jamia Millia Islamia,28.5630343,77.2863588,stop,,,,stop_position
6547772118,node,Okhla Vihar,28.5613021,77.2918480,stop,,,,stop_position
6547772119,node,Jasola Vihar Shaheen Bagh,28.5458187,77.2966352,stop,,,,stop_position
6547772120,node,Kalindi Kunj,28.5428984,77.3101309,stop,,,,stop_position
6547772123,node,Karol Bagh,28.6439905,77.1885276,stop,,,,stop_position
6548798518,node,Janakpuri East,28.6330210,77.0867570,station,subway,,,station
6548798519,node,Tilak Nagar,28.6365482,77.0964961,station,subway,,,station
6548798520,node,Subhash Nagar,28.6404593,77.1051815,station,subway,,,station
6548798521,node,Tagore Garden,28.6437265,77.1128200,station,subway,,,station
6555686185,node,Ashram,28.5714494,77.2593210,,,bus_stop,,platform
6555867881,node,Kalka Mor,28.5573143,77.2697178,,,bus_stop,,platform
6555896817,node,Sukhdev Bus Depot,28.5547013,77.2716647,,,bus_stop,,platform
6555896818,node,CRRI,28.5500925,77.2751557,,,bus_stop,,platform
6555896819,node,Okhla Tank,28.5481728,77.2767770,,,bus_stop,,platform
6557590574,node,Harkesh Nagar,28.5437086,77.2792439,,,bus_stop,,platform
6557590575,node,Harkesh Nagar,28.5438924,77.2795175,,,bus_stop,,platform
6557590576,node,Apollo Hospital,28.5405654,77.2822614,,,bus_stop,,platform
6557590577,node,Apollo Hospital,28.5395169,77.2825376,,,bus_stop,,platform
6559377937,node,Haldiram,28.5193755,77.2948609,,,bus_stop,,platform
6559996333,node,Jaitpur Mor,28.4969423,77.3020660,,,bus_stop,,platform
6560163342,node,Bikaner,28.5144347,77.2050603,,,,,platform
6560163343,node,Bikaner,28.5143993,77.2051422,,,,,platform
6560163344,node,Gate #1,28.5116371,77.2027550,,,,,platform
6560163345,node,Gate #1,28.5116017,77.2028368,,,,,platform
6560163346,node,Gate #2,28.5111182,77.2025287,,,,,platform
6560163347,node,Gate #2,28.5112161,77.2024522,,,,,platform
6593510079,node,Maruti Factory,28.5222479,77.2937664,,,bus_stop,,platform
6615124183,node,,28.8041972,77.1427713,,,,,platform
6615136092,node,Swaroop Nagar,28.7581479,77.1481033,,,,,platform
6636708253,node,Mayur Vihar 1,28.6062763,77.2954193,,,,,stop_position
6636947594,node,Mangalam,28.6217835,77.2949586,,,,,stop_position
6681064383,node,Kishangarh 2,28.5223574,77.1679844,,,bus_stop,,platform
6681358503,node,Chhattarpur Metro Station,28.5081170,77.1758732,,,bus_stop,,platform
6681358504,node,Kishangarh,28.5210018,77.1649969,,,bus_stop,,platform
6699181063,node,Mayur Vihar Phase 1,28.6054288,77.2970562,,,,,platform
6699210692,node,,28.6050253,77.2967465,,,,,platform
6717668041,node,,28.5931351,77.2233605,,,bus_stop,,platform
6743274679,node,Karol Bagh Metro Station,28.6441660,77.1881892,,,,,platform
6743274680,node,Church,28.6527963,77.1923887,,,,,platform
6743312153,node,,28.6442084,77.1882129,,,,,stop_position
6743318629,node,,28.6528118,77.1923710,,,,,stop_position
6743968673,node,Ghitorni Village,28.4934384,77.1479659,,,bus_stop,,platform
6766175603,node,PT College (Kotla),28.5699931,77.2263879,,,bus_stop,,platform
6766995948,node,Defence Colony (Homeopathic College),28.5720544,77.2275298,,,bus_stop,,platform
6769351754,node,DDA Flat Kalkaji Terminal,28.5281777,77.2559936,,,bus_stop,,platform
6771396253,node,Safdarjung Enclave,28.5662973,77.1911420,,,,,platform
6771396254,node,RK Puram Sector 3,28.5587422,77.1822676,,,bus_stop,,platform
6771396255,node,Safdarjung Enclave,28.5661196,77.1911901,,,,,platform
6771396257,node,RK Puram Sector 3,28.5567409,77.1849435,,,bus_stop,,platform
6771396258,node,RK Puram Sector 4,28.5617258,77.1810519,,,bus_stop,,platform
6771396264,node,RK Khanna Tennis Stadium,28.5583159,77.1869842,,,bus_stop,,platform
6773338022,node,DDA Flats Kalkaji,28.5278514,77.2573842,,,bus_stop,,platform
6773338023,node,DDA Flats Kalkaji,28.5294314,77.2522250,,,bus_stop,,platform
6773338024,node,DDA Flats Kalkaji,28.5293715,77.2521986,,,,,stop_position
6786032368,node,Sukhdev Vihar,28.5741965,77.2290356,,,bus_stop,,platform
6820758891,node,Shuttle Bus to Terminal 1 - Pillar 10,28.5555490,77.0853221,,,bus_stop,,platform
6831721786,node,Chirag Dilli Metro Station Gate no.2,28.5419799,77.2300458,,,,bus_station,
6832945793,node,Marina Hotel,28.6369093,77.2185037,,,bus_stop,,platform
6832945795,node,Marina Hotel,28.6366949,77.2182660,,,,,platform
6835420775,node,,28.5145782,77.1639398,,,bus_stop,,platform
6835463097,node,Mehrauli Terminal,28.5212906,77.1828850,,,bus_stop,,platform
6835463098,node,Mehrauli Terminal,28.5227124,77.1821826,,,bus_stop,,platform
6837519206,node,Govindpuri,28.5392532,77.2620860,,,bus_stop,,platform
6837519215,node,DDA Flats Kalkaji,28.5318368,77.2589331,,,bus_stop,,platform
6837540665,node,Tigri,28.5128657,77.2384097,,,,,platform
6841232276,node,Badarpur Border,28.4940776,77.3030192,,,bus_stop,,platform
6841624826,node,Govindpuri Metro Station,28.5439180,77.2646343,,,,,platform
6841624827,node,Govindpuri Metro Station,28.5439079,77.2645982,,,,,stop_position
6847251185,node,Panchkuian Road,28.6401007,77.2066329,,,bus_stop,,platform
6853514729,node,Supreme Court,28.6196983,77.2364258,,,bus_stop,,platform
6853682644,node,Vasant Vihar F Block,28.5603976,77.1614205,,,bus_stop,,platform
6853682647,node,Indian Airlines/ Priya Cinema,28.5586823,77.1580990,,,bus_stop,,platform
6853682648,node,Rama Krishna Puram Sector 3,28.5579628,77.1824178,,,bus_stop,,platform
6853682653,node,Vasant Vihar near Priya Cinema,28.5547980,77.1645319,,,bus_stop,,platform
6853682658,node,Vasant Vihar F-Block,28.5603644,77.1608012,,,bus_stop,,platform
6853682659,node,Modern School Vasant Vihar F-Block,28.5600556,77.1572015,,,bus_stop,,platform
6853682664,node,,28.5612073,77.1677704,,,bus_stop,,platform
6853682666,node,Indian Airlines/ Priya Cinema,28.5585530,77.1581032,,,bus_stop,,platform
6853682668,node,Modern School Vasant Vihar F Block,28.5600411,77.1573259,,,bus_stop,,platform
6853682672,node,Rama Krishna Puram Sector 3,28.5566664,77.1843314,,,bus_stop,,platform
6853682682,node,Vasant Vihar near Priya Cinema,28.5548266,77.1647463,,,bus_stop,,platform
6853682684,node,,28.5610845,77.1678271,,,bus_stop,,platform
6853697489,node,Vasant Vihar CPWD Colony,28.5544207,77.1646945,,,,,platform
6853697492,node,Rama Krishna Puram Sector 4 (FPA India),28.5617106,77.1807649,,,bus_stop,,platform
6854465821,node,Humayun Road,28.6031927,77.2271061,,,bus_stop,,platform
6854465822,node,Vasant Vihar CPWD Colony,28.5544384,77.1646913,,,,,stop_position
6854465827,node,Humayun Road,28.6033246,77.2272214,,,bus_stop,,platform
6869787549,node,Maharajpur Checkpost,28.6430757,77.3167522,,,,,platform
6869787551,node,Hasanpur Depot,28.6358948,77.3080768,,,bus_stop,,platform
6869787554,node,Anand Vihar ISBT,28.6450301,77.3168399,,,,,stop_position
6869949767,node,Anand Vihar ISBT,28.6470447,77.3147980,,,,,stop_position
6870050014,node,SFS Quarters - Ghazipur,28.6308415,77.3166592,,,,,platform
6870050018,node,Mayur Vihar,28.6131071,77.2957221,,,bus_stop,,platform
6872116097,node,Kalyanpuri,28.6147613,77.3193159,,,bus_stop,,platform
6872116098,node,Kalyanpuri Crossing,28.6143931,77.3212906,,,,,platform
6872116099,node,,28.6209215,77.3208199,,,bus_stop,,platform
6872116100,node,,28.6228558,77.3200740,,,bus_stop,,platform
6872614929,node,Nizamuddin Railway Station,28.5860833,77.2531946,,,,,platform
6872614930,node,Nizamuddin Railway Station,28.5862839,77.2534326,,,bus_stop,,platform
6886404432,node,Saint Stephen's Hospital,28.6673564,77.2150015,,,bus_stop,,platform
6900268785,node,57 to Agra,28.5849775,77.2589930,,,bus_stop,,platform
6911979913,node,Sultanpur,28.4983229,77.1596888,,,bus_stop,,platform
6911979943,node,RRC Station,28.4840946,77.1305937,,,,,platform
6912102236,node,Air Station (NICF),28.4879279,77.1354781,,,bus_stop,,platform
6912102245,node,New Manglapuri,28.5016212,77.1663523,,,bus_stop,,platform
6912102248,node,Ghitorni,28.4962154,77.1540386,,,bus_stop,,platform
6912102251,node,Sultanpur,28.4985863,77.1594085,,,bus_stop,,platform
6912102257,node,Ghitorni School,28.4891254,77.1380440,,,bus_stop,,platform
6912102266,node,Chhattarpur Crossing,28.5051811,77.1738336,,,bus_stop,,platform
6912102271,node,RRC Station,28.4845315,77.1305299,,,bus_stop,,platform
6919601027,node,New Delhi Railway Station Gate Number 2,28.6421646,77.2237403,,,bus_stop,,platform
6925279906,node,Kichripur,28.6255171,77.3132472,,,,,platform
6930089776,node,"Shastri Nagar, Shiv Mandir",28.6718464,77.1732472,,,,,platform
6930089778,node,Inderlok,28.6736229,77.1692769,,,,,platform
6930089781,node,Khalsa College,28.6552424,77.1880768,,,bus_stop,,platform
6930089783,node,Shanti Nagar,28.6775555,77.1671982,,,,,platform
6930106185,node,Khalsa College,28.6556204,77.1878100,,,,,platform
6930106186,node,Shastri Nagar Metro Station,28.6703076,77.1805957,,,,,platform
6930106188,node,,28.6717084,77.1764166,,,,,platform
6930119561,node,Jhandewalan,28.6471012,77.2039257,,,bus_stop,,platform
6930339500,node,Laxmi Narayan Mandir,28.6322841,77.1992970,,,,,platform
6930339504,node,Kali Bari Marg,28.6312425,77.1986487,,,,,platform
6930479844,node,,28.5963517,77.2027035,,,,,platform
6930479845,node,Vinay Marg,28.5863987,77.1936964,,,bus_stop,,platform
6930479846,node,,28.5963200,77.2057313,,,,,platform
6930479847,node,Ashok Hotel,28.5941199,77.1961823,,,,,platform
6931876973,node,,28.5834751,77.1920745,,,,,platform
6931876974,node,M-Block,28.5783790,77.1899976,,,,,platform
6931876979,node,Sarojini Nagar Depot,28.5734543,77.1899867,,,,,platform
6932055856,node,COD (Ring Road),28.6129255,77.1366918,,,bus_stop,,platform
6932055859,node,Brar Square,28.6073188,77.1408667,,,bus_stop,,platform
6932055862,node,Rajasthan Rifles Lines,28.6038914,77.1550798,,,bus_stop,,platform
6961319382,node,M-Block,28.5783119,77.1896779,,,,,platform
6961319384,node,RK Khanna Tennis Stadium,28.5579407,77.1871602,,,bus_stop,,platform
6961335186,node,Vasant Kunj B 8 and 9,28.5288156,77.1576149,,,bus_stop,,platform
6961366602,node,IIT Hostel,28.5515445,77.1847774,,,,,platform
6961366603,node,IIT Hostel,28.5517260,77.1846044,,,,,platform
6961366604,node,"Munirka, Vasant Vihar Depot",28.5594178,77.1708830,,,bus_stop,,platform
6961442956,node,Palika Club,28.5863293,77.1934083,,,bus_stop,,platform
6964723339,node,,28.5389888,77.2535935,,,bus_stop,,platform
6966567734,node,Lady Shriram College,28.5589656,77.2373635,,,bus_stop,,platform
6966575634,node,,28.5370071,77.2574135,,,,,platform
6966575637,node,,28.5348663,77.2596653,,,,,platform
6966575639,node,,28.5347520,77.2596227,,,,,platform
6989022856,node,New Delhi Railway Station Gate Number 2,28.6430762,77.2237862,,,bus_stop,,platform
6993567621,node,Badarpur Border,28.4904999,77.3040379,,,bus_stop,,platform
6993567622,node,Punjabi Bagh Terminal,28.6637249,77.1305739,,,bus_stop,,platform
6993567623,node,Wazirpur Depot,28.6918730,77.1534862,,,,,stop_position
6993567624,node,Wazirpur Depot,28.6919180,77.1536923,,,,,stop_position
6993567640,node,Telephone Exchange,28.6865441,77.1509850,,,bus_stop,,platform
6993567641,node,Shakurpur Village,28.6801779,77.1420827,,,,,platform
7001106960,node,Nehru Place,28.5482489,77.2493182,,,bus_stop,,platform
7009786353,node,,28.6603415,77.1880102,,,,,platform
7009786354,node,Shastri Nagae E Block,28.6712591,77.1761388,,,,,platform
7009786355,node,,28.6825593,77.1470502,,,bus_stop,,platform
7009786357,node,,28.6903830,77.1547736,,,,,platform
7013386734,node,Shopping Center - Nelson Mandela Marg,28.5393044,77.1560695,,,bus_stop,,platform
7013728989,node,Lado Sarai,28.5273181,77.1897599,,,,,stop_position
7013728991,node,Lado Sarai Terminal,28.5271276,77.1900330,,,,,stop_position
7018301880,node,Model Town,28.7027136,77.1939912,station,subway,,,station
7018301883,node,A.I.I.M.S.,28.5668602,77.2078058,station,subway,,,station
7018301884,node,A.I.I.M.S.,28.5668540,77.2078320,stop,,,,stop_position
7018316585,node,Green Park,28.5580071,77.2067933,station,subway,,,station
7018316586,node,Civil Lines,28.6768508,77.2250299,station,subway,,,station
7018316587,node,Vidhan Sabha,28.6863222,77.2217271,station,subway,,,station
7018316588,node,Vishwa Vidyalaya,28.6950772,77.2147459,station,subway,,,station
7018316591,node,Malviya Nagar,28.5290656,77.2048241,station,subway,,,station
7018316592,node,Chhatarpur,28.5067242,77.1750019,station,subway,,,station
7018711117,node,Sultanpur,28.4993912,77.1618449,stop,,,,stop_position
7018711118,node,Sultanpur,28.4991235,77.1613745,station,subway,,,station
7018886724,node,Chandni Chowk,28.6584227,77.2303375,station,subway,,,station
7018886725,node,Chawri Bazaar,28.6492649,77.2265153,station,subway,,,station
7018886726,node,Patel Chowk,28.6229664,77.2140310,station,subway,,,station
7018886727,node,Seva Teerth,28.6095136,77.2117960,station,subway,,,station
7018886728,node,Lok Kalyan Marg,28.5973513,77.2110967,station,subway,,,station
7018886729,node,Jor Bagh,28.5865094,77.2125273,station,subway,,,station
7018886730,node,Qutab Minar,28.5129510,77.1864532,station,subway,,,station
7018886731,node,Ghitorni,28.4937510,77.1491866,station,subway,,,station
7018886732,node,Arjan Garh,28.4807352,77.1257622,station,subway,,,station
7019144404,node,Jal Vihar Terminal,28.5783389,77.2458185,,,bus_stop,,platform
7019144405,node,Sujan Singh Park,28.5992612,77.2285545,,,bus_stop,,platform
7019144406,node,Jal Vihar Terminal,28.5783413,77.2459245,,,bus_stop,,platform
7031023364,node,Shopping Center,28.5414982,77.1565616,,,bus_stop,,platform
7035227900,node,Virat Cinema,28.5133917,77.2367903,,,,,platform
7039353531,node,Saket,28.5199667,77.2058695,,,,,platform
7039353532,node,,28.5196369,77.2062187,,,,,platform
7039532905,node,Nangli,28.6173003,77.0104375,station,subway,,,station
7062636952,node,Vigyan Bhawan,28.6101722,77.2216562,,,,,platform
7062645321,node,Bharti Nagar,28.5967192,77.2287497,,,bus_stop,,platform
7062680765,node,Jawaharlal Nehru Stadium,28.5920449,77.2324093,,,,,platform
7062680766,node,DPS School (near Neela Gumbad),28.5931494,77.2422179,,,bus_stop,,platform
7062680768,node,ISPAT Bhawan,28.5925329,77.2364265,,,,,platform
7065836182,node,Kishangarh,28.5206871,77.1643742,,,,,platform
7083626595,node,Akbar Road,28.6105364,77.2262121,,,bus_stop,,platform
7083740148,node,,28.5869437,77.2407673,,,bus_stop,,platform
7083740149,node,CGO Complex,28.5867456,77.2410982,,,,,platform
7083796925,node,CGO Complex,28.5869437,77.2407673,,,bus_stop,,platform
7083796926,node,CGO Complex,28.5867456,77.2410982,,,bus_stop,,platform
7083805512,node,,28.5869437,77.2407673,,,,,platform
7083805513,node,,28.5867456,77.2410982,,,,,platform
7083972066,node,Minto Road Terminal,28.6393711,77.2239559,,,,,stop_position
7083972067,node,Minto Road Terminal,28.6394565,77.2236774,,,,,platform
7083972068,node,Minto Road Terminal,28.6393363,77.2239131,,,,,platform
7084001894,node,Shivaji Park,28.6386524,77.2241410,,,bus_stop,,platform
7086574353,node,Minto Road Terminal,28.6394999,77.2237176,,,,,stop_position
7089503509,node,Old Delhi Railway Station,28.6597832,77.2313804,,,bus_stop,,platform
7089503510,node,Old Delhi Railway Station,28.6602191,77.2318751,,,bus_stop,,platform
7090233984,node,Hamdard Library,28.5171606,77.2533658,,,bus_stop,,platform
7090905261,node,Govindpuri Metro Station,28.5441291,77.2641219,,,,,platform
7090905263,node,Govindpuri Metro Station,28.5441280,77.2641662,,,,,stop_position
7099729214,node,Minto Road,28.6387057,77.2232589,,,,,platform
7099816920,node,Apollo Hospital,28.5396408,77.2828038,,,,,platform
7099824557,node,Kalka Mod,28.5579505,77.2687126,,,,,platform
7099824558,node,,28.5509219,77.2740692,,,,,platform
7104700251,node,New Delhi Railway Station Gate Number 2,28.6417809,77.2235670,,,bus_stop,,platform
7105954334,node,Maidan Garhi,28.5003197,77.1969115,,,,,platform
7108608607,node,Delhi Police Apartments,28.6092948,77.2861948,,,bus_stop,,platform
7108608609,node,Mayur Place,28.5910012,77.2952350,,,,,platform
7108608610,node,Samachar Apartments,28.5970504,77.2919514,,,,,platform
7108608611,node,Delhi Police Apartments,28.6085437,77.2861389,,,,,platform
7113775475,node,Nehru Place,28.5473732,77.2539857,,,,,stop_position
7113775476,node,Nehru Place,28.5486110,77.2567708,,,,,stop_position
7116238187,node,Kendriya Terminal,28.6194990,77.2060548,,,bus_stop,,platform
7116293271,node,"E Block, Sector 7",28.5692668,77.1647632,,,bus_stop,,platform
7116293272,node,"E Block, Sector 7",28.5694644,77.1646629,,,bus_stop,,platform
7131270004,node,Air Station NICF,28.4875892,77.1354640,,,bus_stop,,platform
7131270007,node,Aya Nagar Crossing,28.4795491,77.1244435,,,bus_stop,,platform
7131270008,node,,28.4889274,77.1383256,,,,,platform
7150717312,node,RK Puram Sector 8,28.5719303,77.1697076,,,bus_stop,,platform
7150717319,node,RK Puram Sector 8,28.5719707,77.1697957,,,bus_stop,,platform
7154453335,node,Lodhi Colony Market,28.5845010,77.2233692,,,bus_stop,,platform
7167030420,node,Seva Nagar Flyover,28.5788292,77.2295115,,,,,platform
7171446389,node,PWD Office,28.6045084,77.2695703,,,bus_stop,,platform
7178502415,node,Nauroji Nagar,28.5693526,77.1955499,,,bus_stop,,platform
7187211060,node,RK Puram 1,28.5646860,77.1782209,,,,,stop_position
7187288399,node,RK Puram Sector 1 and 4,28.5631083,77.1799568,,,bus_stop,,platform
7193161794,node,Defence Colony,28.5728097,77.2372017,,,bus_stop,,platform
7208590439,node,East Vinod Nagar,28.6231914,77.3038596,,,bus_stop,,platform
7208590452,node,Temporary,28.6219236,77.3000741,,,bus_stop,,platform
7214263631,node,East Vinod Nagar Depot,28.6207148,77.3008060,,,bus_stop,,platform
7214263642,node,East Vinod Nagar,28.6203240,77.2976956,,,bus_stop,,platform
7214263668,node,"J Block, East Vinod Nagar",28.6220989,77.3029929,,,bus_stop,,platform
7242471572,node,ITO,28.6298047,77.2465966,,,bus_stop,,platform
7242498074,node,Doctor Ambedkar Terminal (Dilli Gate),28.6396163,77.2437522,,,,,platform
7242562923,node,Doctor Bhim Rao Ambedkar University,28.6652964,77.2301258,,,bus_stop,,platform
7242688999,node,Gandhi Darshan,28.6367101,77.2473038,,,bus_stop,,platform
7242689000,node,,28.6397996,77.2436181,,,bus_stop,,platform
7242710694,node,Akshardham,28.6178457,77.2802953,,,bus_stop,,platform
7242710695,node,Akshardham,28.6177116,77.2803852,,,bus_stop,,platform
7242732172,node,Temporary Stop,28.6070995,77.2873590,,,bus_stop,,platform
7253664075,node,Mayur Place,28.5931760,77.2938666,,,bus_stop,,platform
7254675697,node,Mayur Place,28.5911044,77.2957849,,,,,platform
7254675698,node,Hindon Regulator,28.5846442,77.3003653,,,bus_stop,,platform
7265711594,node,Palika Kutumb,28.6077034,77.1891709,,,bus_stop,,platform
7266045731,node,Rajghat Power House,28.6376719,77.2526235,,,bus_stop,,platform
7266045739,node,Rajghat Power House,28.6376192,77.2527797,,,bus_stop,,platform
7266359653,node,ITO,28.6295212,77.2478961,,,bus_stop,,platform
7267338504,node,Aakashwani Bhawan,28.6206385,77.2097844,,,bus_stop,,platform
7267338505,node,Krishi Bhawan,28.6175164,77.2132565,,,bus_stop,,platform
7267374894,node,Nehru Place,28.5514171,77.2517386,station,subway,,,station
7267374895,node,Kailash Colony,28.5553298,77.2419637,station,subway,,,station
7274125630,node,Gole Market,28.6317184,77.2052202,,,bus_stop,,platform
7274178393,node,Gole Market,28.6352546,77.2054707,,,bus_stop,,platform
7274178397,node,Ramakrishna Ashram Marg,28.6374398,77.2070202,,,bus_stop,,platform
7274257106,node,Sucheta Kriplani Hospital,28.6363139,77.2139925,,,bus_stop,,platform
7274676323,node,Shivaji Stadium,28.6329963,77.2155216,,,bus_stop,,platform
7277245328,node,Munirka,28.5585927,77.1738321,,,,,stop_position
7277245329,node,Munirka,28.5591287,77.1739849,,,bus_stop,,platform
7277245330,node,Rajghat Power House,28.6376698,77.2527061,,,,,stop_position
7282286730,node,Lal Quila,28.6574830,77.2366607,station,subway,,,station
7282286731,node,Khan Market,28.6022446,77.2291281,station,subway,,,station
7282286733,node,Delhi Gate,28.6392174,77.2407795,station,subway,,,station
7513399417,node,Mehrauli Terminal,28.5226598,77.1823494,,,bus_stop,,platform
7554880184,node,Hazrat Nizamuddin Junction,28.5889991,77.2539150,stop,,,,stop_position
7554999585,node,Hazrat Nizamuddin Junction,28.5890048,77.2540192,stop,,,,stop_position
7554999586,node,Hazrat Nizamuddin Junction,28.5890128,77.2541662,stop,,,,stop_position
7554999587,node,Hazrat Nizamuddin Junction,28.5890207,77.2543093,stop,,,,stop_position
7554999588,node,Hazrat Nizamuddin Junction,28.5890216,77.2543540,stop,,,,stop_position
7554999589,node,Hazrat Nizamuddin Junction,28.5890272,77.2545176,stop,,,,stop_position
7554999590,node,Hazrat Nizamuddin Junction,28.5890285,77.2545879,stop,,,,stop_position
7612915567,node,Africa Avenue,28.5691724,77.1910484,,,bus_stop,,platform
7612997494,node,Vasant Lok,28.5602085,77.1639443,,,bus_stop,,platform
7648701462,node,Vasant Lok,28.5603685,77.1638700,,,bus_stop,,platform
7655631092,node,Pragati Vihar,28.5876702,77.2292692,,,bus_stop,,platform
7655631102,node,Bharti Nagar,28.5967374,77.2284699,,,bus_stop,,platform
7661805973,node,Dwarka Sector 11,28.5864290,77.0494267,stop,,,,stop_position
7707732518,node,Delhi Cantonment,28.6123506,77.1158227,stop,,,,stop_position
7707732519,node,Delhi Cantonment,28.6124114,77.1157362,stop,,,,stop_position
7707732520,node,Delhi Cantonment,28.6125106,77.1156100,stop,,,,stop_position
7707732521,node,Delhi Cantonment,28.6126134,77.1154723,stop,,,,stop_position
7707732522,node,Delhi Cantonment,28.6126741,77.1153886,stop,,,,stop_position
7947401468,node,Delhi,28.6326616,77.2358292,stop,miniature,,,stop_position
8018558072,node,Rajiv Chowk,28.6327786,77.2196985,station,subway,,,station
8889306935,node,Mayur Place,28.5918075,77.2953884,,,bus_stop,,platform
9034688601,node,Trilokpuri 27 Block,28.6049827,77.3059315,,,,,platform
9037266608,node,Kamala Market (Bara Akhara),28.6433998,77.2257582,,,bus_stop,,platform
9037266609,node,Kamala Market,28.6441172,77.2239313,,,,,platform
9037313901,node,Kamala Market,28.6446560,77.2238391,,,,,platform
9037354776,node,,28.6408018,77.2385442,,,,,platform
9037354777,node,Jawaharlal Nehru Marg,28.6420182,77.2283871,,,,,platform
9037354778,node,,28.6412114,77.2348900,,,bus_stop,,platform
9037354779,node,Zakir Hussain College,28.6411867,77.2300358,,,bus_stop,,platform
9042596787,node,Trilokpuri 27 Block,28.6051735,77.3060597,,,,,platform
9042596788,node,Trilokpuri 27 Block,28.6052033,77.3060912,,,,,stop_position
9042596789,node,Trilokpuri 27 Block,28.6050164,77.3059138,,,,,stop_position
9048226053,node,Rajghat/Gandhi Darshan,28.6386903,77.2514958,,,bus_stop,,platform
9048226054,node,Zakir Hussain College,28.6411315,77.2296323,,,bus_stop,,platform
9048226057,node,Lok Nayak Hospital,28.6400057,77.2360353,,,bus_stop,,platform
9048246861,node,Kamala Market,28.6452828,77.2240100,,,,,platform
9048339568,node,,28.6418101,77.2330123,,,bus_stop,,platform
9052026091,node,Kamala Market,28.6446605,77.2237611,,,,,stop_position
9052026100,node,,28.6446419,77.2261941,,,,,platform
9052026101,node,Kamala Market,28.6441445,77.2239601,,,,,stop_position
9052026102,node,Kamala Market,28.6452425,77.2240232,,,,,stop_position
9066465094,node,Paschim Vihar West,28.6786018,77.1022154,station,subway,,,station
9078810051,node,GPO,28.6620633,77.2348441,,,bus_stop,,platform
9087190282,node,Kashmere Gate,28.6676790,77.2289537,,,,,stop_position
9100403716,node,Mori Gate,28.6665693,77.2259863,,,bus_stop,,platform
9100421317,node,Mori Gate,28.6665781,77.2261183,,,bus_stop,,platform
9100544970,node,Lal Quila,28.6577193,77.2371646,,,bus_stop,,platform
9103577589,node,Mori Gate Terminal,28.6665557,77.2261392,,,,,stop_position
9103577590,node,Gandhi Darshan,28.6367124,77.2466393,,,bus_stop,,platform
9105361403,node,PWD Office,28.7026098,77.2277680,,,,,platform
9105374881,node,ESI Hospital,28.7274479,77.1253944,,,,,platform
9105398603,node,Anubhav Apartments,28.7222787,77.1328086,,,bus_stop,,platform
9107483544,node,Mayur Vihar Phase 3 Crossing,28.6157562,77.3410627,,,,,platform
9107546085,node,Kalyanvas Mayur Vihar Phase 2,28.6196354,77.3086030,,,,,platform
9107546086,node,"Mayur Vihar Phase 2, Pocket A",28.6199298,77.3013205,,,,,platform
9107546087,node,Radha Swami Satsang Beas Mayur Vihar Phase 2,28.6204557,77.3074765,,,,,platform
9107546088,node,Mayur Vihar Phase 2 (Pocket A),28.6202118,77.3016386,,,bus_stop,,platform
9110637283,node,PS Pandav Nagar,28.6141058,77.2916965,,,,,platform
9110637284,node,Somerville School,28.6036638,77.3196024,,,bus_stop,,platform
9110637285,node,Mayur Vihar Phase 3 Crossing,28.6159587,77.3411301,,,,,platform
9110637286,node,Mayur Vihar Phase 3,28.6172286,77.3394615,,,,,stop_position
9110637287,node,,28.6197730,77.3405355,,,,,platform
9110637288,node,,28.6197120,77.3405064,,,,,stop_position
9110637289,node,Somerville School,28.6036125,77.3197107,,,bus_stop,,platform
9138309313,node,Najafgarh,28.6124258,76.9865630,stop,,,,stop_position
9157682989,node,Purani Dilli Railway Station,28.6600901,77.2262499,,,bus_stop,,platform
9162635057,node,Old Delhi Railway Station,28.6601979,77.2262655,,,,,stop_position
9172459617,node,Najafgarh,28.6124795,76.9865583,stop,,,,stop_position
9172459619,node,Dhansa Bus Stand,28.6119363,76.9785452,stop,,,,stop_position
9172459622,node,Najafgarh,28.6124504,76.9865067,station,subway,,,station
9172459623,node,Dhansa Bus Stand,28.6118826,76.9785499,stop,,,,stop_position
9182102063,node,Palika Kendra,28.6265795,77.2134998,,,bus_stop,,platform
9182102064,node,YMCA,28.6264244,77.2126265,,,bus_stop,,platform
9193334701,node,,28.6169620,77.3388337,,,,,platform
9200039630,node,Sarvodaya School Mandawali,28.6311059,77.2989544,,,,,platform
9200039631,node,Prince Apartments,28.6308266,77.3006814,,,,,platform
9200039632,node,Prince Apartments,28.6309402,77.3005949,,,,,platform
9200039633,node,Chander Vihar,28.6328215,77.2991382,,,,,platform
9200039634,node,Chander Vihar,28.6329528,77.2989926,,,,,platform
9200039648,node,Ashirwad Apartment,28.6344146,77.3019259,,,,,platform
9200039649,node,Ashirwad Apartment,28.6347620,77.3023434,,,,,platform
9214974876,node,Jantar Mantar,28.6266268,77.2159441,,,,,platform
9214974881,node,Kendriya Terminal,28.6186948,77.2062439,,,,,platform
9214974884,node,Janpath,28.6262815,77.2188387,,,,,platform
9216197676,node,Shakarpur,28.6337825,77.2822254,,,,,platform
9220783978,node,Kalyanpuri Terminal,28.6168755,77.3178529,,,,,platform
9221655995,node,,28.6211211,77.3130696,,,,,platform
9221655996,node,,28.6202099,77.3140848,,,,,platform
9221655997,node,,28.6186560,77.3158188,,,,,platform
9221655998,node,Kalyanpuri Terminal,28.6168053,77.3177272,,,,,platform
9221656009,node,East Vinod Nagar,28.6237522,77.3099622,,,,,platform
9221656010,node,East Vinod Nagar,28.6238829,77.3096162,,,,,platform
9221656011,node,,28.6249200,77.3088437,,,,,platform
9225948566,node,,28.6210493,77.3129918,,,,,platform
9225948567,node,,28.6201528,77.3140224,,,,,platform
9225948568,node,,28.6186089,77.3157873,,,,,platform
9225948575,node,Kalyanpuri Terminal,28.6168457,77.3178073,,,,,stop_position
9234884612,node,West Enclave,28.6916129,77.1008397,,,,,platform
9234884613,node,West Enclave,28.6916450,77.1010123,,,,,stop_position
9234884614,node,West Enclave,28.6916293,77.1008961,,,,,stop_position
9234884615,node,West Enclave,28.6917658,77.1010833,,,,,platform
9234911317,node,West Enclave,28.6916822,77.1011225,,,,,platform
9238945364,node,Trilokpuri 13 Block,28.6127672,77.3076099,,,bus_stop,,platform
9238945365,node,Trilokpuri 13 Block,28.6127066,77.3076156,,,,,stop_position
9238945366,node,,28.6265539,77.3165993,,,,,platform
9238945367,node,Karkardooma Crossing,28.6431342,77.2972050,,,,,platform
9238945368,node,New Rajdhani Enclave,28.6424841,77.2963466,,,,,platform
9240935053,node,Yashobhoomi Dwarka Sector 25,28.5508070,77.0452914,stop,,,,stop_position
9240935054,node,Yashobhoomi Dwarka Sector 25,28.5508515,77.0453294,stop,,,,stop_position
9415047898,node,Laxmi Nagar,28.6305974,77.2775230,station,subway,,,station
9415047899,node,Preet Vihar,28.6414176,77.2952819,station,subway,,,station
9467573636,node,Delhi-Dehradun Expressway,28.6896111,77.2541308,,,motorway,,stop_position
9485945593,node,Sukhdev Vihar,28.5589547,77.2730072,,,,,platform
9540218253,node,Mandawali - West Vinod Nagar,28.6250471,77.3047007,,,,,stop_position
9540218254,node,"Shakarpur School Block, S-1",28.6294858,77.2772095,,,,,stop_position
9540218255,node,"Shakarpur School Block, S-1",28.6292314,77.2773301,,,,,stop_position
9540218256,node,Mandawali - West Vinod Nagar,28.6248943,77.3045417,,,,,stop_position
9540218257,node,Mandawali - West Vinod Nagar,28.6248660,77.3045528,,,,,platform
9542979260,node,Panchkuian Road,28.6403329,77.2069285,,,bus_stop,,platform
9542979266,node,Meghdoot Bhawan,28.6438569,77.2012228,,,,,platform
9542979271,node,East Patel Nagar,28.6428982,77.1731367,,,,,platform
9542979280,node,Patel Nagar West,28.6479209,77.1647246,,,,,platform
9542979290,node,Shadipur Depot,28.6534252,77.1555206,,,,,platform
9542979291,node,Shadipur Depot,28.6535111,77.1553825,,,bus_stop,,platform
9542979293,node,Moti Nagar Industrial Area,28.6589240,77.1466358,,,,,platform
9542979295,node,Karampura Terminal,28.6604153,77.1438392,,,,,platform
9542979297,node,New Moti Nagar B Block,28.6636786,77.1406910,,,,,platform
9542982720,node,Shakur Pur,28.6849970,77.1449393,,,,,platform
9542982736,node,Rani Bagh,28.6839381,77.1287173,,,,,platform
9542982755,node,Keshav Mahavidyalaya,28.6871959,77.1199532,,,,,platform
9542982756,node,,28.6874712,77.1181025,,,,,platform
9544997458,node,West Enclave,28.6928323,77.0997199,,,,,platform
9544997459,node,,28.6834758,77.0951642,,,,,platform
9544997460,node,Peeragarhi Chowk,28.6791237,77.0959716,,,bus_stop,,platform
9544997461,node,Paschim Vihar West,28.6787048,77.1002886,,,bus_stop,,platform
9544997462,node,,28.6780248,77.1056369,,,bus_stop,,platform
9544997463,node,Ordinance Depot 1,28.6768317,77.1148878,,,,,platform
9544997464,node,Madipur JJ Colony,28.6763728,77.1208075,,,,,platform
9544997465,node,Madipur JJ Colony,28.6764034,77.1182755,,,,,platform
9544997466,node,Madipur Village,28.6754268,77.1256945,,,,,platform
9544997467,node,SPM College,28.6751250,77.1278677,,,,,platform
9544997468,node,Shivaji Park,28.6746338,77.1318823,,,,,platform
9544997469,node,Aggrasen Hospital,28.6743702,77.1337759,,,,,platform
9544997470,node,Punjabi Bagh East,28.6730818,77.1432676,,,,,platform
9544997471,node,Punjabi Bagh West,28.6726452,77.1471018,,,bus_stop,,platform
9544997472,node,Ram Pura,28.6719381,77.1539931,,,,,platform
9544997473,node,Ram Pura,28.6716910,77.1539207,,,,,platform
9544997474,node,Ashok Park,28.6712015,77.1566485,,,,,platform
9544997475,node,,28.6683539,77.1653657,,,,,platform
9544997476,node,Daya Basti Flyover,28.6660087,77.1718620,,,,,platform
9544997477,node,Anand Parvat Industrial Area,28.6642942,77.1758169,,,,,platform
9544997478,node,Sarai Rohilla,28.6623090,77.1821952,,,,,platform
9544997479,node,,28.6580184,77.1834666,,,,,platform
9544997480,node,,28.6578325,77.1832895,,,,,platform
9544997481,node,Deshbandhu Gupta Marg,28.6516764,77.1950001,,,,,platform
9544997482,node,Deshbandhu Gupta Marg,28.6515216,77.1948478,,,,,platform
9544997483,node,,28.6494226,77.1982764,,,bus_stop,,platform
9544997484,node,Karol Bagh Terminal,28.6480292,77.2008439,,,,bus_station,station
9544997485,node,Jhandewalan,28.6468296,77.2040751,,,bus_stop,,platform
9544997486,node,Police Station Paharganj,28.6459404,77.2080875,,,bus_stop,,platform
9544997487,node,,28.6401170,77.2082193,,,bus_stop,,platform
9546632101,node,Moolchand,28.5644057,77.2342329,stop,,,,stop_position
9546632102,node,Jasola Apollo,28.5384071,77.2829961,stop,,,,stop_position
9573021475,node,Patparganj Mor,28.6155126,77.2884455,,,,,platform
9584236504,node,Moolchand,28.5644044,77.2342555,station,subway,,,station
9584236505,node,Jangpura,28.5830386,77.2393151,station,subway,,,station
9584236506,node,Jawaharlal Nehru Stadium,28.5882347,77.2337833,station,subway,,,station
9584236507,node,Janpath,28.6240485,77.2192587,station,subway,,,station
9584236508,node,ITO,28.6281909,77.2410437,station,subway,,,station
9597709830,node,Govind Puri,28.5445521,77.2642761,station,subway,,,station
9597709831,node,Harkesh Nagar Okhla,28.5429338,77.2750407,station,subway,,,station
9635301962,node,Satguru Ramsingh Marg,28.6620458,77.1575794,,,,,stop_position
9635301963,node,Satguru Ramsingh Marg,28.6620786,77.1575529,,,,,stop_position
9635301965,node,Kirti Nagar,28.6545315,77.1513779,stop,,,,stop_position
9635301969,node,Punjabi Bagh West,28.6740721,77.1405737,stop,,,,stop_position
9635301970,node,Punjabi Bagh West,28.6740136,77.1405633,stop,,,,stop_position
9642681644,node,Shahdara Terminal,28.6740298,77.2868747,,,,,stop_position
9645404097,node,Karkardooma Crossing,28.6428554,77.2972248,,,,,platform
9648212734,node,Radhey Puri,28.6539554,77.2924521,,,,,platform
9648212735,node,Radhey Puri,28.6550399,77.2918063,,,,,platform
9648212736,node,Arjun Nagar,28.6560002,77.2913477,,,,,platform
9648212737,node,Arjun Nagar,28.6563815,77.2914463,,,,,platform
9648212739,node,Krishna Nagar Metro Station,28.6584350,77.2898550,,,bus_stop,,platform
9652337722,node,Gagan Vihar,28.6450315,77.2977099,,,,,platform
9652337729,node,Jagat Puri F-1 Block,28.6482998,77.2949204,,,,,platform
9652337730,node,Jagat Puri F-1 Block,28.6481404,77.2954421,,,,,platform
9652337735,node,Jagat Puri A Block,28.6517420,77.2928335,,,,,platform
9652337736,node,Jagat Puri A Block,28.6516774,77.2931125,,,,,platform
9653165273,node,Shahdara Terminal,28.6745541,77.2877344,,,,,platform
9653165276,node,Shahdara Terminal,28.6745092,77.2876552,,,,,stop_position
9714358881,node,Dhaula Kuan,28.5993295,77.1668972,,,,,platform
9714358889,node,Rajokri Crossing,28.5225608,77.0985036,,,,,platform
9730042238,node,Karol Bagh,28.6436988,77.1968680,,,,,stop_position
9730042241,node,Ridge Road,28.6325686,77.1886256,,,,,platform
9739462466,node,Meerabai Polytechnic,28.5709405,77.2665430,,,,,platform
9739462467,node,Meerabai Polytechnic,28.5710371,77.2667652,,,,,platform
9741081800,node,Shastri Park Metro Station,28.6678726,77.2504386,,,,,platform
9741081810,node,Shastri Park Metro Station,28.6677785,77.2504386,,,,,platform
9741081811,node,Shastri Park Metro Station,28.6678333,77.2504336,,,,,stop_position
9741105218,node,Kailash Nagar,28.6634152,77.2565326,,,,,platform
9741105228,node,Gandhi Nagar,28.6582797,77.2616288,,,,,platform
9741105229,node,Shamshan Ghat Pushta,28.6551976,77.2638671,,,,,platform
9741105230,node,Geeta Colony,28.6517070,77.2665386,,,,,platform
9741105232,node,Ramesh Park,28.6355797,77.2695886,,,,,platform
9741105233,node,Lalita Park,28.6319206,77.2706207,,,,,platform
9776564468,node,Gurdwara Rakab Ganj,28.6209463,77.2073007,,,bus_stop,,platform
9776564470,node,Palika Kutumb,28.6075597,77.1886459,,,bus_stop,,platform
9779080687,node,Mayur Vihar Phase 3,28.6138207,77.3372879,,,,,platform
9785748166,node,Kalyanvas Mayur Vihar Phase 2,28.6197532,77.3088089,,,,,platform
9785748175,node,Mayur Vihar Phase 3 Crossing,28.6017277,77.3273396,,,,,platform
9785748180,node,Radha Swami Satsang Beas Mayur Vihar Phase 2,28.6205337,77.3070936,,,,,platform
9785748201,node,Mayur Vihar Phase 3,28.6138321,77.3371663,,,,,stop_position
9824345283,node,Sarvodaya School Mandawali,28.6308152,77.2990148,,,,,platform
9824345291,node,Neethi Apartment,28.6311342,77.3017191,,,,,platform
9824345292,node,Himalaya Apartments,28.6321451,77.3046825,,,,,platform
9824345293,node,Himalaya Apartments,28.6322545,77.3044560,,,,,platform
9849283681,node,Mehrauli,28.5227582,77.1822527,,,,,stop_position
9852917918,node,Bentex,28.6442369,77.1476654,,,bus_stop,,platform
9867864792,node,Azadpur Terminal,28.7083256,77.1779218,,,,,stop_position
9870250553,node,Mundhela Khurd,28.6173592,76.8927380,,,bus_stop,,platform
9887713367,node,Mangalam Hospital,28.6219604,77.2962408,,,,,stop_position
9887713368,node,Mangalam Hospital,28.6219700,77.2962815,,,,,platform
9908952284,node,Ramdev Chowk Narela,28.8579177,77.0938674,,,,,stop_position
9914269805,node,IGI Airport,28.5564899,77.0867238,stop,,,,stop_position
9920295123,node,Mandi House,28.6255149,77.2341926,station,subway,,,station
9936590366,node,Dabri Mor - Janakpuri South,28.6157200,77.0851893,station,subway,,,station
9937092485,node,Janakpuri West,28.6289502,77.0779235,stop,,,,stop_position
9937092486,node,Dashrath Puri,28.6018751,77.0823561,stop,,,,stop_position
9937092487,node,Palam,28.5889096,77.0830489,stop,,,,stop_position
9937092488,node,Sadar Bazar Cantonment,28.5770900,77.1111249,stop,,,,stop_position
9937092489,node,Terminal 1 IGI Airport,28.5648599,77.1226212,stop,,,,stop_position
9937092490,node,Shankar Vihar,28.5608275,77.1402540,stop,,,,stop_position
9937092491,node,Vasant Vihar,28.5578080,77.1610899,stop,,,,stop_position
9937948255,node,Okhla NSIC,28.5544479,77.2648369,stop,,,,stop_position
9937948268,node,Greater Kailash,28.5418724,77.2384643,stop,,,,stop_position
9937948269,node,Chirag Delhi,28.5410914,77.2302907,stop,,,,stop_position
9938725205,node,Delhi Aerocity,28.5487998,77.1208093,stop,,,,stop_position
9938725206,node,Dhaula Kuan,28.5919140,77.1616835,stop,,,,stop_position
9938725207,node,Shivaji Stadium,28.6289139,77.2113110,stop,,,,stop_position
9944540105,node,GTB Nagar,28.6981558,77.2064225,stop,,,,stop_position
9945617503,node,"Rohini Sector 18, 19",28.7383747,77.1398162,stop,,,,stop_position
9945617504,node,"Rohini Sector 18, 19",28.7383436,77.1398643,stop,,,,stop_position
9945617505,node,Samaypur Badli,28.7446158,77.1382654,stop,,,,stop_position
9945617506,node,Samaypur Badli,28.7446391,77.1382993,stop,,,,stop_position
10012619465,node,Lodhi Garden,28.5903447,77.2202923,,,bus_stop,,platform
10012737457,node,Rabindra Nagar,28.5984825,77.2249929,,,bus_stop,,platform
10202035285,node,Ambedkar Chowk (Pocket D),28.6904465,77.1762796,,,,,platform
10202035288,node,Shalimar Bagh Crossing,28.7034302,77.1691596,,,,,platform
10202035289,node,New Sabzi Mandi,28.7142316,77.1726720,,,,,platform
10202035293,node,Sarai Pipal Thala,28.7193977,77.1682343,,,,,platform
10202035294,node,Jahangirpuri Metro Station,28.7256463,77.1631321,,,,,platform
10207569816,node,,28.6805615,77.1805671,,,,,platform
10207599017,node,,28.6809727,77.1780130,,,,,platform
10207599018,node,Nimri Colony,28.6810765,77.1757901,,,,,platform
10207599019,node,Wazirpur JJ Colony,28.6819131,77.1701327,,,,,platform
10207599020,node,Wazirpur JJ Colony,28.6821110,77.1700676,,,,,platform
10207599021,node,,28.6852511,77.1689638,,,,,platform
10207599022,node,,28.6870185,77.1736845,,,,,platform
10221267679,node,Humayun Road,28.6028438,77.2278258,,,bus_stop,,platform
10309271383,node,OCS Apartments,28.5995309,77.2992119,,,,,platform
10309271384,node,OCS Apartments,28.5997734,77.2993085,,,,,platform
10314380321,node,Nirman Vihar,28.6364592,77.2868145,station,subway,,,station
10574000513,node,Mahendra Park,28.7216049,77.1663024,,,,,platform
10574000528,node,Sant Ravidas Nagar,28.7284846,77.1647629,,,,,platform
10574000529,node,,28.7316557,77.1702055,,,,,platform
10574000530,node,Jahangirpuri E-Block,28.7327262,77.1719834,,,,,stop_position
10574000531,node,Jahangirpuri E-Block,28.7327112,77.1720011,,,,,platform
10700089586,node,Sarai Kale Khan,28.5891891,77.2580654,station,,,,station
10700089589,node,Anand Vihar,28.6474707,77.3167989,station,,,,station
10733762920,node,Main-Saint Gertrude,33.7195256,-117.8678564,,,bus_stop,,platform
10733762928,node,Halladay-Central,33.7136367,-117.8592011,,,bus_stop,,platform
10733763097,node,Warner-Halladay,33.7161051,-117.8600815,,,bus_stop,,platform
10733763167,node,Halladay-Dyer,33.7089466,-117.8596226,,,bus_stop,,platform
10733763171,node,Warner-Halladay,33.7158955,-117.8595982,,,bus_stop,,platform
10733763474,node,Main-Warner,33.7167300,-117.8678172,,,bus_stop,,platform
10733763484,node,Halladay-Emmett,33.7117286,-117.8593632,,,bus_stop,,platform
10733763654,node,Warner-Standard,33.7160398,-117.8569943,,,bus_stop,,platform
10733763720,node,Halladay-Goetz,33.7118413,-117.8595741,,,bus_stop,,platform
10733763724,node,Warner-Maple,33.7159707,-117.8632323,,,bus_stop,,platform
10733764024,node,Main-Central,33.7137242,-117.8678698,,,bus_stop,,platform
10733764033,node,Halladay-Dyer,33.7090948,-117.8593786,,,bus_stop,,platform
10733764259,node,Halladay-Central,33.7140939,-117.8594355,,,bus_stop,,platform
10733764263,node,Warner-Main,33.7159463,-117.8673824,,,bus_stop,,platform
10733764562,node,Main-Dyer,33.7090854,-117.8678564,,,bus_stop,,platform
10733764796,node,Main-Saint Andrew,33.7222831,-117.8677726,,,bus_stop,,platform
10733764805,node,Halladay-Warner,33.7156902,-117.8594161,,,bus_stop,,platform
10733764979,node,Warner-Maple,33.7161061,-117.8640221,,,bus_stop,,platform
10733765028,node,Standard-Saint Andrew,33.7220536,-117.8566347,,,bus_stop,,platform
10750191801,node,,28.5422514,77.1572010,,,bus_stop,,
10750253402,node,,28.5309732,77.1494550,,,bus_stop,,
10765925691,node,A Block Super Bazar Jahangir Puri,28.7286393,77.1648198,,,,,platform
10768316750,node,GT Karnal Depot,28.7311611,77.1589945,,,,,platform
10772635242,node,Alpana Cinema,28.7030136,77.1938414,,,,,platform
10779376975,node,,28.6872465,77.1181011,,,,,platform
10779376976,node,Keshav Mahavidyalaya,28.6869618,77.1199156,,,,,platform
10779376981,node,Rani Bagh,28.6836970,77.1288662,,,,,platform
10779376986,node,Mahindra Park,28.6832369,77.1365842,,,,,platform
10779376987,node,Shakur Basti,28.6848323,77.1448186,,,,,platform
10779376988,node,New Moti Nagar B Block,28.6635952,77.1404211,,,,,platform
10779376993,node,Karampura Terminal,28.6600120,77.1435231,,,,,platform
10805073771,node,Roshanara Road,28.6690293,77.2046781,,,,,platform
10805073772,node,Roshanara Road,28.6691588,77.2046848,,,,,platform
10805073784,node,Roop Nagar,28.6827040,77.1976648,,,,,platform
10805073787,node,Rana Pratap Bagh,28.6882836,77.1936922,,,,,platform
10805073788,node,Rana Pratap Bagh,28.6889347,77.1929166,,,,,platform
10805073797,node,Model Town - II,28.7040201,77.1905302,,,,,platform
10805073798,node,Model Town - II,28.7042248,77.1906569,,,,,platform
10805073799,node,Model Town - III,28.7058886,77.1851255,,,,,platform
10805073800,node,Model Town - III,28.7060839,77.1853240,,,,,platform
10805073802,node,Azadpur,28.7076977,77.1802573,,,,,platform
10807055856,node,Sarai Peepal Thala,28.7207297,77.1666408,,,,,platform
10810782756,node,Adarsh Nagar,28.7174765,77.1699945,,,,,stop_position
10815867618,node,Hansraj College,28.6790992,77.2083695,,,bus_stop,,platform
10815867619,node,Kirorimal College,28.6834111,77.2085348,,,bus_stop,,platform
10815867620,node,Kirorimal College,28.6837487,77.2076634,,,bus_stop,,platform
10815867643,node,Ramjas College,28.6868441,77.2065872,,,bus_stop,,platform
10815867647,node,Daulat Ram College,28.6882746,77.2065598,,,bus_stop,,platform
10815867650,node,Sri Ram College,28.6891077,77.2069748,,,bus_stop,,platform
10815867652,node,Khalsa College,28.6947396,77.2097768,,,bus_stop,,platform
10815867666,node,New Police Lines,28.6996048,77.2029997,,,,,platform
10816761400,node,Police Station Sabzi Mandi,28.6691458,77.2079511,,,bus_stop,,platform
10816807221,node,Gully Dak Khana,28.6738301,77.2072457,,,bus_stop,,platform
10816807228,node,Malka Ganj,28.6774863,77.2078843,,,bus_stop,,platform
10816807229,node,Malka Ganj,28.6775155,77.2077605,,,bus_stop,,platform
10836222359,node,Jahangirpuri,28.7247751,77.1632734,,,,,platform
10855344997,node,New Sabzi Mandi,28.7142718,77.1721687,,,,,platform
10855344999,node,New Sabzi Mandi,28.7144884,77.1719897,,,,,platform
10855504784,node,Adarsh Nagar,28.7158181,77.1708080,,,,,platform
10857919909,node,Bapu Dham,28.5993450,77.1760257,,,bus_stop,,platform
10857919910,node,Sardar Patel Marg,28.5972588,77.1714812,,,bus_stop,,platform
10857919911,node,Bapu Dham,28.5992123,77.1751436,,,bus_stop,,platform
10857919912,node,Railway Colony,28.6007677,77.1786526,,,bus_stop,,platform
10857919913,node,,28.5909474,77.1591254,,,bus_stop,,platform
10857919914,node,Railway Colony,28.6006734,77.1779417,,,bus_stop,,platform
10869743446,node,Mundka Industrial Area,28.6833128,77.0181862,,,,,platform
10892477611,node,Bhalaswa Crossing,28.7373089,77.1666094,,,,,platform
10894123806,node,Akshardam Pillar 36 Bus Stand,28.6159165,77.2816053,,,,bus_station,
10913747954,node,Timarpur,28.7009912,77.2210838,,,,,platform
10913747960,node,Nehru Vihar Crossing,28.7088917,77.2259525,,,,,platform
10913747965,node,Balak Ram Hospital,28.7049465,77.2231217,,,,,platform
10913747970,node,Timarpur,28.7009432,77.2213676,,,,,platform
10915575378,node,Holambi Khurd Crossing,28.7971450,77.1173501,,,,,platform
10915575383,node,Jeet Farm,28.8002136,77.1146612,,,,,platform
10915575384,node,Shahpur Garhi,28.8173744,77.1027468,,,,,platform
10915587217,node,Bhor Garh,28.8291228,77.0946519,,,,,platform
10915587218,node,,28.8323079,77.0936625,,,,,platform
10915587308,node,,28.8409615,77.1020119,,,,,platform
10915587324,node,,28.8490506,77.0984741,,,,,platform
10917399783,node,,28.7088655,77.2420425,,,,,platform
10917399785,node,,28.7052692,77.2513601,,,,,platform
10917399794,node,,28.7012116,77.2908693,,,,,platform
10917399797,node,Guru Nanak Sar,28.7089433,77.2400934,,,,,platform
10917399800,node,,28.7031004,77.2706888,,,,,platform
10921249471,node,Sant Ravidas Nagar,28.7304646,77.1679637,,,,,platform
10922685709,node,Mansarovar Park,28.6753850,77.3008678,station,subway,,,station
10989356579,node,Libaspur,28.7501041,77.1507553,,,,,platform
11003284958,node,tughlkabad metro station,28.4969219,77.3019059,stop,,,,stop_position
11016981552,node,Azadpur,28.7074630,77.1783376,,,,,stop_position
11016981553,node,ITI,28.7320221,77.1707624,,,,,stop_position
11017150571,node,Delhi Junction,28.6618882,77.2279088,stop,,,,stop_position
11019892302,node,ITI,28.7321488,77.1707665,,,,,stop_position
11066429519,node,Laxmi Nagar,28.6298153,77.2769982,,,,,platform
11088405790,node,Adarsh Nagar,28.7170389,77.1702505,,,,,stop_position
11088405795,node,Sarai Peepal Thala,28.7195138,77.1682415,,,,,stop_position
11088405800,node,Adarsh Nagar,28.7171546,77.1704265,,,,,stop_position
11115123922,node,,28.6760970,77.2023959,,,,,platform
11124618446,node,,28.7350098,77.1560175,,,,,platform
11124618447,node,,28.7649364,77.1459076,,,,,platform
11124618452,node,,28.7742034,77.1434963,,,,,platform
11124618461,node,Budh Pur,28.7885495,77.1416737,,,,,platform
11124618465,node,,28.7937503,77.1407644,,,,,platform
11124618468,node,,28.7973172,77.1329404,,,,,platform
11124618469,node,,28.7980188,77.1272850,,,,,platform
11124618470,node,,28.7966367,77.1396366,,,,,platform
11132259205,node,Batra Cinema,28.7113911,77.2151015,,,bus_stop,,platform
11142029176,node,Laxmi Nagar,28.6297024,77.2768897,,,,,stop_position
11142029177,node,Laxmi Nagar,28.6296651,77.2768490,,,,,platform
11142029178,node,Mangalam,28.6216402,77.2948497,,,,,stop_position
11142029179,node,Mangalam,28.6218027,77.2949465,,,,,platform
11142029180,node,Laxmi Nagar,28.6297709,77.2769406,,,,,stop_position
11143165114,node,I-block,28.5794610,77.1929698,,,bus_stop,,
11156968794,node,Metcalfe House,28.6819576,77.2289485,,,,,platform
11157984739,node,Bara Bagh,28.7015332,77.1832184,,,,,platform
11174317216,node,Kashmere Gate,28.6686728,77.2280510,station,subway,,,station
11191168637,node,LAMPUR,28.8522860,77.0658502,,,bus_stop,,
11203142798,node,Yashobhoomi Dwarka Sector 25,28.5508323,77.0453073,station,subway,,,station
11242942290,node,BBM Depot,28.7043414,77.2110348,,,bus_stop,,platform
11242951122,node,Sewa Kutir,28.7021473,77.2096512,,,bus_stop,,
11242951704,node,Hakikat Nagar,28.6989890,77.2080659,,,bus_stop,,
11242960057,node,Sewa Kutir,28.7027163,77.2097340,,,bus_stop,,
11255312251,node,Pant Nagar,28.5841191,77.2405666,,,bus_stop,,platform
11260274526,node,Pant nagar,28.5834391,77.2405194,,,bus_stop,,platform
11265917288,node,,28.5498441,77.2038453,,,bus_stop,,
11389511379,node,Rohini Sector 11,28.7343824,77.1153796,,,,,platform
11395676231,node,Rohini Sector 17 A-2,28.7387605,77.1172884,,,,,platform
11395676244,node,,28.7388162,77.1176290,,,,,platform
11395676245,node,Rohini Sector 11,28.7338713,77.1156698,,,,,platform
11395676246,node,Rohini Sector 16,28.7385006,77.1173628,,,,,platform
11399920331,node,Rithala Metro Station,28.7197458,77.1086676,,,,,platform
11399920339,node,Rithala Metro Station,28.7195746,77.1084851,,,,,platform
11403032244,node,Ambedkar Hospital Sector - 6,28.7164270,77.1134388,,,,,platform
11403032251,node,DAV School,28.6998654,77.1439199,,,,,platform
11403032252,node,,28.7114226,77.1202425,,,,,platform
11403032263,node,,28.7063427,77.1380580,,,,,platform
11403032264,node,,28.6951251,77.1504242,,,,,platform
11403032265,node,,28.6513688,77.1589419,,,,,platform
11403032267,node,Madhuban Chowk,28.7055142,77.1320495,,,,,platform
11403077871,node,,28.7117475,77.1202299,,,,,platform
11403077884,node,Rajiv Gandhi Cancer Hospital,28.7172487,77.1117914,,,,,platform
11407244884,node,Rohini Sector - 9,28.7138096,77.1172254,,,,,platform
11409079448,node,Rohini Sector 7 and 8,28.7083733,77.1251756,,,,,platform
11438921337,node,New Rajdhani Enclave,28.6420803,77.2962272,,,,,platform
11442803118,node,Rohini Sector 14 Fire Station,28.7070375,77.1269927,,,,,platform
11484531010,node,Power House,28.7076972,77.1345543,,,,,platform
11486389544,node,Badli Crossing,28.7277268,77.1447463,,,,,platform
11518570706,node,Dilshad Garden GT Road,28.6759541,77.3138588,,,,,platform
11536431601,node,,28.5566692,77.0850563,,,bus_stop,,platform
11536431602,node,Terminal 2,28.5580043,77.0877135,,,bus_stop,,platform
11537020807,node,Libaspur,28.7524777,77.1493314,,,,,platform
11537020808,node,Sanjay Gandhi Transport Nagar,28.7415372,77.1513758,,,,,platform
11537020809,node,,28.7428907,77.1465785,,,,,platform
11537020810,node,,28.7446072,77.1446661,,,,,platform
11537020815,node,Samaypur Badli,28.7452299,77.1368003,,,,,stop_position
11697504080,node,Tughlkabad railway station,28.5039869,77.2938193,station,,,,station
11697541590,node,Badarpur border metro station,28.4958117,77.3023470,stop,,,,stop_position
11698602001,node,Badli Telephone Exchange,28.7448893,77.1320583,,,bus_stop,,platform
11698616625,node,Rohini DTC Depot 4,28.7449025,77.1305025,,,bus_stop,,platform
11698643125,node,Shahbad Dairy,28.7436709,77.1270451,,,bus_stop,,platform
11710618569,node,Flixbus to Rishikes,28.6669946,77.2279158,,,bus_stop,,
11726428655,node,Old Delhi Railway Station,28.6603448,77.2272057,,,bus_stop,,platform
11726447699,node,Old Delhi Railway Station,28.6602652,77.2298487,,,bus_stop,,platform
11738836533,node,Geeta Ashram Sadar Bazar,28.5922137,77.1209742,,,bus_stop,,platform
11747659570,node,Shaheed Baghat Singh Marg,28.6332022,77.2122907,,,bus_stop,,platform
11750669467,node,St. Martin's School,28.5965164,77.1459520,,,bus_stop,,platform
11750669468,node,St. Martin's School,28.5966957,77.1458590,,,bus_stop,,platform
11752588501,node,Golf Club,28.5940128,77.1559044,,,bus_stop,,platform
11752588502,node,Golf Club,28.5936836,77.1560915,,,bus_stop,,platform
11752639800,node,More Lines,28.5831250,77.1174069,,,bus_stop,,platform
11752639801,node,More Lines,28.5832590,77.1174806,,,bus_stop,,platform
11752639802,node,Kabul Line,28.5976991,77.1292543,,,bus_stop,,platform
11758162011,node,Srinagesh Garden,28.5966635,77.1407855,,,bus_stop,,platform
11758212261,node,Tigris Road Junction,28.5895524,77.1286115,,,bus_stop,,platform
11758285828,node,Gully Dak Khana,28.6738317,77.2071284,,,bus_stop,,platform
11758293945,node,Police Station Paharganj,28.6461197,77.2084708,,,bus_stop,,platform
11758302616,node,Guru Govind Singh Marg More,28.6531973,77.2023515,,,bus_stop,,platform
11758302617,node,Faiz Road,28.6494367,77.1997283,,,bus_stop,,platform
11758308001,node,Police Station Sabzi Mandi,28.6693943,77.2075388,,,bus_stop,,platform
11758310775,node,Azad Market,28.6633089,77.2070899,,,bus_stop,,platform
11758363270,node,Hansraj College,28.6785425,77.2090092,,,bus_stop,,platform
11758390166,node,Ramjas College,28.6866978,77.2066771,,,bus_stop,,platform
11765176107,node,Model Basti,28.6572566,77.2035524,,,bus_stop,,platform
11765231237,node,Karol Bagh Terminal,28.6482750,77.2008227,,,,bus_station,station
11773279309,node,Kirby Place,28.6048551,77.1283102,,,bus_stop,,platform
11778249068,node,Talkatora Stadium,28.6211310,77.1936359,,,bus_stop,,platform
11778257669,node,R.M.L. Hospital,28.6226800,77.1965453,,,bus_stop,,platform
11778257670,node,R.M.L. Hospital,28.6224132,77.1967058,,,bus_stop,,platform
11778280019,node,Karol Bagh Terminal,28.6480760,77.2012538,,,bus_stop,,platform
11778326291,node,Chitragupta Road,28.6437678,77.2090482,,,bus_stop,,platform
11778326292,node,Police Station Paharganj,28.6459710,77.2079329,,,bus_stop,,platform
11778344366,node,Hansraj College,28.6785719,77.2098379,,,bus_stop,,platform
11778344679,node,Shriram Institute,28.6813775,77.2123236,,,bus_stop,,platform
11778344681,node,Shriram Institue,28.6795362,77.2117569,,,bus_stop,,platform
11778353734,node,Kalavati Hospital,28.6381597,77.2107523,,,bus_stop,,platform
11779489231,node,Shivaji Stadium Terminal,28.6330539,77.2156820,,,,,stop_position
11779750785,node,,28.6676684,77.2108341,,,bus_stop,,platform
11786839225,node,Ludlow Castle,28.6724118,77.2260174,,,bus_stop,,platform
11786839226,node,Ludlow Castle,28.6723647,77.2257905,,,bus_stop,,platform
11786886124,node,Civil Lines Metro Station,28.6767184,77.2250249,,,bus_stop,,platform
11792835530,node,Guru Govind Singh Marg More,28.6541315,77.2030364,,,bus_stop,,platform
11792866471,node,Bara Hindu Rao,28.6600605,77.2030035,,,bus_stop,,platform
11792937575,node,Talkatora Garden,28.6209531,77.1938306,,,bus_stop,,platform
11792940416,node,Gyarah Murti,28.6109034,77.1907244,,,bus_stop,,platform
11806627434,node,,28.6551691,77.2045835,,,bus_stop,,
11823656858,node,Minto Road,28.6413659,77.2261880,,,bus_stop,,platform
11823656863,node,Minto Road,28.6414946,77.2259883,,,,,platform
11834901854,node,Rithala,28.7203101,77.1082353,,,,,stop_position
11834901855,node,Rithala,28.7204697,77.1082335,,,,,stop_position
11881256671,node,,28.5908350,77.1589492,,,,,platform
11898794577,node,Videocon Tower,28.6443170,77.2035629,,,,,platform
11934991627,node,,28.5410366,77.1562987,,,,,platform
11936486902,node,Akashwani Bhawan,28.6221544,77.2118683,,,,,platform
11936489298,node,Windsor Place,28.6194096,77.2175289,,,,,platform
11940083556,node,GTB Nagar Metro Station,28.6982456,77.2076614,,,,,stop_position
11940083557,node,Batra Cinema,28.7114188,77.2150455,,,,,stop_position
11943966694,node,Mayur Vihar Phase 2 (Terminal),28.6204448,77.3039991,,,,,platform
11943966721,node,East Vinod Nagar-Mayur Vihar 2,28.6203933,77.3046149,,,,,platform
11949734333,node,More Lines,28.5831702,77.1164785,,,bus_stop,,platform
11949736082,node,GTB Nagar Metro Station,28.6982214,77.2077124,,,,,platform
11949741100,node,,28.6982220,77.2077017,,,,,platform
11949799383,node,Jhori Mal International School,28.5959339,77.0692210,,,bus_stop,,platform
11949805553,node,Batra Cinema,28.7113746,77.2150831,,,,,platform
11951217084,node,Fateh Nagar,28.6309141,77.0989967,,,,,platform
11951217085,node,Tilak Nagar,28.6345902,77.0973724,,,,,platform
11951217086,node,Hari Nagar Depot,28.6240702,77.1019862,,,,,platform
11951279466,node,Keshavpur Depot,28.6513563,77.0867872,,,,,platform
11951279467,node,"C-1, Janakpuri",28.6178601,77.0770628,,,,,platform
11951279468,node,"C-1, Janakpuri",28.6161075,77.0813981,,,,,platform
11951301171,node,Manohar Nagar,28.6433902,77.0831810,,,,,platform
11951301173,node,Raghu Nagar,28.6124111,77.0885191,,,,,platform
11951301177,node,Major Bhupinder Singh Nagar,28.6471652,77.0849198,,,,,platform
11951301179,node,Manohar Nagar,28.6424050,77.0832435,,,,,platform
11951301180,node,District Centre Janakpuri,28.6327633,77.0813821,,,,,platform
11951301183,node,Nangal Rai/ D Block Janakpuri,28.6095850,77.1064570,,,,,platform
11951301184,node,Nangal Rai/ D Block Janakpuri,28.6094129,77.1065940,,,,,platform
11951301185,node,Krishna Park,28.6390912,77.0819433,,,,,platform
11951374324,node,Fateh Nagar,28.6312163,77.0986144,,,,,platform
11951374325,node,G Block Hari Nagar,28.6274268,77.1005192,,,,,platform
11951374326,node,G Block Hari Nagar,28.6276112,77.1001648,,,,,platform
11964670550,node,Blood Bank,28.5867743,77.1184505,,,,,platform
11964670551,node,Blood Bank,28.5870746,77.1184374,,,,,platform
11964672209,node,Palam More,28.5801454,77.1238757,,,,,platform
11971299288,node,Maurice Nagar 2,28.6866119,77.2058002,,,bus_stop,,platform
11971299289,node,Maurice Nagar 2,28.6865071,77.2055367,,,bus_stop,,platform
11982168862,node,E.S.I WATER TANK,28.6665573,77.3046010,,,bus_stop,,platform
11982168863,node,E S.I HOSPITAL WATER TANK,28.6668307,77.3047104,,,bus_stop,,platform
11982196907,node,ESI HOSPITAL,28.6664988,77.3095545,,,bus_stop,,platform
11982201441,node,E.S.I HOSPITAL,28.6659987,77.3108135,,,bus_stop,,platform
11982446645,node,G.T.B Hospital,28.6836831,77.3113653,,,bus_stop,,platform
11998758437,node,Sarojini Nagar Market,28.5797589,77.1967413,,,bus_stop,,
12000320145,node,Panchsheel Enclave,28.5429991,77.2310830,,,bus_stop,,
12000546949,node,Government Senior Secondary School,28.6326941,77.2318652,,,bus_stop,,platform
12000546950,node,Government Senior Secondary School,28.6326170,77.2315877,,,bus_stop,,platform
12005322574,node,Nangal Raya,28.6128752,77.1096723,,,bus_stop,,platform
12011705389,node,,28.6003549,77.1397161,,,bus_stop,,platform
12011705464,node,Base Hospital,28.6067578,77.1371695,,,bus_stop,,platform
12022496645,node,Police Colony Mehram Magar,28.5628101,77.1268659,,,bus_stop,,platform
12022568494,node,,28.5722328,77.1798236,,,bus_stop,,
12039057570,node,,28.5783143,76.9558218,,,bus_stop,,
12094426681,node,CR Park,28.5410020,77.2491602,,,,,platform
12149316873,node,Krishna Park Extension,28.6477917,77.0843425,station,subway,,,station
12155450688,node,Sarojini Nagar,28.5811854,77.1963100,stop,,,,stop_position
12163145955,node,Lajpat Nagar,28.5790976,77.2439733,stop,,,,stop_position
12163145956,node,Lajpat Nagar,28.5789762,77.2439774,stop,,,,stop_position
12163145957,node,Lajpat Nagar,28.5789345,77.2439787,stop,,,,stop_position
12163204408,node,Sardar Patel Marg,28.5961514,77.1675705,stop,,,,stop_position
12163204426,node,Brar Square,28.6137219,77.1404339,stop,,,,stop_position
12163204427,node,Brar Square,28.6137091,77.1405853,stop,,,,stop_position
12163204435,node,Delhi Inderpuri,28.6270885,77.1436479,stop,,,,stop_position
12163204436,node,Delhi Inderpuri,28.6270981,77.1437036,stop,,,,stop_position
12185790494,node,West Vinod Nagar,28.6205624,77.2960320,,,,,platform
12186858948,node,Anand Vihar,28.6498207,77.3144877,,,,,stop_position
12186858949,node,Anand Vihar,28.6498005,77.3145107,,,,,stop_position
12186858950,node,Anand Vihar,28.6496858,77.3146063,,,,,stop_position
12186858951,node,Anand Vihar Terminal,28.6495976,77.3146924,,,,,stop_position
12186858952,node,Anand Vihar Terminal,28.6494840,77.3147955,,,,,stop_position
12186858953,node,Anand Vihar Terminal,28.6494327,77.3148560,,,,,stop_position
12186858954,node,Anand Vihar Terminal,28.6493047,77.3149842,,,,,stop_position
12186858955,node,Anand Vihar Terminal,28.6492386,77.3150519,,,,,stop_position
12186858956,node,Anand Vihar Terminal,28.6490997,77.3151857,stop,,,,stop_position
12186858958,node,Sarai Rohilla,28.6632589,77.1856042,,,,,stop_position
12194497183,node,Delhi Shahdara Junction,28.6729485,77.2924570,,,,,stop_position
12194497184,node,Delhi Shahdara Junction,28.6729829,77.2924557,,,,,stop_position
12194497185,node,Delhi Junction,28.6617448,77.2279026,stop,,,,stop_position
12196467720,node,Patel Chest,28.6923395,77.2086577,,,bus_stop,,platform
12196467729,node,Patel Chest,28.6924298,77.2084385,,,bus_stop,,platform
12196467752,node,Sri Ram College,28.6891809,77.2068829,,,bus_stop,,platform
12196467755,node,Daulat Ram College,28.6882401,77.2063971,,,bus_stop,,platform
12196479674,node,Khalsa College,28.6948595,77.2096621,,,bus_stop,,platform
12206943358,node,Satyam Apartment,28.5988074,77.3184899,,,bus_stop,,platform
12206943359,node,Doctors Apartment,28.5988684,77.3187182,,,bus_stop,,platform
12223606011,node,Naraina Vihar,28.6272355,77.1341948,,,bus_stop,,platform
12229130484,node,Kendriya Terminal,28.6213436,77.2064182,,,bus_stop,,platform
12229157386,node,Dharamshila Hospital,28.6020046,77.3137307,,,bus_stop,,platform
12229157387,node,Dharamshila Hospital,28.6021019,77.3139572,,,bus_stop,,platform
12236483133,node,Bus Pickup and Drop-off Point,28.5644518,77.1209602,,,bus_stop,,platform
12237122531,node,Bungalow Road,28.6843366,77.2034769,,,bus_stop,,platform
12237122745,node,Kamla Nagar,28.6840174,77.2023556,,,bus_stop,,platform
12237122746,node,Roop Nagar,28.6842306,77.2023109,,,bus_stop,,platform
12250037004,node,Police Station Roop Nagar,28.6845971,77.2037380,,,bus_stop,,platform
12250037006,node,Police Station Roop Nagar,28.6847852,77.2037581,,,bus_stop,,platform
12265822045,node,Kamla Nagar,28.6822265,77.1995795,,,bus_stop,,platform
12265822046,node,Kripal Bagh,28.6946251,77.1944936,,,bus_stop,,platform
12265822048,node,DTC Colony,28.6909286,77.1927024,,,bus_stop,,platform
12265822049,node,Kripal Bagh,28.6946061,77.1946958,,,bus_stop,,platform
12265822056,node,DTC Colony,28.6910164,77.1925098,,,,,platform
12265822058,node,Roop Nagar,28.6823766,77.1994653,,,bus_stop,,platform
12272555168,node,Base Hospital,28.6076370,77.1373726,,,,,platform
12353496795,node,4th Street @ South Avenue (northbound),37.4276870,-120.7657097,,,bus_stop,,platform
12353496796,node,4th Street @ South Avenue (southbound),37.4281628,-120.7658055,,,bus_stop,,platform
12353496797,node,4th @ El Capitan (southbound),37.4325170,-120.7750603,,,bus_stop,,platform
12353496798,node,4th @ El Capitan (northbound),37.4336851,-120.7760653,,,bus_stop,,platform
12353573204,node,Stephens Street @ Acacia Street (northbound),37.4306987,-120.7767509,,,bus_stop,,platform
12353573205,node,Stephens Street @ Acacia Street (southbound),37.4309085,-120.7772324,,,bus_stop,,platform
12353573209,node,Schendel Avenue @ Mimosa Avenue (eastbound),37.4267232,-120.7840798,,,bus_stop,,platform
12353573210,node,Schendel Avenue @ Mimosa Avenue (westbound),37.4268521,-120.7846097,,,bus_stop,,platform
12353573238,node,Schendel Avenue @ Driftwood Avenue/ Delhi High School (Westbound),37.4269110,-120.7919146,,,bus_stop,,platform
12353573239,node,Schendel Avenue @ Driftwood Avenue/ Delhi High School (Eastbound),37.4267892,-120.7923580,,,bus_stop,,platform
12353573271,node,Merced Avenue @ Darren Lane (northbound),37.4306565,-120.7950899,,,bus_stop,,platform
12390111350,node,Deepali Chowk,28.6980748,77.1182847,stop,,,,stop_position
12397227462,node,बापरोला गांव शिव मंदिर,28.6409343,77.0114144,,,bus_stop,,platform
12409568505,node,Multi Gym,28.6013816,77.3251415,,,bus_stop,,platform
12409568506,node,Multi Gym,28.6014247,77.3248977,,,bus_stop,,platform
12419809235,node,Mayur Vihar Phase III (T) Paper Market,28.6178606,77.3368203,,,bus_stop,,platform
12449648052,node,Trilopuri 36 Block,28.6068072,77.3015901,,,bus_stop,,platform
12449648053,node,Trilokpuri 36 Block,28.6066199,77.3015654,,,bus_stop,,platform
12449651393,node,Trilokpuri 26 Block,28.6075916,77.3042967,,,bus_stop,,platform
12449651394,node,Trilokpuri 26 Block,28.6074080,77.3042074,,,bus_stop,,platform
12478112132,node,Krishna Park Extension,28.6478016,77.0843102,,,,,stop_position
12478112133,node,Krishna Park Extension,28.6477782,77.0843808,,,,,stop_position
12478188645,node,New Ashok Nagar,28.5913032,77.3024534,stop,,,,stop_position
12478188646,node,New Ashok Nagar,28.5912731,77.3025051,stop,,,,stop_position
12478188647,node,New Ashok Nagar,28.5913212,77.3025205,station,,,,station
12478188648,node,Anand Vihar,28.6474450,77.3168663,stop,,,,stop_position
12478188649,node,Anand Vihar,28.6474885,77.3167135,stop,,,,stop_position
12487701824,node,Mayur Vihar Phase III X-ing,28.6025763,77.3254002,,,bus_stop,,platform
12522522728,node,Nangali Sakrawati Gaon,28.6162146,77.0070431,,,bus_stop,,platform
12531511896,node,Hauz Khas Terminal,28.5436745,77.2028264,,,bus_stop,,platform
12532394415,node,Hauz Khas Terminal,28.5429568,77.2019860,,,bus_stop,,platform
12538903253,node,Seelampur Metro Station,28.6704730,77.2666845,,,bus_stop,,platform
12538903254,node,Seelampur Metro Station,28.6709200,77.2654904,,,bus_stop,,platform
12538953142,node,Dwarka Sector 12 (Ashirwad Chowk),28.5958981,77.0495460,,,bus_stop,,platform
12538953143,node,Dwarka Sector 12 (Ashirwad Chowk),28.5956292,77.0489588,,,bus_stop,,platform
12546129841,node,Department of Transport,28.6789039,77.2191943,,,bus_stop,,platform
12546129842,node,Department of Transport,28.6787540,77.2191802,,,bus_stop,,platform
12564906538,node,Indraprastha College,28.6796884,77.2239530,,,bus_stop,,platform
12564906539,node,Indraprastha College,28.6793023,77.2239593,,,bus_stop,,platform
12593961705,node,"Mayur Vihar Phase - 3, Bus Stand",28.6140388,77.3373832,,,,bus_station,station
12620240428,node,Dwarka Sector 4&5 Crossing,28.5972543,77.0487196,,,bus_stop,,platform
12627811366,node,B.R.Ambedkar Kunj,28.5906418,77.0714343,,,bus_stop,,platform
12630122393,node,C-2B Janakpuri,28.6210724,77.0887761,,,bus_stop,,platform
12669960399,node,Goodwill Apartment,28.7209892,77.1346092,,,bus_stop,,platform
12673028266,node,Goodwill Apartment,28.7208563,77.1344670,,,bus_stop,,platform
12675708198,node,Anubhav Apartments,28.7220765,77.1326985,,,bus_stop,,platform
12684675497,node,Highland Apartments,28.5996019,77.3218362,,,bus_stop,,platform
12684675498,node,Highland Apartments,28.5994745,77.3219073,,,bus_stop,,platform
12698427061,node,Dwarka Sector 22 Cluster Depot,28.5529144,77.0535301,,,bus_stop,,platform
12698431872,node,,28.5516759,77.0568353,,,bus_stop,,platform
12722875206,node,Prashant Vihar Xing,28.7186304,77.1387262,,,bus_stop,,platform
12723593050,node,Prashant Vihar Xing,28.7188581,77.1387692,,,bus_stop,,platform
12758767358,node,Army Public School,28.6015297,77.1684706,,,bus_stop,,platform
12758767359,node,Army Public School,28.6024038,77.1686852,,,bus_stop,,platform
12768217859,node,Indian National Airways,28.5765086,77.2134209,,,bus_stop,,platform
12771989926,node,Raja Garden,28.6516842,77.1246816,,,bus_stop,,platform
12785083290,node,Buddha Jayanti Park,28.6155719,77.1755291,,,bus_stop,,platform
12785083291,node,Buddha Jayanti Park,28.6159361,77.1755004,,,bus_stop,,platform
12786465516,node,Delhi Cantt,28.6084645,77.1403043,,,,,platform
12786465517,node,Gopinath Bazar,28.5964263,77.1323645,,,,,platform
12787805678,node,North Moti Bagh,28.5773334,77.1770249,,,bus_stop,,platform
12791142281,node,,28.7201953,77.1350708,,,,,platform
12791142282,node,,28.7201815,77.1350893,,,,,stop_position
12791142283,node,,28.7088448,77.1249782,,,,,stop_position
12791142285,node,,28.7088681,77.1249280,,,,,platform
12791183428,node,Ravinder Rang Shala,28.6400900,77.1943802,,,bus_stop,,platform
12828356138,node,Sai Baba Chowk,28.7089729,77.1236469,,,bus_stop,,platform
12837330016,node,25,28.6692160,77.2310734,,,,,platform
12837330020,node,27,28.6691229,77.2311065,,,,,platform
12837330021,node,28,28.6690178,77.2311496,,,,,platform
12837330022,node,29,28.6689626,77.2311648,,,,,platform
12837330023,node,30,28.6689064,77.2311794,,,,,platform
12837330024,node,31,28.6688658,77.2311992,,,,,platform
12837330025,node,32,28.6688161,77.2312227,,,,,platform
12837330026,node,33,28.6687597,77.2312365,,,,,platform
12837330027,node,34,28.6687121,77.2312638,,,,,platform
12837330028,node,35,28.6686647,77.2312813,,,,,platform
12837330029,node,36,28.6686209,77.2312971,,,,,platform
12837330030,node,26,28.6691704,77.2310922,,,,,platform
12837330032,node,24,28.6692691,77.2310501,,,,,platform
12837330033,node,22,28.6693216,77.2309348,,,,,platform
12837330034,node,21,28.6693103,77.2308940,,,,,platform
12837330035,node,20,28.6692954,77.2308540,,,,,platform
12837330036,node,19,28.6692840,77.2308160,,,,,platform
12837330037,node,18,28.6692726,77.2307820,,,,,platform
12837330038,node,17,28.6692604,77.2307427,,,,,platform
12837330039,node,16,28.6692510,77.2307054,,,,,platform
12837330040,node,14,28.6692396,77.2306694,,,,,platform
12837330041,node,13,28.6692284,77.2306329,,,,,platform
12837330042,node,12,28.6692197,77.2306004,,,,,platform
12837330043,node,11,28.6692095,77.2305678,,,,,platform
12837330044,node,10,28.6691994,77.2305335,,,,,platform
12837330045,node,9,28.6691919,77.2305045,,,,,platform
12837330046,node,8,28.6691825,77.2304671,,,,,platform
12837330047,node,23,28.6693142,77.2310036,,,,,platform
12837330048,node,6,28.6691591,77.2303965,,,,,platform
12837330063,node,7,28.6691711,77.2304311,,,,,platform
12861838914,node,Shastri Park,28.6731414,77.2557940,,,bus_stop,,platform
12880649658,node,New Ashok Nagar (Namo Bharat Station),28.5901886,77.3002944,,,bus_stop,,
12904076126,node,ABC Block Sitapuri,28.6096947,77.0809186,,,bus_stop,,platform
12904076127,node,New Dwarka Road Sitapuri,28.6090746,77.0805320,,,bus_stop,,platform
12904084471,node,Vaishali Enclave,28.6080566,77.0822280,,,bus_stop,,platform
12904084472,node,Vaishali Enclave,28.6081601,77.0820251,,,bus_stop,,platform
12904162772,node,Dashrath Puri,28.6033412,77.0828080,,,bus_stop,,platform
12904162773,node,Dashrath Puri,28.6034825,77.0826091,,,bus_stop,,platform
12949184778,node,Hansraj College,28.6792029,77.2081931,,,bus_stop,,platform
13047906129,node,Vijay Nagar,28.6922131,77.2073540,,,bus_stop,,platform
13050645986,node,Mayur Vihar - I,28.6046303,77.2967607,,,bus_stop,,platform
13050645988,node,Mayur Vihar - I,28.6047213,77.2968790,,,bus_stop,,platform
13052281194,node,Dharmshila Crossing,28.6037490,77.3103012,,,,,platform
13052281195,node,Dharmshila Crossing,28.6036533,77.3104954,,,,,platform
13059599392,node,Chirag Delhi,28.5369692,77.2323486,,,bus_stop,,platform
13059709501,node,Sarita Vihar A Block,28.5346930,77.2905056,,,bus_stop,,platform
13107967210,node,Pandav Nagar Police Station,28.6145630,77.2902536,,,,,platform
13124868267,node,,28.7916406,77.0758697,,,bus_stop,,platform
13124868268,node,,28.7914290,77.0748585,,,bus_stop,,platform
13127354063,node,,28.7449655,77.0506999,,,bus_stop,,platform
13127354143,node,,28.7564787,77.0577970,,,bus_stop,,platform
13127354144,node,,28.7563729,77.0568851,,,bus_stop,,platform
13127354147,node,,28.7648917,77.0612919,,,bus_stop,,platform
13127354148,node,,28.7647812,77.0600393,,,bus_stop,,platform
13131428396,node,DPS BUS STOP,28.5718348,77.1755809,,,bus_stop,,platform
13134516566,node,ESIC,28.6092741,77.2951232,,,,,platform
13134516567,node,ESIC,28.6092653,77.2950693,,,bus_stop,,platform
13134516568,node,Shashi Garden Mother Dairy,28.6114024,77.2955290,,,bus_stop,,platform
13134516569,node,Shashi Garden Mother Dairy,28.6113681,77.2954690,,,bus_stop,,platform
13134516570,node,Transport Authority,28.6046346,77.2948724,,,bus_stop,,platform
13134516571,node,Transport Authority,28.6046931,77.2948516,,,bus_stop,,platform
13136197929,node,,28.5859197,77.1911209,,,bus_stop,,
13141874772,node,52,28.6686128,77.2302923,,,,,platform
13141874773,node,53,28.6685389,77.2303152,,,,,platform
13141874774,node,54,28.6684671,77.2303360,,,,,platform
13146413422,node,,28.7810575,77.0701364,,,bus_stop,,platform
13146413423,node,,28.7791932,77.0682406,,,bus_stop,,platform
13146724927,node,GT Karnal Depot,28.7310686,77.1585512,,,bus_stop,,platform
13148702052,node,,28.5515827,77.0528188,,,bus_stop,,platform
13148706212,node,,28.5857418,77.0069396,,,bus_stop,,platform
13148706213,node,,28.5856146,77.0076987,,,bus_stop,,platform
13148706214,node,,28.5752321,77.0072535,,,bus_stop,,platform
13236032701,node,N.H.A.I. Building,28.5784377,77.0589884,,,bus_stop,,
13236425442,node,Geeta Colony (Block - 6) Ramleela Grouns,28.6547705,77.2752752,,,bus_stop,,platform
13236862491,node,Jheel Terminal,28.6591541,77.2729203,,,bus_stop,,platform
13237460855,node,Delhi Government Dispensary,28.6007291,77.3170861,,,bus_stop,,platform
13237587735,node,Delhi Goverment Dispensary,28.6007743,77.3170397,,,bus_stop,,platform
13238880327,node,Burari,28.7298591,77.1993105,stop,,,,stop_position
13238880328,node,Burari,28.7297981,77.1998366,stop,,,,stop_position
13244313993,node,Domestic Airport,28.5666968,77.1238950,,,bus_stop,,platform
13244556901,node,Palam More/CGDA,28.5681997,77.1297634,,,bus_stop,,platform
13264591157,node,Shadipur Colony,28.6516967,77.1561149,,,bus_stop,,platform
13266921256,node,Avantika Pole Star,28.6984411,77.0970777,,,bus_stop,,platform
13266921260,node,Mangolpuri Y Block,28.7028556,77.0894858,,,bus_stop,,platform
13266921261,node,Mangol Pur Khurd,28.7001073,77.0942742,,,,,platform
13266925467,node,Pashchim Vihar (Super Bazaar),28.6789068,77.1006632,,,bus_stop,,
13269526176,node,Harewali Bus Terminal,28.8310807,77.0075606,,,,bus_station,station
13269544856,node,Harewali Bus Terminal,28.8311200,77.0074627,,,,bus_station,station
13269576227,node,Harewali Gaon (T),28.8312293,77.0074401,,,bus_stop,,platform
13269577291,node,Harewali Gaon (T),28.8313299,77.0077073,,,bus_stop,,platform
13270043791,node,Sarai Basti,28.6686971,77.1757657,,,bus_stop,,platform
13270061457,node,Azad Market,28.6646327,77.2070835,,,bus_stop,,platform
13270061458,node,Azad Market,28.6643880,77.2069944,,,bus_stop,,platform
13271119775,node,Avantika Pole Star,28.6984323,77.0970728,,,,,stop_position
13271119776,node,Mangol Pur Khurd,28.7001015,77.0942697,,,,,stop_position
13271119777,node,Mangolpuri Y Block,28.7028528,77.0894837,,,,,stop_position
13271119778,node,Krishan Vihar,28.7095891,77.0810665,,,bus_stop,,platform
13271119779,node,Krishan Vihar,28.7096037,77.0811165,,,,,stop_position
13271119780,node,Krishan Vihar,28.7096219,77.0811981,,,,,stop_position
13271119781,node,Krishan Vihar,28.7096362,77.0812368,,,bus_stop,,platform
13271119782,node,Brahm Shakti Hospital,28.7120235,77.0807203,,,,,stop_position
13271119783,node,Brahm Shakti Hospital,28.7120286,77.0808097,,,bus_stop,,platform
13271119784,node,Pooth Kalan,28.7157235,77.0742299,,,,,stop_position
13271119785,node,Pooth Kalan,28.7157524,77.0742604,,,bus_stop,,platform
13271119786,node,Rohini Sec 21,28.7187963,77.0696329,,,,,stop_position
13271119787,node,Rohini Sec 21,28.7188681,77.0696940,,,bus_stop,,platform
13271119788,node,Begumpur,28.7211596,77.0659808,,,,,stop_position
13271119789,node,Begumpur,28.7212132,77.0660180,,,bus_stop,,platform
13272193261,node,37,28.6684590,77.2312306,,,,,platform
13272193262,node,45,28.6683192,77.2307833,,,,,platform
13272193263,node,41,28.6683978,77.2310172,,,,,platform
13272193264,node,44,28.6683402,77.2308485,,,,,platform
13272193265,node,43,28.6683596,77.2308961,,,,,platform
13272193266,node,42,28.6683742,77.2309570,,,,,platform
13272193267,node,40,28.6684110,77.2310608,,,,,platform
13272193268,node,39,28.6684256,77.2311099,,,,,platform
13272193269,node,38,28.6684472,77.2311716,,,,,platform
13274142961,node,,28.5900334,77.3021062,,,bus_stop,,platform
13274190776,node,New Ashok Nagar Metro Station,28.5890326,77.3020154,,,bus_stop,,platform
13275109597,node,Post office,28.6747850,77.2073476,,,,,platform
13284721237,node,Nangia Park,28.6803082,77.1961531,,,bus_stop,,platform
13284721238,node,Nangia Park,28.6798486,77.1957634,,,bus_stop,,platform
13294710269,node,Shuttle Bus for Terminal 1,28.5490353,77.1194315,,,bus_stop,,
13294717804,node,Police Colony Mehram Magar,28.5627842,77.1264406,,,bus_stop,,platform
13306261616,node,Kendriya Terminal,28.6172056,77.2056082,,,,,platform
13306261619,node,Chitragupta Road,28.6437965,77.2092732,,,,,platform
13397543559,node,Yojana Vihar,28.6598057,77.3152785,,,bus_stop,,platform
13397746863,node,D-Block Surajmal Vihar,28.6601328,77.3079710,,,bus_stop,,platform
13397792450,node,D-Block Surajmal Vihar,28.6599518,77.3082301,,,bus_stop,,platform
13410195501,node,Karampura Terminus,28.6609136,77.1425159,,,bus_stop,,
13410249448,node,Subhash Place,28.6940614,77.1510673,,,bus_stop,,platform
13410249449,node,Subhash Place,28.6938403,77.1509761,,,bus_stop,,platform
13421740176,node,Anand Vihar ISBT,28.6467890,77.3178413,,,,,stop_position
13421995364,node,Anand Vihar ISBT,28.6489840,77.3182876,,,bus_stop,,platform
13422069197,node,Mayur Vihar Phase 1 Metro Station,28.6034055,77.2901929,,,bus_stop,,platform
13422145236,node,Mayur Vihar Phase 1 Metro Station,28.6032293,77.2901342,,,bus_stop,,platform
13429976032,node,,28.6771782,77.1889303,,,bus_stop,,platform
13429976048,node,Shastri Nagar Metro Station,28.6700741,77.1805340,,,,,platform
13429976054,node,"Shastri Nagar, Shiv Mandir",28.6714668,77.1730600,,,,,platform
13430028095,node,Inderlok,28.6734022,77.1689985,,,bus_stop,,platform
13433979123,node,Nari Niketan,28.6220649,77.1029131,,,bus_stop,,platform
13438529960,node,LNJP Hospital,28.6401270,77.2347459,,,,,platform
13449900122,node,Maya Enclave BSES Office,28.6204139,77.1108719,,,bus_stop,,platform
13455403533,node,Hari Nagar Shaheed Pawan Sahni Chowk,28.6245927,77.1106628,,,bus_stop,,platform
13459790690,node,Agrasen Hospital,28.6745530,77.1346765,,,bus_stop,,platform
13461861449,node,Nangli Poona,28.7746663,77.1434462,,,bus_stop,,platform
13464083101,node,,28.7120009,77.1277915,,,bus_stop,,platform
13464083102,node,,28.7119245,77.1278943,,,bus_stop,,platform
13472718911,node,Sindhora Kalan,28.6782036,77.1877386,,,bus_stop,,platform
13472718913,node,Sindhora Kalan,28.6783409,77.1878947,,,bus_stop,,platform
13472740363,node,B-3 Keshav Puram,28.6855123,77.1634675,,,bus_stop,,platform
13472740367,node,B-4 Keshav Puram,28.6874793,77.1625605,,,bus_stop,,platform
13472740369,node,B-3 Keshav Puram,28.6860481,77.1628688,,,bus_stop,,platform
13472740370,node,B-4 Keshav Puram,28.6874958,77.1621813,,,bus_stop,,platform
13472751945,node,C-2 Keshav Puram,28.6874070,77.1540526,,,bus_stop,,platform
13472788006,node,,28.6824303,77.1468628,,,bus_stop,,platform
13476039521,node,Metal Forzing,28.6288475,77.1230083,,,bus_stop,,platform
13476041979,node,Police Station Mayapuri,28.6252223,77.1199675,,,bus_stop,,platform
13476079131,node,Gulab House,28.6220039,77.1169081,,,bus_stop,,platform
13476079132,node,Gulab House,28.6222853,77.1174433,,,bus_stop,,platform
13476081162,node,Junk Market,28.6180560,77.1122680,,,bus_stop,,platform
13478142025,node,,28.6326249,77.1901592,,,bus_stop,,platform
13506157299,node,C6B Janakpuri,28.6132320,77.0984273,,,bus_stop,,platform
13506157300,node,Bharati College,28.6224454,77.0938092,,,bus_stop,,platform
13506199701,node,C5A Janakpuri,28.6158156,77.0967919,,,bus_stop,,platform
13508198881,node,Dariyapur Village,28.8127291,77.0089973,,,bus_stop,,platform
13508202910,node,Dariyapur Mandir,28.8163800,77.0073414,,,bus_stop,,platform
13508203070,node,Dariyapur Village,28.8128017,77.0090849,,,bus_stop,,platform
13508211658,node,Nangal Mod,28.8116476,77.0108712,,,bus_stop,,platform
13508212026,node,Dariyapur Mandir,28.8163625,77.0075050,,,bus_stop,,platform
13508224127,node,Harewali Mod / Harewali Crossing,28.8185220,77.0027552,,,bus_stop,,platform
13508224877,node,Harewali Mod / Harewali Crossing,28.8185310,77.0030550,,,bus_stop,,platform
13508231019,node,Nangal Mod,28.8117321,77.0109632,,,bus_stop,,platform
13508782913,node,Swarg Ashram,28.6308656,77.1148722,,,bus_stop,,platform
13508782914,node,Swarg Ashram,28.6309797,77.1150465,,,bus_stop,,platform
13511267404,node,Hudson Lane NDPL Office,28.6939865,77.2043397,,,bus_stop,,platform
13511267405,node,Hudson Lane NDPL Office,28.6936978,77.2047145,,,bus_stop,,platform
13511321476,node,Loha Mandi,28.6401658,77.1455583,,,bus_stop,,platform
13511366930,node,Punjabi Bagh Rohtak Road,28.6734675,77.1437612,,,bus_stop,,platform
13511375090,node,ESI Dispensery,28.6607566,77.1488765,,,bus_stop,,platform
13511451744,node,Metal Forzing,28.6290678,77.1228775,,,bus_stop,,platform
13511800500,node,,28.7075923,77.1089148,,,,,platform
13511821401,node,Kapil Vihar,28.6995283,77.1346151,,,,,platform
13511821402,node,,28.7016494,77.1175270,,,,,platform
13511821403,node,,28.6864954,77.1361294,,,,,platform
13511821404,node,,28.6854655,77.1412083,,,,,platform
13511821405,node,,28.6895032,77.1355043,,,,,platform
13511821406,node,,28.6895075,77.1353373,,,,,platform
13511821407,node,,28.7091639,77.1053275,,,,,platform
13511821408,node,,28.6852986,77.1412813,,,,,platform
13511821409,node,,28.7021098,77.0990689,,,,,platform
13511821411,node,,28.6949038,77.1346593,,,,,platform
13511821412,node,,28.6928000,77.1351499,,,,,platform
13511821413,node,Nahar Pur Village,28.7042718,77.1134055,,,,,platform
13511821414,node,Kapil Vihar,28.6993842,77.1348092,,,,,platform
13511821415,node,,28.6864915,77.1359649,,,,,platform
13511821416,node,,28.7036403,77.1003937,,,,,platform
13511821417,node,Nahar Pur Village,28.7044227,77.1135608,,,,,platform
13512797371,node,,28.6562327,77.1879953,,,,,platform
13529079149,node,Anand Vihar,28.6454028,77.3194071,,,,,stop_position
13529079150,node,Anand Vihar,28.6453587,77.3194170,,,,,platform
13535852234,node,,28.6184935,77.0317675,,,,,platform
13543920052,node,Peeragarhi Depot,28.6749271,77.0941584,,,,,platform
13543920053,node,Sunder Appartment,28.6655713,77.0925032,,,,,platform
13543920057,node,West Enclave,28.6930976,77.1017348,,,,,platform
13543920059,node,Meera Bagh,28.6590102,77.0913951,,,,,platform
13543920060,node,Police Lines,28.6946768,77.1055268,,,,,platform
13543920063,node,B Block Mangolpuri,28.6897273,77.0968932,,,,,platform
13545465812,node,,28.6729231,77.2557589,,,,,platform
13545465820,node,Shastri Park,28.6734665,77.2519693,,,,,platform
13545465823,node,Delhi Vidhan Sabha,28.6876965,77.2217039,,,bus_stop,,platform
13545465836,node,,28.6693434,77.2271535,,,,,platform
13545465848,node,Dharm Pura,28.6712168,77.2617047,,,,,platform
13565025474,node,Hyatt Hotel,28.5701949,77.1855378,,,bus_stop,,platform
13565242227,node,Nirman Bhawan,28.6104278,77.2158576,,,,,platform
13569518030,node,Pitampura (BV Block),28.7166900,77.1392920,,,bus_stop,,platform
13569584129,node,,28.7141489,77.1390832,,,bus_stop,,platform
13569606636,node,,28.7142305,77.1387645,,,bus_stop,,platform
13569640012,node,Pitampura (AP Block),28.7033207,77.1392985,,,bus_stop,,platform
13594703521,node,INMAS,28.7035908,77.2198937,,,bus_stop,,platform
13594703527,node,INMAS,28.7027076,77.2196212,,,bus_stop,,platform
13594703533,node,Banarasi Dass Estate,28.6974064,77.2206189,,,bus_stop,,platform
13594703541,node,Mall Road,28.6944898,77.2197832,,,bus_stop,,platform
13594703557,node,Balak Ram Hospital,28.7053561,77.2231463,,,bus_stop,,platform
13594703570,node,C.G.H.S. Dispensary,28.7065963,77.2215099,,,bus_stop,,platform
13594703584,node,Mall Road,28.6939117,77.2199186,,,bus_stop,,platform
13594712506,node,Police Station Timarpur,28.7069758,77.2239530,,,bus_stop,,platform
13594712519,node,Banarasi Dass Estate,28.6974811,77.2204914,,,bus_stop,,platform
13594731046,node,Kohat Enclave,28.6971104,77.1422021,,,bus_stop,,platform
13594731047,node,N.D. Block Pitampura,28.6954558,77.1460530,,,bus_stop,,platform
13594808138,node,Kali Mandir,28.6968482,77.1153600,,,bus_stop,,platform
13594808140,node,Saraswati Vihar Rohini,28.7000227,77.1252859,,,bus_stop,,platform
13594808141,node,Madhuban Chowk,28.7022919,77.1333063,,,bus_stop,,platform
13594808144,node,Madhuban Chowk 3,28.7028441,77.1302292,,,bus_stop,,platform
13594808145,node,Pushpanjali Enclave,28.6958877,77.1115650,,,bus_stop,,platform
13594808146,node,,28.6943462,77.1063253,,,bus_stop,,platform
13594808147,node,,28.6980096,77.1196080,,,bus_stop,,platform
13597152938,node,Kirti Nagar,28.6549278,77.1375929,,,bus_stop,,platform
13597157218,node,Saraswati Garden,28.6458621,77.1396943,,,bus_stop,,platform
13597157219,node,Saraswati Garden,28.6457279,77.1398320,,,bus_stop,,platform
13597157220,node,Police Station Kirti Nagar,28.6486293,77.1431680,,,bus_stop,,platform
13597157221,node,Wood Market (Mansarovar Garden),28.6428951,77.1371820,,,bus_stop,,platform
13597157222,node,Fire Station Kirti Nagar,28.6406904,77.1353255,,,bus_stop,,platform
13597664202,node,Swaroop Nagar,28.7574556,77.1476988,,,bus_stop,,platform
13597666301,node,,28.7930201,77.1397182,,,bus_stop,,platform
13597666401,node,"Alipur ""BDO Office""",28.7965363,77.1392844,,,bus_stop,,platform
13598028402,node,Budh Pur,28.7727281,77.1429678,,,bus_stop,,platform
13604911524,node,Sarai Kale Khan,28.5892011,77.2581017,stop,,,,stop_position
13604911525,node,Sarai Kale Khan,28.5891872,77.2580369,stop,,,,stop_position
13608985602,node,Trilokpuri Metro Station,28.6125664,77.3091110,,,bus_stop,,platform
13608985901,node,Trilokpuri Metro Station,28.6127006,77.3091391,,,bus_stop,,platform
13624932401,node,,28.5430018,77.1657183,,,bus_stop,,platform
13624932404,node,,28.5381980,77.1644704,,,bus_stop,,platform
13624934901,node,"Munikar Vihar, B-Block",28.5527515,77.1676986,,,bus_stop,,platform
13626290462,node,Mayur Vihar - 1 Metro Station Gate Number 4,28.6038807,77.2917930,,,,,platform
13628267997,node,Majlis Park,28.7240890,77.1816387,stop,,,,stop_position
13628267998,node,Majlis Park,28.7246140,77.1816381,stop,,,,stop_position
13628267999,node,Bhalaswa,28.7369383,77.1680770,stop,,,,stop_position
13628268000,node,Bhalaswa,28.7368990,77.1680657,stop,,,,stop_position
13628472101,node,Haiderpur Badli Mor,28.7298439,77.1488054,stop,,,,stop_position
13628472102,node,Haiderpur Badli Mor,28.7297958,77.1489553,stop,,,,stop_position
13628472103,node,Haiderpur Village,28.7248947,77.1424191,stop,,,,stop_position
13628472104,node,Haiderpur Village,28.7248673,77.1424540,stop,,,,stop_position
13628472105,node,North Pitampura - Prashant Vihar,28.7130751,77.1386941,stop,,,,stop_position
13628472106,node,North Pitampura - Prashant Vihar,28.7130881,77.1386504,stop,,,,stop_position
13628472107,node,Madhuban Chowk,28.7035532,77.1300884,stop,,,,stop_position
13628472108,node,Madhuban Chowk,28.7035819,77.1300557,stop,,,,stop_position
13628489704,node,Maujpur-Babarpur,28.6921542,77.2794982,stop,,,,stop_position
13628489705,node,Maujpur-Babarpur,28.6921488,77.2795273,stop,,,,stop_position
13628489706,node,Yamuna Vihar,28.7023575,77.2773051,stop,,,,stop_position
13628489707,node,Yamuna Vihar,28.7024004,77.2773077,stop,,,,stop_position
13628489708,node,Bhajanpura,28.7036200,77.2626441,stop,,,,stop_position
13628489709,node,Bhajanpura,28.7035768,77.2626469,stop,,,,stop_position
13628489710,node,Khajuri Khas,28.7052201,77.2544827,stop,,,,stop_position
13628489711,node,Khajuri Khas,28.7051475,77.2544624,stop,,,,stop_position
13628489712,node,Nanaksar - Sonia Vihar,28.7086310,77.2424825,stop,,,,stop_position
13628489713,node,Nanaksar - Sonia Vihar,28.7087587,77.2425230,stop,,,,stop_position
13628489714,node,Nanaksar - Sonia Vihar,28.7087185,77.2425095,station,subway,,,station
13628489715,node,Soorghat,28.7102486,77.2275340,stop,,,,stop_position
13628489716,node,Soorghat,28.7102011,77.2274086,stop,,,,stop_position
13628489717,node,Jagatpur - Wazirabad,28.7211303,77.2239258,stop,,,,stop_position
13628489718,node,Jagatpur - Wazirabad,28.7211690,77.2239435,stop,,,,stop_position
13628489719,node,Jharoda Majra,28.7248603,77.2136730,stop,,,,stop_position
13628489720,node,Jharoda Majra,28.7249649,77.2137118,station,subway,,,station
13628489721,node,Jharoda Majra,28.7249054,77.2136833,stop,,,,stop_position
13630011386,node,Patparganj Mor,28.6173942,77.2875173,,,,,stop_position
13630011387,node,Patparganj Mor,28.6164988,77.2879402,,,,,stop_position
13630011388,node,Patparganj Mor,28.6174187,77.2875765,,,,,platform
13630011389,node,Patparganj Mor,28.6164868,77.2879044,,,,,platform
13630011390,node,Mayur Vihar 1,28.6084669,77.2930698,,,,,stop_position
13630011391,node,Mayur Vihar 1,28.6084587,77.2930529,,,,,platform
13630011392,node,Bikeneri Sweets,28.6077363,77.2939508,,,,,platform
13630011393,node,Mayur Vihar 1,28.6063494,77.2954380,,,,,platform
13630011394,node,Aggarwal Sweets,28.6072630,77.2944436,,,,,platform
13630011395,node,Bansal Sweets,28.6083886,77.2932212,,,,,platform
13644854458,node,Punjabi Bagh,28.6675282,77.1370492,,,bus_stop,,platform
13659122911,node,PWD Office,28.7026872,77.2272695,,,,,platform
13659753403,node,Shanti Van,28.6492271,77.2455249,,,,,platform
13664261901,node,Gulabi Bagh,28.6751488,77.1887030,,,bus_stop,,platform
13664261902,node,Gulabi Bagh,28.6749486,77.1882302,,,bus_stop,,platform
13669726309,node,Sarai Kale Khan,28.5896961,77.2584034,,,,,platform
13669726310,node,Sarai Kale Khan,28.5897142,77.2583560,,,,,stop_position
13671520677,node,,28.6514308,77.1408733,,,bus_stop,,platform
13671565229,node,BE Block Hari Nagar,28.6272671,77.1217039,,,bus_stop,,platform
13671565230,node,BE Block Hari Nagar,28.6274297,77.1214748,,,bus_stop,,platform
13683331357,node,Subhadra Colony,28.6711443,77.1840335,,,,,platform
13683331360,node,Sanjaynagar,28.6723948,77.1860181,,,,,platform
13683331362,node,Keval Park,28.7108174,77.1752351,,,,,platform
13683331370,node,New Sabzi Mandi,28.7143443,77.1721009,,,,,platform
13683331374,node,Neemdi Colony,28.6805793,77.1719886,,,,,platform
13683331380,node,J.A. Block Ashok Vihar,28.6868347,77.1725990,,,,,platform
13683331388,node,Shalimar Bagh,28.7037670,77.1689690,,,,,platform
13683331391,node,Deep Market Ashok Vihar,28.6933928,77.1731444,,,,,platform
13686723596,node,Mayur Vihar Phase III (T) Paper Market,28.6177630,77.3365905,,,,,platform
13686955584,node,Jahangirpuri E-Block,28.7330582,77.1725389,,,,,stop_position
13686955585,node,Jahangirpuri E-Block,28.7331101,77.1725044,,,,,platform
13690685710,node,DLF Capital Greens,28.6630470,77.1547964,,,bus_stop,,platform
13690693787,node,Campa Cola,28.6618994,77.1519680,,,bus_stop,,platform
13690706682,node,,28.6644263,77.1579937,,,bus_stop,,platform
13699268319,node,Old Delhi Railway Station,28.6600979,77.2293860,,,,,platform
13699268320,node,Old Delhi Railway Station,28.6601124,77.2293751,,,,,stop_position
13716207048,node,Trilokpuri 13 Block,28.6086290,77.3091661,,,bus_stop,,platform
13716221974,node,Trilokpuri 13 Block,28.6086132,77.3091183,,,bus_stop,,platform
13716226037,node,,28.6162172,77.2881218,,,bus_stop,,platform
13719972543,node,Delhi-Dehradun Expressway,28.6896235,77.2540088,,,motorway,,stop_position
13721945328,node,EMU Stop,28.6282616,77.2869009,,,,,stop_position
13721945338,node,EMU Stop,28.6303421,77.2894991,,,,,stop_position
13724958613,node,,28.6459164,77.3179531,,,,,stop_position
13727112408,node,Centaur Hotel,28.5488121,77.1046292,,,bus_stop,,platform
13727112409,node,Centaur Hotel/New Customs House,28.5491299,77.1050462,,,bus_stop,,platform
13728421410,node,Anand Vihar ISBT,28.6462461,77.3151590,,,,,platform
13728421411,node,,28.6462196,77.3151032,,,,,stop_position
13733781945,node,Akshardham,28.6192425,77.2798013,,,,,stop_position
13733781946,node,Akshardham,28.6192326,77.2797825,,,,,platform
13739825370,node,Dharamshila Rahat Camp,28.5994438,77.3147549,,,bus_stop,,platform
13746020748,node,S.J. Hospital,28.5699326,77.2022598,,,,,platform
13746020757,node,A B Block,28.5709022,77.1992949,,,,,platform
13746020768,node,Police Station Sarojni Nagar,28.5755960,77.1991359,,,,,platform
13805753146,node,Bapu Dham,28.6139610,77.2893305,,,,,platform
13805753148,node,Mandir Masjid,28.6118063,77.2899990,,,,,platform
13805753149,node,Bartan Bhandar,28.6112999,77.2903992,,,,,platform
13808219260,node,Govind Puri,28.5385411,77.2629152,,,bus_stop,,platform
13811216430,node,,28.6513179,77.1583963,,,,,platform
13813274015,node,Lajpat Nagar Crossing,28.5642486,77.2500004,,,,,platform
13821269535,node,Maharani Bagh / Ashram,28.5732620,77.2597773,,,bus_stop,,platform
13821961795,node,Shalimar Bagh Metro Station,28.7022144,77.1649348,station,subway,,,station
13823938793,node,Dena Apartments,28.7245159,77.1296539,,,bus_stop,,platform
13823938794,node,Dena Apartments,28.7243027,77.1294587,,,bus_stop,,platform
13823938798,node,Haiderpur (Waterworks),28.7213606,77.1407865,,,bus_stop,,platform
13854913166,node,,28.5066809,77.2732339,,,,,platform
13860634717,node,Mohan Estate,28.5195804,77.2946029,station,subway,,,station
13891729902,node,N. D. Block Pitampura,28.6957859,77.1460374,,,bus_stop,,platform
13892112445,node,Wazirpur Depot,28.6948815,77.1547820,,,,,platform
13894936630,node,Shakarpur Crossing,28.6355322,77.2847352,,,,,platform
34940731,way,Platform 6-7,28.6415414,77.2204116,platform,,,,platform
34940733,way,Platform 4-5,28.6434925,77.2197600,platform,,,,platform
34940743,way,Platform 8-9,28.6413781,77.2206934,platform,,,,platform
34940744,way,Platform 12-13,28.6412613,77.2210379,platform,,,,platform
34940745,way,Platform 10-11,28.6416289,77.2208347,platform,,,,platform
40943545,way,Kashmere Gate ISBT,28.6686894,77.2304182,,,,bus_station,station
58472851,way,Uttam Nagar Terminal,28.6256078,77.0655711,,,,bus_station,
59035953,way,DTC Bus Depot Sector 2,28.5987193,77.0651405,,,,bus_station,
77340556,way,,28.5592701,77.2658058,platform,,,,platform
77340557,way,,28.5792040,77.2439966,platform,,,,platform
77340559,way,,28.5788892,77.2440252,platform,,,,platform
77340562,way,,28.5790371,77.2440158,platform,,,,platform
77366959,way,Platform 16,28.6408687,77.2215415,platform,,,,platform
77366977,way,Platform 14-15,28.6404731,77.2214117,platform,,,,platform
77614267,way,Platform 16,28.6624878,77.2273974,platform,,,,platform
77614268,way,"Platform 11,13",28.6615063,77.2296656,platform,,,,platform
77614280,way,"Platform 9,10",28.6614009,77.2279743,platform,,,,platform
77882515,way,Platform 2-3,28.5893147,77.2539987,platform,,,,platform
77882517,way,Platform 6-7,28.5878790,77.2544636,platform,,,,platform
77882519,way,Platform 1,28.5899486,77.2536395,platform,,,,platform
77882533,way,Platform 4-5,28.5892092,77.2542244,platform,,,,platform
78175818,way,Azadpur,28.7074573,77.1778903,,,,bus_station,station
78563279,way,Rohini II DTC Bus Depot,28.7302834,77.1225030,,,,bus_station,station
80439683,way,Sarai Kale Khan ISBT,28.5850752,77.2590485,,,,bus_station,station
154161499,way,Dwarka Bus Depot,28.5761642,77.0702284,,,,bus_station,
165709049,way,Najafgarh Main Bus Stand,28.6151533,76.9776353,,,,bus_station,
171496285,way,,28.6971058,77.1111711,,,,bus_station,station
171527947,way,,28.6929503,77.0816022,,,,bus_station,
171640370,way,,28.6883372,77.0910703,,,,bus_station,
172688685,way,,28.5043575,77.2969025,platform,,,,platform
172688690,way,,28.5039140,77.2966740,platform,,,,platform
189587014,way,,28.8220593,77.1029444,,,,bus_station,
196483129,way,Kaushambi Bus Stand,28.6464711,77.3184508,,,,bus_station,station
258900789,way,Hari Nagar DTC Depot,28.6236379,77.1002063,,,,bus_station,station
260463362,way,,28.6113515,77.0767941,,,,bus_station,
261659745,way,Delhi Transport Corporation,28.6825736,77.0781954,,,,bus_station,
263597734,way,,28.6607701,77.0033442,,,,bus_station,
278178771,way,Mahashrishi Dayanand Park,28.6856076,77.1612772,station,subway,,,station
283749979,way,,28.6009723,77.3284800,,,,bus_station,
284192857,way,Shivaji Stadium Bus Terminal,28.6325175,77.2155255,,,,bus_station,station
289960317,way,Doctor Ambedkar Terminal (Dilli Gate),28.6393913,77.2437276,,,,bus_station,station
290783273,way,Dichaun Kalan DTC Depot,28.6287928,76.9984094,,,,bus_station,station
292045086,way,,28.6541585,77.1235275,platform,,,bus_station,
351418783,way,Patel Chowk,28.6233674,77.2144911,station,subway,,,station
360264006,way,Jama Masjid,28.6500102,77.2376761,station,subway,,,station
366772311,way,Platform 2-3,28.6490032,77.3148757,platform,,,,platform
366772319,way,Platform 1,28.6490558,77.3152958,platform,,,,platform
387410454,way,,28.6625062,77.1868950,platform,,,,platform
387410456,way,,28.6628958,77.1864733,platform,,,,platform
387410458,way,,28.6629393,77.1872424,platform,,,,platform
408035626,way,Platform 1,28.6131179,77.1165511,platform,,,,platform
408035628,way,Platform 2-3,28.6131297,77.1162698,platform,,,,platform
408087290,way,Platform 4-5,28.6135253,77.1162577,platform,,,,platform
436876091,way,,28.6803193,77.1288226,platform,,,,platform
436876092,way,,28.6804811,77.1290017,platform,,,,platform
463699080,way,Platform 2-3,28.6434246,77.2196040,platform,,,,platform
463699081,way,Platform 1,28.6440237,77.2193235,platform,,,,platform
463710713,way,New Delhi Railway Station (Ajmeri Gate),28.6426134,77.2235636,,,,bus_station,station
464312288,way,DTC Kashmere Gate Bus Station,28.6666802,77.2282263,,,,bus_station,station
464312311,way,Sadar Bazar,28.6582118,77.2171978,platform,,,,platform
464317504,way,,28.6604180,77.1564822,platform,,,,platform
464317506,way,,28.6597155,77.1565413,platform,,,,platform
504034446,way,Akshardham,28.6179330,77.2794240,station,subway,,,station
517396415,way,Delhi Shahdara Junction,28.6730586,77.2925379,platform,,,,platform
517396416,way,Anand Vihar Halt,28.6492127,77.3138379,platform,,,,platform
517396417,way,Anand Vihar Halt,28.6496871,77.3141964,platform,,,,platform
517396419,way,,28.6728788,77.2919233,platform,,,,platform
517396428,way,,28.6732892,77.2927877,platform,,,,platform
555438039,way,"Sector - 9, Rama Krishna Puram",28.5755606,77.1723034,,,bus_stop,,platform
555438044,way,Shanti Niketan,28.5731509,77.1644656,,,bus_stop,,platform
581226084,way,Badarpur,28.4932579,77.3030303,station,subway,,,station
582355777,way,,28.6328917,77.2193680,platform,,,,platform
582355778,way,,28.6329869,77.2194414,platform,,,,platform
584241791,way,Nizamuddin Railway Station,28.5863953,77.2531597,,,,bus_station,station
587123756,way,Badarpur Border,28.4934158,77.3033341,,,,bus_station,station
632926871,way,Mehrauli Bus Terminal,28.5225062,77.1823537,,,,bus_station,station
632926885,way,Lado Sarai Bus Terminal,28.5236720,77.1912369,,,,bus_station,station
653235648,way,Jal Vihar Terminal,28.5784780,77.2462680,,,,bus_station,station
655594781,way,DTC Bus Depot Yamuna Vihar,28.6976317,77.2711416,,,,bus_station,station
659283553,way,Okhla NSIC,28.5544917,77.2648773,station,subway,,,station
659848677,way,,28.5212468,77.2022334,platform,,,,platform
659848678,way,,28.5211661,77.2023022,platform,,,,platform
660097248,way,,28.6329715,77.2192825,platform,,,,platform
660097249,way,,28.6329301,77.2194460,platform,,,,platform
660554273,way,,28.5697289,77.2382155,platform,,,,platform
660554274,way,,28.5696096,77.2381497,platform,,,,platform
662311118,way,Mandawli Chandra Vihar,28.6292511,77.2882408,platform,,,,platform
662311119,way,Mandawli Chandra Vihar,28.6293511,77.2881588,platform,,,,platform
662315633,way,,28.6464286,77.3151482,,,,,platform
662315634,way,,28.6462131,77.3148537,,,,,platform
662315635,way,,28.6458453,77.3147223,,,,,platform
662315636,way,,28.6457370,77.3143023,,,,,platform
662315647,way,Platform 6-7,28.6496682,77.3149384,platform,,,,platform
662315648,way,Platform 4-5,28.6496169,77.3151969,platform,,,,platform
662332955,way,Tughlakabad,28.5024441,77.2993050,station,subway,,,station
662484598,way,Durgabai Deshmukh South Campus,28.5893688,77.1693925,station,subway,,,station
663757358,way,,28.5749396,77.2092032,platform,,,,platform
663757359,way,,28.5749807,77.2090589,platform,,,,platform
683662846,way,Shahdara Terminal,28.6740352,77.2872320,,,,bus_station,station
690878684,way,Shahdara Terminal,28.6739149,77.2868511,,,,,platform
690878685,way,Shahdara Terminal,28.6740579,77.2872072,,,,,platform
690878686,way,Shahdara Terminal,28.6739572,77.2872450,,,,,platform
696173226,way,,28.6233670,77.2678346,platform,,,,platform
696173227,way,,28.6233151,77.2678602,platform,,,,platform
696173228,way,,28.6232112,77.2679092,platform,,,,platform
696173229,way,,28.6231593,77.2679337,platform,,,,platform
696181173,way,Mayur Vihar Extension,28.5941915,77.2946235,station,subway,,,station
696412830,way,,28.6684257,77.2503809,platform,,,,platform
696412831,way,,28.6685237,77.2504242,platform,,,,platform
698298769,way,Sarita Vihar,28.5286435,77.2883500,station,subway,,,station
698579809,way,Gate #3,28.5091151,77.2011718,,,,,platform
698579810,way,Gate #3,28.5091694,77.2010820,,,,,platform
698579811,way,Gate #4,28.5076258,77.2000729,,,,,platform
698579812,way,Gate #4,28.5075764,77.2002032,,,,,platform
701576004,way,Dilshad Garden,28.6758661,77.3214466,station,subway,,,station
729334311,way,,28.6867182,77.0566992,platform,,,,platform
733740791,way,Anand Vihar ISBT,28.6470158,77.3147393,,,,,platform
734826590,way,,28.5485160,77.2557391,,,,,platform
744602322,way,,28.7141187,77.1669696,,,,,platform
746250748,way,Chirag Dilli,28.5393324,77.2320028,,,bus_stop,,platform
746580217,way,Masjid Moth,28.5404530,77.2357522,,,bus_stop,,platform
747417114,way,Wazirpur Depot,28.6918721,77.1537987,,,,,platform
747417115,way,Wazirpur Depot,28.6919102,77.1533595,,,,,platform
750226395,way,Lado Sarai Crossing,28.5272335,77.1900331,,,bus_stop,,platform
759180597,way,Hamdard Nagar,28.5121179,77.2492544,,,,,platform
770402430,way,Defence Colony,28.5729992,77.2378198,,,bus_stop,,platform
770843509,way,,28.6336672,77.2262198,platform,,,,platform
770843510,way,,28.6334784,77.2262635,platform,,,,platform
775393542,way,Gupta Market,28.5647542,77.2397829,,,bus_stop,,platform
775393543,way,Gupta Market,28.5650780,77.2396774,,,bus_stop,,platform
777346018,way,Indira Gandhi Stadium,28.6336243,77.2465580,,,bus_stop,,platform
777346019,way,Akshardham,28.6163339,77.2809093,,,bus_stop,,platform
778644934,way,Sarai Kale Khan Inter State Bus Terminus,28.5887728,77.2590450,,,,,platform
780108639,way,"Sector 12, RK Puram",28.5703928,77.1826023,,,,,platform
807905844,way,,28.5882567,77.2546152,platform,,,,platform
818377324,way,Tilak Bridge,28.6288012,77.2363159,platform,,,,platform
818915047,way,,28.6159584,77.2472428,platform,,,,platform
820900251,way,,28.4910932,77.2051931,,,,,platform
820900255,way,,28.4926576,77.2039587,,,,,platform
840200539,way,Jasola Apollo,28.5381760,77.2832670,station,subway,,,station
845757820,way,,28.7446733,77.1381317,platform,,,,platform
845757821,way,,28.7447600,77.1382677,platform,,,,platform
952515218,way,Bindapur Bus Stand,28.6085273,77.0661698,,,,bus_station,station
985104128,way,Mayur Vihar Phase 3,28.6171486,77.3394008,,,,,platform
1052952575,way,ITO,28.6281581,77.2451061,,,,,platform
1057236578,way,Dhaula Kuan,28.5932804,77.1629066,,,,,platform
1057236581,way,Mahipalpur,28.5481498,77.1251904,,,,,platform
1057942416,way,Sarai Kale Khan,28.5870747,77.2590780,,,,,platform
1057942417,way,Nehru Nagar,28.5690888,77.2539738,,,,,platform
1057942418,way,South Extension,28.5688246,77.2206580,,,,,platform
1057942419,way,South Extension,28.5690023,77.2169261,,,,,platform
1057942420,way,AIIMS,28.5691841,77.2127789,,,,,platform
1058254327,way,Dhaula Kuan,28.5926141,77.1635647,,,,,platform
1058254328,way,AIIMS,28.5688415,77.2135129,,,,,platform
1058254329,way,South Extension,28.5685035,77.2204556,,,,,platform
1058254330,way,Andrews Ganj,28.5660644,77.2293998,,,,,platform
1058918566,way,Karol Bagh,28.6437186,77.1967757,,,,,platform
1065558134,way,Mayur Vihar Phase 3,28.6138111,77.3372107,,,,,platform
1076338267,way,Mundhela Kalan Bus terminal,28.6075648,76.8922442,,,,bus_station,station
1084574762,way,,28.6149634,77.0225686,platform,,,,platform
1084574763,way,,28.6148974,77.0228496,platform,,,,platform
1084574764,way,,28.6149391,77.0226677,platform,,,,platform
1084693963,way,,28.6740093,77.1402229,platform,,,,platform
1084693964,way,,28.6741479,77.1402451,platform,,,,platform
1084693967,way,,28.6727791,77.1393026,platform,,,,platform
1084693968,way,,28.6728206,77.1391179,platform,,,,platform
1116223029,way,,28.6152125,76.9990721,,,,,platform
1116223030,way,,28.6207355,76.9982182,,,,,platform
1158917306,way,Laxmi Nagar,28.6306553,77.2775230,,,,,platform
1158917308,way,Laxmi Nagar,28.6305630,77.2776046,,,,,platform
1161088518,way,Azadpur,28.7069501,77.1805078,,,,,platform
1161088519,way,Azadpur,28.7070351,77.1805497,,,,,platform
1161173739,way,Azadpur Terminal,28.7082712,77.1779365,,,,,platform
1162407761,way,Adarsh Nagar,28.7174979,77.1700427,,,,,platform
1172450748,way,Rohini Bus Terminal,28.7177270,77.0641968,,,,bus_station,station
1173994490,way,Maujpur-Babarpur,28.6920194,77.2795526,platform,,,,platform
1173994494,way,Maujpur-Babarpur,28.6921056,77.2793602,platform,,,,platform
1173994496,way,Maujpur-Babarpur,28.6920360,77.2795103,platform,,,,platform
1174001230,way,Indraprastha Extension,28.6318330,77.3106668,platform,,,,platform
1174001231,way,Indraprastha Extension,28.6318861,77.3108389,platform,,,,platform
1174001232,way,Indraprastha Extension,28.6318747,77.3107928,platform,,,,platform
1174709249,way,Ramdev Chowk Narela,28.8579542,77.0938570,,,,,platform
1175896962,way,101 Ka Stand,28.7533749,77.1604497,,,,,platform
1176945429,way,Kalkaji Mandir,28.5501061,77.2567691,,,,,platform
1176945431,way,Kalkaji Mandir,28.5494954,77.2592882,,,,,platform
1176945433,way,Kalkaji Mandir,28.5493842,77.2591035,,,,,platform
1176945436,way,Kalkaji Mandir,28.5501883,77.2566903,,,,,platform
1179910964,way,,28.6159098,77.0224840,platform,,,,platform
1179910965,way,,28.6159169,77.0223027,platform,,,,platform
1182808601,way,101 Ka Stand,28.7533769,77.1603643,,,,,platform
1184389019,way,Centre Park,28.5442332,77.1866763,,,,,platform
1184476789,way,Maujpur-Babarpur,28.6919606,77.2796968,platform,,,,platform
1186104931,way,ITI,28.7321210,77.1707222,,,,,platform
1186104937,way,Azadpur,28.7076460,77.1781390,,,,,platform
1186181608,way,,28.7568511,77.1716546,,,,,platform
1186495512,way,101 Ka Stand,28.7526140,77.1604512,,,,,platform
1186495514,way,Vijay Chowk,28.7584327,77.1716695,,,,,platform
1186495515,way,Vijay Chowk,28.7584337,77.1715677,,,,,platform
1194649203,way,Mukundpur (Hanuman Chowk),28.7338227,77.1834444,,,,,platform
1194649209,way,Sarai Peepal Thala,28.7196208,77.1682323,,,,,platform
1194649211,way,Dhobi Ghat,28.7238130,77.1757385,,,,,platform
1194649215,way,Adarsh Nagar,28.7170615,77.1703191,,,,,platform
1194649216,way,Adarsh Nagar,28.7172620,77.1705021,,,,,platform
1217086797,way,Mandi House,28.6255779,77.2341417,,,,,platform
1217086798,way,Mandi House,28.6256776,77.2341387,,,,,platform
1219840290,way,,28.6463033,77.3105211,platform,,,,platform
1220061195,way,Jawaharlal Nehru Stadium,28.5895960,77.2335136,platform,,,,platform
1220061199,way,Jawaharlal Nehru Stadium,28.5895702,77.2333886,,,,,platform
1227741218,way,Welcome,28.6717328,77.2777198,,,,,platform
1227741219,way,Welcome,28.6718341,77.2776973,,,,,platform
1229049060,way,Rithala,28.7207077,77.1070604,platform,,,,platform
1229049062,way,Rithala,28.7208253,77.1072200,platform,,,,platform
1230249801,way,Rithala,28.7206891,77.1080067,,,,,platform
1232447547,way,Badli,28.7452509,77.1373952,,,,,platform
1232610657,way,,28.5849779,77.2282536,,,,,platform
1233787343,way,Karampura Terminal,28.6603485,77.1439447,,,,shelter,platform
1235504211,way,,28.6408077,77.2215014,platform,,,,platform
1241658976,way,Badli Railway Station,28.7452786,77.1368201,,,,,platform
1241658977,way,Badli Railway Station,28.7450675,77.1376557,,,,,platform
1245432617,way,Pitampura (RU Block),28.7083772,77.1347175,,,,,platform
1245432619,way,Madhuban Chowk,28.7051335,77.1297069,,,,,platform
1245631993,way,Prashant Vihar,28.7106195,77.1366511,,,,,platform
1246133663,way,Pitam Pura (AP Block),28.7033712,77.1395133,,,,,platform
1246133665,way,C.D. Block Pitam Pura,28.7058868,77.1386400,,,,,platform
1246133667,way,Pitam Pura (RU Block),28.7078921,77.1364205,,,,,platform
1246133668,way,,28.7099312,77.1365388,,,,,platform
1246774724,way,Pitam Pura,28.6999231,77.1451284,,,,,platform
1246774726,way,Muni Maya Ram Jain Hospital,28.7004485,77.1410645,,,,,platform
1246891423,way,,28.6981169,77.1517064,,,,,platform
1246891430,way,,28.7001078,77.1516051,,,,,platform
1248984340,way,Saint Columba's School,28.6288970,77.2053506,,,,,platform
1248984344,way,Gole Market,28.6322325,77.2055555,,,,,platform
1248984345,way,"Balmiki Mandir, Mandir Marg",28.6399312,77.2045625,,,,,platform
1258314910,way,,28.7284618,77.1644623,,,,,platform
1263403979,way,Mangala puri,28.5904314,77.0869167,,,,bus_station,station
1266810079,way,GK Part 1 (E Block),28.5514823,77.2464598,,,,,platform
1274029283,way,ITO,28.6263476,77.2465899,,,,,platform
1274613353,way,Rithala,28.7203311,77.1082990,,,,,platform
1274613358,way,Rithala,28.7204811,77.1082098,,,,,platform
1279900935,way,,28.5903949,77.1578074,,,,,platform
1287281765,way,Platform 1,28.6614267,77.2237016,platform,,,,platform
1287281766,way,Platform 8,28.6609724,77.2297517,platform,,,,platform
1287281767,way,"Platform 4,5",28.6613035,77.2260210,platform,,,,platform
1287281769,way,"Platform 6,7",28.6611341,77.2297352,platform,,,,platform
1287289503,way,"Platform 11,12",28.6616743,77.2259011,platform,,,,platform
1287289504,way,"Platform 14,15",28.6618246,77.2275325,platform,,,,platform
1287299122,way,"Platform 2,3",28.6616816,77.2237897,platform,,,,platform
1287299138,way,,28.6614338,77.2236347,platform,,,,platform
1287299140,way,,28.6615560,77.2239499,platform,,,,platform
1287314810,way,,28.6615929,77.2240250,platform,,,,platform
1301371025,way,Karol Bagh,28.6439348,77.1886844,,,,,platform
1309172606,way,International Student Hostel,28.6951208,77.2149896,,,bus_stop,,platform
1309172621,way,,28.6950677,77.2146704,,,footway,,platform
1309172639,way,,28.6951281,77.2146968,,,footway,,platform
1314127728,way,,28.6279700,77.1433703,platform,,,,platform
1314127729,way,,28.6275728,77.1436288,platform,,,,platform
1314127730,way,,28.6131725,77.1405773,platform,,,,platform
1314127731,way,,28.6131917,77.1403258,platform,,,,platform
1317904810,way,,28.5822305,77.1873700,platform,,,,platform
1317904811,way,,28.5826341,77.1863007,platform,,,,platform
1368696240,way,Durgabhai Deshmukh South Campus Platform 2,28.5894222,77.1692905,,,footway,,platform
1368696242,way,Durgabhai Deshmukh South Campus Platform 1,28.5895084,77.1694264,,,footway,,platform
1368700268,way,Dhaula Kuan,28.5904018,77.1684283,,,,bus_station,station
1370266062,way,Delhi Cantt Metro Platform Number 1,28.6086932,77.1404653,,,footway,,platform
1370266064,way,Delhi Cantt Metro Platform Number 2,28.6086042,77.1403215,,,footway,,platform
1371014165,way,,28.6465271,77.3149808,,,,,platform
1371014166,way,,28.6464103,77.3152220,,,,,platform
1371014170,way,,28.6462217,77.3152803,,,,,platform
1371014171,way,,28.6466263,77.3150104,,,,,platform
1371014174,way,,28.6460026,77.3154950,,,,,platform
1371014175,way,,28.6465714,77.3149374,,,,,platform
1371014176,way,,28.6464545,77.3151788,,,,,platform
1371014178,way,,28.6463211,77.3153096,,,,,platform
1371014181,way,,28.6467148,77.3149236,,,,,platform
1371014182,way,,28.6463555,77.3151491,,,,,platform
1371014184,way,,28.6464856,77.3150215,,,,,platform
1371014186,way,,28.6467029,77.3148089,,,,,platform
1371014188,way,,28.6461498,77.3154775,,,,,platform
1371014190,way,,28.6466599,77.3148507,,,,,platform
1371014191,way,,28.6460523,77.3154463,,,,,platform
1371014193,way,,28.6467460,77.3147672,,,,,platform
1371014194,way,,28.6460576,77.3155680,,,,,platform
1371014197,way,,28.6465406,77.3150945,,,,,platform
1371014198,way,,28.6461365,77.3153638,,,,,platform
1371014199,way,,28.6462336,77.3153955,,,,,platform
1371014201,way,,28.6465820,77.3150538,,,,,platform
1371014202,way,,28.6463105,77.3151932,,,,,platform
1371014204,way,,28.6462766,77.3153533,,,,,platform
1371014205,way,,28.6461786,77.3153225,,,,,platform
1371014206,way,,28.6461914,77.3154368,,,,,platform
1371014207,way,,28.6464428,77.3150634,,,,,platform
1371014209,way,,28.6464978,77.3151364,,,,,platform
1371014211,way,,28.6462662,77.3152367,,,,,platform
1371014214,way,,28.6467572,77.3148820,,,,,platform
1371014215,way,,28.6461072,77.3155193,,,,,platform
1371014216,way,,28.6463996,77.3151058,,,,,platform
1371014217,way,,28.6460949,77.3154045,,,,,platform
1371014219,way,,28.6463653,77.3152662,,,,,platform
1371014220,way,,28.6466721,77.3149655,,,,,platform
1371014222,way,,28.6466172,77.3148925,,,,,platform
1377351508,way,Lal Quila Metro Platform Number 1,28.6575018,77.2367103,,,footway,,platform
1377351524,way,Lal Quila Metro Platform Number 2,28.6575031,77.2365480,,,footway,,platform
1391095702,way,,28.6439790,77.1884726,station,,,,station
1423096185,way,Kali Mandir,28.6365717,77.2252354,,,,,platform
1427638740,way,Sector-16,28.7436487,77.1244990,,,,bus_station,station
1429504112,way,Tilak Bridge,28.6280998,77.2374101,,,,,platform
1429504127,way,Tilak Bridge,28.6278054,77.2376493,,,,,platform
1429504129,way,Tilak Bridge,28.6276173,77.2376760,,,,,platform
1445768372,way,Chawri Bazar,28.6483371,77.2259794,,,,,platform
1445768381,way,Chawri Bazar,28.6483816,77.2258918,,,,,platform
1448119146,way,Himachal Pradesh Road Transport Corporation Bus Parking,28.6263510,77.2328869,,,,bus_station,station
1462084475,way,Majlis Park 5-6,28.7242996,77.1815618,,,,,platform
1462084477,way,Majlis Park 1,28.7242093,77.1821733,,,,,platform
1462084478,way,Majlis Park 2-4,28.7242111,77.1820392,,,,,platform
1465368133,way,Sarai Kale Khan,28.5889034,77.2581511,station,,,,station
1465368142,way,,28.5888809,77.2580624,platform,,,,platform
1465368143,way,,28.5889302,77.2582538,platform,,,,platform
1465375001,way,,28.5911564,77.3024449,platform,,,,platform
1465375002,way,,28.5912221,77.3023448,platform,,,,platform
1479100442,way,Mandi House,28.6257931,77.2342775,,,bus_stop,,platform
1491586819,way,Indira Gandhi Technical University for Women,28.6648208,77.2343896,,,,,platform
1491586820,way,Raj Ghat,28.6413898,77.2466800,,,,,platform
1491586821,way,Indraprastha Power Station,28.6243709,77.2470641,,,,,platform
1491586822,way,Railway Road Bridge,28.6097558,77.2516660,,,,,platform
1491610763,way,East Azad Nagar,28.6648236,77.2848055,station,subway,,,station
1495181986,way,International Student Hostel,28.6961921,77.2122473,,,bus_stop,,platform
1497840554,way,,28.6491770,77.3138738,platform,,,,platform
1498754713,way,,28.6459555,77.3180083,,,,,platform
1498949900,way,ISBT,28.6691791,77.2324002,,,,,platform
1498949901,way,ISBT,28.6690583,77.2324277,,,,,platform
1511284561,way,Lajpat Nagar Crossing,28.5642746,77.2500643,,,bus_stop,,platform
1524479969,way,,28.6361213,77.2861785,,,,,platform
