@id,@type,name,@lat,@lon,railway,station,highway,amenity,public_transport
30518361,node,Kharbhav,19.2983210,72.9844677,station,,,,station
213030669,node,Dahisar,19.2493572,72.8596302,station,,,,station
213030688,node,Malad,19.1868093,72.8487584,stop,,,,stop_position
213030694,node,Goregaon,19.1648571,72.8494067,stop,,,,stop_position
213030714,node,Santa Cruz,19.0815223,72.8417565,station,,,,station
245657999,node,,18.9784419,72.8140041,,,,,stop_position
246449135,node,Agarwadi Bus stop,19.0458454,72.9257478,,,bus_stop,,platform
246472067,node,BARC Gate 6,19.0421735,72.9329888,,,bus_stop,,platform
246582717,node,Thane,19.1864830,72.9757664,station,,,,station
246631903,node,Mankhurd,19.0481514,72.9319058,stop,,,,stop_position
316306549,node,Mumbai CSMT (Suburban),18.9406037,72.8350795,stop,,,,stop_position
317914119,node,Talao Pali,19.1943844,72.9769617,,,bus_stop,,platform
339078717,node,Kurla,19.0650734,72.8790797,stop,,,,stop_position
340363221,node,Thane Station (W),19.1870071,72.9769974,,,bus_stop,,platform
347138797,node,Khar Road,19.0682411,72.8400412,station,,,,station
353471603,node,Dadar (Central),19.0172069,72.8431748,stop,,,,stop_position
414595018,node,Shishu Gyan Mandir,19.1998001,72.9773091,,,bus_stop,,platform
414595059,node,Vandana Cinema,19.1944146,72.9704975,,,bus_stop,,platform
414603281,node,,19.2016800,72.9588321,,,bus_stop,,platform
414604709,node,Parmarth Niketan,19.1947397,72.9667376,,,bus_stop,,platform
414726600,node,R.T.O,19.1988874,72.9814267,,,,,platform
414727658,node,Holy Cross,19.2030565,72.9788027,,,bus_stop,,platform
414729200,node,Oswal Park,19.2149080,72.9761951,,,bus_stop,,platform
414730041,node,Khewra Circle,19.2327033,72.9699426,,,bus_stop,,platform
414730701,node,Patlipada,19.2466893,72.9756162,,,bus_stop,,platform
443526121,node,Neelkanth Heights,19.2210702,72.9606880,,,bus_stop,,platform
458918694,node,,18.9501583,72.7954921,,,bus_stop,,platform
469125309,node,Shimla,18.9580671,72.8025026,,,bus_stop,,
477673434,node,,18.9601090,72.8094026,,,bus_stop,,
496816492,node,,18.9150398,72.8182483,,,bus_stop,,platform
527987797,node,Grant Road,18.9632656,72.8159839,stop,,,,stop_position
527987828,node,Charni Road,18.9520361,72.8179252,stop,,,,stop_position
528074073,node,Grant Road,18.9628470,72.8159021,stop,,,,stop_position
528074116,node,Grant Road,18.9626624,72.8158860,stop,,,,stop_position
528079150,node,Charni Road,18.9527932,72.8168508,stop,,,,stop_position
528082473,node,Charni Road,18.9521256,72.8180070,stop,,,,stop_position
528082558,node,Charni Road,18.9520922,72.8179808,stop,,,,stop_position
528115484,node,Marine Lines,18.9465849,72.8230857,stop,,,,stop_position
528115491,node,Marine Lines,18.9465688,72.8230534,stop,,,,stop_position
528216004,node,Mumbai Central (local),18.9707096,72.8188347,stop,,,,stop_position
564878691,node,Gorai,19.2364095,72.8187174,,,,ferry_terminal,station
564906271,node,Manori Jetty,19.1991352,72.7928289,,,,ferry_terminal,station
582558271,node,Bandra Terminus,19.0605448,72.8409088,stop,,,,stop_position
593916996,node,Borivali,19.2336791,72.8233865,,,,ferry_terminal,station
605221328,node,V.B. Phadke Chowk,18.9423036,72.8295885,,,bus_stop,,platform
619252273,node,Mahim Junction,19.0407051,72.8466970,stop,,,,stop_position
619252274,node,Mahim Junction,19.0409046,72.8472050,stop,,,,stop_position
619290284,node,Sewri,18.9987319,72.8545630,stop,,,,stop_position
619290482,node,Dockyard Road,18.9664287,72.8442814,stop,,,,stop_position
619293646,node,Mumbai CSMT (Suburban),18.9406335,72.8353869,stop,,,,stop_position
619293660,node,Masjid,18.9518287,72.8382092,stop,,,,stop_position
619293667,node,Sandhurst Road,18.9618375,72.8393604,stop,,,,stop_position
619293686,node,Chinchpokli,18.9874068,72.8327477,stop,,,,stop_position
619992025,node,Kanjur Marg,19.1286526,72.9280394,station,,,,station
620002682,node,Vikhroli,19.1117831,72.9281186,stop,,,,stop_position
620013256,node,Vidyavihar,19.0795422,72.8971169,station,,,,station
620015554,node,Kurla,19.0653324,72.8788976,stop,,,,stop_position
621276256,node,Vile Parle,19.1000028,72.8439266,stop,,,,stop_position
621906366,node,Masjid,18.9518279,72.8380655,stop,,,,stop_position
621911847,node,Lower Parel,18.9956800,72.8302756,station,,,,station
621948374,node,Churchgate,18.9343947,72.8272055,stop,,,,stop_position
623431009,node,,18.9111715,72.8268470,,,,ferry_terminal,station
623881644,node,Andheri,19.1209139,72.8480322,stop,,,,stop_position
623881914,node,D. N. Nagar,19.1281782,72.8308125,stop,,,,stop_position
623881991,node,Versova,19.1302777,72.8213871,stop,,,,stop_position
623883811,node,Chakala - J.B. Nagar,19.1121886,72.8670010,stop,,,,stop_position
623884121,node,Saki Naka,19.1038458,72.8874199,stop,,,,stop_position
626537216,node,Vanrai,19.1542887,72.8571264,,,bus_stop,,platform
627733109,node,Essel World,19.2253824,72.8080979,,,,ferry_terminal,station
627734256,node,Marve Jetty,19.1995256,72.7983882,,,,ferry_terminal,station
630671870,node,Thane,19.1856924,72.9761105,stop,,,,stop_position
630673338,node,Thane,19.1863556,72.9759000,stop,,,,stop_position
630676214,node,Mulund,19.1724905,72.9569688,stop,,,,stop_position
631525227,node,Dadar (Central),19.0172817,72.8430625,stop,,,,stop_position
631525245,node,Dadar (Western),19.0189017,72.8429524,stop,,,,stop_position
631525247,node,Dadar,19.0190355,72.8428066,stop,,,,stop_position
631525335,node,,19.0281578,72.8467302,stop,,,,stop_position
631547822,node,Prabhadevi,19.0073669,72.8357556,stop,,,,stop_position
631579580,node,Grant Road,18.9633549,72.8158261,station,,,,station
632337506,node,Chembur,19.0612128,72.8975909,station,monorail,,,station
632340589,node,Bhakti Park,19.0289720,72.8775722,station,monorail,,,station
632342238,node,Wadala Depot,19.0388244,72.8740249,station,monorail,,,station
649015002,node,,19.1443609,72.8024797,,,,ferry_terminal,station
651265045,node,Chembur,19.0626076,72.9013796,stop,,,,stop_position
700736528,node,,18.9558676,72.8491974,,,,ferry_terminal,station
700736540,node,Bhaucha Dhakka / Ferry Wharf,18.9569402,72.8495292,,,,bus_station,station
700886180,node,Sewri,18.9987796,72.8544218,station,,,,station
700886403,node,Cotton Green,18.9871866,72.8438965,station,,,,station
702054142,node,Mira Road,19.2812755,72.8558410,,,,,stop_position
814439568,node,Gorai Ferry,19.2334883,72.8237820,,,,ferry_terminal,
814440777,node,Gorai Bus Depot,19.2323957,72.8296357,,,,bus_station,
870449150,node,Gateway of India - Mandwa Rewas Ferry Terminal,18.9229191,72.8345228,,,,ferry_terminal,station
870449764,node,Gateway of India - Elephanta Island ferry service,18.9217835,72.8347226,,,,ferry_terminal,station
969935158,node,Borivali  RS (East),19.2299554,72.8576319,,,,bus_station,
984976768,node,Peru Baug,19.1662452,72.8527827,,,bus_stop,,platform
984976772,node,Goregaon Check Naka 1,19.1664594,72.8564089,,,bus_stop,,platform
984976774,node,Goregoan Check Naka : 1,19.1654307,72.8586933,,,bus_stop,,
1027917064,node,Goodluck Company,19.2637737,72.9777787,,,bus_stop,,platform
1058313607,node,Deonar Bus Depot Stop,19.0455264,72.9106774,,,bus_stop,,
1058319040,node,Deonar Bus Depot,19.0458076,72.9117996,,,bus_stop,,
1078664390,node,Pradeep Society,19.1934946,72.9672874,,,bus_stop,,platform
1078664593,node,Aradhana Cinema,19.1927169,72.9683539,,,bus_stop,,platform
1101397910,node,"Bus #339 , 256",19.1127889,72.8382260,,,bus_stop,,platform
1182363540,node,Dhokali Naka,19.2271616,72.9802672,,,bus_stop,,platform
1184038446,node,Royal Palms,19.1584711,72.8789953,,,,,stop_position
1184122848,node,Makhamali Talaav,19.1984229,72.9717470,,,bus_stop,,platform
1184122902,node,Khopat S.T. Terminus,19.2007343,72.9733089,,,bus_stop,,platform
1184124335,node,Gaondevi,19.1888892,72.9748275,,,bus_stop,,platform
1233481359,node,Bandra,19.0547734,72.8407919,stop,,,,stop_position
1233481362,node,Bandra,19.0548350,72.8409588,stop,,,,stop_position
1233481375,node,Bandra,19.0547878,72.8408402,stop,,,,stop_position
1233481385,node,Bandra,19.0546445,72.8404627,stop,,,,stop_position
1233481390,node,Bandra,19.0546544,72.8404879,stop,,,,stop_position
1234805938,node,Mumbai CSMT (Suburban),18.9408204,72.8360170,stop,,,,stop_position
1234805948,node,Mumbai CSMT (Suburban),18.9408100,72.8359068,stop,,,,stop_position
1234815591,node,Mumbai CSMT,18.9408811,72.8362973,stop,,,,stop_position
1234815595,node,Mumbai CSMT,18.9417555,72.8367595,stop,,,,stop_position
1234815598,node,Mumbai CSMT,18.9408763,72.8361599,stop,,,,stop_position
1234815616,node,CSMT,18.9452282,72.8376755,stop,,,,stop_position
1234823928,node,Mumbai CSMT (Suburban),18.9406221,72.8352693,stop,,,,stop_position
1235720534,node,Dongaripada,19.2507342,72.9732294,,,bus_stop,,platform
1235720619,node,Waghbil Naka,19.2529390,72.9721617,,,bus_stop,,platform
1235755695,node,"Brahmand Phase 1,2",19.2412987,72.9813729,,,bus_stop,,platform
1235755737,node,Azad Nagar,19.2394741,72.9804978,,,bus_stop,,platform
1235755846,node,Brahmand Nagar,19.2475499,72.9860185,,,bus_stop,,platform
1236334975,node,Churchgate,18.9344455,72.8275534,stop,,,,stop_position
1236335031,node,Churchgate,18.9344286,72.8274374,stop,,,,stop_position
1236335056,node,Churchgate,18.9344117,72.8273215,stop,,,,stop_position
1236410131,node,Marine Lines,18.9466312,72.8231784,stop,,,,stop_position
1236410240,node,Marine Lines,18.9466502,72.8232164,stop,,,,stop_position
1345348620,node,Holy Spirit Hospital Stop,19.1269002,72.8672794,,,bus_stop,,platform
1348867392,node,Marol Depot,19.1179082,72.8657206,,,,bus_station,station
1365560118,node,Matunga Road,19.0281035,72.8468876,stop,,,,stop_position
1365560229,node,Mahim Junction,19.0407191,72.8467367,stop,,,,stop_position
1365560230,node,Mahim Junction,19.0407577,72.8468504,stop,,,,stop_position
1365560231,node,Mahim Junction,19.0407680,72.8468852,stop,,,,stop_position
1365560232,node,Mahim Junction,19.0408624,72.8470904,stop,,,,stop_position
1365570208,node,Dadar,19.0188344,72.8430459,stop,,,,stop_position
1365570210,node,Dadar,19.0188808,72.8429768,stop,,,,stop_position
1365570212,node,Dadar,19.0189777,72.8428185,stop,,,,stop_position
1365570240,node,Dadar (Western),19.0225262,72.8450755,stop,,,,stop_position
1366008911,node,Kurla East,19.0645019,72.8803229,,,,bus_station,station
1366054340,node,Vidyavihar,19.0794239,72.8973128,stop,,,,stop_position
1366794662,node,Trombay,19.0336510,72.9503637,,,,bus_station,station
1366794765,node,Mankhurd,19.0481208,72.9319176,stop,,,,stop_position
1366794875,node,shivagi nagar hospital,19.0511704,72.9226495,,,bus_stop,,
1366986900,node,Govandi,19.0549729,72.9157946,,,,,stop_position
1367093081,node,Chembur,19.0624700,72.9013038,stop,,,,stop_position
1367093210,node,Kurla,19.0648111,72.8793034,stop,,,,stop_position
1367093212,node,Kurla,19.0649266,72.8792339,stop,,,,stop_position
1367093215,node,Kurla,19.0649607,72.8791914,stop,,,,stop_position
1367093217,node,Kurla,19.0650410,72.8791094,stop,,,,stop_position
1367093225,node,Kurla,19.0652016,72.8790144,stop,,,,stop_position
1367093228,node,Kurla,19.0652271,72.8789820,stop,,,,stop_position
1392005679,node,Bandra Terminus,19.0629493,72.8415372,,,,bus_station,station
1396848873,node,,19.0434671,72.9218509,,,bus_stop,,platform
1396849450,node,,19.0438865,72.9215063,,,bus_stop,,
1416491625,node,Charkop Market,19.2156554,72.8286186,,,bus_stop,,
1416493622,node,Charkop Gaon,19.2088598,72.8208160,,,bus_stop,,
1416531583,node,Asmita Jyoti,19.1966762,72.8274867,,,bus_stop,,platform
1495198407,node,Plot no.1;jafri schoole,19.0676018,72.9210453,,,bus_stop,,
1514451610,node,Dandpada Bus Stop,19.0750577,72.8262477,,,bus_stop,,platform
1576580003,node,Parle Tilak,19.1033544,72.8484748,,,bus_stop,,platform
1576587727,node,Parleshwar Mandir,19.1030172,72.8459190,,,bus_stop,,platform
1576588136,node,Parleshwar Mandir,19.1028906,72.8456990,,,bus_stop,,platform
1576641974,node,Parle Tilak,19.1032759,72.8484399,,,bus_stop,,platform
1578048950,node,Guru Prasad Soc.,19.1035090,72.8501914,,,bus_stop,,platform
1578057492,node,Guru Prasad Soc.,19.1035446,72.8498454,,,bus_stop,,platform
1579248522,node,Hanuman Road,19.1036685,72.8513743,,,bus_stop,,platform
1579248546,node,Hanuman Road,19.1037320,72.8514467,,,bus_stop,,platform
1579322102,node,Hanuman Road,19.1037524,72.8528682,,,bus_stop,,platform
1579329389,node,Hanuman Road,19.1036864,72.8531418,,,bus_stop,,platform
1582079842,node,Rutu Estate / Municipal Commissioner House,19.2480867,72.9779885,,,bus_stop,,platform
1597607870,node,Khadi Bhandar,18.9366238,72.8339750,,,bus_stop,,platform
1640461450,node,Versova Jetty,19.1436311,72.8034266,,,,ferry_terminal,station
1640723543,node,Parsi Colony Juhu,19.0997323,72.8276303,,,bus_stop,,platform
1640942358,node,Wadala Depot,19.0147784,72.8523974,,,,bus_station,station
1641730250,node,Khardanda,19.0747178,72.8228706,,,bus_stop,,platform
1641769633,node,Sherli Gaon,19.0708221,72.8229438,,,bus_stop,,platform
1641769647,node,,19.0702925,72.8224470,,,bus_stop,,platform
1643263977,node,Mysore Colony,19.0277168,72.8914397,station,monorail,,,station
1643351679,node,Agarwadi Bus stop,19.0452697,72.9257952,,,bus_stop,,platform
1643351700,node,Mulund Depot,19.1756977,72.9464875,,,,bus_station,station
1643351703,node,Mulund,19.1721366,72.9566971,station,,,,station
1643352018,node,Mulund,19.1723697,72.9570846,stop,,,,stop_position
1643352020,node,Mulund,19.1724043,72.9570505,stop,,,,stop_position
1643352023,node,Mulund,19.1725170,72.9569289,stop,,,,stop_position
1643413992,node,Municipal School,19.2286267,72.9673600,,,bus_stop,,platform
1644086506,node,Ghatkopar Station (W),19.0875403,72.9081633,,,,bus_station,station
1646222635,node,gadakary bus stop,19.0158884,72.9077266,,,bus_stop,,platform
1646774124,node,Andheri,19.1189755,72.8471010,stop,,,,stop_position
1646774126,node,Andheri,19.1192749,72.8470336,stop,,,,stop_position
1646774128,node,Andheri,19.1192854,72.8469802,stop,,,,stop_position
1646774129,node,Andheri,19.1192914,72.8468450,stop,,,,stop_position
1646774130,node,Andheri,19.1192956,72.8467967,stop,,,,stop_position
1646774131,node,Andheri,19.1193178,72.8466577,stop,,,,stop_position
1646774132,node,Andheri,19.1193246,72.8465965,stop,,,,stop_position
1647049234,node,Civil Court,19.1965215,72.9772907,,,bus_stop,,platform
1647049257,node,Court Naka,19.1970281,72.9785836,,,bus_stop,,platform
1647133382,node,Thane,19.1858218,72.9760694,stop,,,,stop_position
1647133389,node,Thane,19.1858488,72.9760608,stop,,,,stop_position
1647133401,node,Thane,19.1859651,72.9760239,stop,,,,stop_position
1647133407,node,Thane,19.1859987,72.9760133,stop,,,,stop_position
1647133433,node,Thane,19.1861263,72.9759727,stop,,,,stop_position
1647133443,node,Thane,19.1861975,72.9759502,stop,,,,stop_position
1647133450,node,Thane,19.1863180,72.9759119,stop,,,,stop_position
1648175825,node,Samata Nagar,19.2068605,72.8697453,,,,bus_station,
1648195662,node,Sahar Cargo Complex,19.0975373,72.8652877,,,,bus_station,station
1648356959,node,,19.0528494,72.8712486,,,bus_stop,,platform
1650186261,node,Kandivali (E),19.2016957,72.8537297,,,,bus_station,
1650694464,node,King's Circle,19.0316822,72.8577375,station,,,,station
1651294887,node,bus,19.0467441,72.9077411,,,bus_stop,,
1651530905,node,,19.2816723,72.8580151,,,,bus_station,station
1651801044,node,Majas Depot,19.1389362,72.8647596,,,,bus_station,station
1665625633,node,Nahur Railway Station,19.1545592,72.9470530,,,bus_stop,,platform
1665625974,node,Civil Hospital,19.1990126,72.9774550,,,bus_stop,,platform
1833247047,node,MHB Colony,19.2304356,72.8384919,,,bus_stop,,
1843638495,node,,18.9261645,72.8208868,,,bus_stop,,platform
1855291431,node,Vartak Nagar Naka,19.2099716,72.9617643,,,bus_stop,,platform
1855295815,node,Devdaya Nagar,19.2147003,72.9582095,,,bus_stop,,platform
1890095497,node,Babhai Naka,19.2283360,72.8481310,,,bus_stop,,platform
1890096536,node,Vazira Naka,19.2289622,72.8448146,,,bus_stop,,platform
1890098782,node,Don Bosco School,19.2296100,72.8423560,,,bus_stop,,platform
1891004225,node,Rajendra Nagar,19.2209450,72.8564230,,,bus_stop,,platform
1891549308,node,Gundavali,19.1205310,72.8555970,,,bus_stop,,platform
1960733138,node,Vandana Cinema,19.1943679,72.9705943,,,bus_stop,,platform
1960733402,node,Louis Wadi,19.1962955,72.9623222,,,bus_stop,,platform
1960733505,node,Makhamali Talaav,19.1983438,72.9718265,,,bus_stop,,platform
1960733532,node,Nitin Junction,19.1990546,72.9635255,,,bus_stop,,platform
1960733580,node,R.T.O,19.1990495,72.9813945,,,,,platform
1960733585,node,Nitin Company,19.1991310,72.9631504,,,bus_stop,,platform
1960733587,node,Civil Hospital,19.1991279,72.9783895,,,bus_stop,,platform
1960733671,node,Khopat S.T. Terminus,19.2003766,72.9730775,,,bus_stop,,platform
1960733860,node,Khopat,19.2034255,72.9718687,,,bus_stop,,platform
1960734049,node,Abhiruchi,19.2048334,72.9780535,,,bus_stop,,platform
1960734104,node,Desai Bangla,19.2056112,72.9782706,,,bus_stop,,platform
1960734126,node,Rabodi Police Station,19.2059641,72.9822360,,,bus_stop,,platform
1960734581,node,Majiwada Naka,19.2146243,72.9774544,,,bus_stop,,platform
1960734585,node,Majiwada Naka,19.2151588,72.9781249,,,bus_stop,,platform
1960734604,node,Devdaya Nagar,19.2149044,72.9583943,,,bus_stop,,platform
1960734730,node,Subhash Nagar,19.2164315,72.9740037,,,bus_stop,,platform
1960734932,node,Bethany Hospital,19.2203638,72.9618162,,,bus_stop,,stop_position
1960734936,node,Jawahar Nagar,19.2204748,72.9702100,,,bus_stop,,platform
1960734940,node,Jawahar Nagar,19.2204093,72.9704216,,,bus_stop,,platform
1960735180,node,Yeoor Gaon,19.2252703,72.9497466,,,bus_stop,,platform
1960735183,node,Lok Puram,19.2257553,72.9701343,,,bus_stop,,platform
1960735560,node,Patli Pada,19.2464476,72.9759993,,,bus_stop,,platform
1984212605,node,Navy Nagar Colaba,18.9074266,72.8083029,,,bus_stop,,platform
2071437455,node,BEST Bus Stop,19.1349864,72.8103871,,,bus_stop,,platform
2081722937,node,H12,19.1355677,72.9055659,,,bus_stop,,platform
2125165404,node,Highland Park,19.1461072,72.8288843,,,,,platform
2125165405,node,Highland Park Bus Stop,19.1453296,72.8289055,,,bus_stop,,platform
2125201372,node,,19.1528727,72.8283289,,,bus_stop,,
2127352649,node,Elephanta Caves Jetty,18.9723961,72.9308682,,,,ferry_terminal,station
2128596704,node,Ramakrishna Mission Bus Stop,19.0751475,72.8342923,,,bus_stop,,platform
2128596706,node,Arya Samaj Mandir,19.0792439,72.8344425,,,bus_stop,,platform
2128596711,node,Linking Road Khar,19.0722176,72.8341466,,,bus_stop,,platform
2128599353,node,Shoppers Stop,19.0610627,72.8362964,,,bus_stop,,platform
2128607195,node,Mahim Church,19.0412534,72.8409951,,,bus_stop,,platform
2128607198,node,Mahim,19.0398372,72.8416791,,,bus_stop,,platform
2130331465,node,,19.1372926,72.8105645,,,bus_stop,,platform
2131087596,node,Juhu Versova Link Road,19.1219328,72.8257301,,,bus_stop,,platform
2131087597,node,Juhu Versova Link Road,19.1234006,72.8244339,,,bus_stop,,platform
2131087639,node,,19.1238299,72.8240313,,,bus_stop,,platform
2131095060,node,New DN Nagar,19.1185196,72.8287523,,,bus_stop,,platform
2131095070,node,Abhishek Society,19.1209933,72.8265373,,,bus_stop,,platform
2131134159,node,Juhu Circle,19.1155173,72.8300035,,,bus_stop,,platform
2146607971,node,Madh Market,19.1417056,72.7897647,,,bus_stop,,
2148660907,node,Gyan Kendra School,19.1323644,72.8255906,,,bus_stop,,platform
2148660916,node,Mhada,19.1339249,72.8255967,,,bus_stop,,platform
2163597903,node,Dadar (Central),19.0172196,72.8431541,stop,,,,stop_position
2166719753,node,Khadi Bhandar खादी भंडार,18.9374940,72.8340950,,,bus_stop,,platform
2166729327,node,Khadi Bhandar,18.9372990,72.8340120,,,bus_stop,,platform
2166732234,node,Khadi Bhandar,18.9361334,72.8336366,,,bus_stop,,platform
2166748624,node,Hutatma Chowk,18.9333070,72.8313770,,,bus_stop,,platform
2166749272,node,Hutatma Chowk,18.9337940,72.8312750,,,bus_stop,,platform
2166750103,node,Hutatma Chowk,18.9340170,72.8312480,,,bus_stop,,platform
2166751180,node,Hutatma Chowk,18.9344811,72.8311697,,,bus_stop,,platform
2166817451,node,Mumbai CSMT (Suburban),18.9406445,72.8355003,stop,,,,stop_position
2166817452,node,Mumbai CSMT (Suburban),18.9406128,72.8351737,stop,,,,stop_position
2166817453,node,Mumbai CSMT (Suburban),18.9406523,72.8355803,stop,,,,stop_position
2171398748,node,Pali Mala,19.0620676,72.8295332,,,bus_stop,,platform
2175658375,node,Mumbai CSMT,18.9408662,72.8364907,stop,,,,stop_position
2175658376,node,Mumbai CSMT,18.9408787,72.8363407,stop,,,,stop_position
2175658385,node,Mumbai CSMT,18.9417671,72.8366107,stop,,,,stop_position
2175658439,node,CSMT,18.9451809,72.8378650,stop,,,,stop_position
2175658440,node,CSMT,18.9451945,72.8378123,stop,,,,stop_position
2175658444,node,CSMT,18.9452855,72.8374542,stop,,,,stop_position
2175658446,node,CSMT,18.9453265,72.8373190,stop,,,,stop_position
2176850501,node,Masjid,18.9518303,72.8381797,stop,,,,stop_position
2178025599,node,Mumbai Central,18.9700757,72.8195845,stop,,,,stop_position
2178025600,node,Mumbai Central,18.9700768,72.8195436,stop,,,,stop_position
2178025601,node,Mumbai Central,18.9700908,72.8193557,stop,,,,stop_position
2178025602,node,Mumbai Central,18.9700910,72.8193067,stop,,,,stop_position
2178163576,node,Sandhurst Road,18.9609243,72.8393719,station,,,,station
2178163625,node,Sandhurst Road,18.9608485,72.8395868,stop,,,,stop_position
2178163626,node,Sandhurst Road,18.9608688,72.8395412,stop,,,,stop_position
2178254482,node,Byculla,18.9765515,72.8326776,stop,,,,stop_position
2178254483,node,Byculla,18.9765534,72.8328591,stop,,,,stop_position
2178269313,node,Mumbai Central (local),18.9706926,72.8190255,stop,,,,stop_position
2178269316,node,Mumbai Central (local),18.9707063,72.8188911,stop,,,,stop_position
2181459886,node,,19.1391763,72.8239507,,,bus_stop,,platform
2224887211,node,Mavis,19.2291897,72.9483531,,,bus_stop,,platform
2227587632,node,Runwal Garden City,19.2230235,72.9881937,,,bus_stop,,platform
2227589015,node,Yeoor,19.2401909,72.9432964,,,bus_stop,,platform
2228292225,node,Shreerang Society,19.2060688,72.9802970,,,bus_stop,,platform
2228292530,node,Gokul Nagar,19.2085126,72.9771727,,,bus_stop,,platform
2228292579,node,Gokul Nagar,19.2092674,72.9770306,,,,bicycle_parking,platform
2228293285,node,Oswal Park,19.2147383,72.9760757,,,bus_stop,,platform
2228429124,node,,19.2000104,72.9623884,,,bus_stop,,platform
2230881380,node,Namdev Wadi,19.1983321,72.9665078,,,bus_stop,,platform
2236784797,node,Uran,18.9145979,72.9277423,,,,ferry_terminal,station
2242576790,node,Shivaar garden,19.2888812,72.8652280,,,,,stop_position
2285872311,node,Nehru Tarangan,18.9889131,72.8137151,,,bus_stop,,platform
2285872332,node,Nehru Planetarium,18.9882372,72.8136659,,,bus_stop,,platform
2285872333,node,Nehru Planetarium,18.9884103,72.8139442,,,bus_stop,,platform
2285872336,node,Nehru Planetarium,18.9885926,72.8136844,,,bus_stop,,platform
2285872337,node,Nehru Planetarium,18.9887189,72.8139654,,,bus_stop,,platform
2285872340,node,Nehru Planetarium,18.9889645,72.8137178,,,bus_stop,,platform
2285872342,node,Nehru Planetarium,18.9889924,72.8139840,,,bus_stop,,platform
2285872343,node,Nehru Planetarium,18.9892201,72.8137307,,,bus_stop,,platform
2285872344,node,Nehru Planetarium,18.9892703,72.8137387,,,bus_stop,,platform
2285872354,node,Nehru Planetarium,18.9898692,72.8137762,,,bus_stop,,platform
2294433428,node,,18.9994063,72.9056876,,,,bus_station,
2295901311,node,Lotus Court,18.9867462,72.8143166,,,bus_stop,,platform
2295901312,node,Lotus Court,18.9868455,72.8141724,,,bus_stop,,platform
2299204467,node,,19.1912920,72.9877977,,,bus_stop,,platform
2313106108,node,Vihar Lake,19.1397456,72.8982965,,,bus_stop,,
2313110689,node,NITIE,19.1349868,72.8997985,,,bus_stop,,
2313134564,node,Ramada Hotel,19.1365991,72.8993659,,,bus_stop,,
2317278914,node,Jeejabhai Bhosale Junction,19.0693281,72.9055478,,,bus_stop,,platform
2317279161,node,Chedda Nagar,19.0687175,72.9043720,,,bus_stop,,platform
2317279162,node,Chedda Nagar,19.0693463,72.9047598,,,bus_stop,,platform
2319202487,node,Dr. Babasaheb Ambedkar Udyan/Powai Gardens,19.1256563,72.8948183,,,bus_stop,,platform
2319202488,node,Dr. Babasaheb Ambedkar Udyan/Powai Gardens,19.1256107,72.8945178,,,bus_stop,,platform
2319202489,node,Dr. Babasaheb Ambedkar Udyan/Powai Gardens,19.1258083,72.8935630,,,bus_stop,,platform
2319202490,node,Dr. Babasaheb Ambedkar Udyan/Powai Gardens,19.1271565,72.8944052,,,bus_stop,,platform
2319215780,node,Chembur Colony Bus Depot,19.0452589,72.8935268,,,,bus_station,
2353247893,node,Ganesh Mandir Bus Stop,19.2157363,72.8230081,,,bus_stop,,
2353247894,node,Sector 2 Bus Stop,19.2154906,72.8253061,,,bus_stop,,
2366784472,node,Lokhandwala Link Road,19.1413516,72.8316960,,,bus_stop,,platform
2396261920,node,J.V.P.D. Bus Station,19.1162312,72.8310390,,,bus_stop,,platform
2439495324,node,Worli Village,19.0169158,72.8200827,,,,bus_station,station
2440235101,node,Mulund West Check Naka,19.1830083,72.9536289,,,bus_stop,,
2440266920,node,Chendani Koliwada (C.I.D.C.O),19.1879291,72.9797476,,,bus_stop,bus_station,station
2440664579,node,Madh Jetty,19.1446116,72.8019073,,,bus_stop,,
2443092123,node,Dockyard Road,18.9674767,72.8445477,station,,,,station
2443096202,node,Reay Road,18.9775506,72.8441011,station,,,,station
2444001671,node,Currey Road,18.9937486,72.8328556,station,,,,station
2444154308,node,King's Circle,19.0320365,72.8574390,stop,,,,stop_position
2444154310,node,King's Circle,19.0320891,72.8574590,stop,,,,stop_position
2446139795,node,Khodadad Circle,19.0170595,72.8474403,,,bus_stop,,platform
2446353347,node,Agar Bazaar,19.0170699,72.8302866,,,bus_stop,,platform
2446353349,node,Ravindra Natya Mandir,19.0153724,72.8298764,,,bus_stop,,platform
2449757353,node,Mount Mary Steps,19.0481917,72.8250874,,,bus_stop,,platform
2454571178,node,Chembur,19.0626319,72.9011399,station,,,,station
2562641986,node,Dindoshi,19.1758267,72.8655041,,,bus_stop,,
2564347096,node,Vesave/Yari Road Bus Station,19.1395596,72.8084624,,,,,stop_position
2567633876,node,children's home,19.0426822,72.9287838,,,bus_stop,,
2567636054,node,children's home,19.0428409,72.9286705,,,bus_stop,,
2568778989,node,,19.0456589,72.9298248,,,bus_stop,,
2590306501,node,Bharat Nagar,19.1253180,72.8224440,,,bus_stop,,platform
2622213367,node,Prabhadevi,19.0072999,72.8358523,stop,,,,stop_position
2629418494,node,,19.0630540,72.8354736,,,bus_stop,,platform
2629682524,node,Churchgate,18.9331079,72.8285954,,,,bus_station,station
2629682535,node,Dr Shyama Prasad Mukherjee Chowk,18.9258816,72.8331644,,,bus_stop,,platform
2629682537,node,Dr Shyama Prasad Mukherjee Chowk,18.9262672,72.8316292,,,bus_stop,,platform
2629682538,node,Dr Shyama Prasad Mukherjee Chowk,18.9263017,72.8313888,,,bus_stop,,platform
2629682539,node,Churchgate,18.9329613,72.8287391,,,bus_stop,,platform
2629720841,node,Mankhurd,19.0482086,72.9317136,station,,,,
2629720846,node,,19.0456039,72.9300015,,,bus_stop,,
2629791007,node,Nahur,19.1546402,72.9466525,station,,,,station
2630075000,node,Bandra,19.0549792,72.8402203,station,,,,station
2630075001,node,Byculla,18.9766219,72.8327936,station,,,,station
2630075002,node,Charni Road,18.9518437,72.8182401,station,,,,station
2630075003,node,Dadar,19.0173761,72.8430265,station,,,,station
2630075004,node,Dadar,19.0192269,72.8428479,station,,,,station
2630075005,node,Mahim Junction,19.0406634,72.8466038,station,,,,station
2630075006,node,Marine Lines,18.9457640,72.8237193,station,,,,station
2630075008,node,Mumbai Central,18.9695855,72.8193152,station,terminal,,,station
2630075010,node,Vile Parle,19.0999098,72.8440038,station,,,,station
2646125663,node,,19.1005619,72.8445644,,,bus_stop,,platform
2646125794,node,Bus 35 to Int. Airport,19.1008705,72.8446082,,,bus_stop,,platform
2647295137,node,Bharat Petroleum,19.0352839,72.8955553,station,monorail,,,station
2647295140,node,VNP & RC Marg Junction,19.0526419,72.8942789,station,monorail,,,station
2663219988,node,Chuna Bhatti,19.0517703,72.8690974,station,,,,station
2663263713,node,Sion,19.0465213,72.8632834,station,,,,station
2663447640,node,Kurla,19.0652797,72.8793805,station,,,,station
2718662788,node,Bharat Nagar,19.1253791,72.8225834,,,bus_stop,,platform
2718662822,node,Natasha Tower,19.1265274,72.8212852,,,bus_stop,,platform
2718664886,node,,19.1034708,72.8369397,,,bus_stop,,platform
2718665548,node,,19.1034785,72.8367182,,,bus_stop,,platform
2726679970,node,Orkay,19.1214250,72.8706529,,,bus_stop,,platform
2726679971,node,Gautam Nagar,19.1185973,72.8701515,,,bus_stop,,platform
2726683942,node,C Cross Road,19.1227917,72.8712977,,,bus_stop,,platform
2841960948,node,Hill Road Garden,19.0526477,72.8241777,,,bus_stop,,platform
2841960949,node,Hill Road Garden,19.0518136,72.8241777,,,bus_stop,,platform
2851477516,node,St. Baptist House,19.0480965,72.8258507,,,bus_stop,,platform
2852905554,node,Mysore Colony,19.0276972,72.8914416,stop,,,,stop_position
2852905557,node,Mysore Colony,19.0277331,72.8914416,stop,,,,stop_position
2852909120,node,Bharat Petroleum,19.0352809,72.8955367,stop,,,,stop_position
2852909121,node,Bharat Petroleum,19.0352931,72.8955724,stop,,,,stop_position
2852909155,node,Wadala Depot,19.0388237,72.8740050,stop,,,,stop_position
2852909156,node,Wadala Depot,19.0388242,72.8740468,stop,,,,stop_position
2852909414,node,Fertilizer Township,19.0438752,72.8934364,stop,,,,stop_position
2852909415,node,Fertilizer Township,19.0438783,72.8934743,stop,,,,stop_position
2852909459,node,VNP & RC Marg Junction,19.0526221,72.8943435,stop,,,,stop_position
2852909460,node,VNP & RC Marg Junction,19.0526617,72.8942100,stop,,,,stop_position
2852909479,node,Chembur,19.0612060,72.8976050,stop,,,,stop_position
2852909480,node,Chembur,19.0612236,72.8975719,stop,,,,stop_position
2895364109,node,Everard Nagar,19.0510806,72.8751884,,,bus_stop,,platform
2895364110,node,Everard Nagar,19.0511591,72.8754147,,,bus_stop,,platform
2895365401,node,Everard Nagar,19.0505635,72.8749009,,,bus_stop,,platform
2898961177,node,Hiranandani Meadows,19.2277842,72.9697028,,,bus_stop,,platform
2902100495,node,Muchhala College,19.2628588,72.9683276,,,bus_stop,,platform
2902101571,node,Muchhala College,19.2628978,72.9684542,,,bus_stop,,platform
2909184659,node,D. N. Nagar,19.1284058,72.8295743,stop,,,,stop_position
2909186525,node,Versova,19.1302339,72.8213762,stop,,,,stop_position
2913172821,node,Azad Nagar,19.1270227,72.8370213,stop,,,,stop_position
2913182920,node,Asalpha,19.0967391,72.8943260,stop,,,,stop_position
2920707181,node,Suvidya High School,19.2294844,72.8285292,,,bus_stop,,
2930719361,node,,19.0525399,72.9334033,,,bus_stop,,
2949012476,node,,19.1417904,72.8308178,,,bus_stop,,platform
2949012515,node,,19.1423401,72.8313355,,,bus_stop,,platform
2949012516,node,,19.1398526,72.8260800,,,bus_stop,,platform
2966429908,node,Citi Bank BKC,19.0685222,72.8677446,,,bus_stop,,platform
2966429909,node,Citi Bank BKC,19.0689170,72.8677425,,,bus_stop,,platform
2966429910,node,MTNL Telephone Exchange BKC,19.0707050,72.8714701,,,bus_stop,,platform
2966429911,node,MTNL Telephone Exchange BKC,19.0711079,72.8715467,,,bus_stop,,platform
2986295912,node,Fertilizer Township,19.0438776,72.8934560,station,monorail,,,station
3125655773,node,Shankar Mandir Stop,19.0284541,72.8974533,,,bus_stop,,platform
3175794769,node,Airport Road,19.1099146,72.8747968,stop,,,,stop_position
3175794770,node,Airport Road,19.1103264,72.8735321,stop,,,,stop_position
3175794771,node,Ghatkopar,19.0862832,72.9079859,stop,,,,stop_position
3175794772,node,Ghatkopar,19.0862860,72.9081226,stop,,,,stop_position
3175794773,node,Jagruti Nagar,19.0921714,72.9025996,stop,,,,stop_position
3175794774,node,Jagruti Nagar,19.0928803,72.9012758,stop,,,,stop_position
3175794775,node,Marol Naka (Line 1),19.1079463,72.8801094,stop,,,,stop_position
3175794776,node,Marol Naka (Line 1),19.1083663,72.8788727,stop,,,,stop_position
3186367483,node,Four Bungalows,19.1300324,72.8257946,,,bus_stop,,platform
3186571161,node,Borivali,19.2282756,72.8565090,,,,,stop_position
3195583578,node,Balakanji Bari,19.0846764,72.8327654,,,bus_stop,,platform
3204171920,node,Postal Colony,19.0615161,72.8934087,,,bus_stop,,platform
3204171921,node,Postal Colony,19.0612837,72.8937180,,,bus_stop,,platform
3204217627,node,,19.0649940,72.9196089,,,bus_stop,,
3204252766,node,Shivaji Nagar Bus Terminus,19.0604104,72.9256386,,,bus_stop,,
3204472731,node,Chembur Naka,19.0542102,72.8934237,,,bus_stop,,platform
3204480436,node,Kumbharwada,19.0541889,72.8919114,,,bus_stop,,platform
3204485312,node,Shankar Deol,19.0289047,72.8972115,,,bus_stop,,platform
3204504352,node,cheeta camp,19.0384776,72.9446669,,,bus_stop,,
3204508759,node,trombay bus stop..,19.0342614,72.9494324,,,bus_stop,,platform
3204516948,node,Shreyas Cinema,19.0938693,72.9129053,,,bus_stop,,platform
3205733664,node,Govandi,19.0553688,72.9150702,station,,,,station
3205771863,node,GTB Nagar bustop,19.0375439,72.8660211,,,bus_stop,,platform
3205774856,node,Lokmanya Tilak hospital,19.0372203,72.8614909,,,bus_stop,,platform
3205954461,node,Ninety Feet Jhangri Masjid,19.0638119,72.9284627,,,bus_stop,,
3205956667,node,Tembhipada Police Chowki,19.1551631,72.9291525,,,bus_stop,,platform
3205997409,node,Mohete Patil,19.0534061,72.9351532,,,bus_stop,,
3206033567,node,New Gautam Nagar Bus Stop,19.0592485,72.9138517,,,bus_stop,,platform
3206218502,node,Priyadarshini Bus Stop,19.0523850,72.8797934,,,bus_stop,,platform
3206269274,node,Priyadarshini,19.0526133,72.8795023,,,bus_stop,,platform
3207677587,node,Nehru Nagar- Kurla,19.0617135,72.8837422,,,bus_stop,,platform
3207678748,node,Kurla ST Depot,19.0581845,72.8828625,,,bus_stop,,platform
3207678780,node,Kurla S T Depot,19.0566368,72.8839847,,,bus_stop,,platform
3207678781,node,Shiv Shrusti,19.0553400,72.8827444,,,bus_stop,,platform
3207682357,node,Priyadarshini Chunabhatti,19.0538077,72.8810985,,,bus_stop,,platform
3207682361,node,Shiv Shrusti,19.0551068,72.8823689,,,bus_stop,,platform
3207683449,node,Priyadarshini,19.0530974,72.8801854,,,bus_stop,,platform
3207701503,node,S.G.Barve Marg Jun.(Thakkar Bappa),19.0577155,72.8866524,,,bus_stop,,platform
3207718347,node,Kamgaar Nagar,19.0591834,72.8855608,,,bus_stop,,platform
3207720197,node,S.G.Barve Marg Jun (Thakkar Bappa ),19.0577079,72.8867168,,,bus_stop,,platform
3207720278,node,Kamgaar Nagar,19.0604559,72.8859707,,,bus_stop,,platform
3207720434,node,S.G.Barve Marg Jn.,19.0574236,72.8878253,,,bus_stop,,platform
3207732982,node,S.G.Barve Marg Jn.,19.0571586,72.8882584,,,bus_stop,,platform
3213880309,node,laalubai bus stop,19.0532391,72.9272898,,,bus_stop,,
3214176979,node,Wadala Depot,19.0148550,72.8524232,,,bus_stop,,platform
3214188918,node,Wadala Depot,19.0146931,72.8527142,,,bus_stop,,platform
3214194358,node,Sharada Cinema- Dadar,19.0141752,72.8462562,,,bus_stop,,platform
3215568899,node,,19.0632650,72.9293561,,,bus_stop,,
3215574543,node,Railway Vasahat,19.0555695,72.9334422,,,bus_stop,,
3215578240,node,Bus stop,19.0497076,72.9269083,,,bus_stop,,
3217150650,node,asisi nagar bus stop,19.0606584,72.9121226,,,bus_stop,,platform
3217427543,node,deonar colony bus stop,19.0541665,72.9234807,,,bus_stop,,
3217432498,node,colony bus stop,19.0557346,72.9220000,,,bus_stop,,
3218898828,node,Narayana Guru,19.0610068,72.9090990,,,bus_stop,,platform
3224770453,node,jafary bus stop,19.0675626,72.9208680,,,bus_stop,,
3229537290,node,Gavan Pada,19.1728787,72.9614460,,,bus_stop,,platform
3229537297,node,Mulund Station (East),19.1713923,72.9582144,,,bus_stop,,platform
3243945329,node,L.I.C. Colony,19.2426204,72.8520198,,,bus_stop,,
3243945339,node,Bhagwati Hospital,19.2401299,72.8544811,,,bus_stop,,platform
3243945340,node,Bhagwati Hospital,19.2404837,72.8546667,,,bus_stop,,platform
3248305759,node,Bhandup,19.1427570,72.9376543,station,,,,station
3263024864,node,Sawarkar Nagar,19.2059129,72.9542957,,,bus_stop,,platform
3263030022,node,Yashodham Nagar,19.2082598,72.9546384,,,bus_stop,,platform
3263043839,node,Road Number 16,19.1935175,72.9535565,,,bus_stop,,platform
3263043840,node,Road Number 16,19.1937177,72.9537510,,,bus_stop,,platform
3276626955,node,,18.9404142,72.8382775,,,bus_stop,,platform
3276626956,node,,18.9445366,72.8301501,,,bus_stop,,platform
3278350500,node,,18.9455786,72.8313847,,,bus_stop,,platform
3278351286,node,,18.9448178,72.8300391,,,bus_stop,,platform
3278351287,node,,18.9453507,72.8311202,,,bus_stop,,platform
3289526262,node,Sheetal Bus stop,19.0822198,72.8820808,,,bus_stop,,platform
3289565941,node,Kapadia Nagar,19.0750810,72.8726577,,,bus_stop,,platform
3306032211,node,Gujarat Society,19.0969116,72.8513570,,,bus_stop,,platform
3306033038,node,Gujarat Society,19.0968975,72.8514137,,,bus_stop,,platform
3306035647,node,Domestic Airport,19.0923948,72.8476959,,,bus_stop,,platform
3306535086,node,,18.9543825,72.8149815,,,,,stop_position
3306535087,node,,18.9550813,72.8045683,,,,,stop_position
3306535088,node,,18.9553543,72.8047381,,,,,stop_position
3306535090,node,,18.9557422,72.8089986,,,,,stop_position
3306535092,node,,18.9771509,72.8115505,,,,,stop_position
3313013693,node,Naik Bus Stop,18.9411989,72.8295989,,,bus_stop,,platform
3345962769,node,Dahisar,19.2493209,72.8592970,,,,,stop_position
3345986823,node,Dahisar,19.2493288,72.8595363,stop,,,,stop_position
3345986845,node,Dahisar,19.2493228,72.8593484,,,,,stop_position
3345986848,node,Borivali,19.2282432,72.8566618,,,,,stop_position
3345986857,node,Borivali,19.2282645,72.8565539,,,,,stop_position
3345986875,node,Borivali,19.2282385,72.8567161,stop,,,,stop_position
3345986891,node,Dahisar,19.2493326,72.8594875,stop,,,,stop_position
3347009325,node,Borivali,19.2290680,72.8573628,station,,,,station
3347009347,node,Borivali,19.2282115,72.8568710,stop,,,,stop_position
3347009361,node,Borivali,19.2281826,72.8570414,,,,,stop_position
3347023609,node,Kandivali,19.2041136,72.8517376,station,,,,station
3347034598,node,Malad,19.1867193,72.8485884,station,,,,station
3347034961,node,Goregaon,19.1648688,72.8495492,station,,,,station
3347771408,node,Vile Parle,19.1000071,72.8438937,stop,,,,stop_position
3363337260,node,Asic Nagar,19.1216167,72.8299889,,,bus_stop,,platform
3389150481,node,Andheri,19.1200415,72.8494816,stop,,,,stop_position
3389150482,node,Azad Nagar,19.1268055,72.8382668,stop,,,,stop_position
3389150483,node,Western Express Highway (eastbound),19.1155638,72.8569834,stop,,,,stop_position
3389150484,node,Western Express Highway (westbound),19.1161636,72.8558686,stop,,,,stop_position
3389210700,node,Chakala - J.B. Nagar,19.1119069,72.8682423,stop,,,,stop_position
3389210701,node,Saki Naka,19.1032172,72.8885094,stop,,,,stop_position
3389249957,node,Asalpha,19.0960972,72.8954130,stop,,,,stop_position
3405282861,node,Bhakti Park,19.0289703,72.8775869,stop,,,,stop_position
3439107263,node,Bainganwadi,19.0590268,72.9243739,,,bus_stop,,
3455073190,node,Bhakti Park,19.0289748,72.8775572,stop,,,,stop_position
3462327239,node,Prabhadevi,19.0074717,72.8358965,station,,,,station
3464561137,node,,19.0143712,72.8531850,,,bus_stop,,platform
3464562701,node,Mayors Bungalow,19.0285848,72.8374441,,,bus_stop,,platform
3467500468,node,Bandra Station Road (W),19.0535401,72.8380674,,,bus_stop,,platform
3467500590,node,P.Mohd Rafi Chowk,19.0514594,72.8383231,,,bus_stop,,platform
3467500693,node,Bandra Station Road (W),19.0545381,72.8376574,,,bus_stop,,platform
3467501927,node,Bandra Talao,19.0576069,72.8367365,,,bus_stop,,platform
3467511840,node,BEST Quarters,19.1537880,72.8388106,,,bus_stop,,
3467513331,node,BEST Quarters,19.1537756,72.8389945,,,bus_stop,,
3467514928,node,BEST Nagar,19.1531908,72.8418998,,,bus_stop,,platform
3467519507,node,Bhagat Singh Nagar,19.1553842,72.8364691,,,bus_stop,,
3467522581,node,Oshiwara / Goregaon,19.1526529,72.8357139,,,bus_stop,,
3467526748,node,Goragaon Depot,19.1546032,72.8353435,,,bus_stop,,
3467536777,node,Siddarth Nagar / Vivek College,19.1590341,72.8431734,,,bus_stop,,platform
3467537631,node,Motilal Nagar Post Office,19.1590964,72.8404664,,,bus_stop,,platform
3467537925,node,Shastri Nagar,19.1600204,72.8357679,,,bus_stop,,platform
3467537926,node,Shastri Nagar,19.1602875,72.8349201,,,bus_stop,,platform
3467539380,node,Vivek College,19.1584661,72.8436448,,,bus_stop,,platform
3501418211,node,Chinchpokli,18.9871984,72.8326716,station,,,,station
3501418212,node,Parel,19.0094817,72.8376614,station,,,,station
3501418269,node,Masjid,18.9518333,72.8383140,stop,,,,stop_position
3501419203,node,Sandhurst Road,18.9618507,72.8394605,stop,,,,stop_position
3501419615,node,Byculla,18.9765536,72.8328865,stop,,,,stop_position
3501419617,node,Byculla,18.9765511,72.8327203,stop,,,,stop_position
3501419652,node,Chinchpokli,18.9871340,72.8328365,stop,,,,stop_position
3501419682,node,Dadar (Central),19.0173566,72.8428869,stop,,,,stop_position
3518744772,node,Shetty Vidyalay,19.1157549,72.9059323,,,bus_stop,,platform
3523224212,node,Kokan Nagar,19.1462404,72.9289053,,,bus_stop,,
3529531729,node,Chembur Colony,19.0440704,72.8935618,,,bus_stop,,
3529567637,node,sathe nagar bus stop,19.0563052,72.9300455,,,bus_stop,,
3529572106,node,sandu wadi,19.0533797,72.8974857,,,bus_stop,,platform
3530903066,node,Tilak Nagar,19.0657855,72.8904702,station,,,,station
3530947552,node,thakkar Bappa colony,19.0588081,72.8870031,,,bus_stop,,platform
3530954289,node,thakkar Bappa colony,19.0588043,72.8871131,,,bus_stop,,platform
3533491618,node,Bhagat Singh Nagar,19.1574924,72.8351265,,,bus_stop,,platform
3534580595,node,neeta volvo,19.0529281,72.8991655,,,bus_stop,,platform
3547849364,node,N G ACHARYA COLLEGE BUS STOP,19.0585892,72.9078559,,,bus_stop,,platform
3547896429,node,dadoji kondev nagar(khardev nagar),19.0570053,72.9096184,,,bus_stop,,platform
3554037797,node,ishwar nagar stop,19.1443582,72.9343821,,,bus_stop,,platform
3562743827,node,Ghatkopar Station,19.0891525,72.9074443,,,bus_stop,,platform
3617109229,node,marol maroshi,19.1180840,72.8801296,,,bus_stop,,platform
3634241262,node,New DN Nagar,19.1183701,72.8297505,,,bus_stop,,platform
3732540593,node,Wadala Bridge,19.0174849,72.8593168,station,monorail,,,station
3767105938,node,Indian Oil Nagar,19.1275501,72.8311016,,,bus_stop,,platform
3792254421,node,Shastri Nagar,19.1593202,72.8363200,,,bus_stop,,platform
3806743187,node,Acharya Atre Nagar,19.0236472,72.8637994,station,monorail,,,station
3806743188,node,Ambedkar Nagar,19.0015921,72.8442272,station,monorail,,,station
3806743192,node,Dadar East,19.0162531,72.8522274,station,monorail,,,station
3806743193,node,Guru Tegh Bahadur Nagar,19.0366871,72.8707858,station,monorail,,,station
3806743194,node,Sant Gadge Maharaj Chowk,18.9830921,72.8285867,station,monorail,,,station
3806743195,node,Mint Colony,18.9945142,72.8433086,station,monorail,,,station
3806743196,node,Naigaon,19.0095393,72.8478709,station,monorail,,,station
3878491940,node,Goregaon Bus Depot,19.1542438,72.8357728,,,,bus_station,
3878491941,node,Oshiwara Bus Depot,19.1531335,72.8358981,,,,bus_station,
3878560519,node,Govandi,19.0548469,72.9157646,,,,,stop_position
3878597746,node,Kurla Depot,19.0745661,72.8760580,,,,bus_station,station
3921758985,node,,19.2907209,72.8747377,,,bus_stop,,
3926507483,node,Kalanagar Bus Station,19.0534895,72.8470962,,,bus_stop,,platform
3930284458,node,Tilak Nagar Junction,19.1960049,72.9549565,,,bus_stop,,platform
3930284459,node,Bradma Company,19.1960052,72.9550487,,,bus_stop,,platform
3930284460,node,Ambika Nagar,19.1976929,72.9557839,,,bus_stop,,platform
3930284461,node,Ambika Nagar,19.1975468,72.9557502,,,bus_stop,,platform
3930284465,node,Kamgar Hospital,19.2037497,72.9541539,,,bus_stop,,platform
3931917826,node,Sawarkar Nagar,19.2059369,72.9541593,,,bus_stop,,platform
3931917833,node,Vaishali Nagar,19.1872973,72.9455298,,,,bus_station,
3931917834,node,Vaishali Nagar,19.1870693,72.9458731,,,bus_stop,,
3931942705,node,Agriculture,19.2000617,72.9538899,,,bus_stop,,platform
3931942706,node,Agriculture,19.2001680,72.9540173,,,bus_stop,,platform
3951527111,node,Santacruz Bus Depot,19.0905676,72.8382833,,,,bus_station,station
3954998295,node,Passport Office / M.I.D.C.,19.1922094,72.9552668,,,bus_stop,,platform
3981413853,node,,19.0659604,72.9291639,,,bus_stop,,
3981413855,node,,19.0660706,72.9289155,,,bus_stop,,
3981413856,node,,19.0660920,72.9292354,,,bus_stop,,
3981415657,node,,19.0662023,72.9289927,,,bus_stop,,
3981415659,node,,19.0662254,72.9293060,,,bus_stop,,
3981415661,node,,19.0663357,72.9290633,,,bus_stop,,
4008815042,node,Nahur,19.1546134,72.9467413,stop,,,,stop_position
4010213288,node,Kanjur Marg,19.1285976,72.9282208,stop,,,,stop_position
4014542566,node,Hong Kong Bank,19.0603076,72.8295088,,,bus_stop,,platform
4109115231,node,Dr.Cooper Hospital,19.1077300,72.8368277,,,bus_stop,,platform
4113603393,node,PANCH RASTA,19.1763910,72.9525539,,,bus_stop,,
4133879203,node,,18.9552298,72.8046655,,,bus_stop,,
4158101551,node,Manpada,19.2353185,72.9759496,,,bus_stop,,platform
4202895618,node,,19.1344439,72.7834043,,,,ferry_terminal,station
4211019628,node,Teen Hath Naka,19.1888027,72.9633143,,,bus_stop,,platform
4211040735,node,Hospital,19.1720086,72.9599368,,,bus_stop,,platform
4211040736,node,Hospital,19.1719242,72.9600031,,,bus_stop,,platform
4211040737,node,Mulund Station (East),19.1716515,72.9581230,,,bus_stop,,platform
4211040739,node,,19.1702031,72.9590674,,,bus_stop,,platform
4211040740,node,,19.1701564,72.9591168,,,bus_stop,,platform
4211040742,node,,19.1694785,72.9591761,,,bus_stop,,platform
4211040743,node,,19.1695065,72.9592196,,,bus_stop,,platform
4211040744,node,,19.1688948,72.9601011,,,bus_stop,,platform
4211040745,node,,19.1688733,72.9599806,,,bus_stop,,platform
4220016693,node,Godrej Bus Stop Gate 3,19.1036419,72.9209927,,,bus_stop,,platform
4233541816,node,Brahmand Phase 6,19.2466712,72.9847606,,,bus_stop,,platform
4233856092,node,Bhawani Nagar,19.2021324,72.9537686,,,bus_stop,,platform
4237791504,node,CSMI Airport Terminal 2,19.1013571,72.8725934,,,bus_stop,,platform
4258411009,node,Vikhroli,19.1117623,72.9283198,stop,,,,stop_position
4258411011,node,Vikhroli,19.1117773,72.9281555,stop,,,,stop_position
4258411016,node,Vikhroli,19.1117613,72.9282893,stop,,,,stop_position
4258411017,node,Vikhroli,19.1117516,72.9284479,stop,,,,stop_position
4258411797,node,Vikhroli,19.1114795,72.9280210,station,,,,station
4260136290,node,Churchgate,18.9354797,72.8271741,station,,,,station
4264457295,node,Matunga,19.0274356,72.8501467,station,,,,station
4264462833,node,Matunga Road,19.0278149,72.8466813,station,,,,station
4264478427,node,Mahalaxmi,18.9825203,72.8242196,station,,,,station
4264539430,node,Ghatkopar,19.0856928,72.9083668,station,,,,station
4264841906,node,Guru Tegh Bahadur Nagar,19.0380048,72.8643455,station,,,,station
4264980597,node,Cotton Green,18.9865030,72.8432532,stop,,,,stop_position
4270149192,node,Manpada,19.2353564,72.9762983,,,bus_stop,,platform
4270329891,node,Kasarvadavali Naka,19.2695462,72.9652023,,,bus_stop,,platform
4271113412,node,ONE BKC Bus stop,19.0601769,72.8644094,,,,,stop_position
4294951436,node,,18.9644123,72.8211647,,,bus_stop,,platform
4294951441,node,,18.9644751,72.8210474,,,bus_stop,,platform
4294951445,node,,18.9645222,72.8211824,,,bus_stop,,platform
4305515638,node,Moti Mahal,19.0595311,72.8321030,,,bus_stop,,platform
4305525330,node,Moti Mahal,19.0594059,72.8325450,,,bus_stop,,platform
4305526331,node,Moti Mahal,19.0605962,72.8343053,,,bus_stop,,platform
4305528197,node,Moti Mahal,19.0602239,72.8343003,,,bus_stop,,platform
4306257482,node,Madh Jetty,19.1445335,72.8021458,,,,ferry_terminal,
4307374890,node,,19.1991675,72.8206544,,,bus_stop,,
4312118497,node,Vasinaka Bus Stop ,19.0328611,72.8962597,,,bus_stop,,
4312136399,node,Vasinaka Bus Stop ,19.0329566,72.8961803,,,bus_stop,,
4326441990,node,Maharashtra Weight Bridge,19.1024908,72.8882470,,,bus_stop,,platform
4326459989,node,Shethiya Nagar,19.0980844,72.8878668,,,bus_stop,,platform
4326462289,node,DSouza Nagar,19.0958775,72.8878013,,,bus_stop,,platform
4326475989,node,Krishna Nagar,19.0998652,72.8879689,,,bus_stop,,platform
4328161660,node,,19.0560018,72.8450002,,,bus_stop,,platform
4328161661,node,,19.0560195,72.8452054,,,bus_stop,,platform
4328161664,node,,19.0561666,72.8450511,,,bus_stop,,platform
4328161665,node,,19.0561780,72.8451665,,,bus_stop,,platform
4339824590,node,,19.1064314,72.8879239,,,bus_stop,,platform
4339932592,node,,19.1125738,72.8883909,,,bus_stop,,platform
4339959690,node,State Bank,19.1072697,72.8880578,,,bus_stop,,platform
4339974093,node,,19.1074064,72.8836645,,,bus_stop,,platform
4339981002,node,,19.1075866,72.8804500,,,bus_stop,,platform
4339981499,node,,19.1055533,72.8852810,,,bus_stop,,platform
4340004889,node,Local Karyalay,19.1173423,72.8896404,,,bus_stop,,platform
4340947500,node,Godrej East,19.0954163,72.9239959,,,bus_stop,,platform
4341054365,node,,18.9656740,72.8467809,,,bus_stop,,platform
4345706690,node,Khar Road,19.0690106,72.8403841,stop,,,,stop_position
4345706693,node,Khar Road,19.0690942,72.8398818,stop,,,,stop_position
4349254092,node,,19.1041282,72.8746592,,,bus_stop,,platform
4349254492,node,,19.0934244,72.8557476,,,bus_stop,,platform
4349256190,node,,19.1067432,72.8750881,,,bus_stop,,platform
4349263389,node,,19.1053241,72.8859922,,,bus_stop,,platform
4349265289,node,Centaur Hotel,19.0976156,72.8535743,,,bus_stop,,platform
4367331982,node,Neelkanth Heights,19.2205166,72.9605147,,,bus_stop,,platform
4367377476,node,Kavyadhara,19.2283998,72.9823284,,,bus_stop,,platform
4367380311,node,Runwal Garden City,19.2229405,72.9882388,,,bus_stop,,platform
4367741661,node,Sainath Nagar,19.2668893,72.9669569,,,bus_stop,,platform
4367741685,node,Hawre City / Boriwade Gaon,19.2599582,72.9576677,,,bus_stop,,platform
4375303347,node,St. Peter Church,19.0549428,72.8295354,,,bus_stop,,platform
4382193894,node,,19.2317548,72.8602575,,,,bus_station,
4396299492,node,,19.1063401,72.8665226,,,bus_stop,,platform
4406642094,node,,19.0967379,72.9190376,,,bus_stop,,platform
4425991294,node,,19.1051473,72.9128964,,,bus_stop,,platform
4465931800,node,Samaj mandir hall,19.0395720,72.8689282,,,bus_stop,,platform
4483496889,node,Shyam Nagar,19.1388906,72.8635167,,,bus_stop,,platform
4483498789,node,Shyam Nagar,19.1390311,72.8634202,,,bus_stop,,platform
4483498869,node,Majas Depot,19.1390436,72.8649280,,,bus_stop,,platform
4483501889,node,Majas Depot,19.1392575,72.8652021,,,bus_stop,,platform
4483785591,node,,19.0304901,72.8542607,,,bus_stop,,platform
4483809689,node,,19.0325733,72.8542242,,,bus_stop,,platform
4513550299,node,,18.9551127,72.8419397,,,bus_stop,,platform
4537804390,node,,19.2171897,72.8475633,,,bus_stop,,platform
4576708592,node,,19.1715185,72.9341432,,,bus_stop,,
4576710994,node,Highland Park,19.1699829,72.9322278,,,bus_stop,,
4576736692,node,,19.1731899,72.9346416,,,bus_stop,,
4576758098,node,Amar Nagar,19.1682012,72.9318798,,,bus_stop,,
4576942191,node,,19.1747635,72.9372081,,,bus_stop,,
4577337990,node,Powai Chowk,19.1729199,72.9357134,,,bus_stop,,
4577377089,node,Azad Nagar,19.2985720,72.8554854,,,bus_stop,,
4579538191,node,,19.2724931,72.8824118,,,bus_stop,,
4583539494,node,Sri Chhatrapati Shivaji Maharaj Chowk,19.1760451,72.9377018,,,bus_stop,,
4583566289,node,,19.1771575,72.9388751,,,bus_stop,,
4583566290,node,,19.1778426,72.9434199,,,bus_stop,,
4583566389,node,,19.1779003,72.9440539,,,bus_stop,,
4583581092,node,,18.8997863,72.8136970,,,,bus_station,station
4583590689,node,,18.9138325,72.8085422,,,,bus_station,
4583600393,node,Dharavi Depot,19.0510956,72.8581907,,,,bus_station,
4585359396,node,,19.2006977,72.9611861,,,bus_stop,,platform
4585364193,node,,19.2000703,72.9625060,,,bus_stop,,platform
4585364196,node,Mulund Court,19.1742351,72.9584853,,,bus_stop,,platform
4585386589,node,,19.1626635,72.9463450,,,bus_stop,,platform
4585386592,node,,19.1928503,72.9700614,,,bus_stop,,platform
4585386789,node,,19.1656642,72.9487178,,,bus_stop,,platform
4586989496,node,,18.8857316,72.9654844,,,bus_stop,,
4586989497,node,,18.8845733,72.9639666,,,bus_stop,,
4586990694,node,,18.8999829,72.9850055,,,bus_stop,,
4586999295,node,,18.9085955,72.9870124,,,bus_stop,,
4587005797,node,,18.8982710,72.9820893,,,bus_stop,,
4587027190,node,,18.8804322,72.9356029,,,bus_stop,,
4587027394,node,,18.8944153,72.9768532,,,bus_stop,,
4587035291,node,,18.8880128,72.9685864,,,bus_stop,,
4603533131,node,,18.9566859,72.8420613,,,bus_stop,,platform
4621598593,node,,19.2546704,72.8670451,,,bus_stop,,
4624037612,node,Nahur Railway Station,19.1571337,72.9471269,,,bus_stop,,platform
4624037619,node,Mulund-Goregaon Link Road,19.1600753,72.9469725,,,bus_stop,,platform
4624037634,node,Ceat Company,19.1550979,72.9434127,,,bus_stop,,platform
4624037638,node,Nahur Railway St.,19.1532517,72.9436928,,,bus_stop,,platform
4624037642,node,Bhandup Village (W),19.1516463,72.9435228,,,bus_stop,,platform
4624037645,node,Usha Nagar,19.1521752,72.9414982,,,bus_stop,,stop_position
4624037656,node,Bhandup St (W),19.1453133,72.9351741,,,bus_stop,,platform
4624037657,node,Janata Market Bhandup,19.1424705,72.9327314,,,bus_stop,,platform
4624037658,node,Mangatram Petrol Pump,19.1390033,72.9306815,,,bus_stop,,platform
4624037659,node,Birla Company,19.1351758,72.9288394,,,bus_stop,,platform
4624037660,node,Dockyard kanjurmarg St,19.1321315,72.9272826,,,bus_stop,,platform
4624037661,node,Huma Talkies,19.1292660,72.9256346,,,bus_stop,,platform
4624037663,node,Gandhi Nagar Vikhroli,19.1244444,72.9251970,,,bus_stop,,platform
4624037664,node,Hindustan Company,19.1218576,72.9253860,,,bus_stop,,platform
4624037670,node,Paper Mill,19.1177512,72.9259916,,,bus_stop,,platform
4624037676,node,Hanuman Nagar Nahur,19.1576887,72.9435906,,,bus_stop,,stop_position
4625570571,node,Asha & Usha Estates,19.1082752,72.9240782,,,bus_stop,,stop_position
4625570573,node,Bhandup Pumping Centre,19.1544735,72.9581137,,,bus_stop,,stop_position
4625570574,node,Bhandup Station (W),19.1453065,72.9351790,,,bus_stop,,stop_position
4625570575,node,Bhandup Village (W),19.1516367,72.9435238,,,bus_stop,,stop_position
4625570578,node,Ceat Company,19.1551008,72.9433878,,,bus_stop,,stop_position
4625570579,node,Cipla,19.1143057,72.9261236,,,bus_stop,,stop_position
4625570581,node,Dockyard kanjurmarg St,19.1321171,72.9273332,,,bus_stop,,stop_position
4625570582,node,Gandhi Nagar Vikhroli,19.1244467,72.9252165,,,bus_stop,,stop_position
4625570585,node,Hindustan Company,19.1218513,72.9254230,,,bus_stop,,stop_position
4625570586,node,Huma Talkies,19.1288065,72.9255023,,,bus_stop,,stop_position
4625570587,node,Janata Market Bhandup,19.1424215,72.9327768,,,,,stop_position
4625570588,node,Kasturi Vidyalay,19.1523249,72.9404673,,,bus_stop,,stop_position
4625570689,node,Mangatram Petrol Pump,19.1389677,72.9307625,,,bus_stop,,stop_position
4625570690,node,Mulund-Goregaon Link Road,19.1600676,72.9469381,,,bus_stop,,stop_position
4625570691,node,Nahur Railway Station,19.1532681,72.9436363,,,bus_stop,,stop_position
4625570692,node,Nahur Railway Station,19.1570448,72.9471855,,,bus_stop,,platform
4625570693,node,Paper Mill,19.1177519,72.9259945,,,bus_stop,,stop_position
4625570699,node,Subhash Nagar Nahur,19.1592033,72.9438181,,,bus_stop,,stop_position
4625570702,node,Vikhroli Station (W),19.1115664,72.9258072,,,bus_stop,,platform
4631842068,node,,19.2090267,72.9731827,,,bus_stop,,platform
4632210293,node,Asha & Usha Estates,19.1083768,72.9241059,,,bus_stop,,platform
4632210295,node,Vikhroli Depot,19.1028872,72.9194109,,,bus_stop,,platform
4632210296,node,Vikhroli Depot,19.1029260,72.9194443,,,bus_stop,,platform
4632210297,node,Godrej Company (W),19.1048483,72.9216458,,,bus_stop,,platform
4632210298,node,Asha & Usha Estates,19.1082931,72.9242238,,,bus_stop,,platform
4632210300,node,Vikhroli Station (W),19.1115669,72.9258056,,,bus_stop,,platform
4632210303,node,Cipla,19.1137102,72.9260658,,,bus_stop,,platform
4632210311,node,Godrej Company (W),19.1047588,72.9218160,,,bus_stop,,platform
4632210339,node,Kasturi Vidyalay,19.1523403,72.9404669,,,bus_stop,,platform
4632210341,node,Usha Nagar,19.1522280,72.9415172,,,bus_stop,,platform
4632210347,node,Hanuman Nagar Nahur,19.1576884,72.9435847,,,bus_stop,,platform
4632210378,node,Bhandup Village Junction,19.1564231,72.9496471,,,bus_stop,,platform
4644026834,node,Bhandup Pumping Centre,19.1543599,72.9580531,,,bus_stop,,stop_position
4644026836,node,Bhandup Village Junction,19.1563749,72.9496320,,,bus_stop,,platform
4644026840,node,Nahur Railway Station,19.1571045,72.9470446,,,bus_stop,,platform
4644026841,node,Nahur Railway Station,19.1570991,72.9470363,,,bus_stop,,platform
4644026842,node,Mulund-Goregaon Link Road,19.1600490,72.9468406,,,bus_stop,,stop_position
4644026843,node,Mulund-Goregaon Link Road,19.1600435,72.9468205,,,bus_stop,,platform
4644026844,node,Subhash Nagar Nahur,19.1592196,72.9440781,,,bus_stop,,platform
4644026845,node,Subhash Nagar Nahur,19.1576804,72.9436069,,,bus_stop,,platform
4644026846,node,Ceat Company,19.1551014,72.9433610,,,bus_stop,,platform
4644026847,node,Nahur Railway St.,19.1532572,72.9436115,,,bus_stop,,platform
4644026848,node,Bhandup Village (W),19.1516235,72.9435206,,,bus_stop,,platform
4644026849,node,Usha Nagar,19.1521076,72.9414585,,,bus_stop,,platform
4644026850,node,Kasturi Vidyalay,19.1523081,72.9404679,,,bus_stop,,platform
4644026853,node,Bhandup Police Station,19.1507502,72.9375410,,,bus_stop,,platform
4644026854,node,Bhandup Police Station,19.1507095,72.9377675,,,bus_stop,,platform
4644026856,node,Bhandup St (W),19.1453010,72.9351863,,,bus_stop,,platform
4644026857,node,Janata Market Bhandup,19.1426606,72.9331656,,,bus_stop,,platform
4644026858,node,Mangatram Petrol Pump,19.1389303,72.9309163,,,bus_stop,,platform
4644026859,node,Birla Company,19.1337642,72.9285765,,,bus_stop,,platform
4644026860,node,Dockyard kanjurmarg St,19.1320996,72.9273654,,,bus_stop,,platform
4644026863,node,Huma Talkies,19.1291369,72.9257479,,,bus_stop,,platform
4644026865,node,Gandhi Nagar Vikhroli,19.1244546,72.9253123,,,bus_stop,,platform
4644026866,node,Gandhi Nagar Vikhroli,19.1244472,72.9253469,,,bus_stop,,platform
4644026868,node,Hindustan Company,19.1222459,72.9254630,,,bus_stop,,stop_position
4644026869,node,Hindustan Company,19.1222469,72.9254849,,,bus_stop,,platform
4644026872,node,Paper Mill,19.1177514,72.9261443,,,bus_stop,,stop_position
4644026873,node,Paper Mill,19.1177524,72.9261248,,,bus_stop,,platform
4644026875,node,Cipla,19.1143102,72.9262487,,,bus_stop,,stop_position
4644026876,node,Cipla,19.1143114,72.9262704,,,bus_stop,,platform
4644026877,node,Vikhroli Station (W),19.1115408,72.9259174,,,bus_stop,,platform
4644026878,node,Vikhroli Station (W),19.1115374,72.9259404,,,bus_stop,,platform
4644026881,node,Asha & Usha Estates,19.1083273,72.9241964,,,bus_stop,,stop_position
4644026882,node,Godrej Company (W),19.1047660,72.9217791,,,bus_stop,,stop_position
4647685693,node,,19.1886578,72.9887603,,,bus_stop,,platform
4647685694,node,,19.1914245,72.9883018,,,,bus_station,station
4647714594,node,,19.1894897,72.9798051,,,bus_stop,,platform
4647734295,node,,19.1963236,72.9874123,,,bus_stop,,platform
4647734296,node,,19.1973935,72.9833556,,,bus_stop,,platform
4647739096,node,,19.1951461,72.9831778,,,bus_stop,,platform
4647739097,node,,19.1917007,72.9808033,,,bus_stop,,platform
4647739098,node,,19.1917615,72.9806613,,,bus_stop,,platform
4647775090,node,,19.1971676,72.9833399,,,bus_stop,,platform
4647829790,node,Kalwa Naka,19.1954417,72.9872045,,,bus_stop,,platform
4647829791,node,,19.1950105,72.9829757,,,bus_stop,,platform
4647870489,node,,19.1893707,72.9796425,,,bus_stop,,platform
4651804500,node,,19.1789990,72.9390988,,,bus_stop,,
4663061098,node,Vashi Gaon,19.0697162,72.9877090,,,bus_stop,,platform
4663064893,node,,19.0749775,72.9899146,,,bus_stop,,platform
4663067196,node,,19.0711530,72.9878155,,,bus_stop,,platform
4663069694,node,,19.0708207,72.9879083,,,bus_stop,,platform
4663088590,node,,19.0742149,72.9880675,,,bus_stop,,platform
4663097189,node,,19.0739345,72.9882069,,,bus_stop,,platform
4663175692,node,,19.1458525,72.9867120,,,bus_stop,,platform
4663175693,node,,19.1480509,72.9870971,,,bus_stop,,
4663176302,node,,19.1516981,72.9862511,,,bus_stop,,platform
4663243590,node,,19.1479380,72.9869131,,,bus_stop,,platform
4663243591,node,,19.1471125,72.9895665,,,bus_stop,,platform
4663246000,node,,19.1472966,72.9894119,,,bus_stop,,platform
4663246001,node,,19.1463386,72.9887635,,,bus_stop,,
4663246695,node,,19.1508169,72.9865903,,,bus_stop,,platform
4663246696,node,,19.1529516,72.9885651,,,bus_stop,,platform
4663246991,node,,19.1458304,72.9886868,,,bus_stop,,platform
4663251405,node,Airoli Smashan Bhoomi,19.1649088,72.9891326,,,bus_stop,,platform
4676916067,node,Huma Talkies,19.1292547,72.9256798,,,bus_stop,,stop_position
4676916085,node,Godrej Company (W),19.1047986,72.9216840,,,bus_stop,,stop_position
4725618195,node,,19.0446502,72.8746772,,,bus_stop,,platform
4725618196,node,,19.0430599,72.8728790,,,bus_stop,,platform
4725621194,node,,19.0415353,72.8702705,,,bus_stop,,platform
4761353924,node,Ghatkopar Depot,19.0881574,72.9184442,,,bus_stop,,platform
4761353925,node,Ghatkopar Depot,19.0850096,72.9192149,,,bus_stop,,platform
4761353926,node,Gandhi Nagar,19.1249376,72.9258496,,,bus_stop,,platform
4761353928,node,Bhandup Station (W),19.1461008,72.9357590,,,bus_stop,,platform
4761368323,node,Laxmi Nagar,19.0898090,72.9156372,,,bus_stop,,platform
4761368327,node,,19.1399915,72.9313784,,,bus_stop,,platform
4761368328,node,,19.1308279,72.9266758,,,bus_stop,,platform
4761370024,node,,19.0954933,72.9144876,,,bus_stop,,platform
4761370025,node,,19.0944101,72.9133695,,,bus_stop,,platform
4761370026,node,,19.1417125,72.9321384,,,bus_stop,,platform
4761370027,node,Birla Company,19.1364578,72.9296803,,,bus_stop,,platform
4761372521,node,Meenatai Thakre Udyan,19.0995553,72.9176441,,,bus_stop,,platform
4761372522,node,,19.0976241,72.9160355,,,bus_stop,,platform
4761372523,node,Shreyas Cinema,19.0929825,72.9123967,,,bus_stop,,platform
4784894721,node,,19.1785677,72.9458204,,,bus_stop,,
4791543711,node,,19.1338744,72.8482604,,,bus_stop,,platform
4791543712,node,,19.1342317,72.8483114,,,bus_stop,,platform
4791543713,node,,19.1340518,72.8482899,,,bus_stop,,platform
4791543714,node,,19.1341354,72.8481960,,,bus_stop,,platform
4791543715,node,,19.1339606,72.8481612,,,bus_stop,,platform
4792099122,node,Parel Workshop,19.0011788,72.8379759,,,bus_stop,,platform
4803297906,node,Wadala Depot,19.0147290,72.8526203,,,bus_stop,,platform
4811917222,node,Father Agnel Ashram,19.0446272,72.8188582,,,bus_stop,,platform
4844717540,node,,19.0454551,72.8646153,,,bus_stop,,platform
4849482021,node,,19.1180791,72.8715033,,,bus_stop,,platform
4849515621,node,,19.1297230,72.8762216,,,bus_stop,,
4849543421,node,,19.1285062,72.8875641,,,bus_stop,,platform
4849552521,node,,19.1262928,72.8905647,,,bus_stop,,platform
4857066551,node,Churchgate Stn(E) Ahilyabai Holkar Chowk,18.9337346,72.8279106,,,bus_stop,,platform
4857090122,node,Churchgate Station(E)/ Ahilyabai Holkar Chowk,18.9337263,72.8277714,,,bus_stop,,platform
4929295225,node,Mulund Depot,19.1756748,72.9465497,,,bus_stop,,platform
4929295227,node,,19.1733003,72.9619409,,,bus_stop,,platform
4929295323,node,Mahanagarpalika Udyan,19.1758888,72.9488708,,,bus_stop,,platform
4929307122,node,,19.1832701,72.9482465,,,bus_stop,,
4929307123,node,,19.1837846,72.9520764,,,bus_stop,,
4929307124,node,,19.1839569,72.9539143,,,bus_stop,,
4929307126,node,,19.1629659,72.9568501,,,bus_stop,,platform
5003329700,node,,19.2955994,72.8747692,,,bus_stop,,
5078296180,node,KreSIT,19.1304509,72.9154149,,,bus_stop,,platform
5078296181,node,IIT Main Gate,19.1259528,72.9162517,,,bus_stop,,platform
5078296182,node,Devi Temple (No Service),19.1246620,72.9096730,,,bus_stop,,platform
5078296183,node,Lake Gate (No Service),19.1247870,72.9114440,,,bus_stop,,platform
5078296184,node,3 Step Park (No Service),19.1252280,72.9135210,,,bus_stop,,platform
5078296185,node,Ananth Quarters (No Service),19.1380640,72.9165650,,,bus_stop,,platform
5078296186,node,QIP (Only Night Service),19.1342130,72.9182860,,,bus_stop,,platform
5078296188,node,KV / Infinity Corridor,19.1296850,72.9178070,,,bus_stop,,platform
5078296189,node,YP Point,19.1284590,72.9190530,,,bus_stop,,platform
5078296190,node,Central Library,19.1341290,72.9141590,,,bus_stop,,platform
5078296191,node,H15,19.1375220,72.9150980,,,bus_stop,,platform
5078296192,node,H1,19.1359380,72.9146210,,,bus_stop,,platform
5078296193,node,H3 / Indoor Swimming Pool,19.1359880,72.9123380,,,bus_stop,,platform
5078296194,node,Tansa /H4,19.1358690,72.9105250,,,bus_stop,,platform
5078296196,node,H6 Canara Bank ATM,19.1351500,72.9077600,,,bus_stop,,platform
5078296197,node,Campus Hub / H5,19.1342930,72.9102160,,,bus_stop,,platform
5078296198,node,H11,19.1335990,72.9119060,,,bus_stop,,platform
5078296199,node,SOM,19.1317050,72.9151870,,,bus_stop,,platform
5078296200,node,H10,19.1295610,72.9154500,,,bus_stop,,platform
5078296201,node,Canara Bank,19.1296270,72.9153870,,,bus_stop,,platform
5078296202,node,Dean House,19.1283960,72.9152850,,,bus_stop,,platform
5122630399,node,Dadar Terminus,19.0186262,72.8444651,,,,,stop_position
5122858908,node,Mira Road,19.2816975,72.8560676,station,,,,station
5126325496,node,Vaishali Bhawan Bus Stop,19.2048992,72.8394700,,,bus_stop,,
5174623523,node,,18.9536132,72.8370396,,,,bus_station,station
5174656421,node,,18.9536931,72.8370631,,,,bus_station,station
5219518738,node,Swami Samarth Nagar Station,19.1436605,72.8197117,construction,,,,stop_position
5219518747,node,Lokhandwala Station,19.1406596,72.8272155,construction,,,,stop_position
5219518752,node,Adarsh Nagar Station,19.1417935,72.8336078,construction,,,,stop_position
5219518799,node,Mahakali Caves Station,19.1334914,72.8746782,construction,,,,stop_position
5219518806,node,SEEPZ Station,19.1293634,72.8826453,construction,,,,stop_position
5219518819,node,Saki Vihar Road Station,19.1262047,72.8905142,construction,,,,stop_position
5219519239,node,Powai Lake Station,19.1200084,72.9059687,construction,,,,stop_position
5219519273,node,Vikhroli Station,19.1247293,72.9364698,construction,,,,stop_position
5219622321,node,Chembur,19.0541298,72.8928064,station,subway,,,station
5219622339,node,Lower Malad,19.1731074,72.8364530,stop,,,,stop_position
5219622340,node,Malad West,19.1852856,72.8358330,stop,,,,stop_position
5219622342,node,Dahanukarwadi,19.2062315,72.8348068,station,subway,,,station
5219622343,node,Kandivali (West),19.2140036,72.8373054,station,subway,,,station
5219622344,node,Borivali (West),19.2313925,72.8408607,station,subway,,,station
5219622345,node,Mandapeshwar - I.C. Colony,19.2495856,72.8458001,station,subway,,,station
5219622346,node,Kandarpada,19.2566337,72.8505040,station,subway,,,station
5219622347,node,Anand Nagar,19.2572087,72.8663486,station,subway,,,station
5219622365,node,Mankhurd,19.0491673,72.9311621,stop,,,,stop_position
5219622375,node,Deonar,19.0448044,72.9175171,stop,,,,stop_position
5219622386,node,Shivaji Chowk (Chembur),19.0483808,72.9064916,stop,,,,stop_position
5219622393,node,Diamond Garden,19.0517191,72.9018378,station,subway,,,station
5219622398,node,,19.0541189,72.8921535,stop,,,,stop_position
5219622852,node,Andheri (West),19.1291800,72.8314255,stop,,,,stop_position
5219622868,node,Oshiwara,19.1460554,72.8339507,stop,,,,stop_position
5219622877,node,Goregaon (West),19.1530229,72.8356937,stop,,,,stop_position
5219622913,node,Valnai-Meeth Chowky,19.1968248,72.8337902,stop,,,,stop_position
5219623032,node,Shimpoli,19.2228332,72.8409432,station,subway,,,station
5219623047,node,Eksar,19.2403773,72.8434456,station,subway,,,station
5220954732,node,Dahisar (East) [Line 2],19.2515609,72.8673639,stop,,,,stop_position
5220954733,node,Ovaripada,19.2429398,72.8641964,stop,,,,stop_position
5220954734,node,Rashtriya Udyan,19.2346163,72.8631591,stop,,,,stop_position
5220954735,node,Devipada,19.2243417,72.8642266,stop,,,,stop_position
5220954738,node,Dindoshi,19.1797568,72.8583213,stop,,,,stop_position
5220954741,node,Aarey,19.1695334,72.8588365,stop,,,,stop_position
5220954742,node,Goregaon (East),19.1524116,72.8566221,stop,,,,stop_position
5220954743,node,Jogeshwari (East),19.1429335,72.8552066,stop,,,,stop_position
5220954744,node,Mogra,19.1284481,72.8554647,stop,,,,stop_position
5220954766,node,Magathane,19.2171256,72.8667972,stop,,,,stop_position
5220954818,node,Gundavali,19.1145088,72.8551766,stop,,,,stop_position
5221295394,node,Siddhivinayak Temple,19.0159590,72.8305616,stop,,,,stop_position
5221295399,node,Worli,19.0085959,72.8192943,stop,,,,stop_position
5221295402,node,Girgaon,18.9521260,72.8222346,stop,,,,stop_position
5221295404,node,Hutatma Chowk,18.9341699,72.8325200,stop,,,,stop_position
5221297132,node,CSMI Airport International T2,19.1023335,72.8744692,station,subway,,,station
5221297179,node,Bandra Kurla Complex (BKC),19.0606629,72.8546797,station,subway,,,station
5221297188,node,Dharavi,19.0461519,72.8494228,stop,,,,stop_position
5221297196,node,Shitala Devi Mandir,19.0383201,72.8420421,stop,,,,stop_position
5221297205,node,Dadar,19.0233528,72.8390467,stop,,,,stop_position
5221297425,node,Acharya Atre Chowk,18.9978264,72.8177404,stop,,,,stop_position
5221297427,node,Science Museum,18.9909013,72.8213760,stop,,,,stop_position
5221297435,node,Mahalaxmi,18.9794475,72.8254218,stop,,,,stop_position
5221297443,node,Jagannath Shankar Sheth Metro,18.9699801,72.8212029,stop,,,,stop_position
5221297448,node,Grant Road,18.9632099,72.8180684,stop,,,,stop_position
5221297463,node,Kalbadevi,18.9463455,72.8272045,stop,,,,stop_position
5221297484,node,Churchgate,18.9314819,72.8269617,stop,,,,stop_position
5221297488,node,Vidhan Bhavan,18.9248087,72.8255503,stop,,,,stop_position
5221297495,node,Cuffe Parade,18.9135434,72.8207486,stop,,,,stop_position
5223169622,node,Parijat,19.0511192,72.8302520,,,bus_stop,,platform
5225899082,node,Kasarvadavli Station,19.2674293,72.9666461,construction,,,,stop_position
5225899089,node,Vijay Garden Station,19.2587261,72.9701337,construction,,,,stop_position
5225899099,node,Tikujiniwadi Station,19.2383600,72.9756099,construction,,,,stop_position
5225899110,node,Majiwada Station,19.2115581,72.9757702,construction,,,,stop_position
5225899340,node,Mulund Check Naka Station,19.1834187,72.9508402,construction,,,,stop_position
5225899378,node,Bhandup Mahapalika Station,19.1387423,72.9307744,construction,,,,stop_position
5225899381,node,Naval Housing Station,19.1328874,72.9277198,construction,,,,stop_position
5225899386,node,Kanjurmarg Station,19.1253912,72.9252519,construction,,,,stop_position
5225899391,node,Surya Nagar Station,19.1176571,72.9260842,construction,,,,stop_position
5225899397,node,Vikhroli Station,19.1090047,72.9245769,construction,,,,stop_position
5225899401,node,Godrej Colony Station,19.1029081,72.9203552,construction,,,,stop_position
5225899404,node,Shreyas Cinema Station,19.0976316,72.9162042,construction,,,,stop_position
5225899453,node,Suman Nagar Station,19.0538593,72.8836221,stop,,,,stop_position
5226162351,node,Meditya Nagar Station,19.2936905,72.8603182,construction,,,,stop_position
5226162367,node,Miragaon,19.2710156,72.8806675,stop,,,,stop_position
5234941334,node,Sister Bungalow,19.0486940,72.8212303,,,bus_stop,,platform
5238216602,node,Lilavati Hospital,19.0515428,72.8288920,,,bus_stop,,platform
5246972023,node,Unit Trust of India,19.0501094,72.8285201,,,bus_stop,,platform
5246972024,node,Unit Trust of India,19.0498093,72.8283994,,,bus_stop,,platform
5257269335,node,Father Agnel Ashram,19.0452107,72.8193366,,,bus_stop,,platform
5257269336,node,Bandstand,19.0463299,72.8195669,,,bus_stop,,platform
5258276321,node,Sister Bungalow,19.0494007,72.8208327,,,bus_stop,,platform
5258276330,node,Prarthnalaya,19.0507712,72.8218070,,,bus_stop,,platform
5258276331,node,Prarthnalaya,19.0517004,72.8216920,,,bus_stop,,platform
5258276333,node,Galaxy Apartments,19.0542349,72.8231000,,,bus_stop,,platform
5258276336,node,Hill Road Garden,19.0528633,72.8239857,,,bus_stop,,platform
5269113709,node,Kandivali Village Bus Stop,19.2051921,72.8416408,,,bus_stop,,
5270177962,node,St. Andrew's Church,19.0547676,72.8258007,,,bus_stop,,platform
5273978254,node,Pali Naka,19.0596878,72.8277485,,,bus_stop,,platform
5276925291,node,Kala Hanuman Mandir,19.2048421,72.8470110,,,bus_stop,,
5332861141,node,Bandra Bus Station West,19.0548058,72.8398620,,,bus_stop,,platform
5332861142,node,Bandra Bus Station West,19.0548490,72.8398864,,,bus_stop,,platform
5332861143,node,Bandra Talao,19.0585751,72.8377522,,,bus_stop,,platform
5332861144,node,Bandra Talao,19.0590218,72.8376260,,,bus_stop,,platform
5332861145,node,Bandra Talkies,19.0593817,72.8359147,,,bus_stop,,platform
5332861146,node,Bandra Talkies,19.0594520,72.8356851,,,bus_stop,,platform
5332861147,node,Hong Kong Bank,19.0595864,72.8297485,,,bus_stop,,platform
5332861148,node,D'Monte Park,19.0596961,72.8262200,,,bus_stop,,platform
5332861149,node,D'Monte Park,19.0596520,72.8260794,,,bus_stop,,platform
5332861150,node,Perry Cross Rd,19.0598893,72.8239685,,,bus_stop,,platform
5332861151,node,Perry Cross Rd,19.0599285,72.8237263,,,bus_stop,,platform
5332861152,node,Additional Commissioner of Police,19.0636621,72.8228376,,,bus_stop,,platform
5332861153,node,Additional Commisioner of Police,19.0625391,72.8222696,,,bus_stop,,platform
5332918332,node,Rizvi Complex,19.0661453,72.8231354,,,bus_stop,,platform
5332918333,node,Rizvi Complex,19.0662286,72.8229630,,,bus_stop,,platform
5349080208,node,Guru Nanak Road,19.0594575,72.8309751,,,bus_stop,,platform
5355360576,node,Ashapura Mandir,19.2162985,72.9778138,,,bus_stop,,platform
5389227951,node,Sewri,18.9987462,72.8545246,stop,,,,stop_position
5389227965,node,Cotton Green,18.9865041,72.8432230,stop,,,,stop_position
5389227991,node,Dockyard Road,18.9664494,72.8442516,stop,,,,stop_position
5430937622,node,,19.1294717,72.8697800,,,bus_stop,,platform
5430937623,node,,19.1250382,72.8651068,,,bus_stop,,platform
5430937624,node,,19.1243618,72.8645052,,,bus_stop,,platform
5431176523,node,,19.0804603,72.8452217,,,bus_stop,,platform
5431181627,node,,19.0802945,72.8493631,,,bus_stop,,platform
5431200821,node,Santacruz Police Station,19.0844125,72.8356615,,,bus_stop,,platform
5431200822,node,,19.0766080,72.8377888,,,bus_stop,,platform
5431200921,node,,19.0773217,72.8376021,,,bus_stop,,platform
5431219421,node,,19.0817548,72.8552352,,,bus_stop,,platform
5431219521,node,,19.0817454,72.8580207,,,bus_stop,,platform
5431253822,node,,19.0849324,72.8924870,,,bus_stop,,platform
5431253828,node,,19.0803628,72.8510793,,,bus_stop,,platform
5431257924,node,,19.0858517,72.8951670,,,bus_stop,,platform
5431257925,node,,19.0876241,72.9030262,,,bus_stop,,platform
5431264421,node,,19.0887628,72.9068338,,,bus_stop,,platform
5431264423,node,Limani Bhuvan,19.0926120,72.9118745,,,bus_stop,,platform
5431266721,node,गोपाळ भुवन,19.0906887,72.9097890,,,bus_stop,,platform
5433513521,node,,19.1638661,72.9385272,,,bus_stop,,platform
5448387025,node,,18.9967377,72.8374171,,,bus_stop,,platform
5448387026,node,,18.9968489,72.8312379,,,bus_stop,,platform
5448387027,node,,18.9981953,72.8288090,,,bus_stop,,platform
5448396123,node,,18.9968531,72.8313983,,,bus_stop,,platform
5448396124,node,,19.0037527,72.8314615,,,bus_stop,,platform
5448406322,node,,18.9954285,72.8353909,,,bus_stop,,platform
5448541922,node,Shindewadi,19.0121195,72.8435305,,,bus_stop,,platform
5448557522,node,,19.0043437,72.8305286,,,bus_stop,,platform
5448557622,node,,19.0037995,72.8302615,,,bus_stop,,platform
5448557624,node,,19.0089893,72.8339358,,,bus_stop,,platform
5448557625,node,,19.0061759,72.8381495,,,bus_stop,,platform
5448604822,node,,19.0378047,72.8607785,,,bus_stop,,platform
5448604823,node,,19.0916553,72.9126765,,,bus_stop,,platform
5448604824,node,,19.0920144,72.9122046,,,bus_stop,,platform
5448604921,node,,19.0199030,72.8491212,,,bus_stop,,platform
5448604923,node,Nalanda,19.0746327,72.9124309,,,bus_stop,,platform
5448604924,node,Nalanda,19.0748248,72.9130319,,,bus_stop,,platform
5448604925,node,,19.0870156,72.9188470,,,bus_stop,,platform
5448604926,node,Laxmi Nagar,19.0896512,72.9163397,,,bus_stop,,platform
5448605221,node,Rani Laxmibai Chowk,19.0410681,72.8625603,,,bus_stop,,platform
5448605222,node,,19.0484457,72.8679898,,,bus_stop,,platform
5448605223,node,,19.0541648,72.8841543,,,bus_stop,,platform
5453434633,node,,19.1043052,72.9170947,,,bus_stop,,platform
5453439832,node,,19.1020814,72.9196235,,,bus_stop,,platform
5453439833,node,,19.1026950,72.9193724,,,bus_stop,,platform
5456810532,node,,19.0924126,72.9109993,,,bus_stop,,platform
5470233622,node,Ramabai Nagar,19.0781809,72.9156786,,,bus_stop,,platform
5470234223,node,,19.0750002,72.8604997,,,bus_stop,,platform
5470234224,node,,19.0732017,72.8607916,,,bus_stop,,platform
5470234225,node,,19.0718209,72.8652369,,,bus_stop,,platform
5470234226,node,Sahakar Nagar,19.0650193,72.8940799,,,bus_stop,,platform
5470237921,node,,19.0942861,72.8516903,,,bus_stop,,platform
5470237922,node,,19.0834236,72.8465750,,,bus_stop,,platform
5470237923,node,,19.0793496,72.8471136,,,bus_stop,,platform
5470237924,node,,19.0752316,72.8470091,,,bus_stop,,platform
5470237925,node,,19.0741210,72.8497036,,,bus_stop,,platform
5470237926,node,Jeejabhai Bhosale Junction,19.0700586,72.9058934,,,bus_stop,,platform
5470238021,node,,19.0906196,72.8441283,,,bus_stop,,platform
5470238022,node,,19.0870427,72.8442272,,,bus_stop,,platform
5470238121,node,,19.0738808,72.8523039,,,bus_stop,,platform
5470238122,node,,19.0748805,72.8607082,,,bus_stop,,platform
5470238123,node,,19.0710280,72.8626526,,,bus_stop,,platform
5470242223,node,,19.0986260,72.9171602,,,bus_stop,,platform
5470246721,node,,19.1003552,72.9185433,,,bus_stop,,platform
5470633020,node,Ghatkopar Depot,19.0861675,72.9197865,,,bus_stop,,platform
5471970024,node,,19.0905301,72.9095562,,,bus_stop,,platform
5471970025,node,,19.0885382,72.9068491,,,bus_stop,,platform
5471970028,node,,19.0846375,72.8897808,,,bus_stop,,platform
5471970029,node,,19.0847176,72.8888570,,,bus_stop,,platform
5471970030,node,,19.0845915,72.8854776,,,bus_stop,,platform
5471970522,node,,19.0873371,72.9025293,,,bus_stop,,platform
5471970524,node,,19.0867573,72.8994630,,,bus_stop,,platform
5471970525,node,Kamani,19.0851403,72.8873620,,,bus_stop,,platform
5471970526,node,,19.0851529,72.8864318,,,bus_stop,,platform
5471970527,node,,19.0841410,72.8841295,,,bus_stop,,platform
5471970528,node,,19.0790676,72.8795642,,,bus_stop,,platform
5471974222,node,,19.0870938,72.8999729,,,bus_stop,,platform
5471975621,node,,19.0848729,72.8905446,,,bus_stop,,platform
5471975622,node,,19.0842127,72.8837782,,,bus_stop,,platform
5471994924,node,,19.0820790,72.8469670,,,bus_stop,,platform
5471995325,node,,19.0800751,72.8494335,,,bus_stop,,platform
5471995326,node,,19.0900712,72.8435396,,,bus_stop,,platform
5471995327,node,,19.0920941,72.8460793,,,bus_stop,,platform
5472015421,node,,19.0918814,72.8463780,,,bus_stop,,platform
5472015423,node,,19.0868810,72.8382118,,,bus_stop,,platform
5472015621,node,,19.0852320,72.8459847,,,bus_stop,,platform
5472015622,node,Khira Road,19.0853131,72.8379889,,,bus_stop,,platform
5472132422,node,Parsi Colony Juhu,19.1019281,72.8332172,,,bus_stop,,platform
5472132423,node,Juhu Hotel,19.1033266,72.8269460,,,bus_stop,,platform
5472132425,node,,19.1129596,72.8299731,,,bus_stop,,platform
5472134223,node,,19.1076789,72.8297828,,,bus_stop,,platform
5472134224,node,,19.1099201,72.8300257,,,bus_stop,,platform
5472134225,node,,19.1133127,72.8297733,,,bus_stop,,platform
5472134322,node,,19.1106340,72.8298242,,,bus_stop,,platform
5472134323,node,Prabhat Society,19.1181498,72.8288077,,,bus_stop,,platform
5472134324,node,Abhishek Society,19.1207730,72.8264910,,,bus_stop,,platform
5472134921,node,Juhu Hotel,19.1044841,72.8288128,,,bus_stop,,platform
5472134922,node,,19.1078096,72.8300555,,,bus_stop,,platform
5472503322,node,,19.1376254,72.8373483,,,bus_stop,,platform
5472510121,node,,19.1291913,72.8312142,,,bus_stop,,platform
5472519722,node,,19.1356226,72.8321701,,,bus_stop,,platform
5472520121,node,Lakshmi Industrial Estate,19.1340732,72.8320025,,,bus_stop,,platform
5472577523,node,,19.1301232,72.8783564,,,bus_stop,,
5472586923,node,,19.1175634,72.9054096,,,bus_stop,,platform
5472586924,node,,19.1188228,72.9083819,,,bus_stop,,platform
5472586925,node,,19.1180765,72.9150540,,,bus_stop,,platform
5472586926,node,,19.1182327,72.9153762,,,bus_stop,,platform
5472586927,node,,19.1161640,72.9162672,,,bus_stop,,platform
5472586928,node,,19.1122148,72.9175996,,,bus_stop,,platform
5472586929,node,,19.1120373,72.9178976,,,bus_stop,,platform
5472602322,node,,19.1299257,72.8784907,,,bus_stop,,
5472602324,node,,19.1160269,72.9160565,,,bus_stop,,platform
5472602325,node,,19.1097472,72.9175797,,,bus_stop,,platform
5472603121,node,Pratap Nagar,19.1410525,72.8566233,,,bus_stop,,platform
5472603122,node,,19.1399768,72.8677208,,,bus_stop,,platform
5472603123,node,,19.1346031,72.8741080,,,bus_stop,,
5472603321,node,,19.1388270,72.8647675,,,bus_stop,,platform
5472603521,node,Durga Nagar,19.1382892,72.8721925,,,bus_stop,,platform
5472603522,node,,19.1339830,72.8747521,,,bus_stop,,platform
5472603523,node,,19.1195252,72.9039429,,,bus_stop,,platform
5472604521,node,,19.1297197,72.8772557,,,bus_stop,,
5472604522,node,,19.1268904,72.8891776,,,bus_stop,,platform
5472604722,node,,19.1224248,72.8987883,,,bus_stop,,platform
5494560190,node,John Baptist Road,19.0477052,72.8255723,,,bus_stop,,platform
5494560213,node,Bandstand,19.0468830,72.8200868,,,bus_stop,,platform
5506317374,node,I.C.I.C.I Junction,19.0656060,72.8614781,,,bus_stop,,platform
5506317375,node,Reserve Bank of India,19.0576673,72.8532337,,,bus_stop,,platform
5506320532,node,ICICI/BKC Police Station Bus Stop,19.0649870,72.8615220,,,bus_stop,,platform
5506320552,node,Diamond Market BKC,19.0666809,72.8648560,,,bus_stop,,platform
5506320553,node,Bharat Nagar,19.0617294,72.8594941,,,bus_stop,,platform
5506320554,node,Income Tax Office,19.0589931,72.8547228,,,bus_stop,,platform
5506320777,node,HP Officers Apartments,19.0661365,72.8578584,,,bus_stop,,platform
5506320965,node,U.T.I Regional Education Centre,19.0659430,72.8605843,,,bus_stop,,platform
5506320966,node,Laxmi Tower,19.0634617,72.8643578,,,bus_stop,,platform
5506320972,node,Tata Colony,19.0602846,72.8578319,,,bus_stop,,platform
5506320974,node,MMRDA/Family Court,19.0560324,72.8514650,,,bus_stop,,platform
5506321248,node,Bharat Diamond Bourse,19.0640299,72.8655989,,,bus_stop,,platform
5506321250,node,ICICI/BKC Police Station Bus Stop,19.0645460,72.8613602,,,bus_stop,,platform
5580577440,node,Kharbhav,19.2982406,72.9840708,stop,,,,stop_position
5696928866,node,Andheri,19.1196976,72.8464205,station,,,,station
5707923421,node,Mulund Court,19.1746086,72.9581103,,,bus_stop,,platform
5707923621,node,Palm Acres Society,19.1729922,72.9614930,,,bus_stop,,platform
5746301541,node,Veena Nagar,19.1817165,72.9467249,,,bus_stop,,platform
5777542265,node,Dharavi,19.0463642,72.8500638,stop,,,,stop_position
5777542285,node,Dadar,19.0238526,72.8393878,stop,,,,stop_position
5777542294,node,Siddhivinayak Temple,19.0158047,72.8313392,stop,,,,stop_position
5777542312,node,Acharya Atre Chowk,18.9978062,72.8176950,stop,,,,stop_position
5777542314,node,Science Museum,18.9908802,72.8213311,stop,,,,stop_position
5777542323,node,Mahalaxmi,18.9794777,72.8253831,stop,,,,stop_position
5777542331,node,Jagannath Shankar Sheth Metro,18.9699975,72.8211562,stop,,,,stop_position
5777542336,node,Grant Road,18.9632262,72.8180213,stop,,,,stop_position
5777542365,node,Chhatrapati Shivaji Maharaj Terminus,18.9407950,72.8318243,stop,,,,stop_position
5777542371,node,Hutatma Chowk,18.9341887,72.8324858,stop,,,,stop_position
5777542381,node,Churchgate,18.9314965,72.8269098,stop,,,,stop_position
5777542385,node,Vidhan Bhavan,18.9247609,72.8254166,stop,,,,stop_position
5777542392,node,Cuffe Parade,18.9135874,72.8206658,stop,,,,stop_position
5777542403,node,Mankhurd,19.0492118,72.9311445,stop,,,,stop_position
5777542413,node,Deonar,19.0448498,72.9175322,stop,,,,stop_position
5777542424,node,Shivaji Chowk (Chembur),19.0474896,72.9074933,stop,,,,stop_position
5777542438,node,,19.0541512,72.8934825,stop,,,,stop_position
5777542614,node,Andheri (West),19.1291714,72.8314667,stop,,,,stop_position
5777542631,node,Oshiwara,19.1460157,72.8339547,stop,,,,stop_position
5777542640,node,Goregaon (West),19.1530287,72.8357355,stop,,,,stop_position
5777542659,node,Lower Malad,19.1730936,72.8364927,stop,,,,stop_position
5777542670,node,Malad West,19.1852866,72.8358752,stop,,,,stop_position
5777542679,node,Valnai-Meeth Chowky,19.1968218,72.8338323,stop,,,,stop_position
5777542693,node,Kandivali (West),19.2139829,72.8373300,stop,,,,stop_position
5777542701,node,Shimpoli,19.2228328,72.8409631,stop,,,,stop_position
5777542729,node,Mandapeshwar - I.C. Colony,19.2495764,72.8457622,stop,,,,stop_position
5787704195,node,SEEPZ,19.1259985,72.8737266,station,subway,,,station
5787704196,node,MIDC - Andheri,19.1173537,72.8735966,station,subway,,,station
5787704197,node,Marol Naka (Line 3),19.1085041,72.8785780,station,subway,,,station
5839245286,node,,19.1662727,72.9285026,,,bus_stop,,
5839245287,node,,19.1667232,72.9297925,,,bus_stop,,
5839246685,node,,19.1665428,72.9297451,,,bus_stop,,
5893868886,node,Kheera Nagar,19.0869174,72.8380555,,,bus_stop,,platform
5909533857,node,Ram Mandir,19.1510230,72.8501467,station,,,,station
5911695112,node,,19.0424327,72.9265340,,,bus_stop,,platform
5911695113,node,,19.0424390,72.9263650,,,bus_stop,,platform
5911695114,node,,19.0424466,72.9261880,,,bus_stop,,platform
5911695115,node,,19.0425202,72.9265340,,,bus_stop,,platform
5911695116,node,,19.0425290,72.9263757,,,bus_stop,,platform
5911695117,node,,19.0425443,72.9262161,,,bus_stop,,platform
5921458179,node,,19.0047310,72.8407998,,,bus_stop,,platform
5921458234,node,,19.1155638,72.8435759,,,bus_stop,,platform
5924793332,node,Subhash Nagar Nahur,19.1593435,72.9439918,,,bus_stop,,platform
5939285606,node,,19.1750650,72.8799427,,,bus_stop,,
5940610989,node,,19.1616853,72.9439677,,,bus_stop,,platform
5940610991,node,,19.1618243,72.9456623,,,bus_stop,,platform
5940644285,node,Fortis Hospital,19.1622902,72.9423389,,,bus_stop,,platform
6017561678,node,Annabhau Sathe Chowk,19.2008657,72.9490846,,,bus_stop,,platform
6017561979,node,Namdev Wadi,19.1982186,72.9664949,,,bus_stop,,platform
6017562392,node,,19.2019827,72.9576114,,,bus_stop,,platform
6017562405,node,,19.2019118,72.9575926,,,bus_stop,,platform
6020955334,node,Andheri L1,19.1205638,72.8488433,station,subway,,,station
6038133186,node,Teen Hath Naka,19.1877646,72.9629613,,,bus_stop,,platform
6038134585,node,Muktai Nagar,19.2109467,72.9771137,,,bus_stop,,platform
6038146487,node,Flower Valley,19.2077273,72.9724033,,,bus_stop,,platform
6038146489,node,Johnson Company,19.1867937,72.9614567,,,bus_stop,,platform
6038146490,node,Kashish Park,19.1856977,72.9580383,,,bus_stop,,platform
6038148685,node,Louis Wadi,19.1958212,72.9626241,,,bus_stop,,platform
6038148785,node,Maharana Pratap Chowk,19.1835808,72.9525334,,,bus_stop,,
6038148786,node,Ralli Wolf,19.1709625,72.9405268,,,bus_stop,,platform
6038148887,node,Duncan Company,19.1682600,72.9393499,,,bus_stop,,platform
6038148888,node,Hoechst Company,19.1658999,72.9383929,,,bus_stop,,platform
6038148889,node,,19.1466346,72.9366607,,,bus_stop,,platform
6038191303,node,,19.1556800,72.9373855,,,bus_stop,,platform
6038193885,node,Bhandup Station (W),19.1460869,72.9360585,construction,,bus_stop,,platform
6038193888,node,,19.1541007,72.9375790,,,bus_stop,,platform
6038193889,node,Asian Paints,19.1591964,72.9374411,,,bus_stop,,platform
6038195286,node,Dr Hegdewar Chowk,19.1613591,72.9374966,,,bus_stop,,platform
6038195287,node,Hoechst Company,19.1659793,72.9381735,,,bus_stop,,platform
6091772679,node,Mint Colony,18.9945335,72.8433105,stop,,,,stop_position
6091772680,node,Mint Colony,18.9945040,72.8433070,stop,,,,stop_position
6116158099,node,R-Mall,19.2298989,72.9765478,,,bus_stop,,platform
6166727726,node,Mumbai Central (local),18.9707010,72.8186917,stop,,,,stop_position
6168435926,node,,18.9785446,72.8139768,,,,,stop_position
6171366460,node,Tilak Nagar,19.0657601,72.8901084,stop,,,,stop_position
6175360982,node,Vidyavihar,19.0795234,72.8972161,stop,,,,stop_position
6175360983,node,Lokmanya Tilak Terminus,19.0694658,72.8919779,station,,,,station
6204122001,node,Thakur Cinema Bus Stop,19.2096549,72.8729179,,,bus_stop,,
6221014285,node,Dr Shyama Prasad Mukherjee Chowk,18.9244583,72.8321616,,,bus_stop,,platform
6226587316,node,Jambhul Pada,19.0940331,72.8989160,,,bus_stop,,platform
6229235685,node,,19.1099390,72.8750860,,,bus_stop,,platform
6229293586,node,,19.1082572,72.8795990,,,bus_stop,,platform
6233043786,node,,19.1158637,72.9089447,,,bus_stop,,platform
6238961085,node,,19.1052710,72.8536964,,,bus_stop,,platform
6264216430,node,,19.1540922,72.8564337,,,bus_stop,,platform
6286189612,node,Nehru Nagar Bldg No 24,19.0612876,72.8800629,,,bus_stop,,platform
6286189613,node,Nehru Nagar Municipal School,19.0608092,72.8814451,,,bus_stop,,platform
6286223744,node,Khalsa College/Don Bosco School,19.0243843,72.8570683,,,bus_stop,,platform
6286223746,node,Khalsa College/Don Bosco School,19.0251762,72.8571298,,,,,stop_position
6286272876,node,Khodadad Circle,19.0190729,72.8489133,,,bus_stop,,platform
6286272880,node,Khodadad Circle,19.0185815,72.8480762,,,bus_stop,,platform
6286272884,node,Khodadad Circle,19.0170111,72.8469330,,,bus_stop,,platform
6286296573,node,,19.0229687,72.8423987,,,,,stop_position
6286296574,node,,19.0230905,72.8422857,,,,,stop_position
6286296575,node,,19.0235317,72.8415288,,,,,stop_position
6286296576,node,,19.0241965,72.8410496,,,,,stop_position
6391188738,node,Dadar Station (E),19.0179878,72.8444275,,,bus_stop,,platform
6391188739,node,Dadar Station(E),19.0180011,72.8443808,,,bus_stop,,platform
6498408219,node,Lower Parel,18.9931201,72.8314698,station,monorail,,,station
6618393200,node,Sainath Nagar,19.2668088,72.9666157,,,bus_stop,,platform
6661895499,node,Grant Road,18.9632818,72.8159514,stop,,,,stop_position
6792582785,node,Mulund Railway Station (W),19.1736196,72.9561495,,,bus_stop,,platform
6795515785,node,,19.1173100,72.9106142,,,bus_stop,,platform
6795515786,node,,19.1172473,72.9106645,,,bus_stop,,platform
6795543787,node,,19.1186763,72.9124298,,,bus_stop,,platform
6795543788,node,,19.1185891,72.9124764,,,bus_stop,,platform
6798701385,node,,19.1748062,72.9510556,,,bus_stop,,platform
6802893015,node,Shahu Market,19.1888449,72.9677290,,,bus_stop,,platform
6802893027,node,Shahu Market,19.1886561,72.9675704,,,bus_stop,,platform
6805962785,node,,19.1176034,72.9053949,,,bus_stop,,platform
6813413581,node,Bhaucha Dhakka / Ferry Wharf,18.9568222,72.8494839,,,,ferry_terminal,station
6897787507,node,Goregaon Station(W),19.1649866,72.8510554,,,bus_stop,,platform
6897787508,node,Goregaon Station,19.1647723,72.8508992,,,bus_stop,,platform
6934293086,node,,19.1754640,72.8696168,,,bus_stop,,
6966002859,node,One BKC Bus Stop,19.0601942,72.8643018,,,,,stop_position
7031888085,node,,19.0946072,72.8524005,,,bus_stop,,platform
7035357987,node,,19.1049389,72.8539896,,,bus_stop,,platform
7046917436,node,Jaslok Hospital,18.9734430,72.8091464,,,bus_stop,,
7048433674,node,Sujata Medicare (Sujata Gyanaecology Clinic);Dhake Colony,19.1278610,72.8333795,,,bus_stop,hospital,platform
7108673660,node,Police Line,19.2011519,72.9795840,,,bus_stop,,platform
7158055055,node,Mhada,19.1337876,72.8257782,,,bus_stop,,platform
7158055670,node,BSES,19.1347077,72.8251599,,,bus_stop,,platform
7158055671,node,BSES,19.1345161,72.8252423,,,bus_stop,,platform
7158089737,node,Picnic Cottage,19.1304492,72.8141686,,,bus_stop,,platform
7158099145,node,Picnic Cottage,19.1308594,72.8139706,,,bus_stop,,platform
7158578179,node,Juhu Hotel,19.1052897,72.8270510,,,bus_stop,,platform
7158578181,node,Juhu Bus Station,19.1065977,72.8269614,,,bus_stop,,platform
7158578182,node,Juhu Bus Station,19.1067534,72.8268404,,,bus_stop,,platform
7158649632,node,Juhu Bus Station,19.1076096,72.8267357,,,bus_stop,,platform
7162508695,node,Andheri,19.1200836,72.8468436,,,,,platform
7162508696,node,Andheri,19.1200790,72.8469905,,,,,platform
7162508697,node,New DN Nagar,19.1181438,72.8299893,,,bus_stop,,platform
7249842685,node,,18.9211621,72.8306753,,,bus_stop,,platform
7280128605,node,Municipal School,19.2285246,72.9673195,,,bus_stop,,platform
7280128656,node,Vasant Vihar,19.2223782,72.9699761,,,bus_stop,,platform
7280128657,node,Vasant Vihar,19.2224245,72.9698126,,,bus_stop,,platform
7320270194,node,Holy Family Bus Stop,19.0547078,72.8274306,,,bus_stop,,platform
7334214572,node,Boringer,19.2364353,72.9895547,,,bus_stop,,platform
7345105018,node,charkop sec 5,19.2154864,72.8256559,,,bus_stop,,platform
7361030396,node,Shitala Devi Mandir,19.0386879,72.8418699,stop,,,,stop_position
7366182530,node,"Brahmand Phase 1,2",19.2410728,72.9814931,,,bus_stop,,platform
7366287329,node,Sandoz Baug,19.2335774,72.9879842,,,bus_stop,,platform
7366287341,node,Dhokali Naka,19.2269387,72.9804003,,,bus_stop,,platform
7366380224,node,Yashaswi Nagar,19.2182725,72.9836270,,,bus_stop,,platform
7366380225,node,Yashaswi Nagar,19.2184994,72.9833619,,,bus_stop,,platform
7366380235,node,Shruti Park,19.2255516,72.9809407,,,bus_stop,,platform
7375128770,node,Gawand Baug,19.2213450,72.9591604,,,bus_stop,,platform
7398051783,node,Subhash Nagar,19.2162719,72.9738790,,,bus_stop,,platform
7401301586,node,Tattvagyan Vidyapeeth,19.2231951,72.9776609,,,bus_stop,,platform
7461870485,node,,19.1176553,72.9055794,,,bus_stop,,platform
7510862062,node,Reay Road,18.9774327,72.8442643,stop,,,,stop_position
7510862063,node,Reay Road,18.9774257,72.8442202,stop,,,,stop_position
7510862064,node,Vadala Road,19.0160427,72.8589824,stop,,,,stop_position
7510862065,node,Vadala Road,19.0160682,72.8589443,stop,,,,stop_position
7510862066,node,Vadala Road,19.0161359,72.8588525,stop,,,,stop_position
7510862067,node,Vadala Road,19.0161638,72.8588155,stop,,,,stop_position
7510862068,node,Bandra,19.0547160,72.8406066,stop,,,,stop_position
7510862069,node,Bandra,19.0547291,72.8406538,stop,,,,stop_position
7510862070,node,Andheri,19.1193440,72.8464384,stop,,,,stop_position
7510862071,node,Andheri,19.1193373,72.8464956,stop,,,,stop_position
7510862076,node,Vile Parle,19.0999610,72.8442291,stop,,,,stop_position
7510862077,node,Vile Parle,19.0999755,72.8441316,stop,,,,stop_position
7510862078,node,Vile Parle,19.0999796,72.8440865,stop,,,,stop_position
7510862079,node,Vile Parle,19.1001265,72.8437717,stop,,,,stop_position
7510862080,node,Santa Cruz (CR),19.0839117,72.8418774,stop,,,,stop_position
7510862081,node,Santa Cruz (WR),19.0816085,72.8418625,stop,,,,stop_position
7510862082,node,Santa Cruz (WR),19.0816252,72.8417226,stop,,,,stop_position
7510862083,node,Santa Cruz (WR),19.0816295,72.8416835,stop,,,,stop_position
7510862084,node,Santa Cruz (WR),19.0816184,72.8415282,stop,,,,stop_position
7510862785,node,Santa Cruz (CR),19.0839026,72.8417442,stop,,,,stop_position
7510862786,node,Khar Road,19.0690432,72.8402374,stop,,,,stop_position
7510862787,node,Khar Road,19.0690521,72.8401907,stop,,,,stop_position
7510862788,node,Khar Road,19.0690693,72.8400598,stop,,,,stop_position
7510862789,node,Khar Road,19.0690740,72.8400142,stop,,,,stop_position
7511298719,node,Mahalaxmi,18.9821386,72.8240475,stop,,,,stop_position
7511298720,node,Mahalaxmi,18.9822320,72.8239368,stop,,,,stop_position
7512478929,node,Mira Road,19.2812906,72.8560457,stop,,,,stop_position
7512478930,node,Mira Road,19.2812874,72.8560108,stop,,,,stop_position
7512478931,node,Mira Road,19.2812795,72.8558762,,,,,stop_position
7512478934,node,Borivali,19.2282002,72.8569110,,,,,stop_position
7547895122,node,Vashi Gaon,19.0692166,72.9872492,,,bus_stop,,platform
7552167806,node,Malad,19.1868120,72.8488116,stop,,,,stop_position
7552344490,node,Kandivali,19.2041859,72.8521397,stop,,,,stop_position
7552344491,node,Kandivali,19.2042030,72.8520400,stop,,,,stop_position
7552344492,node,Kandivali,19.2042106,72.8519918,stop,,,,stop_position
7552344493,node,Kandivali,19.2042334,72.8518862,stop,,,,stop_position
7552344494,node,Kandivali,19.2042472,72.8518306,stop,,,,stop_position
7553582481,node,Mumbai Central,18.9701022,72.8191416,stop,,,,stop_position
7554999656,node,Dadar (Central),19.0173769,72.8428598,stop,,,,stop_position
7555912827,node,Dronagiri,18.8813327,72.9647315,station,,,,station
7555912828,node,Nhava Sheva,18.8980610,72.9877967,station,,,,station
7622320900,node,Lokmanya Tilak Terminus,19.0683695,72.8895448,stop,,,,stop_position
7622320901,node,Lokmanya Tilak Terminus,19.0682525,72.8896510,stop,,,,stop_position
7622320902,node,Lokmanya Tilak Terminus,19.0682043,72.8896930,stop,,,,stop_position
7622320903,node,Lokmanya Tilak Terminus,19.0686058,72.8904064,stop,,,,stop_position
7622320904,node,Lokmanya Tilak Terminus,19.0685754,72.8904287,stop,,,,stop_position
7731605577,node,Worli,19.0086178,72.8192495,stop,,,,stop_position
7802015658,node,Kharbhav,19.2982059,72.9840509,stop,,,,stop_position
7802203490,node,Parel,19.0095674,72.8375091,stop,,,,stop_position
7802203491,node,Parel,19.0095070,72.8376051,stop,,,,stop_position
7802203492,node,Parel,19.0094467,72.8377080,stop,,,,stop_position
7802203493,node,Parel,19.0094169,72.8377555,stop,,,,stop_position
7802203494,node,Parel,19.0093633,72.8378243,stop,,,,stop_position
7802217071,node,Matunga,19.0274839,72.8500984,stop,,,,stop_position
7802217072,node,Matunga,19.0274245,72.8502109,stop,,,,stop_position
7817476530,node,Thane,19.1860864,72.9744113,stop,,,,stop_position
7817519127,node,Sion,19.0474971,72.8638738,stop,,,,stop_position
7817519128,node,Sion,19.0475103,72.8638299,stop,,,,stop_position
7817536592,node,Bhandup,19.1429554,72.9379283,stop,,,,stop_position
7817536593,node,Bhandup,19.1428831,72.9380180,stop,,,,stop_position
7817536594,node,Bhandup,19.1428540,72.9380506,stop,,,,stop_position
7817543286,node,Kanjur Marg,19.1286390,72.9280951,stop,,,,stop_position
7817547051,node,Nahur,19.1547005,72.9465709,stop,,,,stop_position
7817668009,node,Ghatkopar,19.0857175,72.9079722,stop,,,,stop_position
7817668010,node,Ghatkopar,19.0856782,72.9079856,stop,,,,stop_position
7817668011,node,Ghatkopar,19.0855813,72.9080613,stop,,,,stop_position
7817668012,node,Ghatkopar,19.0855420,72.9080779,stop,,,,stop_position
7817951291,node,Goregaon,19.1648661,72.8496929,stop,,,,stop_position
7817951292,node,Goregaon,19.1648668,72.8496487,stop,,,,stop_position
7817951293,node,Goregaon,19.1648578,72.8494518,stop,,,,stop_position
7817951294,node,Goregaon,19.1648617,72.8492877,stop,,,,stop_position
7817952879,node,Lower Parel,18.9955353,72.8300633,stop,,,,stop_position
7817952880,node,Lower Parel,18.9955157,72.8301006,stop,,,,stop_position
7817967700,node,Jogeshwari (Western Line),19.1360983,72.8490857,stop,,,,stop_position
7817967701,node,Jogeshwari (Western Line),19.1361128,72.8489563,stop,,,,stop_position
7817967702,node,Jogeshwari (Western Line),19.1361160,72.8489156,stop,,,,stop_position
7817967703,node,Jogeshwari (Western Line),19.1361240,72.8487896,stop,,,,stop_position
7817991345,node,Ram Mandir,19.1513820,72.8500860,stop,,,,stop_position
7817991346,node,Ram Mandir,19.1513815,72.8500404,stop,,,,stop_position
7817991347,node,Ram Mandir,19.1513690,72.8498795,stop,,,,stop_position
7817991348,node,Ram Mandir,19.1513920,72.8502254,stop,,,,stop_position
7818024713,node,Tilak Nagar,19.0657151,72.8904873,stop,,,,stop_position
7818093994,node,Guru Tegh Bahadur Nagar,19.0380505,72.8642840,stop,,,,stop_position
7818093995,node,Guru Tegh Bahadur Nagar,19.0379507,72.8644195,stop,,,,stop_position
7818099445,node,Chuna Bhatti,19.0518338,72.8690233,stop,,,,stop_position
7818099446,node,Chuna Bhatti,19.0518312,72.8689880,stop,,,,stop_position
7944342212,node,IIT Market Bus Stop,19.1274256,72.9190682,,,bus_stop,,platform
7944371745,node,Upvan lake Voltas,19.2231510,72.9575498,,,bus_stop,,platform
7947802194,node,,18.9426119,72.8305403,,,bus_stop,,platform
8042686585,node,,19.0489792,72.9063884,,,bus_stop,,platform
8123031496,node,Goregaon Bus Station (East),19.1655130,72.8507429,,,,,stop_position
8256840249,node,TISS Bus Stop,19.0454423,72.9136469,,,bus_stop,,platform
8342841400,node,Kapurbawdi Station,19.2241429,72.9774245,station,subway,,,station
8360488232,node,M2M Ro-Ro Terminal,18.9573602,72.8475783,,,,ferry_terminal,station
8360488234,node,Angriya Water Terminal,18.9537690,72.8464559,,,,ferry_terminal,station
8442026647,node,"Air Force Base, Kanherl Hills",19.2244979,72.9496019,,,bus_stop,,platform
8450022933,node,Khewra Circle,19.2326406,72.9697918,,,bus_stop,,platform
8458629663,node,Maharashtra Nagar (Thane),19.2298911,72.9699642,,,bus_stop,,platform
8458629665,node,Maharashtra Nagar (Thane),19.2296295,72.9702345,,,bus_stop,,platform
8460008418,node,Pawar Nagar,19.2289711,72.9663798,,,bus_stop,,platform
8462729069,node,Gaimukh Station,19.2844346,72.9468083,station,subway,,,station
8462729070,node,Gowniwada Station,19.2767469,72.9582272,station,subway,,,station
8462729071,node,Dongripada Station,19.2505903,72.9732622,construction,,,,stop_position
8462729072,node,Manpada Station,19.2307620,72.9766835,stop,,,,stop_position
8462838145,node,Azad Nagar Bus Stop,19.2410366,72.9809993,station,subway,,,station
8489502612,node,Kokanipada,19.2335744,72.9655135,,,bus_stop,,platform
8493462496,node,R-Mall,19.2299191,72.9768643,,,bus_stop,,platform
8530844752,node,Panchavati Society,19.2214700,72.9663428,,,bus_stop,,stop_position
8531002108,node,Pawar Nagar,19.2290045,72.9659517,,,bus_stop,,platform
8537895380,node,,19.1918095,72.9757131,,,,ferry_terminal,station
8551670535,node,Lakshminarayan Residency,19.2197200,72.9600005,,,,,stop_position
8551670545,node,Ravi Estate,19.2180914,72.9592962,,,bus_stop,,platform
8552003572,node,Hiranandani Meadows,19.2283755,72.9695298,,,bus_stop,,platform
8592017248,node,Anunagar,19.2582184,72.9750267,,,bus_stop,,platform
8592367903,node,Voltas Gate,19.2170115,72.9716527,,,bus_stop,,platform
8592800211,node,Goodluck Company,19.2636920,72.9774463,,,bus_stop,,platform
8592846825,node,Waghbil Village,19.2664667,72.9835097,,,bus_stop,,platform
8596222911,node,Parkwoods Society,19.2594625,72.9658455,,,bus_stop,,platform
8614581204,node,Hawre City / Boriwade Gaon,19.2597233,72.9574142,,,bus_stop,,platform
8615193242,node,Kalbadevi,18.9463212,72.8271777,stop,,,,stop_position
8615193244,node,Girgaon,18.9520716,72.8221673,stop,,,,stop_position
8643703263,node,,19.1382949,72.7870490,,,,ferry_terminal,station
8788678314,node,Tikujini Wadi,19.2369887,72.9661562,,,bus_stop,,platform
8788678315,node,Hill Garden,19.2347548,72.9661727,,,bus_stop,,platform
8788678316,node,Garden Estate,19.2332977,72.9670690,,,bus_stop,,platform
8788708017,node,Happy Valley Circle,19.2366088,72.9705892,,,bus_stop,,platform
8788708019,node,Central Maidan,19.1979404,72.9799673,,,bus_stop,,platform
8788708020,node,Ambika Yoga Kutir,19.2072310,72.9775348,,,bus_stop,,platform
8788708021,node,Muktai Nagar,19.2107871,72.9772747,,,bus_stop,,platform
8788708022,node,Ashapura Mandir,19.2160301,72.9782912,,,bus_stop,,platform
8788708023,node,Kapurbawadi,19.2213538,72.9778567,,,bus_stop,,platform
8788708026,node,Sahyog Society,19.2364834,72.9724064,,,bus_stop,,platform
8789746256,node,Thane Station (W),19.1868500,72.9757346,,,bus_stop,,platform
8789746257,node,Talao Pali,19.1941706,72.9767776,,,bus_stop,,platform
8789746258,node,Tembhi Naka,19.1970186,72.9772325,,,bus_stop,,platform
8789863200,node,Municipal School,19.2018525,72.9777502,,,bus_stop,,platform
8789863201,node,Uthalsar Naka,19.2029838,72.9780348,,,bus_stop,,platform
8789863202,node,Ambika Yoga Kutir,19.2070790,72.9773363,,,bus_stop,,platform
8789863204,node,Kapurbawadi,19.2215919,72.9775482,,,bus_stop,,platform
8789863205,node,Tattvagyan Vidyapeeth,19.2234205,72.9773229,,,bus_stop,,platform
8789863207,node,Happy Valley Circle,19.2364302,72.9706295,,,bus_stop,,platform
8790099250,node,Hiranandani Meadows,19.2278728,72.9699120,,,bus_stop,,platform
8790099251,node,Vivekananda Nagar,19.2229117,72.9699639,,,bus_stop,,platform
8790099253,node,Gandhi Nagar,19.2182981,72.9702017,,,bus_stop,,platform
8790099254,node,Voltas Gate,19.2172065,72.9716393,,,bus_stop,,platform
8790154387,node,Lok Puram,19.2259388,72.9699933,,,bus_stop,,platform
8790154388,node,Gandhi Nagar,19.2181841,72.9701333,,,bus_stop,,platform
8791338032,node,Hyde Park,19.2265645,72.9739749,,,bus_stop,,platform
8791338033,node,Tulsidham,19.2224567,72.9733641,,,bus_stop,,platform
8792348019,node,Mulla Bagh,19.2395539,72.9758009,,,bus_stop,,platform
8792348020,node,Azad Nagar Naka,19.2407634,72.9755418,,,bus_stop,,platform
8792348021,node,Azad Nagar Naka,19.2405906,72.9758245,,,bus_stop,,platform
8792348022,node,Vijay Garden / D-Mart,19.2596763,72.9698546,,,bus_stop,,platform
8792348023,node,Vijay Garden / D-Mart,19.2578240,72.9687500,,,bus_stop,,platform
8792348024,node,Panchamrit,19.2572565,72.9708344,,,bus_stop,,platform
8792348025,node,Panchamrit,19.2571551,72.9704768,,,bus_stop,,platform
8792348026,node,Waghbil Naka,19.2530084,72.9724863,,,bus_stop,,platform
8792348027,node,Dongaripada,19.2508833,72.9734795,,,bus_stop,,platform
8792348029,node,Brahmand Phase 5,19.2450960,72.9837602,,,bus_stop,,platform
8792348030,node,Swastik Park,19.2435437,72.9828134,,,bus_stop,,platform
8792348031,node,St Xaviers High School,19.2407153,72.9772828,,,bus_stop,,platform
8792348032,node,Mulla Bagh,19.2392340,72.9755173,,,bus_stop,,platform
8792348033,node,Police Line,19.2010899,72.9794164,,,bus_stop,,platform
8794902854,node,Ice Factory,19.1871668,72.9688638,,,bus_stop,,platform
8794902855,node,A.K. Joshi Vidyalaya,19.1874481,72.9715840,,,bus_stop,,platform
8794902856,node,Kapurbawadi,19.2178194,72.9799287,,,bus_stop,,platform
8794902857,node,Kapurbawadi,19.2175510,72.9799622,,,bus_stop,,platform
8794902858,node,Shruti Park,19.2254760,72.9807160,,,bus_stop,,platform
8794902862,node,Wellman Company,19.2296746,72.9843610,,,bus_stop,,platform
8794902863,node,Kavyadhara,19.2281815,72.9824149,,,bus_stop,,platform
8794902864,node,Highland Park,19.2222763,72.9822533,,,bus_stop,,platform
8794902865,node,Highland Park,19.2222570,72.9824640,,,bus_stop,,platform
8794902866,node,Wellman Company,19.2294991,72.9844044,,,bus_stop,,platform
8794902867,node,Bayer,19.2309216,72.9860662,,,bus_stop,,platform
8794902868,node,Swastik Park,19.2435597,72.9829143,,,bus_stop,,platform
8795208235,node,Hari Niwas,19.1911394,72.9679504,,,bus_stop,,platform
8795208236,node,Nitin Company,19.1990842,72.9649204,,,bus_stop,,platform
8795208237,node,Kamgar Hospital,19.2033480,72.9555675,,,bus_stop,,platform
8795208239,node,Wagle Bus Depot,19.2014508,72.9456165,,,bus_stop,,platform
8795208241,node,Ravi Fisheries,19.1973905,72.9455545,,,bus_stop,,platform
8795208242,node,Tata Motors,19.1975931,72.9491785,,,bus_stop,,platform
8795208243,node,Tata Motors,19.1975976,72.9492566,,,bus_stop,,platform
8795208244,node,Annabhau Sathe Chowk,19.2008276,72.9491711,,,bus_stop,,platform
8795208245,node,Kamgar Hospital,19.2032985,72.9554787,,,bus_stop,,platform
8795208246,node,,19.2028971,72.9560772,,,bus_stop,,platform
8795208247,node,Nitin Company,19.1989724,72.9648823,,,bus_stop,,platform
8795208249,node,Mahapalika Bhavan,19.1971433,72.9674568,,,bus_stop,,platform
8795208250,node,Hari Niwas,19.1918275,72.9686178,,,bus_stop,,platform
8795208251,node,Hari Niwas,19.1904762,72.9677340,,,bus_stop,,platform
8795776769,node,Khopat,19.2028237,72.9721946,,,bus_stop,,platform
8795776770,node,Pujani Estate,19.2040346,72.9697610,,,bus_stop,,platform
8795776771,node,Pujani Estate,19.2042958,72.9697031,,,bus_stop,,platform
8795776772,node,Shivai Nagar,19.2156912,72.9562782,,,bus_stop,,platform
8795776773,node,Khandelwal Estate,19.2176192,72.9540015,,,bus_stop,,platform
8795776774,node,Khandelwal Estate,19.2175260,72.9538423,,,bus_stop,,platform
8795776775,node,Bhu Kendra,19.2186766,72.9528953,,,bus_stop,,platform
8795776776,node,Bhu Kendra,19.2184595,72.9529773,,,bus_stop,,platform
8795776777,node,Upvan,19.2204256,72.9536489,,,bus_stop,,platform
8795776778,node,Upvan,19.2204811,72.9535846,,,bus_stop,,platform
8795776779,node,Gawand Baug,19.2212968,72.9591590,,,bus_stop,,platform
8795776780,node,Siddhachal Society,19.2247033,72.9649432,,,bus_stop,,stop_position
8795776781,node,Sambhaji Nagar,19.2005795,72.9643768,,,bus_stop,,platform
8795776782,node,Forest Office,19.1889312,72.9646515,,,bus_stop,,platform
8795776783,node,Forest Office,19.1890306,72.9645246,,,bus_stop,,platform
8795776784,node,Thane RTO,19.1921568,72.9628534,,,bus_stop,,platform
8795776785,node,Thane RTO,19.1929326,72.9630067,,,bus_stop,,platform
8795776790,node,Sambhaji Nagar,19.2003514,72.9647650,,,bus_stop,,platform
8795776791,node,Siddheshwar Lake,19.2025671,72.9670775,,,bus_stop,,platform
8795776792,node,Cadbury Junction,19.2040236,72.9685930,,,bus_stop,,platform
8795776793,node,Cadbury Junction,19.2041164,72.9680924,,,bus_stop,,platform
8795776794,node,Cadbury Company,19.2054667,72.9669667,,,bus_stop,,platform
8795776795,node,Cadbury Company,19.2056385,72.9671101,,,bus_stop,,platform
8795776796,node,Raymond / J.K. Gram,19.2080843,72.9639050,,,bus_stop,,platform
8795776797,node,Raymond / J.K. Gram,19.2073622,72.9651694,,,bus_stop,,platform
8795776808,node,Vartak Nagar Naka,19.2106156,72.9616338,,,bus_stop,,platform
8795776809,node,MRR Childrens Hospital / Building Number 3,19.2121109,72.9601367,,,bus_stop,,platform
8795776810,node,MRR Childrens Hospital / Building Number 3,19.2122119,72.9603311,,,bus_stop,,platform
8795776811,node,S.T. Juna Thamba,19.2134696,72.9590272,,,bus_stop,,platform
8795776812,node,S.T. Juna Thamba,19.2138005,72.9591152,,,bus_stop,,platform
8795776814,node,Cosmos Paradise,19.2166854,72.9587008,,,,,stop_position
8795776815,node,Lakshminarayan Residency,19.2194223,72.9597748,,,bus_stop,,platform
8795776816,node,Bethany Hospital,19.2204129,72.9618442,,,bus_stop,,stop_position
8795838217,node,Asian Cable,19.2198209,72.9636853,,,bus_stop,,stop_position
8795838218,node,Asian Cable,19.2198900,72.9637233,,,bus_stop,,stop_position
8795838219,node,Jidh School,19.2226943,72.9647912,,,bus_stop,,stop_position
8795838220,node,Jidh School,19.2227270,72.9647958,,,bus_stop,,stop_position
8795838221,node,Siddhachal Society,19.2247013,72.9649916,,,bus_stop,,stop_position
8795838222,node,Upvan lake Voltas,19.2232331,72.9575229,,,bus_stop,,platform
8796069248,node,Kalwa Naka,19.1958654,72.9874084,,,bus_stop,,platform
8796504392,node,Kasarvadavali Naka,19.2695628,72.9656352,,,bus_stop,,platform
8796504393,node,Anand Nagar,19.2647541,72.9678149,,,bus_stop,,platform
8796504394,node,Anand Nagar,19.2644174,72.9675762,,,bus_stop,,platform
8796504395,node,Vijay Nagari,19.2561503,72.9736027,,,bus_stop,,platform
8796504396,node,Vijay Nagari,19.2562139,72.9738562,,,bus_stop,,platform
8796504403,node,Anunagar,19.2581726,72.9745948,,,bus_stop,,platform
8796526607,node,Novartis,19.2348614,72.9885329,,,bus_stop,,platform
8796526608,node,Novartis,19.2349631,72.9887405,,,bus_stop,,platform
8796526609,node,Boringer,19.2370969,72.9898125,,,bus_stop,,platform
8797486809,node,Gawand Baug (Upvan),19.2248836,72.9586875,,,bus_stop,,platform
8802032176,node,New Shakti Mill / Ambedkar Road,19.2006730,72.9755634,,,bus_stop,,platform
8802032177,node,Parmarth Niketan,19.2340971,72.9459003,,,bus_stop,,platform
8802032178,node,Parsik Shiv Mandir,19.2364543,72.9447481,,,bus_stop,,platform
8842845205,node,Hill Garden,19.2347297,72.9662032,,,,,platform
9017048009,node,Mastan Talav/Nagpada,18.9650832,72.8303453,,,bus_stop,,platform
9017048011,node,J J Hospital,18.9626612,72.8318866,,,bus_stop,,platform
9017048012,node,J J Hospital,18.9628289,72.8318956,,,bus_stop,,platform
9017048013,node,J J Hospital,18.9632404,72.8319030,,,bus_stop,,platform
9017048014,node,J J Hospital,18.9633545,72.8322040,,,bus_stop,,platform
9017048015,node,J J Hospital,18.9629416,72.8321772,,,bus_stop,,platform
9017048016,node,J J Hospital,18.9628007,72.8321683,,,bus_stop,,platform
9017104717,node,J J Hospital,18.9626288,72.8321578,,,bus_stop,,platform
9017104718,node,J J Hospital,18.9621334,72.8328008,,,bus_stop,,platform
9019341400,node,Nagpada/Nagpada Police Station,18.9666687,72.8299191,,,bus_stop,,platform
9019341401,node,Maharashtra College/Alexandra Cinema,18.9673359,72.8273764,,,bus_stop,,platform
9019341402,node,Maharashtra College/Alexandra Cinema,18.9675019,72.8274566,,,bus_stop,,platform
9028213699,node,A.H. Ansari Chowk / New Nagpada,18.9670639,72.8325718,,,bus_stop,,platform
9028213700,node,A.H. Ansari Chowk / New Nagpada,18.9666200,72.8328481,,,bus_stop,,platform
9028216977,node,Byculla Station,18.9761370,72.8320059,,,bus_stop,,platform
9028216978,node,Byculla Station,18.9768853,72.8322151,,,bus_stop,,platform
9028216979,node,Byculla Station,18.9761776,72.8333765,,,bus_stop,,platform
9028216980,node,Byculla Station (East),18.9777806,72.8337654,,,bus_stop,,platform
9028216982,node,New Nagpada,18.9687837,72.8331673,,,bus_stop,,platform
9028264752,node,Christ Church School / Mirja Galib Marg,18.9697688,72.8300758,,,bus_stop,,platform
9028264753,node,Christ Church School / Mirja Galib Marg,18.9697483,72.8297867,,,bus_stop,,platform
9034182888,node,Cafe Paradise,18.9618408,72.8300164,,,bus_stop,,platform
9034182889,node,Cafe Paradise,18.9617478,72.8308708,,,bus_stop,,platform
9034182890,node,Do Tanki,18.9617755,72.8283906,,,bus_stop,,platform
9034182891,node,Do Tanki,18.9616759,72.8281023,,,bus_stop,,platform
9034182892,node,Akbar Peerbhoy College,18.9617755,72.8257159,,,bus_stop,,platform
9034182893,node,Akbar Peerbhoy College,18.9616319,72.8256669,,,bus_stop,,platform
9034182894,node,Play House,18.9617412,72.8224687,,,bus_stop,,platform
9034182895,node,Play House,18.9619241,72.8214435,,,bus_stop,,platform
9034182897,node,Novelty Cinema / Dr .Bhadkamkar Road,18.9620073,72.8186353,,,bus_stop,,platform
9034182898,node,Novelty Cinema / Dr .Bhadkamkar Road,18.9618424,72.8189028,,,bus_stop,,platform
9034221913,node,Petit Hall,18.9550234,72.7984966,,,bus_stop,,platform
9034221914,node,Petit Hall,18.9547248,72.7984242,,,bus_stop,,platform
9034221915,node,Darya Mahal,18.9532628,72.7975120,,,bus_stop,,platform
9034221916,node,Darya Mahal,18.9527204,72.7971018,,,bus_stop,,platform
9034231128,node,Grant Road Railway Station,18.9619796,72.8159479,,,bus_stop,,platform
9034231129,node,Grant Road Railway Station,18.9619224,72.8158029,,,bus_stop,,platform
9034231130,node,Nana Chowk,18.9620220,72.8142064,,,bus_stop,,platform
9034231131,node,Nana Chowk,18.9619681,72.8140752,,,bus_stop,,platform
9034231132,node,Nana Chowk,18.9621640,72.8125218,,,bus_stop,,platform
9034231133,node,Nana Chowk,18.9620987,72.8123371,,,bus_stop,,platform
9034231134,node,August Kranti Maidan,18.9628235,72.8105525,,,bus_stop,,platform
9034231135,node,August Kranti Maidan,18.9627712,72.8109322,,,bus_stop,,platform
9034231136,node,Godrej Chowk,18.9639269,72.8085279,,,bus_stop,,platform
9034231137,node,Godrej Chowk,18.9647431,72.8075596,,,bus_stop,,platform
9034231138,node,Godrej Chowk,18.9640787,72.8068347,,,bus_stop,,platform
9034231139,node,Parsi Dharmashala / Om Chambers,18.9646941,72.8053555,,,bus_stop,,platform
9034231140,node,Parsi Dharmashala / Om Chambers,18.9645586,72.8051674,,,bus_stop,,platform
9034231141,node,Mukesh Chowk,18.9643807,72.8040162,,,bus_stop,,platform
9034231142,node,Mukesh Chowk,18.9635316,72.8030848,,,bus_stop,,platform
9034231143,node,Petrol Pump / Maheshwari Mansion,18.9613532,72.8013944,,,bus_stop,,platform
9034231144,node,Petrol Pump / Maheshwari Mansion,18.9610897,72.8014223,,,bus_stop,,platform
9034231145,node,Priyadarshani Park / Shimla House,18.9569155,72.7995926,,,bus_stop,,platform
9034231146,node,Priyadarshani Park / Shimla House,18.9565097,72.7994793,,,bus_stop,,platform
9034247017,node,J. Mehta Marg,18.9506295,72.7958552,,,bus_stop,,platform
9034332937,node,Dr. M. Iqbal Chowk / Chinch Bunder,18.9626029,72.8354920,,,bus_stop,,platform
9034332938,node,Dr. M. Iqbal Chowk / Chinch Bunder,18.9620901,72.8342613,,,bus_stop,,platform
9034332939,node,Umarkhadi / Noorbaug,18.9624747,72.8365312,,,bus_stop,,platform
9034332940,node,Umarkhadi / Noorbaug,18.9626395,72.8377469,,,bus_stop,,platform
9034332941,node,Sandhurst Road Railway Station,18.9613596,72.8388528,,,bus_stop,,platform
9034332942,node,Chinch Bunder,18.9591904,72.8385064,,,bus_stop,,platform
9034332943,node,Maharana Pratap Chowk / Mazgaon Garden,18.9683664,72.8405986,,,bus_stop,,platform
9034332945,node,Maharana Pratap Chowk (Mazgaon),18.9692003,72.8406189,,,bus_stop,,platform
9034332946,node,Maharana Pratap Chowk (Mazgaon),18.9692846,72.8408086,,,bus_stop,,platform
9034332947,node,Dockyard Road Bus Stop,18.9680447,72.8439713,,,bus_stop,,
9034332948,node,Dockyard Road Railway Station,18.9680153,72.8442602,,,bus_stop,,platform
9034332949,node,Mazgaon Dock (Mazgaon),18.9655503,72.8455184,,,bus_stop,,platform
9034332950,node,Mazgaon Dock (Mazgaon),18.9656178,72.8453786,,,bus_stop,,platform
9034332951,node,Nirman Bhavan,18.9635566,72.8465955,,,bus_stop,,platform
9034332952,node,Nirman Bhavan,18.9637133,72.8465460,,,bus_stop,,platform
9034332953,node,Railway Crossing,18.9591417,72.8462537,,,bus_stop,,platform
9034332954,node,Railway Crossing,18.9589103,72.8460522,,,bus_stop,,platform
9034332955,node,Mallet Bunder / Tapasani Naka,18.9579267,72.8473081,,,bus_stop,,platform
9034332956,node,Mallet Bunder / Tapasani Naka,18.9581514,72.8472577,,,bus_stop,,platform
9034376639,node,J J Hospital,18.9619528,72.8325848,,,bus_stop,,platform
9115783838,node,Lalji Pada,19.2023767,72.8342241,,,,,platform
9115783839,node,Shanti Nagar,19.2064662,72.8349668,,,,,platform
9115783844,node,,19.2039606,72.8344033,,,,,platform
9118087825,node,Pratap Society,19.1298350,72.8229246,,,bus_stop,,platform
9118087835,node,Four Bungalows,19.1296134,72.8248087,,,bus_stop,,platform
9118087840,node,Four Bungalows,19.1293874,72.8249807,,,bus_stop,,platform
9118087858,node,Pratap Society,19.1300183,72.8227876,,,bus_stop,,platform
9120485005,node,,19.1416534,72.8288758,,,bus_stop,,platform
9120485010,node,Sundarvan,19.1378448,72.8258232,,,bus_stop,,platform
9121318237,node,Mahapalika Bhavan Marg Station,19.2012539,72.9650642,construction,,,,stop_position
9121318238,node,Cadbury Junction Station,19.2064179,72.9704485,construction,,,,stop_position
9122407792,node,Regional Transport Office,19.1319517,72.8257706,,,bus_stop,,platform
9124365498,node,Seven Bungalows Garden,19.1287083,72.8171122,,,bus_stop,,platform
9124396665,node,Four Bungalows,19.1301538,72.8257766,,,bus_stop,,platform
9124396666,node,Four Bungalows,19.1309848,72.8255675,,,bus_stop,,platform
9125877271,node,Swami Samarth Nagar,19.1393123,72.8255143,,,bus_stop,,platform
9125877273,node,Swami Samarth Nagar,19.1394173,72.8255174,,,bus_stop,,platform
9125904942,node,Sundervan,19.1369908,72.8255686,,,bus_stop,,platform
9126268644,node,Shangrila Station,19.1537528,72.9375173,construction,,,,stop_position
9126268645,node,Sonapur Station,19.1662004,72.9384301,construction,,,,stop_position
9126268646,node,Mulund Fire Station,19.1756765,72.9425569,construction,,,,stop_position
9126268647,node,Teen Hath Naka Station,19.1870457,72.9615868,station,subway,,,station
9126268648,node,RTO Thane Station,19.1925175,72.9627512,,,,,stop_position
9126708940,node,Madh Church,19.1446507,72.7901667,,,,,platform
9126708941,node,Madh Church,19.1446377,72.7902586,,,,,platform
9130240845,node,Pandurang Wadi,19.2600964,72.8726181,stop,,,,stop_position
9130240848,node,Kashigaon,19.2776348,72.8802429,stop,,,,stop_position
9130240849,node,Sai Baba Nagar Station,19.2844744,72.8708545,construction,,,,stop_position
9130240851,node,Subhash Chandra Bose Ground,19.2942380,72.8431291,station,subway,,,station
9130240857,node,Shaheed Bhagat Singh Garden Station,19.2950511,72.8537938,construction,,,,stop_position
9130397817,node,Mahindra & Mahindra,19.2037581,72.8633393,stop,,,,stop_position
9130397818,node,Akurli,19.1983142,72.8606474,stop,,,,stop_position
9130397819,node,Kurar,19.1871009,72.8585400,stop,,,,stop_position
9131712733,node,Airport Colony Station,19.1058178,72.8540170,station,subway,,,station
9132436362,node,Pant Nagar Station,19.0821766,72.9126856,,,,,stop_position
9132436363,node,Garodia Nagar Station,19.0725747,72.9023182,construction,,,,stop_position
9132436365,node,Amar Mahal Junction Station,19.0674050,72.8999983,construction,,,,stop_position
9132436366,node,Siddhartha Colony EEH Station,19.0566170,72.8875185,construction,,,,stop_position
9132436368,node,Anik Nagar Bus Depot Station,19.0458265,72.8786341,station,subway,,,station
9132436369,node,Wadala TT Station,19.0380667,72.8802591,stop,,,,stop_position
9132436411,node,Lakshmi Nagar Station,19.0889805,72.9184404,construction,,,,stop_position
9132708002,node,Momin Nagar Station,19.1397830,72.8459649,construction,,,,stop_position
9132708009,node,JVLR Station,19.1405068,72.8540075,construction,,,,stop_position
9132708010,node,Majas Depot Station,19.1392202,72.8618974,construction,,,,stop_position
9132708011,node,Powai Udyan Station,19.1215921,72.8989663,construction,,,,stop_position
9132708012,node,IIT Powai Station,19.1242338,72.9137395,construction,,,,stop_position
9132884272,node,Indian Oil Nagar,19.1284511,72.8291027,,,bus_stop,,platform
9134531623,node,Four Bungalows,19.1278944,72.8253434,,,bus_stop,,platform
9134579258,node,Four Bungalows,19.1291815,72.8265924,,,bus_stop,,platform
9134636165,node,Jeevan Nagar,19.1316684,72.8315870,,,bus_stop,,platform
9134647715,node,Jeevan Nagar,19.1319245,72.8333360,,,bus_stop,,platform
9134855260,node,New Chandra Society,19.1317398,72.8353534,,,,,platform
9134855263,node,New Chandra Society,19.1318943,72.8352698,,,,,platform
9134860846,node,Jeevan Nagar,19.1320818,72.8330548,,,bus_stop,,platform
9134910291,node,Machalimar,19.1322109,72.8126902,,,bus_stop,,platform
9135966843,node,Currey Road,18.9936274,72.8329074,stop,,,,stop_position
9137876887,node,Juhu Ville Parle Bus Station,19.1159409,72.8312863,,,bus_stop,,platform
9138338112,node,Prabhat Society,19.1181671,72.8290377,,,bus_stop,,platform
9138338116,node,Versova View,19.1249325,72.8244474,,,,,platform
9138373717,node,Juhu Versova Link Road,19.1232666,72.8242680,,,,,platform
9139678124,node,Jankidevi Public School,19.1397770,72.8209930,,,bus_stop,,platform
9139678126,node,Jankidevi Public School,19.1398374,72.8208106,,,bus_stop,,platform
9139686415,node,Sardar Vallabhbhai Patel Nagar,19.1414131,72.8195456,,,bus_stop,,platform
9139689150,node,Mhada Colony,19.1381689,72.8222075,,,bus_stop,,platform
9139689151,node,Mhada Colony,19.1382206,72.8222982,,,bus_stop,,platform
9139716433,node,Sardar Vallabhbhai Patel Nagar,19.1413935,72.8194296,,,bus_stop,,platform
9139931199,node,Juhu Beach,19.0971196,72.8268580,,,bus_stop,,platform
9139946980,node,Juhu Chowpaty Bus Station,19.0959763,72.8274551,,,bus_stop,,platform
9139966596,node,Juhu Chowpaty Bus Station,19.0959996,72.8276419,,,bus_stop,,platform
9140126988,node,Seven Bungalows Garden,19.1285378,72.8164703,,,bus_stop,,platform
9140706757,node,Currey Road,18.9936375,72.8327955,stop,,,,stop_position
9140907840,node,,19.1266662,72.8189787,,,bus_stop,,platform
9140907844,node,Arogya Nidhi Enclave,19.1114993,72.8283658,,,bus_stop,,platform
9140907856,node,,19.1161758,72.8287902,,,bus_stop,,platform
9140907857,node,Juhu Bus Station,19.1084206,72.8266700,,,bus_stop,,platform
9140907864,node,Sardar Vallabhbhai Patel Nagar,19.1413993,72.8194927,,,,,stop_position
9141083460,node,,19.1304688,72.8201661,,,bus_stop,,platform
9141404563,node,Mhadeshwa Mandir,19.1366609,72.8236737,,,bus_stop,,platform
9141404564,node,Mhadeshwa Mandir,19.1365858,72.8236099,,,bus_stop,,platform
9141454743,node,Indian Oil Nagar,19.1286518,72.8289301,,,bus_stop,,platform
9141521954,node,Vesave/Yari Road Bus Station,19.1390750,72.8085727,,,bus_stop,,platform
9141521955,node,Vesave/Yari Road Bus Station,19.1390116,72.8084412,,,bus_stop,,platform
9141521958,node,Vesave/Yari Road Bus Station,19.1390816,72.8084359,,,bus_stop,,platform
9141521963,node,Vesave/Yari Road Bus Station,19.1391626,72.8084162,,,bus_stop,,platform
9141521965,node,Vesave/Yari Road Bus Station,19.1391896,72.8085178,,,bus_stop,,platform
9141521966,node,Vesave/Yari Road Bus Station,19.1393048,72.8085740,,,bus_stop,,platform
9141521969,node,Vesave/Yari Road Bus Station,19.1391109,72.8085384,,,bus_stop,,platform
9156468960,node,Goregaon,19.1648593,72.8492418,stop,,,,stop_position
9175977461,node,Prabhadevi Station,19.0072920,72.8352687,,,bus_stop,,platform
9408652351,node,Akshay,19.0522555,72.8324317,,,bus_stop,,platform
9495487058,node,Borivali (West),19.2313940,72.8408834,stop,,,,stop_position
9627118207,node,Dahisar (East) [Line 7],19.2506163,72.8666591,stop,,,,stop_position
9627118208,node,Dahisar (East) [Line 7],19.2506981,72.8666664,station,subway,,,station
9627118209,node,Dahisar (East) [Line 2],19.2517331,72.8673322,station,subway,,,station
9629564097,node,Aarey,19.1693242,72.8587918,station,subway,,,station
9629564098,node,Dindoshi,19.1797579,72.8582976,station,subway,,,station
9629564099,node,Kurar,19.1872999,72.8584547,station,subway,,,station
9629564100,node,Akurli,19.1981585,72.8604905,station,subway,,,station
9629564101,node,Poisar,19.2035171,72.8631041,station,subway,,,station
9629564102,node,Magathane,19.2167968,72.8668012,station,subway,,,station
9629564103,node,Devipada,19.2240357,72.8643251,station,subway,,,station
9629564104,node,Rashtriya Udyan,19.2346141,72.8631372,station,subway,,,station
9629564105,node,Ovaripada,19.2431487,72.8641377,station,subway,,,station
9630642168,node,Dahanukarwadi,19.2062019,72.8348247,stop,,,,stop_position
9630642169,node,Dahanukarwadi,19.2062112,72.8347765,stop,,,,stop_position
9630642170,node,Kandivali (West),19.2140139,72.8372919,stop,,,,stop_position
9630642171,node,Shimpoli,19.2228316,72.8409195,stop,,,,stop_position
9630642172,node,Borivali (West),19.2313901,72.8408398,stop,,,,stop_position
9630642173,node,Eksar,19.2404402,72.8434822,stop,,,,stop_position
9630642174,node,Eksar,19.2404056,72.8435232,stop,,,,stop_position
9630642175,node,Mandapeshwar - I.C. Colony,19.2495828,72.8457144,stop,,,,stop_position
9630642177,node,Rushi Sankul,19.2565999,72.8506506,stop,,,,stop_position
9630642178,node,Rushi Sankul,19.2566384,72.8506245,stop,,,,stop_position
9630642180,node,Anand Nagar,19.2572425,72.8659898,stop,,,,stop_position
9630642181,node,Anand Nagar,19.2572888,72.8660022,stop,,,,stop_position
9630752979,node,Dahisar (East) [Line 2],19.2515778,72.8673167,stop,,,,stop_position
9630752980,node,Dahisar (East) [Line 7],19.2506412,72.8666195,stop,,,,stop_position
9630752989,node,Ovaripada,19.2429466,72.8641494,stop,,,,stop_position
9630752997,node,Rashtriya Udyan,19.2346155,72.8631115,stop,,,,stop_position
9630753003,node,Devipada,19.2243339,72.8641920,stop,,,,stop_position
9630753005,node,Magathane,19.2171116,72.8667520,stop,,,,stop_position
9630753015,node,Mahindra & Mahindra,19.2037886,72.8633044,stop,,,,stop_position
9630758723,node,Akurli,19.1983229,72.8606007,stop,,,,stop_position
9630758737,node,Kurar,19.1871005,72.8584924,stop,,,,stop_position
9630758744,node,Dindoshi,19.1797562,72.8582737,stop,,,,stop_position
9630758755,node,Aarey,19.1695389,72.8587902,stop,,,,stop_position
9739328469,node,,18.9207055,72.8305300,,,bus_stop,,platform
9739328470,node,Strand Cinema,18.9168777,72.8271836,,,bus_stop,,platform
9739328471,node,Sassoon Dock,18.9149125,72.8238094,,,bus_stop,,platform
9739328472,node,Sassoon Dock,18.9144076,72.8242278,,,bus_stop,,platform
9739328473,node,Colaba Bus Station,18.9125692,72.8223395,,,bus_stop,,platform
9739328474,node,Colaba Bus Station,18.9129067,72.8218326,,,bus_stop,,platform
9739328475,node,Colaba Post Office,18.9111153,72.8208482,,,bus_stop,,platform
9739328476,node,Afghan Church,18.9067788,72.8167686,,,bus_stop,,platform
9739328477,node,Pilot Bunder,18.9039418,72.8155884,,,bus_stop,,platform
9739328478,node,INS Ashwini Hospital,18.9007724,72.8143600,,,bus_stop,,platform
9739425785,node,Khodadad Circle,19.0170701,72.8474477,,,bus_stop,,platform
9739425786,node,Khodadad Circle,19.0186753,72.8481933,,,bus_stop,,platform
9739425787,node,Khodadad Circle,19.0181554,72.8471285,,,bus_stop,,platform
9739425788,node,Chitra Cinema,19.0140778,72.8452295,,,bus_stop,,platform
9739425789,node,Chitra Cinema,19.0144760,72.8450847,,,bus_stop,,platform
9739425790,node,Shindewadi,19.0115267,72.8434861,,,bus_stop,,platform
9739425791,node,Hindmata Cinema,19.0091379,72.8419304,,,bus_stop,,platform
9739425792,node,Hindmata Cinema,19.0100990,72.8421396,,,bus_stop,,platform
9739425793,node,Parel Workshop,19.0050727,72.8396398,,,bus_stop,,platform
9739425794,node,Madkebuwa Chowk,19.0058487,72.8398624,,,bus_stop,,platform
9739425795,node,Parel Workshop,19.0005231,72.8380439,,,bus_stop,,platform
9739425796,node,Bharatmata Cinema,18.9951440,72.8367752,,,bus_stop,,platform
9739425797,node,Bharatmata Cinema,18.9958135,72.8365955,,,bus_stop,,platform
9739433145,node,Sant Jagnade Chowk,18.9918622,72.8363031,,,bus_stop,,platform
9739433146,node,Sant Jagnade Chowk,18.9927042,72.8362414,,,bus_stop,,platform
9739433147,node,Shantaram Pujare Chok,18.9881720,72.8359464,,,bus_stop,,platform
9739433148,node,Shantaram Pujare Chok,18.9886919,72.8356782,,,bus_stop,,platform
9739433149,node,Jaihind Cinema,18.9852045,72.8355950,,,bus_stop,,platform
9739433150,node,Jaihind Cinema,18.9853428,72.8353843,,,bus_stop,,platform
9739433151,node,Jijamata Udyan,18.9791020,72.8340930,,,bus_stop,,platform
9739433152,node,Jijamata Udyan,18.9794901,72.8339079,,,bus_stop,,platform
9739433153,node,Byculla Station,18.9760660,72.8335914,,,bus_stop,,platform
9739433154,node,Byculla Station,18.9764566,72.8333688,,,bus_stop,,platform
9739433155,node,Dr A.H. Ansari Chowk,18.9673607,72.8328565,,,bus_stop,,platform
9739433158,node,Dr M. Iqbal Chowk,18.9621048,72.8318292,,,bus_stop,,platform
9739433159,node,Johar Chowk Bus Stop,18.9584596,72.8320277,,,bus_stop,,platform
9739433160,node,Johar Chowk,18.9585534,72.8316870,,,bus_stop,,platform
9739433161,node,Minara Masjid,18.9545200,72.8330818,,,bus_stop,,platform
9739433162,node,Minara Masjid,18.9547432,72.8327599,,,bus_stop,,platform
9739433163,node,Zakaria Masjid,18.9527519,72.8342083,,,bus_stop,,platform
9739433164,node,Zakaria Masjid,18.9530588,72.8337631,,,bus_stop,,platform
9739433165,node,Chakala Market,18.9506057,72.8346857,,,bus_stop,,platform
9739433166,node,Chakala Market,18.9507174,72.8344041,,,bus_stop,,platform
9739433167,node,Mahatma Phule Market,18.9461637,72.8351283,,,bus_stop,,platform
9739433168,node,Mahatma Phule Market,18.9464986,72.8337657,,,bus_stop,,platform
9739433169,node,Mumbai C.S.M.T.,18.9396869,72.8349379,,,bus_stop,,platform
9739433170,node,Mumbai C.S.M.T.,18.9407854,72.8346696,,,bus_stop,,platform
9739433171,node,Khadi Bhandar,18.9366538,72.8339884,,,bus_stop,,platform
9739433172,node,Khadi Bhandar,18.9366259,72.8338368,,,bus_stop,,platform
9739433173,node,Hutatma Chowk,18.9334787,72.8318533,,,bus_stop,,platform
9739433174,node,Hutatma Chowk,18.9316139,72.8313625,,,bus_stop,,platform
9739478784,node,Sir Ali Yavar Jung Institute,19.0523219,72.8341252,,,bus_stop,,platform
9739478785,node,Bandra Telephone Exchange,19.0512230,72.8362582,,,bus_stop,,platform
9739478786,node,Mahim Koliwada,19.0463816,72.8385776,,,bus_stop,,platform
9739478787,node,Mahim Koliwada,19.0458942,72.8383615,,,bus_stop,,platform
9739478789,node,Mahim,19.0392108,72.8417225,,,bus_stop,,platform
9739478790,node,Sitaladevi Temple,19.0351571,72.8424383,,,bus_stop,,platform
9739478791,node,Sitaladevi Temple,19.0357859,72.8422040,,,bus_stop,,platform
9739478792,node,Citylight Cinema,19.0300936,72.8418392,,,bus_stop,,platform
9739478793,node,City Light Cinema,19.0303598,72.8417051,,,bus_stop,,platform
9739478795,node,Ram Ganesh Gadkari Chowk,19.0246622,72.8408682,,,bus_stop,,platform
9739478796,node,Ram Ganesh Gadkari Chowk,19.0257044,72.8406778,,,bus_stop,,platform
9739950327,node,Kalanagar,19.0531775,72.8469019,,,bus_stop,,platform
9739950328,node,Ranade Road Junction,19.0221866,72.8381431,,,bus_stop,,platform
9739950329,node,Ranade Road,19.0230621,72.8386098,,,bus_stop,,platform
9739950330,node,Prabhodhankar Thakre Chowk,19.0196465,72.8364801,,,bus_stop,,platform
9739950331,node,Prabhodhankar Thakre Chowk,19.0199863,72.8364319,,,bus_stop,,platform
9739950332,node,Our Lady Of Salvation School,19.0181478,72.8357720,,,bus_stop,,platform
9739950333,node,Our Lady Of Salvation School,19.0187209,72.8358042,,,bus_stop,,platform
9739950334,node,Jakhadevi,19.0130990,72.8336960,,,bus_stop,,platform
9739950335,node,Jakhadevi,19.0150749,72.8346901,,,bus_stop,,platform
9739950336,node,Sant Rohidas Chowk,19.0108319,72.8322610,,,bus_stop,,platform
9739950337,node,Sant Rohidas Chowk,19.0100128,72.8310513,,,bus_stop,,platform
9739950338,node,Sant Rohidas Chowk,19.0092013,72.8322101,,,bus_stop,,platform
9739950339,node,Sant Rohidas Chowk,19.0089020,72.8333339,,,bus_stop,,platform
9739950340,node,Sant Rohidas Chowk,19.0095944,72.8335163,,,bus_stop,,platform
9739950341,node,Dhanmill Naka,19.0068682,72.8321055,,,bus_stop,,platform
9739950342,node,Dhanmill Naka,19.0073298,72.8319472,,,bus_stop,,platform
9739950343,node,Deepak Cinema,19.0051260,72.8313223,,,bus_stop,,platform
9739950344,node,Deepak Cinema,19.0056002,72.8311238,,,bus_stop,,platform
9739950345,node,Lower Parel Station,18.9976953,72.8313893,,,bus_stop,,platform
9739950346,node,Lower Parel Station,18.9983674,72.8311264,,,bus_stop,,platform
9739950347,node,Bavla Masjid,18.9946697,72.8315328,,,bus_stop,,platform
9739950348,node,Bavla Masjid,18.9954876,72.8312753,,,bus_stop,,platform
9739950349,node,NM Joshi Marg Police Station,18.9908096,72.8317152,,,bus_stop,,platform
9739950350,node,NM Joshi Marg Police Station,18.9914602,72.8314148,,,bus_stop,,platform
9739950351,node,Comrade Gulabrao Ganacharya Chowk,18.9862520,72.8318372,,,bus_stop,,platform
9739950352,node,Comrade Gulabrao Ganacharya Chowk,18.9869343,72.8316414,,,bus_stop,,platform
9739950353,node,S Bridge,18.9793734,72.8321591,,,bus_stop,,platform
9739950354,node,S Bridge,18.9799771,72.8319123,,,bus_stop,,platform
9739950355,node,Byculla Station (W),18.9769157,72.8320384,,,bus_stop,,platform
9739950356,node,Swami Dayanand Saraswati Chowk (Fort),18.9360894,72.8375074,,,bus_stop,,platform
9739950357,node,Swami Dayanand Saraswati Chowk (Fort),18.9365739,72.8368422,,,bus_stop,,platform
9739950358,node,R.B.I. (Fort),18.9326916,72.8362260,,,bus_stop,,platform
9739950359,node,R.B.I. (Fort),18.9330246,72.8363514,,,bus_stop,,platform
9739950360,node,Santacruz Bus Depot,19.0903522,72.8384721,,,bus_stop,,platform
9739950361,node,Santacruz Bus Depot,19.0906610,72.8382531,,,bus_stop,,platform
9739950362,node,Khira Road,19.0849705,72.8381565,,,bus_stop,,platform
9739950363,node,Santa Cruz Station (W),19.0815004,72.8380573,,,bus_stop,,platform
9739950364,node,Santa Cruz Station (W),19.0817057,72.8378186,,,bus_stop,,platform
9739950365,node,St Teresa Convent School,19.0747601,72.8377220,,,bus_stop,,platform
9739950366,node,St Teresa Convent School,19.0754952,72.8375128,,,bus_stop,,platform
9739950367,node,Khar Station (W),19.0673934,72.8374135,,,bus_stop,,platform
9739950368,node,Khar Station (W),19.0680234,72.8371480,,,bus_stop,,platform
9739950369,node,Bandra Talkies,19.0589692,72.8369522,,,bus_stop,,platform
9739950370,node,Bandra Talkies,19.0602672,72.8370273,,,bus_stop,,platform
9739950383,node,Bandra Telephone Exchange,19.0513287,72.8363128,,,bus_stop,,platform
9739950386,node,Mahim,19.0387601,72.8420967,,,bus_stop,,platform
9739950392,node,Ram Ganesh Gadkari Chowk,19.0246799,72.8403345,,,bus_stop,,platform
9739950395,node,Veer Kotwal Udyan,19.0207673,72.8416622,,,bus_stop,,platform
9739950396,node,Veer Kotwal Udyan,19.0213252,72.8428826,,,bus_stop,,platform
9739950397,node,Veer Kotwal Udyan,19.0221163,72.8424454,,,bus_stop,,platform
9741160293,node,Agarkar Chowk,19.1177538,72.8478819,,,bus_stop,,platform
9741160294,node,Vijay Nagar Society Andheri,19.1138594,72.8476435,,,bus_stop,,platform
9741160295,node,Vijay Nagar,19.1144034,72.8473185,,,bus_stop,,platform
9741160296,node,Shivaji Chowk Andheri,19.1112617,72.8503069,,,bus_stop,,platform
9741160297,node,Chhattrapati Shivaji Maharaj Chowk,19.1117260,72.8494317,,,bus_stop,,platform
9741160298,node,Garware Chowk,19.1098875,72.8518770,,,bus_stop,,platform
9741160299,node,Subhash Marg Parle,19.1068392,72.8518707,,,bus_stop,,platform
9741160300,node,Hanuman Society,19.1051309,72.8520986,,,bus_stop,,platform
9741160301,node,Matruchaya,19.1037750,72.8519431,,,bus_stop,,platform
9741160302,node,Parle Tilak School,19.1032858,72.8486815,,,bus_stop,,platform
9741160303,node,Parleshwar Mandir,19.1028397,72.8466913,,,bus_stop,,platform
9741160304,node,Vile Parle Station (E),19.1002241,72.8461146,,,bus_stop,,platform
9741160305,node,Sathe College,19.0983916,72.8461790,,,bus_stop,,platform
9741160306,node,Gujarat Society,19.0970432,72.8510660,,,bus_stop,,platform
9741160307,node,Domestic Airport Junction,19.0951435,72.8527746,,,bus_stop,,platform
9741160308,node,Domestic Airport Junction,19.0960459,72.8525144,,,bus_stop,,platform
9741160309,node,Vile Parle Subway,19.0918346,72.8463829,,,bus_stop,,platform
9741160310,node,Vile Parle Subway,19.0922122,72.8468281,,,bus_stop,,platform
9741160311,node,Milan Subway,19.0903543,72.8440601,,,bus_stop,,platform
9741160312,node,Milan Subway,19.0908283,72.8439689,,,bus_stop,,platform
9741160313,node,New Agripada,19.0868893,72.8447655,,,bus_stop,,platform
9741160314,node,New Agripada,19.0870021,72.8442653,,,bus_stop,,platform
9741160315,node,Vakola Police Station,19.0798578,72.8471366,,,bus_stop,,platform
9741160316,node,Vakola Police Station,19.0808844,72.8465384,,,bus_stop,,platform
9741193217,node,Maratha Colony,19.0750073,72.8465437,,,bus_stop,,platform
9741193218,node,Cardinal Gracias School,19.0682274,72.8469045,,,bus_stop,,platform
9741193219,node,Cardinal Gracias School,19.0673148,72.8464311,,,bus_stop,,platform
9741193220,node,Khedwadi,19.0607717,72.8468576,,,bus_stop,,platform
9741193221,node,Khedwadi,19.0611976,72.8463426,,,bus_stop,,platform
9741195095,node,Old Customs House,18.9297030,72.8349026,,,bus_stop,,platform
9741195096,node,Old Customs House,18.9299800,72.8349137,,,bus_stop,,platform
9741195097,node,Lion's Gate,18.9262605,72.8338623,,,bus_stop,,platform
9741195098,node,Lion's Gate,18.9267933,72.8337577,,,bus_stop,,platform
9741195099,node,Dhobi Ghat Colaba,18.9071086,72.8115383,,,bus_stop,,platform
9769859100,node,Oshiwara Bridge,19.1526404,72.8446099,,,bus_stop,,
9769859101,node,Ram Mandir Goregaon,19.1519664,72.8441754,,,bus_stop,,platform
9769859102,node,Oshiwara Bridge,19.1491040,72.8432715,,,bus_stop,,platform
9769859103,node,Oshiwara Bridge,19.1495720,72.8430864,,,bus_stop,,platform
9769859104,node,Ajit Glass Factory,19.1457789,72.8430194,,,bus_stop,,platform
9769859105,node,Ajit Glass Factory,19.1463034,72.8428960,,,bus_stop,,platform
9769859106,node,Jogeshwari Telephone Exchange,19.1409189,72.8434405,,,bus_stop,,platform
9769859112,node,Andheri Station (W),19.1196807,72.8455541,,,bus_stop,,platform
9769859116,node,Nanavati Hospital,19.1053249,72.8397492,,,bus_stop,,platform
9769880917,node,Erla,19.1063516,72.8398228,,,bus_stop,,
9769880918,node,Nanavati Hospital,19.1002773,72.8395808,,,bus_stop,,platform
9769880920,node,Nanavati Hospital,19.0958520,72.8396586,,,bus_stop,,platform
9769880922,node,Old Khar,19.0637556,72.8374028,,,bus_stop,,platform
9769880924,node,Robert Gomes Chowk,18.9806771,72.8364935,,,bus_stop,,platform
9769880925,node,Sant Savta Market,18.9813112,72.8346509,,,bus_stop,,platform
9769880926,node,Sant Savta Market,18.9815319,72.8344551,,,bus_stop,,platform
9769880928,node,Savlya Tandel Chowk,18.9761649,72.8401896,,,bus_stop,,platform
9769880932,node,St Mary High School,18.9699530,72.8350130,,,bus_stop,,platform
9769880933,node,Dr A.H. Ansari Chowk,18.9674570,72.8326178,,,bus_stop,,platform
9769880934,node,Mandvi Post Office,18.9566560,72.8327666,,,bus_stop,,platform
9769880936,node,Indira Dock,18.9378729,72.8393903,,,bus_stop,,platform
9769880937,node,Ballard Pier,18.9370306,72.8403774,,,bus_stop,,platform
9769880938,node,Foreign Post Office,18.9355439,72.8403828,,,bus_stop,,platform
9769880940,node,New Customs House,18.9340978,72.8393555,,,bus_stop,,platform
9788414498,node,V.B. Phadke Chowk,18.9443143,72.8295439,,,bus_stop,,platform
9788414499,node,V.B. Phadke Chowk,18.9431371,72.8288305,,,bus_stop,,platform
9788414500,node,V.B. Phadke Chowk,18.9433071,72.8298953,,,bus_stop,,platform
9788414501,node,V.B. Phadke Chowk,18.9439134,72.8285757,,,bus_stop,,platform
9788414502,node,Ahilyabai Holkar Chowk,18.9359346,72.8304639,,,bus_stop,,platform
9788414503,node,Mumbai Gymkhana,18.9349045,72.8310272,,,bus_stop,,platform
9788414504,node,Ahilyabai Holkar Chowk,18.9331362,72.8300294,,,bus_stop,,platform
9788414505,node,Ahilyabai Holkar Chowk,18.9327506,72.8303513,,,bus_stop,,platform
9788414506,node,Ahilyabai Holkar Chowk,18.9326034,72.8297156,,,bus_stop,,platform
9788414507,node,Churchgate,18.9323852,72.8275430,,,bus_stop,,platform
9788414508,node,Churchgate,18.9330397,72.8270286,,,bus_stop,,platform
9788414509,node,K.C. College,18.9280340,72.8280848,,,bus_stop,,platform
9788414510,node,Mantralaya,18.9281254,72.8245912,,,bus_stop,,platform
9788414511,node,Mantralaya,18.9282839,72.8239676,,,bus_stop,,platform
9788414512,node,Yari Road Bus Station,19.1394593,72.8083974,,,bus_stop,,platform
9788414513,node,Seven Bungalows,19.1326368,72.8124472,,,bus_stop,,platform
9788414514,node,Machalimar,19.1327341,72.8122115,,,bus_stop,,platform
9788414515,node,Seven Bungalows,19.1296907,72.8221250,,,bus_stop,,platform
9788414516,node,Seven Bungalows,19.1301088,72.8224495,,,bus_stop,,platform
9788429217,node,Seven Bungalows,19.1300961,72.8217199,,,bus_stop,,platform
9788429218,node,Four Bungalows,19.1293840,72.8260007,,,bus_stop,,platform
9788429219,node,Four Bungalows,19.1288899,72.8257459,,,bus_stop,,platform
9788429220,node,Four Bungalows,19.1298706,72.8255743,,,bus_stop,,platform
9788429221,node,Four Bungalows,19.1292776,72.8253785,,,bus_stop,,platform
9788429222,node,Dhake Colony,19.1275113,72.8311157,,,bus_stop,,platform
9788429223,node,Dhake Colony,19.1286846,72.8310701,,,bus_stop,,platform
9788429224,node,Dhake Colony,19.1281474,72.8313920,,,bus_stop,,platform
9788429225,node,Dhake Colony,19.1280714,72.8305927,,,bus_stop,,platform
9788429226,node,Andheri Sports Complex,19.1274759,72.8373653,,,bus_stop,,platform
9788429227,node,Andheri Sports Complex,19.1270096,72.8375986,,,bus_stop,,platform
9788429228,node,Andheri Sports Complex,19.1269944,72.8366947,,,bus_stop,,platform
9788429229,node,Oshiwara Bridge,19.1516598,72.8443846,,,bus_stop,,platform
9788429237,node,Jogeshwari Telephone Exchange,19.1410354,72.8432125,,,bus_stop,,platform
9788429238,node,Jogeshwari Bus Station,19.1338541,72.8477427,,,bus_stop,,platform
9788429239,node,Jogeshwari Bus Station,19.1342532,72.8476328,,,bus_stop,,platform
9788429240,node,Andheri Station (W),19.1266472,72.8471419,,,bus_stop,,platform
9788429241,node,Amboli Naka,19.1269868,72.8469890,,,bus_stop,,platform
9788429243,node,Andheri Station (W),19.1203903,72.8455916,,,bus_stop,,platform
9788429244,node,Andheri Fire Brigade,19.1120423,72.8416112,,,bus_stop,,platform
9788429245,node,Andheri Fire Brigade,19.1123565,72.8414503,,,bus_stop,,platform
9788429246,node,Nanavati Hospital,19.1058000,72.8398570,,,bus_stop,,platform
9788429249,node,Vile Parle,19.1018792,72.8393152,,,bus_stop,,platform
9788429251,node,Nanavati Hospital,19.0960598,72.8394440,,,bus_stop,,platform
9788429253,node,Old Khar,19.0642094,72.8372017,,,bus_stop,,platform
9788429257,node,Masina Hospital,18.9756398,72.8359517,,,bus_stop,,platform
9788429259,node,Anjeer Wadi,18.9733304,72.8402111,,,bus_stop,,platform
9788429260,node,Mazgaon Court,18.9688623,72.8379661,,,bus_stop,,platform
9788429261,node,St Mary High School,18.9698338,72.8348118,,,bus_stop,,platform
9788429265,node,Mandvi Post Office,18.9565266,72.8325266,,,bus_stop,,platform
9788429269,node,New Customs House,18.9339379,72.8396103,,,bus_stop,,platform
9788462262,node,Naik Nagar,19.0624703,72.8839472,,,bus_stop,,platform
9788462263,node,Nehru Nagar,19.0622015,72.8831962,,,bus_stop,,platform
9788462264,node,Naik Nagar,19.0580642,72.8852668,,,bus_stop,,platform
9788462265,node,Maratha Vigyan Parishad,19.0534640,72.8790911,,,bus_stop,,platform
9788462266,node,Tata Colony Chunabhatti,19.0529050,72.8740632,,,bus_stop,,platform
9788462267,node,Chunabhatti,19.0520886,72.8674141,,,bus_stop,,platform
9788462268,node,Central Labour Institute,19.0491984,72.8659442,,,bus_stop,,platform
9788462269,node,Rani Laxmibai Chowk Sion,19.0417976,72.8636214,,,bus_stop,,platform
9788462270,node,Rani Laxmibai Chowk Sion,19.0434583,72.8640237,,,bus_stop,,platform
9788462271,node,Gandhi Market Matunga,19.0397413,72.8621328,,,bus_stop,,platform
9788462272,node,Jain Society,19.0399442,72.8618538,,,bus_stop,,platform
9788462273,node,Gandhi Market Matunga,19.0348858,72.8600112,,,bus_stop,,platform
9788462274,node,Gandhi Market Matunga,19.0352459,72.8592226,,,bus_stop,,platform
9788462275,node,Lokmanya Tilak Hospital,19.0356769,72.8599146,,,bus_stop,,platform
9788462276,node,Gandhi Market Matunga,19.0325417,72.8590161,,,bus_stop,,platform
9788462277,node,Gandhi Market Matunga,19.0328675,72.8587371,,,bus_stop,,platform
9788462278,node,Maheshwari Udyan,19.0268364,72.8547299,,,bus_stop,,platform
9788462279,node,Maheshwari Udyan,19.0260112,72.8547943,,,bus_stop,,platform
9788462280,node,Maheshwari Udyan,19.0277075,72.8559074,,,bus_stop,,platform
9788462281,node,Khodadad Circle,19.0241348,72.8529972,,,bus_stop,,platform
9788462282,node,Kapole Niwas,19.0247991,72.8530267,,,bus_stop,,platform
9788462283,node,Khodadad Circle,19.0208434,72.8503042,,,bus_stop,,platform
9788462284,node,Ruia College,19.0212187,72.8501916,,,bus_stop,,platform
9788462285,node,Vikjay Vallbh Chowk,18.9542739,72.8318077,,,bus_stop,,platform
9788462286,node,Bhuleshwar,18.9525875,72.8298191,,,bus_stop,,platform
9788462287,node,Swadeshi Market,18.9488426,72.8288546,,,bus_stop,,platform
9788462288,node,Kalbadevi,18.9457299,72.8291979,,,bus_stop,,platform
9788462289,node,Kalbadevi,18.9463438,72.8289512,,,bus_stop,,platform
9812336620,node,IC colony,19.2476667,72.8479863,,,,bus_station,station
9817705128,node,,19.1459481,72.9868685,,,bus_stop,,platform
9887655167,node,Bus stop,19.1804055,72.9398068,,,bus_stop,,
9925315050,node,Sahyog Society,19.2362909,72.9724199,,,bus_stop,,platform
10054380631,node,Rabodi,19.2030676,72.9799616,,,bus_stop,,platform
10054380632,node,Holy Cross,19.2030532,72.9790046,,,bus_stop,,platform
10054380633,node,Jambhali Naka,19.1954946,72.9792129,,,bus_stop,,platform
10054380636,node,Prabhat Cinema,19.1905593,72.9769990,,,bus_stop,,platform
10054380642,node,MRR Childrens Hospital / Building Number 3,19.2121489,72.9601769,,,,,stop_position
10054380644,node,Shashtri Nagar,19.2141246,72.9613277,,,bus_stop,,platform
10054380645,node,Vartak Nagar Naka,19.2100349,72.9618582,,,,,stop_position
10054380648,node,Cadbury Company,19.2055275,72.9670257,,,,,stop_position
10054380654,node,Sambhaji Nagar,19.2005946,72.9644564,,,,,stop_position
10054380659,node,Louis Wadi,19.1963056,72.9623571,,,,,stop_position
10054380661,node,Thane RTO,19.1921973,72.9629070,,,,,stop_position
10054380665,node,Teen Hath Naka,19.1890299,72.9637485,,,bus_stop,,platform
10054380666,node,Income Tax Office,19.1880091,72.9646889,,,bus_stop,,platform
10054380667,node,Income Tax Office,19.1880040,72.9650510,,,bus_stop,,platform
10054380668,node,Malhar Cinema,19.1875430,72.9670144,,,bus_stop,,platform
10054380669,node,Ice Factory,19.1873352,72.9687846,,,bus_stop,,platform
10054380670,node,A.K. Joshi Vidyalaya,19.1876164,72.9715366,,,bus_stop,,platform
10054429276,node,S.T. Juna Thamba,19.2135456,72.9590916,,,,,stop_position
10054429278,node,Devdaya Nagar,19.2147611,72.9582792,,,,,stop_position
10054429281,node,Shivai Nagar,19.2158934,72.9563819,,,bus_stop,,platform
10057041035,node,Majiwada Gaon,19.2139582,72.9815608,,,bus_stop,,platform
10057041036,node,Sachin Society,19.2147181,72.9796243,,,bus_stop,,platform
10057041037,node,Court Naka,19.1971970,72.9782338,,,bus_stop,,platform
10057041038,node,Teen Hath Naka,19.1880625,72.9626968,,,bus_stop,,platform
10057041039,node,Johnson Company,19.1870374,72.9612672,,,bus_stop,,platform
10057041040,node,Kashish Park,19.1858980,72.9580003,,,bus_stop,,platform
10057041041,node,Mulund Check Naka,19.1857455,72.9559779,,,bus_stop,,platform
10057041042,node,Automatic Company,19.1876758,72.9554737,,,bus_stop,,platform
10057041043,node,Kamgar Hospital,19.2042624,72.9542988,,,bus_stop,,platform
10057041044,node,Lokmanya Nagar,19.2093721,72.9522759,,,bus_stop,,platform
10057041045,node,Passport Office / M.I.D.C.,19.1911234,72.9552580,,,bus_stop,,platform
10057041046,node,Automatic Company,19.1875593,72.9551593,,,bus_stop,,platform
10057041047,node,Mulund Check Naka,19.1854529,72.9562771,,,bus_stop,,platform
10057041049,node,Gurukul Society,19.1956653,72.9646522,,,bus_stop,,platform
10057041050,node,Kajuwadi,19.1974815,72.9603888,,,bus_stop,,platform
10059370053,node,,19.1927776,72.9701883,,,bus_stop,,platform
10059370054,node,Indira Nagar,19.2050983,72.9501843,,,bus_stop,,platform
10059370055,node,Sawarkar Nagar,19.2064356,72.9505813,,,bus_stop,,platform
10059370062,node,,19.1960956,72.9880109,,,bus_stop,,platform
10059370063,node,Mahapalika Bhavan,19.1975702,72.9681229,,,bus_stop,,platform
10151918348,node,Vrindavan Society,19.2083355,72.9827070,,,bus_stop,,platform
10151918349,node,Vrindavan Society Thane,19.2082393,72.9827700,,,bus_stop,,platform
10152063577,node,Vrindavan Society,19.2084191,72.9827519,,,bus_stop,,platform
10169630392,node,,19.1304859,72.8749253,,,bus_stop,,platform
10172965975,node,Mazgaon Dock Bus Stop,18.9658234,72.8456793,,,bus_stop,,
10172965977,node,Byculla Station,18.9762180,72.8321841,,,bus_stop,,platform
10242737052,node,Holy Family Hospital,19.0548370,72.8278942,,,bus_stop,,platform
10244150096,node,Malvani Village,19.1964305,72.8087598,,,bus_stop,,platform
10245111411,node,P&T Colony,19.1712614,72.9436028,,,bus_stop,,platform
10245111417,node,Nahur Depot,19.1706644,72.9440018,,,bus_stop,,platform
10245111422,node,Ralli Wolf,19.1710598,72.9405687,,,bus_stop,,platform
10245111427,node,P&T Colony,19.1712828,72.9434655,,,bus_stop,,platform
10245111429,node,Ralli Wolf,19.1707075,72.9401593,,,bus_stop,,platform
10245111438,node,Ralli Wolf,19.1708078,72.9402046,,,bus_stop,,platform
10245111439,node,Nahur Depot,19.1707260,72.9441114,,,bus_stop,,platform
10245111441,node,Kavi Kokil Vidyapati Thakur Chowk,19.1656282,72.9437399,,,bus_stop,,platform
10245111442,node,Kavi Kokil Vidyapati Thakur Chowk,19.1657222,72.9436406,,,bus_stop,,platform
10246302361,node,,19.1630499,72.9567075,,,bus_stop,,platform
10247406098,node,Mulund Station (W),19.1728363,72.9565516,,,bus_stop,,platform
10247406099,node,Dnyan Sarita College,19.1786494,72.9505199,,,bus_stop,,platform
10247406100,node,Dhanvantri Hospital,19.1761248,72.9533471,,,bus_stop,,platform
10247406101,node,Dhanvantari Hospital,19.1758624,72.9536317,,,bus_stop,,platform
10247406102,node,Santoshi Mata Mandir,19.1834765,72.9493129,,,bus_stop,,platform
10247406103,node,Kamagar Hospital / ESIS Mulund,19.1791034,72.9452284,,,bus_stop,,platform
10247412210,node,Laxmi Nagar,19.2063901,72.9704236,,,bus_stop,,platform
10247412211,node,Siddhivinayak Tower,19.2101411,72.9742555,,,bus_stop,,platform
10247412212,node,Flower Valley,19.2080375,72.9722311,,,bus_stop,,platform
10247412213,node,Bramhala Talav / Manorpada,19.2025732,72.9760104,,,bus_stop,,platform
10247412214,node,Kolbad,19.2040642,72.9771629,,,bus_stop,,platform
10247412215,node,Castle Mill Naka,19.2052025,72.9774525,,,bus_stop,,platform
10247412216,node,Parkwood Society,19.2621677,72.9655518,,,bus_stop,,platform
10247412217,node,Sambhaji Hotel,19.2604117,72.9714650,,,bus_stop,,platform
10247412218,node,Anand Nagar Depot,19.2649823,72.9698419,,,bus_stop,,platform
10247412219,node,Damyanti Smruti,19.2648335,72.9796164,,,bus_stop,,platform
10247412220,node,Swastik Regalia,19.2625400,72.9770372,,,bus_stop,,platform
10247412221,node,Hiranandani Garden,19.2573766,72.9781095,,,bus_stop,,platform
10247412222,node,Stanford Society,19.2563649,72.9794600,,,bus_stop,,platform
10247412223,node,Shastri Nagar Naka,19.2127233,72.9602577,,,bus_stop,,platform
10247412224,node,Ram Mandir,19.2351511,72.9451686,,,bus_stop,,platform
10247412225,node,Exotica,19.2315450,72.9480330,,,bus_stop,,platform
10247412226,node,Bhendi Pada,19.2381292,72.9439169,,,bus_stop,,platform
10247412228,node,Kores Nakshtra,19.2093268,72.9612937,,,bus_stop,,platform
10247412229,node,Runwal Plaza,19.2080240,72.9582472,,,bus_stop,,platform
10247412230,node,Aai Mata Mandir / Chowk,19.2071764,72.9569683,,,bus_stop,,platform
10247412234,node,Balkum Pada No 2,19.2200382,72.9898356,,,bus_stop,,platform
10247412236,node,Ravi Fisheries / Road Number 27,19.1950872,72.9452606,,,bus_stop,,platform
10247412237,node,Wagle Circle / Road No 22,19.1945299,72.9497301,,,bus_stop,,platform
10247412238,node,Durdwani Kendra,19.1943056,72.9516523,,,bus_stop,,platform
10247412240,node,ITI Circle,19.1953687,72.9431335,,,bus_stop,,platform
10247412241,node,Dnyansadhna College,19.1844867,72.9647382,,,bus_stop,,platform
10247412242,node,Bhandup Pumping Centre,19.1555082,72.9572244,,,bus_stop,,platform
10247412243,node,Vikhroli Police Station,19.1208657,72.9370905,,,bus_stop,,platform
10247412244,node,Kannamwar Nagar,19.1164740,72.9352717,,,bus_stop,,platform
10247412245,node,Kanjur Marg Village,19.1302895,72.9416160,,,bus_stop,,platform
10247412246,node,Mithagar,19.1655148,72.9640157,,,bus_stop,,platform
10247412247,node,Vikhroli Station Road,19.1085523,72.9318683,,,bus_stop,,platform
10247412248,node,Godrej Soaps,19.0932736,72.9257544,,,bus_stop,,platform
10247412249,node,Reserve Bank Of India (RBI) BKC,19.0579304,72.8530618,,,bus_stop,,platform
10247412250,node,Mohammad Estate,19.0738154,72.8709304,,,bus_stop,,platform
10247412251,node,Kapadia Nagar,19.0752596,72.8724512,,,bus_stop,,platform
10247412252,node,Bharat Nagar,19.0617066,72.8590797,,,bus_stop,,platform
10247412253,node,Sahakar Nagar,19.0652812,72.8943521,,,bus_stop,,platform
10247412254,node,Diamond Market BKC,19.0671304,72.8647945,,,bus_stop,,platform
10247412255,node,Family Court BKC,19.0560668,72.8510093,,,bus_stop,,platform
10247412256,node,R.T.O. / Kamraj Nagar,19.0732283,72.9104689,,,bus_stop,,platform
10247412257,node,Everest World Park,19.2316556,72.9830836,,,bus_stop,,platform
10247412258,node,Sandoz Baug,19.2334126,72.9877047,,,bus_stop,,platform
10247412259,node,Bayer Main Gate,19.2311434,72.9860598,,,bus_stop,,platform
10247412260,node,Manorama Nagar,19.2319500,72.9802600,,,bus_stop,,platform
10247412261,node,Aban Park,19.2292200,72.9801000,,,bus_stop,,platform
10247412262,node,Yashaswi Nagar Pipeline,19.2195219,72.9838257,,,bus_stop,,platform
10247412263,node,Vardhman Garden,19.2191572,72.9844875,,,bus_stop,,platform
10247412264,node,Chhabhaiya Park,19.2181053,72.9813580,,,bus_stop,,platform
10247412266,node,Colour Chem,19.2200747,72.9865085,,,bus_stop,,platform
10247412270,node,Balkum Naka,19.2215076,72.9895452,,,bus_stop,,platform
10247412286,node,Lodha,19.2143289,72.9841489,,,bus_stop,,platform
10247412288,node,Hardas Nagar,19.2129261,72.9770749,,,bus_stop,,platform
10247412289,node,Lodha / Saket,19.2108063,72.9857093,,,bus_stop,,platform
10247412292,node,Lodha Complex,19.2132228,72.9842400,,,bus_stop,,platform
10247435536,node,Kasarvadavali,19.2753837,72.9688917,,,bus_stop,,platform
10247435537,node,Little Angel School,19.2726587,72.9677528,,,bus_stop,,platform
10247435538,node,Kasarvadavali / Sainik Shala,19.2711321,72.9666856,,,bus_stop,,platform
10247438178,node,Green Park / Pleasant Park,19.2784498,72.8788423,,,bus_stop,,platform
10247438179,node,Silver Park,19.2820123,72.8739458,,,bus_stop,,platform
10247438180,node,Mira Road Station East,19.2813950,72.8585663,,,bus_stop,,station
10247438181,node,Borivali Station (East),19.2293737,72.8576719,,,bus_stop,,platform
10247438182,node,Omkareshwar Mandir,19.2305531,72.8628498,,,bus_stop,,platform
10247438183,node,Borivali National Park,19.2305823,72.8636162,,,bus_stop,,platform
10247438184,node,Nency Colony,19.2376733,72.8637049,,,bus_stop,,platform
10247438185,node,Ganesh Nagar,19.2472249,72.8650856,,,bus_stop,,platform
10247438186,node,Ganesh Nagar / Gokul Anand Hotel Borivali East,19.2445070,72.8647630,,,bus_stop,,platform
10247438187,node,Raval Pada / Ghartan Pada,19.2517930,72.8679520,,,bus_stop,,platform
10247438188,node,Ghodbunder Village,19.2868213,72.8932556,,,bus_stop,,platform
10247438189,node,Golden Chemicals / Thakur Mall,19.2621330,72.8737912,,,bus_stop,,platform
10247438190,node,Dahisar Check Naka,19.2578063,72.8718591,,,bus_stop,,platform
10247438191,node,Samrat Hotel / Mahavishnu Mandir,19.2651561,72.8757789,,,bus_stop,,platform
10247438192,node,Western Hotel / Lakshmi Baug,19.2761470,72.8890970,,,bus_stop,,platform
10247438193,node,Kashi Village,19.2741368,72.8860023,,,bus_stop,,platform
10247438194,node,Amar Palace,19.2692920,72.8790610,,,bus_stop,,platform
10247438195,node,"Shashkiy Vishram Gruh Versova, Ghodbunder",19.2824447,72.9067191,,,bus_stop,,platform
10247438196,node,Chena Bridge,19.2757883,72.9164519,,,bus_stop,,platform
10247438197,node,Piyushpani Parshvanath Jain Temple,19.2853120,72.8992720,,,bus_stop,,platform
10247438198,node,Varsova / Fountain Hotel,19.2848795,72.9044414,,,bus_stop,,platform
10247438199,node,Imperial Sqaure,19.2841777,72.9473110,,,bus_stop,,platform
10247438200,node,Poshmata Mandir,19.2810409,72.9549853,,,bus_stop,,platform
10247438201,node,Ovala Gaon,19.2741942,72.9603191,,,bus_stop,,platform
10247438202,node,Gaimukh Mandir / Jagannath Mahadev Temple,19.2850887,72.9411626,,,bus_stop,,platform
10247438203,node,Kajupada,19.2787684,72.9225766,,,bus_stop,,platform
10247438204,node,Trimurti School,19.2773431,72.9575013,,,bus_stop,,platform
10247438205,node,Bhaindar Pada,19.2835500,72.9518902,,,bus_stop,,platform
10247438206,node,Shri Ram Hospital,19.2757253,72.9588233,,,bus_stop,,platform
10247438207,node,Gaimukh,19.2851078,72.9362912,,,bus_stop,,platform
10247438208,node,Vedant Hospital / Garib Nagar,19.2721166,72.9630593,,,bus_stop,,platform
10247438209,node,Atriya Society,19.2455202,72.9822133,,,bus_stop,,platform
10247438210,node,Rutu Tower,19.2478890,72.9788877,,,bus_stop,,platform
10247438211,node,Rutu Estate / Municipal Commissioner House,19.2482004,72.9777827,,,bus_stop,,platform
10247438212,node,Shree Maa Bal Niketan,19.2498820,72.9793302,,,bus_stop,,platform
10247438213,node,Forest Avenue / Arcadia,19.2544518,72.9817034,,,bus_stop,,platform
10247438214,node,Hiranandani,19.2582839,72.9843482,,,bus_stop,,platform
10247438215,node,Bhoomi Acres,19.2587367,72.9758908,,,bus_stop,,platform
10247438216,node,Vasant Leela,19.2591488,72.9760306,,,bus_stop,,platform
10248368104,node,,19.1655189,72.8781241,,,bus_stop,,
10248440099,node,Shivar Garden,19.2883181,72.8658287,,,bus_stop,,platform
10249467776,node,Tulshetpada,19.1608115,72.9312614,,,bus_stop,,platform
10249528492,node,Hanuman Nagar,19.1396481,72.9217462,,,bus_stop,,platform
10250420325,node,,19.1735299,72.9569980,,,bus_stop,,platform
10250420327,node,Mulund Railway Station (W),19.1738936,72.9558482,,,bus_stop,,platform
10250420333,node,Mulund Railway Station (W),19.1736701,72.9571335,,,bus_stop,,platform
10250420336,node,Mulund Railway Station (W) Towards Mulund Colony,19.1734316,72.9563565,,,bus_stop,,platform
10250420341,node,Mulund Railway Station (W),19.1738124,72.9559607,,,bus_stop,,platform
10250511717,node,Sri Chhatrapati Shivaji Maharaj Chowk,19.1759558,72.9377717,,,bus_stop,,
10250511722,node,Amar Nagar,19.1679200,72.9319292,,,bus_stop,,
10250511724,node,Powai Chowk,19.1727098,72.9358578,,,bus_stop,,
10250511728,node,,19.1731034,72.9347712,,,bus_stop,,
10250511730,node,,19.1775183,72.9401678,,,bus_stop,,
10250511734,node,Jai Shastri Nagar,19.1715589,72.9339224,,,bus_stop,,
10251478050,node,Mohammad Estate,19.0736576,72.8712083,,,bus_stop,,platform
10251478051,node,Highway Darshan Society,19.1876380,72.9640210,,,bus_stop,,platform
10251478052,node,Vikhroli Station Road,19.1084719,72.9324376,,,bus_stop,,platform
10251478053,node,Mithagar,19.1654711,72.9646062,,,bus_stop,,platform
10251478054,node,Vikhroli Police Station,19.1211454,72.9376300,,,bus_stop,,platform
10251478055,node,Kannamwar Nagar,19.1164674,72.9356821,,,bus_stop,,platform
10251478056,node,Teen Hath Naka,19.1879770,72.9634583,,,bus_stop,,platform
10251478057,node,R.T.O. / Kamraj Nagar,19.0732933,72.9111535,,,bus_stop,,platform
10251478058,node,Dnyansadhna College,19.1842687,72.9652716,,,bus_stop,,platform
10251478059,node,Kanjur Marg Village,19.1299061,72.9418341,,,bus_stop,,platform
10251478060,node,Godrej Soaps,19.0931358,72.9260689,,,bus_stop,,platform
10251478061,node,Bhandup Pumping Centre,19.1537427,72.9566687,,,bus_stop,,platform
10251478062,node,Ramabai Nagar,19.0775752,72.9157361,,,bus_stop,,platform
10251478063,node,Mira Gaothan,19.2675807,72.8775482,,,bus_stop,,platform
10251478064,node,Ghartan Pada,19.2519433,72.8675191,,,bus_stop,,platform
10251478065,node,Nency Colony,19.2378933,72.8632628,,,bus_stop,,platform
10251478066,node,Ganesh Nagar,19.2461129,72.8645209,,,bus_stop,,platform
10251478067,node,Gokul Anand Hotel Borivali East,19.2441275,72.8642551,,,bus_stop,,platform
10251478068,node,Mira Gaon,19.2695265,72.8786327,,,bus_stop,,platform
10251478069,node,Mira Gaothan,19.2677141,72.8771731,,,bus_stop,,platform
10251478070,node,Borivali Sukurwadi ST Bus Stop,19.2316687,72.8600965,,,bus_stop,,platform
10251478071,node,Omkareshwar Mandir,19.2314542,72.8625147,,,bus_stop,,platform
10251478072,node,Dahisar Toll Naka,19.2586676,72.8717045,,,bus_stop,,platform
10251478073,node,Samrat Hotel / Mahavishnu Mandir,19.2652068,72.8753644,,,bus_stop,,platform
10251478074,node,Golden Chemicals,19.2620744,72.8731274,,,bus_stop,,platform
10251478075,node,Ghodbunder Village,19.2869733,72.8935686,,,bus_stop,,platform
10251478076,node,Kashimira,19.2728129,72.8832524,,,bus_stop,,platform
10251478077,node,Hatkesh,19.2799770,72.8772378,,,bus_stop,,platform
10251478078,node,Silver Park,19.2821542,72.8742401,,,bus_stop,,platform
10251478079,node,Kashi Village,19.2744649,72.8856788,,,bus_stop,,platform
10251478080,node,Mira Road Station,19.2816323,72.8585072,,,bus_stop,,platform
10251478081,node,Western Hotel / Lakshmi Baug,19.2761916,72.8884930,,,bus_stop,,platform
10251478082,node,Piyushpani Parshvanath Jain Temple,19.2854977,72.8994797,,,bus_stop,,platform
10251478083,node,Umrao,19.2835357,72.8638375,,,bus_stop,,platform
10251478084,node,Jangid Circle,19.2803360,72.8707760,,,bus_stop,,platform
10251478085,node,R. T. O/ Central Jail,19.1990545,72.9813194,,,bus_stop,,platform
10251478086,node,R. T. O/ Central Jail,19.1989110,72.9812358,,,bus_stop,,platform
10251478087,node,Central Maidan,19.1979805,72.9797798,,,bus_stop,,platform
10251478088,node,Kolbad,19.2041227,72.9773085,,,bus_stop,,platform
10251478089,node,New Shakti Mill / Ambedkar Road,19.2007910,72.9754838,,,bus_stop,,platform
10251478090,node,Siddhivinayak Tower,19.2097138,72.9745916,,,bus_stop,,platform
10251478091,node,Bramhala Talav / Manorpada,19.2026016,72.9764517,,,bus_stop,,platform
10251478092,node,Manorama Nagar,19.2327246,72.9808434,,,bus_stop,,platform
10251478093,node,Aban Park,19.2298898,72.9801563,,,bus_stop,,platform
10251478097,node,Lodha / Saket,19.2100814,72.9884195,,,bus_stop,,platform
10251521029,node,Thane Station (East) Kopri,19.1850771,72.9766295,,,bus_stop,,platform
10251521030,node,Gaondevi Mandir Kopri,19.1845230,72.9724094,,,bus_stop,,platform
10251521031,node,Swami Vivekanand Chowk,19.1816116,72.9677715,,,bus_stop,,platform
10251521032,node,Twelve Bunglows,19.1823295,72.9694662,,,bus_stop,,platform
10251521033,node,Siddharth Nagar Shashkiya Niwas,19.1824244,72.9707458,,,bus_stop,,platform
10251521034,node,Gaondevi Mandir Kopri,19.1846315,72.9723404,,,bus_stop,,platform
10251521035,node,Twelve Bunglows,19.1824950,72.9694378,,,bus_stop,,platform
10251521036,node,Siddharth Nagar Shashkiya Niwas,19.1825546,72.9704390,,,bus_stop,,platform
10251521037,node,Swami Vivekanand Chowk,19.1817514,72.9676074,,,bus_stop,,platform
10251521038,node,Malhar Cinema,19.1874323,72.9669438,,,bus_stop,,platform
10251521039,node,Gyan Sarita Sada,19.1787307,72.9506325,,,bus_stop,,platform
10251521040,node,Santoshi Mata Temple,19.1834741,72.9502413,,,bus_stop,,platform
10251521041,node,Ambaji Dham,19.1782995,72.9496648,,,bus_stop,,platform
10251521042,node,Shiv Sena Shakha Mulund,19.1739001,72.9546330,,,bus_stop,,platform
10251521043,node,Pach Rasta Devidayal Road,19.1756063,72.9527031,,,bus_stop,,platform
10251521044,node,Kamagar Hospital Mulund,19.1790772,72.9454822,,,bus_stop,,platform
10251521045,node,Ravi Fisheries / Road Number 27,19.1952385,72.9453410,,,bus_stop,,platform
10251521046,node,Wagle Circle / Road No 22,19.1947662,72.9497023,,,bus_stop,,platform
10251521047,node,Durdwani Kendra,19.1944553,72.9516942,,,bus_stop,,platform
10251521048,node,ITI Circle,19.1955412,72.9431088,,,bus_stop,,platform
10251521049,node,Indira Nagar,19.2052249,72.9499322,,,bus_stop,,platform
10251521050,node,Aai Mata Mandir Chowk,19.2069548,72.9569503,,,bus_stop,,platform
10251521051,node,Kores Nakshtra,19.2091745,72.9614444,,,bus_stop,,platform
10251521052,node,Runwal Plaza,19.2078791,72.9585369,,,bus_stop,,platform
10251521053,node,Chhabhaiya Park,19.2176501,72.9813100,,,bus_stop,,platform
10251521057,node,Lodha Gate,19.2116179,72.9843718,,,bus_stop,,platform
10251521058,node,Majiwada Gaon,19.2139249,72.9816729,,,bus_stop,,platform
10251521059,node,Lodha Gate,19.2115761,72.9847920,,,bus_stop,,platform
10251521060,node,Sachin Society,19.2145050,72.9797748,,,bus_stop,,platform
10251521061,node,Lodha,19.2143345,72.9844703,,,bus_stop,,platform
10251521062,node,Lodha Complex,19.2132428,72.9845692,,,bus_stop,,platform
10251521065,node,Balkum Pada No 2,19.2202204,72.9898609,,,bus_stop,,platform
10251521066,node,Vardhman Garden,19.2189146,72.9850820,,,bus_stop,,platform
10251521067,node,Colour Chem,19.2198124,72.9867865,,,bus_stop,,platform
10251521068,node,Balkum Naka,19.2212551,72.9898339,,,bus_stop,,platform
10251521069,node,Azad Nagar,19.2394215,72.9806883,,,bus_stop,,platform
10251521070,node,St. Xaviers School,19.2403693,72.9774659,,,bus_stop,,platform
10251521071,node,Brahmand Phase 4,19.2414312,72.9819707,,,bus_stop,,platform
10251521072,node,Brahmand Phase 6,19.2464781,72.9846916,,,bus_stop,,platform
10251521073,node,Brahmand Phase 5,19.2449088,72.9835683,,,bus_stop,,platform
10251521074,node,Atriya Society,19.2455300,72.9825240,,,bus_stop,,platform
10251521075,node,Leonard,19.2506846,72.9800125,,,bus_stop,,platform
10251521076,node,Shree Maa Bal Niketan,19.2496800,72.9795093,,,bus_stop,,platform
10251521077,node,Forest Avenue,19.2540682,72.9818295,,,bus_stop,,platform
10251521078,node,Rutu Tower,19.2480821,72.9790461,,,bus_stop,,platform
10251521079,node,Hiranandani Garden,19.2575023,72.9782186,,,bus_stop,,platform
10251521080,node,Swastik Regalia,19.2623350,72.9772850,,,bus_stop,,platform
10251521081,node,Stanford Row,19.2565462,72.9796214,,,bus_stop,,platform
10251521084,node,Shri Ram Hospital,19.2759404,72.9591330,,,bus_stop,,platform
10251521085,node,Vedant Hospital / Garib Nagar,19.2720739,72.9637761,,,bus_stop,,platform
10251521086,node,Ovala Gaon,19.2744049,72.9605558,,,bus_stop,,platform
10251521087,node,Trimurti School,19.2777586,72.9577350,,,bus_stop,,platform
10251521088,node,Varsova / Fountain Hotel,19.2850151,72.9047788,,,bus_stop,,platform
10251521089,node,Gaimukh Mandir / Jagannath Mahadev Temple,19.2856456,72.9408141,,,bus_stop,,platform
10251521090,node,Poshmata Mandir,19.2810039,72.9554285,,,bus_stop,,platform
10251521091,node,Gaimukh,19.2852473,72.9358523,,,bus_stop,,platform
10251521092,node,Kajupada,19.2790801,72.9226179,,,bus_stop,,platform
10251521093,node,Imperial Square,19.2844607,72.9476416,,,bus_stop,,platform
10251521094,node,Kasarvadavali / Sainik Shala,19.2708630,72.9667733,,,bus_stop,,platform
10251521095,node,Chena Bridge,19.2756460,72.9160737,,,bus_stop,,platform
10251521096,node,Bhaindar Pada,19.2837488,72.9522909,,,bus_stop,,platform
10253292681,node,,19.1142997,72.9176207,,,bus_stop,,platform
10253292684,node,,19.1542947,72.9376398,,,bus_stop,,platform
10253292687,node,,19.1440283,72.9342955,,,bus_stop,,platform
10253292688,node,गांधी नगर,19.1252025,72.9240600,,,bus_stop,,platform
10253292689,node,,19.1100726,72.9178471,,,bus_stop,,platform
10253292690,node,,19.1069942,72.9173593,,,bus_stop,,platform
10253292691,node,,19.1232137,72.9127661,,,bus_stop,,platform
10253292692,node,,19.1254966,72.9172904,,,bus_stop,,platform
10253292694,node,,19.1205589,72.9127956,,,bus_stop,,platform
10253292695,node,Asian Paints,19.1594657,72.9376892,,,bus_stop,,platform
10253594983,node,,19.1177657,72.9259428,,,bus_stop,,platform
10253594984,node,Gandhi Nagar,19.1264375,72.9251611,,,bus_stop,,platform
10253594985,node,,19.1400295,72.9311989,,,bus_stop,,platform
10253594986,node,,19.1348178,72.9286354,,,bus_stop,,platform
10253594987,node,,19.1365659,72.9294536,,,bus_stop,,platform
10255325197,node,Hoechst Company,19.1657943,72.9383539,,,bus_stop,,platform
10255325201,node,Hoechst Company,19.1658421,72.9383575,,,bus_stop,,platform
10255674896,node,Mahanagarpalika Udyan,19.1757668,72.9493073,,,bus_stop,,platform
10255674906,node,Mulund Depot,19.1758162,72.9465714,,,bus_stop,,platform
10255674907,node,Mulund Depot,19.1758162,72.9463287,,,bus_stop,,platform
10255680424,node,Shivram Society,19.1756224,72.9441655,,,bus_stop,,platform
10255680425,node,Shivram Society,19.1757298,72.9444606,,,bus_stop,,platform
10257874073,node,Colaba Bus Depot,18.9209635,72.8305483,,,,bus_station,station
10257911200,node,Worli Depot,19.0135149,72.8200060,,,,bus_station,station
10257915994,node,Magathane Bus Depot,19.2213614,72.8663787,,,,bus_station,
10257947691,node,Malad Depot,19.1836961,72.8357077,,,,bus_station,station
10257959918,node,Poisar Bus Depot,19.2137227,72.8507146,,,,bus_station,station
10259279459,node,Mulund Railway Station (W),19.1727925,72.9558465,,,bus_stop,,platform
10259279460,node,Mulund Railway Station (W),19.1729230,72.9566324,,,bus_stop,,platform
10259279461,node,Mulund Railway Station (W),19.1730040,72.9567061,,,bus_stop,,platform
10259321587,node,Dr Hegdewar Chowk,19.1638280,72.9391645,,,bus_stop,,platform
10259362734,node,Ralli Wolf,19.1706793,72.9401808,,,bus_stop,,platform
10259362735,node,Johnson & Johnson,19.1747944,72.9417903,,,bus_stop,,platform
10259362736,node,Duncan Company,19.1682183,72.9391489,,,bus_stop,,platform
10259362739,node,Johnson & Johnson,19.1747422,72.9417825,,,bus_stop,,platform
10259362740,node,Duncan Company,19.1681698,72.9391418,,,bus_stop,,platform
10259382131,node,RP Road,19.1742247,72.9570889,,,bus_stop,,platform
10259382133,node,Mulund Railway Station (W),19.1737498,72.9572080,,,bus_stop,,platform
10259382134,node,Maharishi Arvind Chowk,19.1756305,72.9526834,,,bus_stop,,platform
10259382138,node,RP Road,19.1740898,72.9572188,,,bus_stop,,platform
10259480517,node,P&T Colony,19.1696937,72.9460770,,,bus_stop,,platform
10259480518,node,Vidyaben Gardi School,19.1714443,72.9477022,,,bus_stop,,platform
10259480519,node,P&T Colony,19.1696398,72.9458787,,,bus_stop,,platform
10261220747,node,Sangharsh Nagar,19.1084891,72.9011482,,,,bus_station,
10261228661,node,Domestic Airport Terminal 1,19.0934529,72.8557692,,,,bus_station,station
10261859754,node,Bhandup Village,19.1443574,72.9506356,,,bus_stop,,platform
10261859755,node,,19.1554265,72.9530649,,,bus_stop,,platform
10264356545,node,,19.0856428,72.9197844,,,bus_stop,,platform
10264981396,node,Konark Regency,19.1627426,72.9419983,,,bus_stop,,platform
10264981398,node,Fortis Hospital,19.1627885,72.9419796,,,bus_stop,,platform
10267208087,node,Vile Parle Station (E),19.1007285,72.8445616,,,,bus_station,station
10268069001,node,Godrej Boyce,19.1013884,72.9290610,,,bus_stop,,platform
10268069007,node,Bhandup Village,19.1441688,72.9500624,,,bus_stop,,platform
10268111709,node,Vikhroli Village,19.1041157,72.9305415,,,bus_stop,,platform
10269913996,node,,18.9498381,72.8409059,,,bus_stop,,platform
10269913997,node,,18.9576848,72.8425950,,,bus_stop,,platform
10269913999,node,Dr Shyama Prasad Mukherjee Chowk,18.9257701,72.8333960,,,bus_stop,,platform
10269914000,node,,18.9467822,72.8398991,,,bus_stop,,platform
10269914001,node,,18.9436363,72.8393617,,,bus_stop,,platform
10271288993,node,,19.0542676,72.8837486,,,bus_stop,,platform
10271314329,node,,19.0198829,72.8375810,,,bus_stop,,platform
10271314331,node,,19.0194384,72.8371311,,,bus_stop,,platform
10271314332,node,,19.0377222,72.8611395,,,bus_stop,,platform
10271314333,node,Veer Hutatma Bhai Kotwal Udyan,19.0209360,72.8420918,,,bus_stop,,platform
10271314337,node,,19.0073230,72.8187457,,,bus_stop,,platform
10271314338,node,,19.0100410,72.8203155,,,bus_stop,,platform
10271314341,node,,19.0102572,72.8204397,,,bus_stop,,platform
10271314343,node,,19.0146273,72.8326738,,,bus_stop,,platform
10271314345,node,Babasaheb Worlikar Chowk,19.0126870,72.8247703,,,bus_stop,,platform
10271314346,node,,19.0196368,72.8400833,,,bus_stop,,platform
10271314347,node,Rakhangi Chowk,18.9903077,72.8232853,,,bus_stop,,platform
10271314348,node,,19.0125587,72.8230085,,,bus_stop,,platform
10271314349,node,,19.0139905,72.8301997,,,bus_stop,,platform
10271314350,node,,19.0009071,72.8161855,,,bus_stop,,platform
10271314351,node,,19.0209688,72.8425102,,,bus_stop,,platform
10271314354,node,,19.0201883,72.8410570,,,bus_stop,,platform
10271314355,node,Prabhadevi,19.0131830,72.8285565,,,bus_stop,,platform
10271314356,node,,19.0154634,72.8330194,,,bus_stop,,platform
10271314357,node,Highway Apartments,19.0481053,72.8683474,,,bus_stop,,platform
10271314358,node,,19.0209534,72.8426659,,,bus_stop,,platform
10271314359,node,,19.0404439,72.8626239,,,bus_stop,,platform
10271314361,node,,19.0180092,72.8355116,,,bus_stop,,platform
10271314362,node,,19.0033268,72.8162106,,,bus_stop,,platform
10271314363,node,,19.0059618,72.8182066,,,bus_stop,,platform
10271314364,node,,18.9956673,72.8190091,,,bus_stop,,platform
10271314368,node,,19.0127691,72.8267936,,,bus_stop,,platform
10271314369,node,,19.0114771,72.8431165,,,bus_stop,,platform
10271314370,node,,19.0113315,72.8211908,,,bus_stop,,platform
10271314371,node,,19.0133809,72.8289339,,,bus_stop,,platform
10274112178,node,,19.0961967,72.8437811,,,bus_stop,,platform
10274112202,node,,19.1058710,72.8468496,,,bus_stop,,platform
10274112203,node,,19.1059673,72.8468469,,,bus_stop,,platform
10275807343,node,,19.1784851,72.9469791,,,bus_stop,,
10275807348,node,,19.1784699,72.9465687,,,bus_stop,,
10275948056,node,,19.1839697,72.9427814,,,bus_stop,,
10276589052,node,,19.1223011,72.9402333,,,bus_stop,,platform
10276589079,node,Vikhroli Station (W),19.1106940,72.9276887,,,,bus_station,station
10278496034,node,,19.1954411,72.9707663,,,bus_stop,,platform
10279838116,node,Hoechst Company,19.1660094,72.9381925,,,bus_stop,,platform
10279838118,node,,19.1758469,72.9517252,,,bus_stop,,platform
10279838119,node,,19.1758649,72.9480558,,,bus_stop,,platform
10279838123,node,,19.1757441,72.9479952,,,bus_stop,,platform
10280126559,node,,19.1618197,72.9457706,,,bus_stop,,platform
10280126563,node,Wadarpada,19.1675996,72.9511729,,,bus_stop,,platform
10280126569,node,Kalidas Natyagruh,19.1729400,72.9493525,,,bus_stop,,platform
10280126571,node,Kalidas Natyagruh,19.1734836,72.9496960,,,bus_stop,,platform
10280126577,node,Ravi Kiran Nagrik Bank,19.1685233,72.9520886,,,bus_stop,,platform
10280126582,node,Mehul Cinema,19.1659927,72.9493859,,,bus_stop,,platform
10280126589,node,Parshawnath Nagar,19.1640613,72.9473958,,,bus_stop,,platform
10280293718,node,Dr Hegdewar Chowk/Bhandup Sonapur,19.1636635,72.9386608,,,bus_stop,,platform
10280293719,node,Merind Company,19.1613878,72.9445075,,,bus_stop,,platform
10285432367,node,Gaondevi Bus Stop,19.1844328,72.9718186,,,bus_stop,,platform
10285819909,node,,19.1015134,72.9290672,,,bus_stop,,platform
10285819910,node,,19.1035915,72.9299992,,,bus_stop,,platform
10289597026,node,,19.1203178,72.9067889,,,bus_stop,,platform
10289597028,node,,19.1192087,72.9040095,,,bus_stop,,platform
10289597031,node,,19.1249309,72.9288613,,,bus_stop,,platform
10289597032,node,,19.1270958,72.8943629,,,bus_stop,,platform
10289597034,node,,19.1248008,72.9320696,,,bus_stop,,platform
10289597035,node,,19.1197210,72.9024138,,,bus_stop,,platform
10289597036,node,IIT Main Gate,19.1246198,72.9159678,,,bus_stop,,platform
10289597038,node,,19.1298209,72.8964791,,,bus_stop,,platform
10289597040,node,,19.1230528,72.8980567,,,bus_stop,,platform
10289631744,node,,19.1238894,72.9119621,,,bus_stop,,platform
10289631745,node,,19.1240824,72.9097636,,,bus_stop,,platform
10289631746,node,,19.1204552,72.9065548,,,bus_stop,,platform
10291367365,node,,19.1831739,72.9491656,,,bus_stop,,platform
10291367366,node,,19.1819516,72.9471853,,,bus_stop,,platform
10291367367,node,,19.1872155,72.9621762,,,bus_stop,,
10291367368,node,,19.1917352,72.9687553,,,bus_stop,,platform
10294428543,node,Poddar Hospital Siddharth Nagar,19.0007873,72.8162918,,,bus_stop,,platform
10296439230,node,,19.1154654,72.8682685,,,bus_stop,,platform
10296439232,node,,19.1120904,72.8575084,,,bus_stop,,platform
10296439233,node,,19.1208662,72.8706524,,,bus_stop,,platform
10296439236,node,,19.1114724,72.8599852,,,bus_stop,,platform
10296439238,node,,19.1295471,72.8787023,,,bus_stop,,
10296626433,node,,19.1025277,72.8395420,,,bus_stop,,platform
10296626434,node,,19.1106686,72.8497620,,,bus_stop,,platform
10296626436,node,,19.1082198,72.8484196,,,bus_stop,,platform
10296626438,node,,19.1015167,72.8388288,,,bus_stop,,platform
10296626439,node,,19.1070208,72.8365246,,,bus_stop,,platform
10296626440,node,,19.1077119,72.8370178,,,bus_stop,,platform
10296626443,node,,19.1071430,72.8349701,,,bus_stop,,platform
10296626447,node,,19.1076548,72.8368070,,,bus_stop,,platform
10296626449,node,,19.1022521,72.8395539,,,bus_stop,,platform
10296626450,node,Juhu Beach,19.0958753,72.8281650,,,bus_stop,,platform
10297892883,node,,19.0883297,72.8271761,,,bus_stop,,platform
10297892905,node,Juhu Tara,19.0902467,72.8276638,,,bus_stop,,platform
10298085102,node,,19.1619776,72.8461490,,,bus_stop,,platform
10298085103,node,Rameadi,19.1404390,72.8587259,,,bus_stop,,platform
10299466195,node,Miragaon,19.2709805,72.8806852,stop,,,,stop_position
10299481388,node,Pandurang Wadi,19.2600826,72.8726532,stop,,,,stop_position
10299481473,node,Shaheed Bhagat Singh Garden Station,19.2950958,72.8537908,construction,,,,stop_position
10299481539,node,Shahid Bhagat Singh Garden,19.2948117,72.8493620,station,subway,,,station
10299481681,node,Meditya Nagar Station,19.2937250,72.8603681,construction,,,,stop_position
10299481683,node,Sai Baba Nagar Station,19.2845152,72.8708839,construction,,,,stop_position
10299481782,node,Kashigaon,19.2776864,72.8802725,stop,,,,stop_position
10304034850,node,St. Mary's High School,19.1665574,72.9450221,,,bus_stop,,platform
10304034855,node,St. Mary's High School,19.1664462,72.9450483,,,bus_stop,,platform
10304034856,node,,19.1650957,72.9469114,,,bus_stop,,platform
10304641564,node,Chembur Fine Arts,19.0601854,72.8967533,,,bus_stop,,platform
10304641565,node,,19.1581989,72.9466958,,,bus_stop,,platform
10304641566,node,,19.1550228,72.9558536,,,bus_stop,,platform
10304641567,node,Chembir Fine Arts,19.0601135,72.8966899,,,bus_stop,,platform
10304641568,node,,19.0609324,72.8974816,,,bus_stop,,platform
10308317043,node,Dr Hegdewar Chowk,19.1616752,72.9377119,,,bus_stop,,platform
10308317047,node,Dr Hegdewar Chowk,19.1616082,72.9377154,,,bus_stop,,platform
10308317048,node,Siddhivinayak Mandir,19.0178478,72.8319815,,,bus_stop,,platform
10308317051,node,Siddhivinayak Mandir,19.0178348,72.8319258,,,bus_stop,,platform
10308317053,node,,19.1507888,72.9360648,,,bus_stop,,platform
10310414271,node,,19.1710133,72.9474293,,,bus_stop,,platform
10310496687,node,,19.1460218,72.9359939,,,bus_stop,,platform
10310520679,node,,19.1256330,72.9220849,,,bus_stop,,platform
10310554330,node,,19.1254966,72.8934495,,,bus_stop,,platform
10310554331,node,,19.1240907,72.8928046,,,bus_stop,,platform
10310554338,node,,19.1203795,72.8909455,,,bus_stop,,platform
10310554339,node,,19.1255979,72.8934746,,,bus_stop,,platform
10310554340,node,Saki Naka,19.1051624,72.8875450,,,bus_stop,,platform
10310554342,node,,19.1204624,72.8909844,,,bus_stop,,platform
10310554345,node,,19.1111832,72.8882643,,,bus_stop,,platform
10310554349,node,,19.1159500,72.8892317,,,bus_stop,,platform
10310554350,node,,19.1075559,72.8805048,,,bus_stop,,platform
10310554351,node,,19.1256923,72.8935142,,,bus_stop,,platform
10310554353,node,,19.1131671,72.8885958,,,bus_stop,,platform
10312578816,node,,19.1031954,72.8756814,,,bus_stop,,platform
10544255100,node,Kharbhav,19.2980748,72.9839622,stop,,,,stop_position
10544255101,node,Kharbhav,19.2983751,72.9841401,stop,,,,stop_position
10564385651,node,Malwani Akaswani,19.1964210,72.8097611,,,bus_stop,,platform
10576622687,node,Gundavali,19.1145125,72.8551556,station,subway,,,station
10576622691,node,Gundavali,19.1145184,72.8551326,stop,,,,stop_position
10576622712,node,Mogra,19.1284364,72.8554558,station,subway,,,station
10576622721,node,Jogeshwari (East),19.1429455,72.8551850,station,subway,,,station
10576622722,node,Goregaon (East),19.1524492,72.8565966,station,subway,,,station
10576622726,node,Goregaon (East),19.1524194,72.8565586,stop,,,,stop_position
10576622731,node,Jogeshwari (East),19.1429467,72.8551559,stop,,,,stop_position
10576622733,node,Mogra,19.1284504,72.8554211,stop,,,,stop_position
10576726748,node,Andheri (West),19.1291337,72.8314307,station,subway,,,station
10576726749,node,Lower Oshiwara,19.1407214,72.8316872,stop,,,,stop_position
10576726750,node,Lower Oshiwara,19.1407248,72.8317293,stop,,,,stop_position
10576726751,node,Lower Oshiwara,19.1406979,72.8317139,station,subway,,,station
10576726756,node,Oshiwara,19.1460351,72.8339520,station,subway,,,station
10576726757,node,Goregaon (West),19.1530241,72.8356664,station,subway,,,station
10576726758,node,Bangur Nagar,19.1628720,72.8348362,stop,,,,stop_position
10576726761,node,Lower Malad,19.1730984,72.8364801,station,subway,,,station
10576726762,node,Malad (West),19.1852851,72.8358611,station,subway,,,station
10576726763,node,Valnai-Meeth Chowky,19.1968293,72.8337752,station,subway,,,station
10608361192,node,Bhabha Hospital,19.0574736,72.8338627,,,bus_stop,,platform
10678500280,node,Bandra Police Station,19.0562206,72.8349676,,,bus_stop,,platform
10678500285,node,Bandra Police Station,19.0555205,72.8357281,,,bus_stop,,platform
10678500294,node,Elco Market,19.0556392,72.8330042,,,bus_stop,,platform
10678500297,node,Bank of India,19.0552270,72.8311915,,,bus_stop,,platform
10686103763,node,,19.1794221,72.9456798,,,bus_stop,,
10695142869,node,,18.9330991,72.8266652,,,bus_stop,,platform
10695142871,node,Ahilyabai Hillary Chowk,18.9333291,72.8265757,,,bus_stop,,platform
10695142873,node,Ahilyabai Hillary Chowk,18.9330668,72.8268371,,,bus_stop,,platform
10695162619,node,,18.9434945,72.8390708,,,bus_stop,,platform
10695162620,node,,18.9522080,72.8414337,,,bus_stop,,platform
10695162621,node,,18.9387205,72.8363768,,,bus_stop,,platform
10695194595,node,,19.0695981,72.9086609,,,bus_stop,,platform
10738653692,node,Lodha Casa Viva,19.2133098,72.9881510,,,bus_stop,,platform
10738688275,node,Kisan Nagar,19.1896061,72.9498035,,,bus_stop,,platform
10738688276,node,Balsara,19.1915414,72.9517615,,,bus_stop,,platform
10738688277,node,Majiwada,19.2108935,72.9826444,,,bus_stop,,platform
10738688278,node,Majiwada,19.2112836,72.9827088,,,bus_stop,,platform
10767848901,node,,19.1149388,72.8889477,,,bus_stop,,platform
10775838857,node,Highland Park,19.1698799,72.9323700,,,bus_stop,,
10786762438,node,,19.0345527,72.8743538,,,bus_stop,,
10786762439,node,Wadala Truck Terminal,19.0345339,72.8741878,,,bus_stop,,
10786769351,node,Bhandup Pumping Centre,19.1554672,72.9571926,,,bus_stop,,platform
10786769353,node,,19.1548540,72.9556918,,,bus_stop,,platform
10879528557,node,Jogeshwari (Harbour Line),19.1411522,72.8494398,stop,,,,stop_position
10879528558,node,Jogeshwari (Harbour Line),19.1411552,72.8494019,stop,,,,stop_position
10943828105,node,,19.1169889,72.8550404,,,bus_stop,,platform
11024326702,node,Mulund Vasahat,19.1744263,72.9370559,,,bus_stop,,
11069678663,node,Maratha Colony,19.0740032,72.8469774,,,bus_stop,,stop_position
11069678664,node,Maratha Colony,19.0740021,72.8470279,,,bus_stop,,platform
11069702437,node,Cardinal Gracias School,19.0682353,72.8467465,,,,,stop_position
11071531760,node,,19.0995241,72.9176855,,,,,stop_position
11071531762,node,,19.0875772,72.9030350,,,,,stop_position
11071531763,node,,19.0864914,72.8979242,,,,,platform
11071531764,node,,19.0866130,72.8971490,,,,,platform
11071531770,node,Kamani,19.0851644,72.8871162,,,bus_stop,,platform
11071531771,node,Kamani,19.0851555,72.8872249,,,bus_stop,,platform
11071531772,node,Kamani,19.0850593,72.8873264,,,,,stop_position
11128485997,node,Sector 10-Airoli,19.1490469,72.9899938,,,bus_stop,,platform
11241790937,node,,19.1014147,72.9107957,,,bus_stop,,platform
11241790938,node,,19.1015264,72.9112146,,,bus_stop,,platform
11271579650,node,Ravi Kiran Nagrik Bank,19.1689649,72.9523319,,,bus_stop,,platform
11271579658,node,Mulund Vidya Mandir,19.1700798,72.9535851,,,bus_stop,,platform
11271579661,node,Wadarpada,19.1679529,72.9513645,,,bus_stop,,platform
11271586489,node,Mulund Vidya Mandir,19.1701808,72.9535444,,,bus_stop,,platform
11283018651,node,Kumbharwada,19.0540047,72.8916923,,,bus_stop,,platform
11283018656,node,Rani Lakshmi Chowk,19.0449369,72.8639539,,,bus_stop,,platform
11294890311,node,Sitaladevi Temple,19.0361110,72.8422647,,,bus_stop,,platform
11298645286,node,LIC Colony,19.0661647,72.8298069,,,bus_stop,,platform
11298645287,node,LIC Colony,19.0661664,72.8299627,,,bus_stop,,platform
11339568149,node,Mount Mary Steps,19.0481880,72.8249936,,,bus_stop,,platform
11339596973,node,Parijat,19.0509550,72.8302978,,,bus_stop,,platform
11339596976,node,Akshay,19.0515266,72.8313768,,,bus_stop,,platform
11364283706,node,National College,19.0640115,72.8348080,,,bus_stop,,platform
11372185902,node,Juhu Koliwada,19.0860932,72.8276098,,,bus_stop,,platform
11372185941,node,Juhu Koliwada,19.0859241,72.8276105,,,bus_stop,,platform
11375281395,node,Shitladevi Temple,19.0336589,72.8421398,,,bus_stop,,platform
11375281396,node,Citylight Cinema,19.0297875,72.8415944,,,bus_stop,,platform
11381490888,node,St. Peter's Church,19.0553099,72.8306190,,,bus_stop,,platform
11384605336,node,Citylight Cinema,19.0297068,72.8417593,,,bus_stop,,platform
11384605353,node,Ram Ganesh Gadkari Chowk,19.0244820,72.8378249,,,bus_stop,,platform
11389608550,node,Navy Nagar Colaba,18.9075165,72.8089517,,,bus_stop,,platform
11407005169,node,,18.9231829,72.8342864,,,bus_stop,,
11426727398,node,Royal Hotel Bus Stop,19.0920568,72.8281643,,,bus_stop,,platform
11445664331,node,Chakala Cigarette Company,19.1065997,72.8595354,,,bus_stop,,platform
11445773993,node,,19.1059819,72.8853678,,,bus_stop,,platform
11445797933,node,Chakala Cigarette Company,19.1067084,72.8597458,,,bus_stop,,platform
11451995919,node,Ram Ganesh Gadkari Chowk,19.0257599,72.8409380,,,bus_stop,,platform
11452006998,node,,19.0239886,72.8351426,,,bus_stop,,platform
11456230008,node,,18.9731372,72.8226161,,,bus_stop,,platform
11456245107,node,,18.9361286,72.8274982,,,bus_stop,,platform
11456249446,node,S.K. Patil Park,18.9491146,72.8216328,,,bus_stop,,platform
11456351156,node,,18.9603743,72.8173006,,,bus_stop,,platform
11456384126,node,,18.9580849,72.8168054,,,bus_stop,,platform
11456384349,node,Pandit Paluskar Chowk,18.9551577,72.8162925,,,bus_stop,,platform
11479397589,node,,18.9304266,72.8221947,,,bus_stop,,platform
11482202299,node,Dr. B.R. Ambedkar Road,19.0701677,72.8290966,,,bus_stop,,platform
11482202300,node,Dr. B.R. Ambedkar Road,19.0700730,72.8290745,,,bus_stop,,platform
11483837675,node,Rizvi College,19.0687139,72.8229416,,,bus_stop,,platform
11612789134,node,Nhava Sheva,18.8981590,72.9882016,stop,,,,stop_position
11612789135,node,Nhava Sheva,18.8982837,72.9881523,stop,,,,stop_position
11612789144,node,Dronagiri,18.8812665,72.9646789,stop,,,,stop_position
11612789145,node,Dronagiri,18.8813769,72.9645985,stop,,,,stop_position
11893334887,node,Utpal Sanghvi,19.1126761,72.8281216,,,bus_stop,,platform
11893334888,node,Utpal Sanghvi,19.1127054,72.8283699,,,bus_stop,,platform
11895592384,node,Elco Market,19.0556291,72.8323013,,,bus_stop,,platform
12073176569,node,Deepak Cinema,19.0059699,72.8308431,,,bus_stop,,platform
12074903221,node,Bandra Kurla Complex (BKC),19.0610779,72.8543132,stop,,,,stop_position
12074903222,node,Bandra Kurla Complex (BKC),19.0602338,72.8549629,stop,,,,stop_position
12074903223,node,Bandra Colony,19.0703093,72.8490294,stop,,,,stop_position
12074903224,node,Bandra Colony,19.0693126,72.8498401,stop,,,,stop_position
12074903225,node,Santacruz,19.0796105,72.8470573,stop,,,,stop_position
12074903226,node,Santacruz,19.0787375,72.8471387,stop,,,,stop_position
12074903227,node,CSMIA Domestic,19.0942324,72.8540504,stop,,,,stop_position
12074903228,node,CSMIA Domestic,19.0936196,72.8530810,stop,,,,stop_position
12074903229,node,Sahar Road,19.1022615,72.8656166,stop,,,,stop_position
12074903230,node,Sahar Road,19.1020562,72.8647115,stop,,,,stop_position
12074903231,node,CSMIA International T2,19.1024452,72.8752595,stop,,,,stop_position
12074903232,node,CSMIA International T2,19.1021572,72.8736657,stop,,,,stop_position
12074903233,node,Marol Naka (Line 3),19.1082762,72.8786939,stop,,,,stop_position
12074903234,node,Marol Naka (Line 3),19.1092629,72.8784321,stop,,,,stop_position
12074903235,node,MIDC - Andheri,19.1174293,72.8730890,stop,,,,stop_position
12074903236,node,MIDC - Andheri,19.1172867,72.8742053,stop,,,,stop_position
12074903237,node,SEEPZ,19.1262254,72.8737791,stop,,,,stop_position
12074903238,node,SEEPZ,19.1252898,72.8732698,stop,,,,stop_position
12074903239,node,Aarey JVLR,19.1310462,72.8841973,stop,,,,stop_position
12074903240,node,Aarey JVLR,19.1310808,72.8842091,stop,,,,stop_position
12074909125,node,Orkay,19.1214332,72.8705534,,,bus_stop,,platform
12074909129,node,Bandra Colony,19.0699627,72.8493601,station,subway,,,station
12074909130,node,Santacruz,19.0792887,72.8471185,station,subway,,,station
12074909131,node,CSMI Airport Domestic T1,19.0938990,72.8535765,station,subway,,,station
12074909132,node,Sahar Road,19.1021960,72.8652361,station,subway,,,station
12129177283,node,BST buses,18.9692788,72.8221481,,,bus_stop,,platform
12171122260,node,Masjid,18.9522949,72.8381771,station,,,,station
12171153820,node,Bhandup,19.1429793,72.9378924,stop,,,,stop_position
12171153821,node,Dadar (Central),19.0174632,72.8427266,stop,,,,stop_position
12176277888,node,Mumbai CSMT,18.9404925,72.8357856,station,,,,station
12176277892,node,Mumbai CSMT (Suburban),18.9408905,72.8357077,stop,,,,stop_position
12189351698,node,Jogeshwari (Harbour Line),19.1411537,72.8494209,station,,,,station
12189363305,node,Jogeshwari (Western Line),19.1361144,72.8489360,station,,,,station
12196197980,node,Bangur Nagar,19.1624723,72.8348708,station,subway,,,station
12196197981,node,Bangur Nagar,19.1617464,72.8348882,stop,,,,stop_position
12219566476,node,Lokhandwala Station,19.1406986,72.8271846,construction,,,,stop_position
12219566486,node,Adarsh Nagar Station,19.1418420,72.8336123,construction,,,,stop_position
12219587411,node,Momin Nagar Station,19.1398313,72.8459716,construction,,,,stop_position
12219587427,node,JVLR Station,19.1405541,72.8539952,construction,,,,stop_position
12219587441,node,Majas Depot Station,19.1392678,72.8619080,construction,,,,stop_position
12219587475,node,Mahakali Caves Station,19.1334972,72.8747294,construction,,,,stop_position
12219587493,node,SEEPZ Station,19.1294120,72.8826469,construction,,,,stop_position
12219587511,node,Saki Vihar Road Station,19.1262483,72.8905372,construction,,,,stop_position
12219587528,node,Powai Udyan Station,19.1216096,72.8990144,construction,,,,stop_position
12219587550,node,Powai Lake Station,19.1200529,72.9059473,construction,,,,stop_position
12219587586,node,IIT Powai Station,19.1242806,72.9137252,construction,,,,stop_position
12219587638,node,Kanjurmarg Station,19.1254396,72.9252587,construction,,,,stop_position
12219587647,node,Vikhroli Station,19.1247773,72.9364791,construction,,,,stop_position
12219587659,node,Swami Samarth Nagar Station,19.1436925,72.8197506,construction,,,,stop_position
12238582458,node,Dongripada Station,19.2505685,72.9732191,construction,,,,stop_position
12238602759,node,Wadala TT Station,19.0380600,72.8802108,stop,,,,stop_position
12238602794,node,Bhakti Park Station,19.0288789,72.8778429,stop,,,,stop_position
12238602880,node,Manpada Station,19.2320752,72.9764807,stop,,,,stop_position
12238602889,node,Teen Hath Naka Station,19.1870891,72.9615683,station,subway,,,station
12238602996,node,Bhandup Mahapalika Station,19.1387605,72.9307295,construction,,,,stop_position
12238603060,node,Mahapalika Bhavan Marg Station,19.2012863,72.9650295,construction,,,,stop_position
12238603132,node,Naval Housing Station,19.1329084,72.9276763,construction,,,,stop_position
12238603158,node,Kasarvadavli Station,19.2674114,72.9666011,construction,,,,stop_position
12238603249,node,Tikujiniwadi Station,19.2383551,72.9755613,construction,,,,stop_position
12238603329,node,Mulund Fire Station,19.1757013,72.9425157,construction,,,,stop_position
12238603344,node,Sonapur Station,19.1662180,72.9383850,construction,,,,stop_position
12238603355,node,Amar Mahal Junction Station,19.0674207,72.8999524,construction,,,,stop_position
12238603369,node,Suman Nagar Station,19.0538990,72.8835972,stop,,,,stop_position
12238603600,node,Mulund Check Naka Station,19.1834798,72.9508296,construction,,,,stop_position
12238603734,node,Shreyas Cinema Station,19.0976602,72.9161659,construction,,,,stop_position
12238603738,node,Lakshmi Nagar Station,19.0889914,72.9183928,construction,,,,stop_position
12238603749,node,Majiwada Station,19.2115902,72.9757352,construction,,,,stop_position
12238603766,node,Vijay Garden Station,19.2587098,72.9700880,construction,,,,stop_position
12238603793,node,RTO Thane Station,19.1933948,72.9626765,,,,,stop_position
12299724440,node,,18.9244882,72.8267393,,,bus_stop,,platform
12299724441,node,,18.9254890,72.8270197,,,bus_stop,,platform
12306894574,node,Ambaji Dham,19.1781961,72.9497831,,,bus_stop,,platform
12307248582,node,,19.1294834,72.8824134,,,bus_stop,,
12309431634,node,Meenatai Thakre Udyan,19.0994569,72.9175809,,,bus_stop,,platform
12311629161,node,,19.1058963,72.9136500,,,bus_stop,,platform
12311733796,node,Ghatkopar Railway Station (East),19.0849439,72.9077867,,,bus_stop,,platform
12311758520,node,Ghatkopar Railway Station (East),19.0847538,72.9074527,,,bus_stop,,platform
12311758521,node,Ghatkopar Railway Station (East),19.0846625,72.9072958,,,bus_stop,,platform
12311758522,node,Ghatkopar Railway Station (East),19.0845903,72.9071563,,,bus_stop,,platform
12311758523,node,Ghatkopar Railway Station (East),19.0845092,72.9070142,,,bus_stop,,platform
12311833103,node,,19.0858235,72.9102194,,,bus_stop,,platform
12318222901,node,,19.1562128,72.9508423,,,bus_stop,,platform
12334116837,node,Khar Telephone Exchange,19.0687894,72.8334142,,,bus_stop,,platform
12334116838,node,Khar Telephone Exchange,19.0693157,72.8337918,,,bus_stop,,platform
12346531487,node,Bandra Talao,19.0561051,72.8368814,,,bus_stop,,platform
12346531488,node,Bandra Talao,19.0559936,72.8369718,,,bus_stop,,platform
12486490006,node,Bank of Maharashtra,19.1408582,72.8259067,,,,,platform
12486490033,node,Jhulelal Chowk,19.1428827,72.8247956,,,,,platform
12564732268,node,residental,18.9694606,72.8244644,,,bus_stop,,platform
12591896952,node,Manpada,19.2351476,72.9758714,,,bus_stop,,platform
12593351264,node,Dharamvir Nagar,19.2360987,72.9747023,,,bus_stop,,platform
12668986250,node,St. Andrew's Church,19.0546492,72.8258980,,,bus_stop,,platform
12760272407,node,Maheshwari Udyan,19.0269378,72.8560752,,,bus_stop,,platform
12768025013,node,Johnson & Johnson,19.1752624,72.9423285,,,bus_stop,,platform
12770190221,node,,19.0275660,72.8563110,,,bus_stop,,
12770190223,node,,19.0274897,72.8562455,,,bus_stop,,
12770213792,node,Maheshwari Udyaan BEST bus stop,19.0274158,72.8561550,,,,,platform
12770280264,node,Maheshwari Udhyan,19.0269749,72.8561307,,,,,platform
12788008141,node,Mahim,19.0404874,72.8411370,,,bus_stop,,platform
12788008144,node,Mahim,19.0402201,72.8412529,,,bus_stop,,platform
12788008145,node,Mahim,19.0401041,72.8412937,,,bus_stop,,platform
12805914590,node,Kalanagar Bus Station,19.0533323,72.8472128,,,bus_stop,,platform
12805979978,node,Balakanji Bari,19.0847914,72.8330011,,,bus_stop,,platform
12811848350,node,Ram Nagar,19.2984933,72.8719036,,,bus_stop,,platform
12811906810,node,Shivar Garden,19.2882582,72.8654465,,,bus_stop,,platform
12819592754,node,Hanuman Mandir,19.2994558,72.8619240,,,bus_stop,,platform
12824002647,node,Beverly Park,19.2870726,72.8675625,,,bus_stop,,platform
12824002648,node,Beverly Park,19.2868429,72.8673591,,,bus_stop,,platform
12828297004,node,Seven Squares School,19.2961658,72.8642517,,,bus_stop,,platform
12828297005,node,Seven Squares School,19.2960684,72.8643090,,,bus_stop,,platform
12828304509,node,Golden Nest Circle,19.2950169,72.8591250,,,bus_stop,,platform
12843082709,node,SNDT College,19.0853427,72.8307608,,,bus_stop,,platform
12843082730,node,Pali Mala,19.0620662,72.8294564,,,bus_stop,,platform
12843576281,node,Maharishi Arvind Chowk,19.1755430,72.9518993,,,bus_stop,,platform
12843595068,node,,19.1711651,72.9504455,,,bus_stop,,platform
12843975055,node,Maharana Pratap Chowk,19.1843012,72.9537812,,,bus_stop,,platform
12843975062,node,Veena Nagar,19.1820430,72.9469148,,,bus_stop,,platform
12846756025,node,Jain Mandir,19.1769003,72.9664984,,,bus_stop,,platform
12846756047,node,Jain Mandir,19.1769230,72.9663549,,,bus_stop,,platform
12852198168,node,,19.1779968,72.9433912,,,bus_stop,,
12855459845,node,Dadar,19.0236238,72.8392214,station,subway,,,station
12855459846,node,Shitala Devi Mandir,19.0384641,72.8419646,station,subway,,,station
12855459847,node,Dharavi,19.0462612,72.8497410,station,subway,,,station
12855850008,node,National College,19.0630759,72.8345407,,,bus_stop,,platform
12855850039,node,Bandra Talkies,19.0622697,72.8355532,,,bus_stop,,platform
12857565154,node,Acharya Atre Chowk,18.9978202,72.8177201,station,subway,,,station
12857565155,node,Worli,19.0086057,72.8192741,station,subway,,,station
12857565156,node,Siddhivinayak Temple,19.0158935,72.8309199,station,subway,,,station
12860494334,node,Gavan Pada,19.1730746,72.9616682,,,bus_stop,,platform
12866195632,node,Kora Kendra,19.2200460,72.8526005,,,bus_stop,,platform
12866195633,node,Kora Kendra,19.2200787,72.8523963,,,bus_stop,,platform
12866195634,node,Kora Kendra,19.2210799,72.8544453,,,bus_stop,,platform
12866195635,node,Kora Kendra,19.2221020,72.8534389,,,bus_stop,,platform
12866195636,node,Kora Kendra,19.2216615,72.8530358,,,bus_stop,,platform
12866195637,node,Borivali Jail,19.2244652,72.8542013,,,bus_stop,,platform
12866195638,node,Borivali Jail,19.2240525,72.8542373,,,bus_stop,,platform
12866195639,node,Dharamshi Hall,19.2260687,72.8548518,,,bus_stop,,platform
12866195640,node,Dharamshi Hall,19.2264237,72.8551977,,,bus_stop,,platform
12866195641,node,,19.2278440,72.8555836,,,bus_stop,,platform
12866195642,node,,19.2278367,72.8557519,,,bus_stop,,platform
12871403618,node,Shastri Nagar,19.2178467,72.8516880,,,bus_stop,,platform
12871403619,node,Shastri Nagar,19.2181441,72.8515695,,,bus_stop,,platform
12871403620,node,Poisar,19.2141577,72.8511565,,,bus_stop,,platform
12871403621,node,Poisar,19.2145292,72.8508257,,,bus_stop,,platform
12878864397,node,Mulund Station (East),19.1717016,72.9581372,,,bus_stop,,platform
12880330782,node,TMT Mulund Bus Station,19.1735120,72.9577200,,,,bus_station,station
12883297182,node,Neelam Nagar Building No.3&4,19.1745172,72.9628443,,,bus_stop,,platform
12894867401,node,Chhatrapati Shivaji Terminus,18.9409746,72.8332157,,,bus_stop,,platform
12894867402,node,Chhatrapati Shivaji Terminus,18.9411394,72.8329924,,,bus_stop,,platform
12895361734,node,,18.9157953,72.8261870,,,bus_stop,,
12895361736,node,,18.9210231,72.8307521,,,bus_stop,,platform
12895361737,node,Strand Cinema,18.9167915,72.8269850,,,bus_stop,,platform
12895361738,node,,18.9238905,72.8319928,,,bus_stop,,platform
12895361741,node,,18.9159153,72.8261902,,,bus_stop,,
12895361743,node,,18.9156818,72.8260721,,,bus_stop,,
12895361744,node,,18.9153445,72.8254893,,,bus_stop,,
12902033336,node,Bhakti Park Station,19.0288756,72.8779090,stop,,,,stop_position
12902033374,node,Anik Bus Depot,19.0459151,72.8788769,stop,,,,stop_position
12934970601,node,Doctor Babasaheb Ambedkar Udyan,19.0581095,72.9006137,,,,,platform
12934970615,node,10th Road Chembur,19.0564086,72.9006125,,,,,platform
12934970638,node,Acharya Udyan,19.0534157,72.8999577,,,,,platform
12934970676,node,Doctor Babasaheb Ambedkar Udyan,19.0588529,72.9006347,,,,,platform
12934970685,node,Doctor Babasaheb Ambedkar Udyan,19.0586823,72.9006445,,,,,platform
12936459273,node,Santa Cruz Station,19.0819799,72.8413877,,,,,platform
12946834541,node,Bank of Maharashtra,19.1409519,72.8256776,,,,,platform
12951020678,node,Hanuman Mandir,19.2992411,72.8619712,,,,,platform
12953773914,node,Jhulelal Chowk,19.1432921,72.8244076,,,,,platform
12959559950,node,Andheri,19.1194235,72.8460235,,,,,stop_position
12959559951,node,Andheri,19.1194665,72.8458654,,,,,stop_position
12972806178,node,Vikhroli Depot,19.1017575,72.9193228,,,,bus_station,
12974237856,node,Marathon Chowk Teen Hath Naka,19.1874605,72.9624394,,,,bus_station,station
12979221201,node,Cinemax,19.2922228,72.8719222,,,bus_stop,,
12982275050,node,,19.2902218,72.8639140,,,,,platform
13063238675,node,Bandra Bus Station (W),19.0541719,72.8391858,,,bus_stop,,platform
13083940706,node,Juhu Circle,19.1149445,72.8298035,,,bus_stop,,platform
13109066384,node,Lilavati Hospital,19.0509959,72.8296561,,,bus_stop,,platform
13109066385,node,Carmel Church,19.0509207,72.8275308,,,bus_stop,,platform
13109066386,node,Hill Road Garden,19.0529554,72.8240232,,,bus_stop,,platform
13116555305,node,Carmel Church,19.0508979,72.8274962,,,bus_stop,,platform
13116555306,node,Tobacco Company,19.0497115,72.8264406,,,bus_stop,,platform
13122913778,node,Dr. Cooper Hospital Bus Stop,19.1081378,72.8370136,,,bus_stop,,platform
13124429891,node,Santosh Nagar Extension Bus Stop outbound,19.1673351,72.8766210,,,bus_stop,,platform
13124429892,node,Santosh Nagar Extension Bus Stop inbound,19.1671920,72.8769851,,,bus_stop,,platform
13143882196,node,Lakshminarayan Residency,19.2193702,72.9597736,,,,,stop_position
13143942412,node,Neelkanth Dev Daya Nagar,19.2192059,72.9596950,,,,,stop_position
13192130534,node,Jagannath Shankar Sheth Metro,18.9699923,72.8211795,station,subway,,,station
13192130535,node,Mahalaxmi,18.9794670,72.8254006,station,subway,,,station
13192130536,node,Science Centre,18.9908949,72.8213521,station,subway,,,station
13195950511,node,Infinity IT park main gate,19.1762412,72.8811760,,,bus_stop,,platform
13195950512,node,"N.N.P plot 1,2",19.1725788,72.8812925,,,bus_stop,,platform
13207029317,node,Cuffe Parade,18.9135692,72.8207152,station,subway,,,station
13207029318,node,Vidhan Bhavan,18.9247813,72.8254934,station,subway,,,station
13207029319,node,Churchgate,18.9314946,72.8269394,station,subway,,,station
13207029320,node,Hutatma Chowk,18.9341849,72.8325037,station,subway,,,station
13207029321,node,Chhatrapati Shivaji Maharaj Terminus,18.9408731,72.8319001,stop,,,,stop_position
13207029322,node,Chhatrapati Shivaji Maharaj Terminus,18.9408329,72.8318610,station,subway,,,station
13207029323,node,Kalbadevi,18.9463290,72.8271930,station,subway,,,station
13207029324,node,Girgaon,18.9521015,72.8222065,station,subway,,,station
13207029325,node,Grant Road,18.9632181,72.8180437,station,subway,,,station
13231589588,node,Santacruz Station,19.0833776,72.8380565,,,bus_stop,,platform
13231589589,node,Santacruz Station,19.0831850,72.8380542,,,bus_stop,,platform
13231848262,node,,19.0644427,72.8632538,,,bus_stop,,platform
13235113777,node,Mahim,19.0396495,72.8417784,,,bus_stop,,platform
13238145679,node,Khar Linking Road,19.0710620,72.8339116,,,bus_stop,,platform
13238145684,node,Khar Linking Road,19.0728674,72.8342106,,,bus_stop,,platform
13238145686,node,Ram Krishna Mission,19.0744894,72.8342379,,,bus_stop,,platform
13238145687,node,Ram Krishna Mission,19.0747703,72.8342505,,,bus_stop,,platform
13240672675,node,Seven Bungalow,19.1305462,72.8206033,,,,,platform
13247373347,node,Pathanwadi,19.1805705,72.8586767,,,,,platform
13252681180,node,Agarkar Chowk,19.1181917,72.8479490,,,bus_stop,,platform
13252985100,node,Mandale,19.0495916,72.9386612,station,subway,,,station
13252997901,node,Shivaji Chowk (Chembur),19.0479383,72.9069806,station,subway,,,station
13252997906,node,Deonar,19.0448332,72.9174950,station,subway,,,station
13252997911,node,Mankhurd,19.0492166,72.9312310,station,subway,,,station
13269619376,node,Ambedkar Nagar,19.0015758,72.8442303,stop,,,,stop_position
13269619377,node,Ambedkar Nagar,19.0016026,72.8442497,stop,,,,stop_position
13269619378,node,Sant Gadge Maharaj Chowk,18.9831032,72.8286179,stop,,,,stop_position
13269619379,node,Sant Gadge Maharaj Chowk,18.9831205,72.8285862,stop,,,,stop_position
13269619380,node,Lower Parel,18.9930982,72.8314453,stop,,,,stop_position
13269619381,node,Lower Parel,18.9931105,72.8314833,stop,,,,stop_position
13269619382,node,Naigaon,19.0095293,72.8478841,stop,,,,stop_position
13269619383,node,Naigaon,19.0095384,72.8478578,stop,,,,stop_position
13269619384,node,Dadar East,19.0162774,72.8522752,stop,,,,stop_position
13269619385,node,Dadar East,19.0162766,72.8522161,stop,,,,stop_position
13269619386,node,Wadala Bridge,19.0174848,72.8592921,stop,,,,stop_position
13269619387,node,Wadala Bridge,19.0174644,72.8593233,stop,,,,stop_position
13269619388,node,Acharya Atre Nagar,19.0236461,72.8637829,stop,,,,stop_position
13269619389,node,Acharya Atre Nagar,19.0236406,72.8638140,stop,,,,stop_position
13269619390,node,Antop Hill,19.0301759,72.8669651,stop,,,,stop_position
13269619391,node,Antop Hill,19.0301838,72.8669298,stop,,,,stop_position
13269619392,node,Guru Tegh Bahadur Nagar,19.0367028,72.8707851,stop,,,,stop_position
13269619393,node,Guru Tegh Bahadur Nagar,19.0366712,72.8707849,stop,,,,stop_position
13284781018,node,Antop Hill,19.0301805,72.8669504,station,monorail,,,station
13306549801,node,Metro Company,19.0737165,72.8698103,,,bus_stop,,
13331200001,node,Kalina,19.0778321,72.8619049,,,bus_stop,,
13374174141,node,Shahaji Raje Sports Complex,19.1271101,72.8352158,,,,,platform
13374174143,node,Navrang Cinema,19.1246836,72.8417323,,,,,platform
13377986459,node,Vinay Nagar bus stop,19.2790019,72.8820782,,,bus_stop,,
13381178003,node,Marol Naka,19.1080345,72.8803091,,,,,platform
13381178010,node,Marol Naka,19.1080236,72.8803649,,,,,platform
13381178014,node,Marol Naka,19.1080428,72.8802767,,,,,platform
13382505446,node,Goregaon Check Naka Number 1,19.1661305,72.8601943,,,,,platform
13382505452,node,Maharashtra Krushi Udyog,19.1654498,72.8648166,,,,,platform
13382696101,node,Andheri,19.1197366,72.8461050,,,,,stop_position
13382696102,node,Andheri Station (W),19.1197053,72.8460810,,,,,platform
13382715612,node,Agarkar Chowk,19.1181901,72.8479977,,,,,stop_position
13382893789,node,somaiya collage bus stop,19.0749487,72.9031986,,,bus_stop,,
13383588847,node,4 Bungalows,19.1298174,72.8243934,,,,,platform
13383588856,node,Swami Samarth Nagar Market,19.1447265,72.8237572,,,,,platform
13383593436,node,Swami Samarth Nagar Market,19.1447724,72.8235510,,,,,platform
13384713482,node,Goregaon Bus Station (East),19.1656798,72.8506275,,,,,platform
13384713483,node,Royal Palms,19.1585414,72.8789690,,,,,platform
13387708177,node,Vaikunth Dham,19.1153380,72.8233280,,,,,platform
13387718036,node,Vaikunth Dham,19.1152677,72.8232171,,,,,platform
13388540776,node,Khodadaar circle,19.0190278,72.8484644,,,bus_stop,,platform
13388552782,node,Khodadad Circle,19.0188084,72.8487161,,,bus_stop,,platform
13394582453,node,,19.0090968,72.8148200,,,bus_stop,,platform
13394582454,node,,19.0092075,72.8149002,,,bus_stop,,platform
13426728743,node,IC Colony,19.2482718,72.8480499,,,bus_stop,,platform
13431216266,node,Bandra,19.0566052,72.8462769,,,bus_stop,,platform
13431778544,node,Maruti Mandir,19.2199121,72.9663298,,,,,stop_position
13431778545,node,Maruti Mandir,19.2199134,72.9662964,,,,,platform
13431778546,node,Asian Cable,19.2198937,72.9636960,,,,,platform
13431778547,node,Ravi Estate,19.2180271,72.9591738,,,,,platform
13431778548,node,Ravi Estate,19.2180215,72.9592034,,,,,stop_position
13431778549,node,Cosmos Paradise,19.2166778,72.9587205,,,,,platform
13431778550,node,J.K. Gram,19.2079235,72.9642376,,,,,stop_position
13431778551,node,J.K. Gram,19.2078920,72.9642096,,,,,platform
13431778552,node,Cadbury Junction,19.2040886,72.9681453,,,,,stop_position
13431778553,node,Cadbury Junction,19.2045233,72.9685702,,,bus_stop,,platform
13477074584,node,,19.1438416,72.8033126,,,,ferry_terminal,platform
13506627048,node,Ranade Road Junction,19.0222917,72.8379986,,,bus_stop,,platform
13569884895,node,,19.1086840,72.8371151,,,bus_stop,,platform
13570047833,node,Laxmi Industrial Estate,19.1357014,72.8319136,,,bus_stop,,platform
13571985198,node,Kheera Nagar,19.0869549,72.8380568,,,bus_stop,,platform
13571985200,node,Kheera Nagar,19.0869924,72.8380609,,,bus_stop,,platform
13579926729,node,Baman Wada,19.1046345,72.8588703,,,,,platform
13579926775,node,Baman Wada,19.1051470,72.8589087,,,,,platform
13579926813,node,Agarkar Chowk,19.1193777,72.8485470,,,,,platform
13579926833,node,Chakala Cigarette Company,19.1066252,72.8591590,,,,,platform
13579926835,node,Garware Chowk,19.1104120,72.8514300,,,,,platform
13579926837,node,Amboli Naka,19.1278188,72.8457737,,,,,platform
13581377739,node,Bangur Nagar,19.1683345,72.8353469,,,,,platform
13582456906,node,Goregaon,19.1528585,72.8355128,,,,,platform
13582456923,node,Shri Swami Samarth Nagar Extension,19.1460741,72.8256715,,,,,platform
13582456928,node,Shri Swami Samarth Nagar Extension,19.1462362,72.8257075,,,,,platform
13585573288,node,J.V.P.D. Bus Station,19.1161965,72.8317806,,,,,platform
13589398546,node,Juhu Shopping Center,19.1154076,72.8349381,,,,,platform
13589398558,node,,19.1161496,72.8409308,,,,,platform
13589430211,node,Chhattrapati Shivaji Maharaj Chowk,19.1119946,72.8493212,,,,,platform
13592866374,node,Asic Nagar,19.1214685,72.8297955,,,,,platform
13592866375,node,Asic Nagar,19.1212587,72.8297576,,,,,platform
13592866379,node,Asic Nagar,19.1212945,72.8297683,,,,,platform
13592877479,node,Agarkar Chowk,19.1192278,72.8484900,,,,,platform
13596425758,node,Parsi Wada,19.1087919,72.8562362,,,,,platform
13606518655,node,Diamond Garden,19.0517138,72.9017985,stop,,,,stop_position
13606518656,node,Diamond Garden,19.0517738,72.9018219,stop,,,,stop_position
13614311365,node,,19.2208012,72.9883882,stop,,,,stop_position
13614311366,node,,19.2203154,72.9874902,stop,,,,stop_position
13617515909,node,,19.2764558,72.9585373,stop,,,,stop_position
13617515910,node,,19.2774078,72.9576756,stop,,,,stop_position
13649538897,node,Princess Street,18.9463706,72.8272076,,,bus_stop,,platform
13667662948,node,Mahim,19.0409852,72.8411306,,,bus_stop,,platform
13686410743,node,Mira Road Station East,19.2813896,72.8586390,,,bus_stop,,
13701995267,node,Mandale,19.0495336,72.9386483,stop,,,,stop_position
13701995268,node,Mandale,19.0495962,72.9386936,stop,,,,stop_position
13702056210,node,Dahisar (East) [Line 9],19.2509819,72.8673562,stop,,,,stop_position
13702056211,node,Dahisar (East) [Line 9],19.2509515,72.8673967,stop,,,,stop_position
13758670735,node,Dahisar (East) [Line 9],19.2510803,72.8674521,station,subway,,,station
13758670736,node,Pandurang Wadi,19.2600987,72.8726403,station,subway,,,station
13758670737,node,Miragaon,19.2710068,72.8806976,station,subway,,,station
13758670740,node,Kashigaon,19.2776661,72.8802398,station,subway,,,station
13760696967,node,,19.1758762,72.9485685,,,bus_stop,,platform
13770963814,node,,19.1267261,72.8390135,,,,,platform
13777995066,node,Desai Bangla,19.2057205,72.9781936,,,bus_stop,,platform
13777995067,node,Shreerang Society,19.2061293,72.9803010,,,bus_stop,,platform
13777995068,node,Rabodi Police Station,19.2060300,72.9822640,,,bus_stop,,platform
13780208470,node,Rabodi (Kureshi Chowk),19.2031820,72.9807936,,,bus_stop,,platform
13780208471,node,Rabodi,19.2029865,72.9799651,,,bus_stop,,platform
13780208472,node,Passport Office,19.1927118,72.9545572,,,bus_stop,,platform
13780208473,node,Bhawani Nagar,19.2023855,72.9536545,,,bus_stop,,platform
13780208474,node,Kamgar Hospital,19.2037240,72.9540538,,,bus_stop,,platform
13780208475,node,Kamgar Naka,19.2040436,72.9540031,,,bus_stop,,platform
13780208476,node,Phulen Nagar,19.2050438,72.9539376,,,bus_stop,,platform
13780208477,node,Yashodham Nagar,19.2080547,72.9547282,,,bus_stop,,platform
13780208479,node,Thane Station (W),19.1867627,72.9756855,,,bus_stop,,platform
13780208481,node,Yashodham Nagar,19.2083157,72.9547366,,,bus_stop,,platform
13780208482,node,Phulen Nagar,19.2051280,72.9540885,,,bus_stop,,platform
13780208483,node,Kamgar Naka,19.2042206,72.9540616,,,bus_stop,,platform
13780208486,node,M.I.D.C.,19.1911808,72.9554790,,,bus_stop,,platform
13780208496,node,Punjab National Bank,19.1890211,72.9760941,,,bus_stop,,platform
13785164454,node,Paljee Bhai Boricha Chowk,19.1467910,72.8283902,,,,,platform
107303404,way,Bandra Terminus,19.0627041,72.8413030,station,,,,station
151205149,way,Ghatkopar L1,19.0867000,72.9080691,station,subway,,,station
287299861,way,Versova,19.1302520,72.8213775,station,subway,,,station
287299866,way,D.N. Nagar,19.1282920,72.8301934,station,subway,,,station
311841874,way,Airport Road,19.1101350,72.8741686,station,subway,,,station
311841875,way,Jagruti Nagar,19.0925802,72.9019098,station,subway,,,station
311841876,way,Marol Naka L1,19.1081525,72.8794868,station,subway,,,station
331815667,way,Azad Nagar,19.1269102,72.8376484,station,subway,,,station
331815671,way,Western Express Highway,19.1158628,72.8564249,station,subway,,,station
331824153,way,Chakala - J.B. Nagar,19.1120359,72.8676218,station,subway,,,station
331824155,way,Saki Naka,19.1035360,72.8879581,station,subway,,,station
331827626,way,Asalpha,19.0964224,72.8948783,station,subway,,,station
427199220,way,Kurla,19.0653066,72.8792687,station,,,,station
1218500503,way,,19.2403233,72.8434219,station,subway,,,station
1330126872,way,Mulund Fire Station Metro,19.1756975,72.9425406,station,subway,,,station
1330148427,way,,19.1720791,72.9561482,station,,,,station
1330720641,way,Aarey JVLR,19.1304284,72.8843492,station,subway,,,station
1343435452,way,Vadala Road,19.0161355,72.8589129,station,,,,station
1483935584,way,Chembur,19.0541344,72.8927969,station,subway,,,station
1484919200,way,Balkum,19.2205539,72.9879347,station,subway,,,station
1484919201,way,,19.2240593,72.9774378,station,subway,,,station
1484919206,way,Manpada,19.2314043,72.9765827,station,subway,,,station
1485342201,way,,19.2769412,72.9580869,station,subway,,,station
1485342202,way,,19.2843810,72.9474125,station,subway,,,station
1485677774,way,,19.1058405,72.8540218,station,subway,,,station
1485713537,way,,19.2942391,72.8431271,station,subway,,,station
1485713542,way,,19.2948205,72.8493617,station,subway,,,station
